date,observed,Persistence,Climatology,GFS,ARIMA,SARIMA,ANN,SVR,LSTM,CNN-LSTM
2024-07-21,21.5,22.2,19.6945054945055,23.2795,21.925398074445283,22.159069169891314,21.600674,21.95235706497297,22.386576,22.221455
2024-07-22,21.0,21.5,19.813186813186817,17.4795,21.925398074445283,22.159069169891314,20.629313,21.428830157945555,21.659788,21.619677
2024-07-23,16.700000000000003,21.0,19.859340659340663,15.179501,21.925398074445283,22.159069169891314,20.879091,21.342672742080772,21.312584,21.408503
2024-07-24,16.500000000000004,16.7,20.0,15.6795,21.925398074445283,22.159069169891314,18.816349,18.54719297543666,18.006624,18.375978
2024-07-25,17.7,16.5,20.092307692307692,18.3795,21.925398074445283,22.159069169891314,17.698132,17.911173388439785,17.735521,17.80803
2024-07-26,17.5,17.7,20.204395604395604,20.3795,21.925398074445283,22.159069169891314,17.169245,18.19956764185945,18.366909,18.131012
2024-07-27,21.5,17.5,20.305494505494504,20.179499,21.925398074445283,22.159069169891314,17.397034,18.053238630186048,18.064196,18.345163
2024-07-28,21.999999999999996,21.5,20.226666666666667,21.2295,21.925398074445283,22.159069169891314,18.549994,20.389857687846444,20.750862,20.681034
2024-07-29,22.7,22.0,20.034444444444446,20.4795,21.925398074445283,22.159069169891314,19.32335,20.52561559940965,21.00433,21.257824
2024-07-30,19.199999999999996,22.7,19.862222222222222,20.5795,21.925398074445283,22.159069169891314,20.034363,20.880331609918187,21.566889,21.185266
2024-07-31,19.5,19.2,19.776666666666667,20.679499,21.925398074445283,22.159069169891314,18.668253,19.121259901119544,19.176037,18.987732
2024-08-01,23.6,19.5,19.64888888888889,23.2795,21.925398074445283,22.159069169891314,19.129145,19.30309912058512,19.700247,19.234158
2024-08-02,21.999999999999996,23.6,19.48777777777778,23.5795,21.925398074445283,22.159069169891314,20.606617,21.785038628484756,22.916712,22.131193
2024-08-03,23.7,22.0,19.428888888888892,20.4795,21.925398074445283,22.159069169891314,20.981823,21.40127729497077,21.69456,22.090508
2024-08-04,19.5,23.7,19.305555555555557,18.0795,21.925398074445283,22.159069169891314,21.239595,22.79864420988276,23.141508,22.864735
2024-08-05,15.500000000000002,19.5,19.256666666666664,17.6295,21.925398074445283,22.159069169891314,20.148542,20.18950189030714,19.864614,20.215538
2024-08-06,17.2,15.5,19.144444444444446,18.3795,21.925398074445283,22.159069169891314,17.697395,17.361312895254976,17.087471,17.13155
2024-08-07,18.1,17.2,19.143333333333338,18.8795,21.925398074445283,22.159069169891314,16.961134,18.203353192481156,18.259668,17.74169
2024-08-08,19.1,18.1,18.983333333333334,20.3795,21.925398074445283,22.159069169891314,17.783855,18.591026558037754,18.790842,18.95255
2024-08-09,20.0,19.1,19.00444444444445,21.179499,21.925398074445283,22.159069169891314,17.703466,19.20280197815226,19.233082,19.495731
2024-08-10,20.0,20.0,19.01,22.179499,21.925398074445283,22.159069169891314,18.432383,19.740760598586526,19.703789,20.012033
2024-08-11,24.1,20.0,18.943333333333335,21.9795,21.925398074445283,22.159069169891314,18.88761,19.165190132303962,19.511177,19.639837
2024-08-12,23.7,24.1,18.830000000000002,23.179499,21.925398074445283,22.159069169891314,20.381418,21.46652827476686,22.644684,21.835764
2024-08-13,22.7,23.7,18.82333333333333,22.9795,21.925398074445283,22.159069169891314,20.82111,21.742929538570536,22.499968,22.3483
2024-08-14,20.6,22.7,18.81111111111111,18.4795,21.925398074445283,22.159069169891314,20.925798,21.674100659356863,22.053974,21.74344
2024-08-15,20.7,20.6,18.733333333333327,20.179499,21.925398074445283,22.159069169891314,19.993008,20.66893903550403,20.731598,20.451174
2024-08-16,18.0,20.7,18.66111111111111,21.4795,21.925398074445283,22.159069169891314,20.410057,20.609763605195504,21.038929,20.65351
2024-08-17,20.0,18.0,18.631111111111114,18.4795,21.925398074445283,22.159069169891314,18.586086,19.128833630564344,19.060244,19.141275
2024-08-18,18.999999999999996,20.0,18.604444444444443,19.0795,21.925398074445283,22.159069169891314,19.490215,20.46520013273426,20.561079,20.560333
2024-08-19,20.5,19.0,18.60333333333333,20.0795,21.925398074445283,22.159069169891314,18.979094,19.611913743949202,19.542797,19.801287
2024-08-20,18.5,20.5,18.47222222222222,18.3795,20.378037035688365,20.361095066874864,19.571909,20.246069917782833,20.47114,20.462831
2024-08-21,15.700000000000001,18.5,18.328888888888887,17.679499,20.378037035688365,20.361095066874864,18.589285,18.918417039192718,18.833277,19.090069
2024-08-22,16.000000000000004,15.7,18.18,17.679499,20.378037035688365,20.361095066874864,17.391054,17.029915790251774,16.792349,17.030886
2024-08-23,14.7,16.0,18.232222222222223,17.9795,20.378037035688365,20.361095066874864,16.0848,16.823988927861002,16.81281,16.637104
2024-08-24,18.2,14.7,17.983333333333334,20.0795,20.378037035688365,20.361095066874864,15.695543,15.860104056848668,15.82703,16.05866
2024-08-25,18.7,18.2,17.763333333333335,22.679499,20.378037035688365,20.361095066874864,16.510187,17.803967877044183,18.010406,18.002207
2024-08-26,20.7,18.7,17.720000000000002,21.3795,20.378037035688365,20.361095066874864,17.185368,18.162223198888917,18.334455,18.689003
2024-08-27,17.0,20.7,17.74,19.4795,20.378037035688365,20.361095066874864,18.5151,19.208364769970657,19.693548,19.551096
2024-08-28,17.7,17.0,17.787777777777777,19.3795,20.378037035688365,20.361095066874864,16.79255,17.044503369615036,17.093946,17.132753
2024-08-29,17.5,17.7,17.78666666666667,18.3795,20.378037035688365,20.361095066874864,17.309484,17.3853453083114,17.702715,17.385908
2024-08-30,20.0,17.5,17.69777777777778,20.8795,20.378037035688365,20.361095066874864,16.567425,17.2165494459765,17.663734,17.357632
2024-08-31,17.7,20.0,17.59888888888889,21.679499,20.378037035688365,20.361095066874864,18.66678,19.009301123094527,19.605986,19.47277
2024-09-01,17.7,17.7,17.576666666666668,21.679499,20.378037035688365,20.361095066874864,17.52352,17.99803537668584,17.961613,18.26834
2024-09-02,18.999999999999996,17.7,17.45777777777778,17.9795,20.378037035688365,20.361095066874864,17.761093,17.97692940466795,17.940887,18.008846
2024-09-03,19.7,19.0,17.32111111111111,20.4795,20.378037035688365,20.361095066874864,17.658075,18.326515221808513,18.756798,18.492882
2024-09-04,20.7,19.7,17.227777777777774,22.3795,20.378037035688365,20.361095066874864,18.689539,18.788484137916875,19.349,19.3423
2024-09-05,23.6,20.7,17.217777777777776,21.9795,20.378037035688365,20.361095066874864,18.616503,19.72139211359361,20.156607,20.041529
2024-09-06,22.1,23.6,17.154444444444444,21.0795,20.378037035688365,20.361095066874864,20.664621,21.668186843034036,22.45278,22.145845
2024-09-07,20.7,22.1,17.127777777777776,21.0795,20.378037035688365,20.361095066874864,20.273422,20.83228154751953,21.30804,21.267206
2024-09-08,24.0,20.7,17.262222222222224,21.679499,20.378037035688365,20.361095066874864,19.777914,20.32929641993241,20.547642,20.220697
2024-09-09,19.6,24.0,17.27,18.2795,20.378037035688365,20.361095066874864,21.464905,22.379255562160623,23.322792,22.450731
2024-09-10,16.000000000000004,19.6,17.17666666666667,16.179499,20.378037035688365,20.361095066874864,20.17029,19.93245951636281,19.947886,20.301365
2024-09-11,15.0,16.0,17.05111111111111,15.479501,20.378037035688365,20.361095066874864,18.02851,18.131140070761422,17.579357,17.820122
2024-09-12,15.500000000000002,15.0,16.964444444444442,17.0795,20.378037035688365,20.361095066874864,17.012394,17.22389907601314,16.762615,16.633358
2024-09-13,15.500000000000002,15.5,16.949999999999996,15.2795,20.378037035688365,20.361095066874864,16.310171,16.714438172226195,16.748323,16.884567
2024-09-14,14.5,15.5,17.071111111111108,12.979501,20.378037035688365,20.361095066874864,15.433912,16.63620595514965,16.440016,16.594913
2024-09-15,9.100000000000001,14.5,17.053333333333335,11.179501,20.378037035688365,20.361095066874864,15.179467,15.99420621366822,15.478241,15.943236
2024-09-16,9.2,9.1,16.894444444444446,13.3795,20.378037035688365,20.361095066874864,12.464331,12.004201752018503,11.48068,11.771273
2024-09-17,13.000000000000002,9.2,16.802222222222223,13.8795,20.378037035688365,20.361095066874864,11.1099615,11.228526629917553,10.766309,10.955692
2024-09-18,12.2,13.0,16.737777777777776,13.679501,20.378037035688365,20.361095066874864,11.937861,12.907135025244209,12.842901,12.851296
2024-09-19,12.500000000000002,12.2,16.527777777777775,14.7795,13.323198795536069,13.275246407256073,11.911347,12.492337602118756,12.501376,12.830092
2024-09-20,14.0,12.5,16.236666666666665,14.8795,13.323198795536069,13.275246407256073,12.12013,12.868212840089484,12.494941,12.815514
2024-09-21,17.0,14.0,15.824444444444445,16.2795,13.323198795536069,13.275246407256073,12.690708,13.294731485748565,13.337033,13.335822
2024-09-22,18.1,17.0,15.272222222222224,16.0795,13.323198795536069,13.275246407256073,14.540694,14.639190683305152,15.428173,15.301423
2024-09-23,16.200000000000003,18.1,14.775555555555554,15.6795,13.323198795536069,13.275246407256073,14.85078,15.935128976188714,16.693806,16.531841
2024-09-24,14.100000000000001,16.2,14.458888888888891,16.0795,13.323198795536069,13.275246407256073,15.215553,15.510172636351479,15.806172,15.75966
2024-09-25,18.0,14.1,14.168888888888889,17.4795,13.323198795536069,13.275246407256073,14.223528,14.322477179904116,14.50146,14.151263
2024-09-26,14.7,18.0,14.033333333333333,18.5795,13.323198795536069,13.275246407256073,16.07888,16.558890669730516,17.23657,16.809734
2024-09-27,17.0,14.7,13.65111111111111,20.3795,13.323198795536069,13.275246407256073,14.884173,14.96246633647286,15.285274,15.456497
2024-09-28,15.6,17.0,13.318888888888887,16.679499,13.323198795536069,13.275246407256073,15.979768,16.799518643332433,16.83739,16.949041
2024-09-29,16.000000000000004,15.6,12.867777777777777,15.5795,13.323198795536069,13.275246407256073,15.426024,15.891762394096453,15.899416,16.037546
2024-09-30,14.0,16.0,12.494444444444442,16.5795,13.323198795536069,13.275246407256073,16.034664,15.778197999448794,16.049526,16.104177
2024-10-01,16.000000000000004,14.0,12.136666666666667,18.3795,13.323198795536069,13.275246407256073,14.093227,14.68288660120249,14.691348,14.586573
2024-10-02,16.6,16.0,11.91777777777778,17.3795,13.323198795536069,13.275246407256073,15.805397,15.859794379392685,15.984654,16.022127
2024-10-03,15.300000000000002,16.6,11.587777777777776,15.979501,13.323198795536069,13.275246407256073,15.262645,16.022605372834164,16.366423,16.280334
2024-10-04,16.000000000000004,15.3,11.396666666666667,14.7795,13.323198795536069,13.275246407256073,15.57947,15.500683486489818,15.564571,15.73778
2024-10-05,10.800000000000004,16.0,11.30888888888889,14.0795,13.323198795536069,13.275246407256073,15.181348,15.861306515657896,15.935592,15.9417715
2024-10-06,11.7,10.8,11.255555555555556,15.179501,13.323198795536069,13.275246407256073,13.225366,12.597304282220222,12.513293,12.739247
2024-10-07,11.8,11.7,11.250000000000002,17.679499,13.323198795536069,13.275246407256073,12.393397,12.824425554919657,12.638634,12.774396
2024-10-08,18.999999999999996,11.8,11.185555555555554,17.4795,13.323198795536069,13.275246407256073,12.051423,12.73790098973749,12.634975,12.521099
2024-10-09,14.2,19.0,11.017777777777779,16.4795,13.323198795536069,13.275246407256073,15.577297,16.852070817258717,17.277927,16.891216
2024-10-10,20.0,14.2,10.783333333333331,18.179499,13.323198795536069,13.275246407256073,13.728643,14.359698215872085,14.370497,15.080523
2024-10-11,14.8,20.0,10.472222222222221,16.4795,13.323198795536069,13.275246407256073,17.017511,17.822013420798882,18.190876,17.378372
2024-10-12,13.000000000000002,14.8,10.366666666666667,16.4795,13.323198795536069,13.275246407256073,14.08095,14.461114957160033,14.891465,14.776917
2024-10-13,13.1,13.0,10.215555555555556,17.8795,13.323198795536069,13.275246407256073,14.176213,13.563448983508927,13.802368,13.64113
2024-10-14,16.000000000000004,13.1,10.183333333333332,19.3295,13.323198795536069,13.275246407256073,12.532342,13.876661457080163,13.879935,13.227341
2024-10-15,18.800000000000004,16.0,10.346666666666666,19.179499,13.323198795536069,13.275246407256073,15.71859,15.576502170502506,15.895571,15.797548
2024-10-16,21.0,18.8,10.44111111111111,18.3795,13.323198795536069,13.275246407256073,15.278323,17.332403738482,17.801348,17.686693
2024-10-17,18.0,21.0,10.323333333333332,16.7795,13.323198795536069,13.275246407256073,17.307016,19.19497576761134,19.602335,19.42389
2024-10-18,10.999999999999998,18.0,10.264444444444445,10.479501,13.323198795536069,13.275246407256073,16.60392,17.2304178561709,17.465397,17.467863
2024-10-19,10.000000000000002,11.0,10.152222222222221,10.1295,13.024681103621875,13.193275368503254,13.669915,13.051474167462239,12.878086,12.543166
2024-10-20,9.3,10.0,10.008888888888887,9.479501,13.024681103621875,13.193275368503254,12.004067,12.144429734937802,11.975309,11.71963
2024-10-21,10.300000000000002,9.3,9.934444444444443,10.6295,13.024681103621875,13.193275368503254,10.954656,11.459697753706287,11.348113,11.155601
2024-10-22,9.0,10.3,9.79,12.0795,13.024681103621875,13.193275368503254,11.089909,12.108658989379837,11.599092,11.709132
2024-10-23,13.4,9.0,9.54111111111111,11.679501,13.024681103621875,13.193275368503254,10.19092,11.232292564192903,10.429397,10.880861
2024-10-24,15.2,13.4,9.510000000000002,13.979501,13.024681103621875,13.193275368503254,11.5186205,12.941136084762451,12.495842,12.700894
2024-10-25,14.3,15.2,9.395555555555555,12.929501,13.024681103621875,13.193275368503254,12.757334,13.391735234704777,13.792865,14.09576
2024-10-26,14.7,14.3,9.383333333333335,12.7795,13.024681103621875,13.193275368503254,12.918364,13.149677116181579,13.548939,13.4542055
2024-10-27,11.400000000000002,14.7,9.282222222222222,11.6295,13.024681103621875,13.193275368503254,13.116978,13.678427929648855,13.978264,13.688829
2024-10-28,13.1,11.4,9.173333333333334,12.3795,13.024681103621875,13.193275368503254,12.179754,11.735797228104088,12.108722,11.870085
2024-10-29,13.000000000000002,13.1,9.002222222222223,13.5295,13.024681103621875,13.193275368503254,12.316076,12.809610552072895,13.08877,13.038455
2024-10-30,13.6,13.0,8.512222222222222,14.0795,13.024681103621875,13.193275368503254,12.519427,13.151426032604025,13.295871,13.217721
2024-10-31,15.500000000000002,13.6,8.103333333333333,17.1295,13.024681103621875,13.193275368503254,13.455963,13.633496086574178,13.665059,13.822167
2024-11-01,14.5,15.5,7.816666666666666,13.0795,13.024681103621875,13.193275368503254,13.983583,14.783657648884459,14.8768635,14.97072
2024-11-02,12.300000000000002,14.5,7.543333333333332,12.5295,13.024681103621875,13.193275368503254,14.109009,14.114294294080226,14.348361,14.508853
2024-11-03,11.900000000000002,12.3,7.377777777777778,12.3795,13.024681103621875,13.193275368503254,12.648235,12.759963797686442,12.868032,12.808233
2024-11-04,9.2,11.9,7.13111111111111,13.8795,13.024681103621875,13.193275368503254,12.394226,12.545711962719697,12.535424,12.476598
2024-11-05,9.500000000000002,9.2,6.953333333333331,14.1295,13.024681103621875,13.193275368503254,10.945165,10.7307182537031,10.75119,10.7884655
2024-11-06,9.0,9.5,6.804444444444443,12.679501,13.024681103621875,13.193275368503254,10.364166,10.853265923304953,10.55726,10.760807
2024-11-07,11.5,9.0,6.763333333333333,12.5295,13.024681103621875,13.193275368503254,9.83433,10.411654659906834,10.050182,10.263133
2024-11-08,10.000000000000002,11.5,6.434444444444445,12.0295,13.024681103621875,13.193275368503254,10.882318,11.504011870694502,11.23597,11.493937
2024-11-09,7.3999999999999995,10.0,6.346666666666666,11.8795,13.024681103621875,13.193275368503254,10.016072,10.45668257274994,10.376559,10.661405
2024-11-10,10.999999999999998,7.4,6.0088888888888885,11.5795,13.024681103621875,13.193275368503254,8.963586,8.768314394788952,8.597765,8.53045
2024-11-11,7.500000000000002,11.0,5.852222222222221,10.1295,13.024681103621875,13.193275368503254,10.04164,10.474986662487687,10.292836,10.358622
2024-11-12,8.8,7.5,5.606666666666667,8.0295,13.024681103621875,13.193275368503254,8.479467,8.303160831976559,8.592779,8.699846
2024-11-13,6.699999999999999,8.8,5.4477777777777785,8.5295,13.024681103621875,13.193275368503254,8.764925,9.25893283741225,8.96681,9.2289095
2024-11-14,5.7,6.7,5.403333333333333,10.2795,13.024681103621875,13.193275368503254,7.5773654,8.021663595173617,7.803388,7.707671
2024-11-15,6.4,5.7,5.37,11.8295,13.024681103621875,13.193275368503254,7.2611327,6.936361744745658,6.7966843,6.852278
2024-11-16,5.8,6.4,5.382222222222222,10.7795,13.024681103621875,13.193275368503254,6.4193854,7.188053157498255,6.8415866,6.8945475
2024-11-17,6.6,5.8,5.428888888888888,11.929501,13.024681103621875,13.193275368503254,6.6043115,6.768816261838536,6.503228,6.7657104
2024-11-18,9.700000000000001,6.6,5.365555555555556,12.429501,7.27707014585426,7.2077465083645125,6.443071,6.9872840567171535,6.650448,7.0507483
2024-11-19,8.0,9.7,5.276666666666666,11.3795,7.27707014585426,7.2077465083645125,8.233295,8.794630685371335,8.485916,8.982366
2024-11-20,10.999999999999998,8.0,5.144444444444445,11.5295,7.27707014585426,7.2077465083645125,7.784935,7.716443533623702,7.92039,8.050654
2024-11-21,9.700000000000001,11.0,5.07,9.429501,7.27707014585426,7.2077465083645125,9.376214,9.669874728512756,9.635129,9.808892
2024-11-22,8.699999999999998,9.7,4.882222222222222,9.3795,7.27707014585426,7.2077465083645125,8.904162,9.054498690990261,9.399769,9.336071
2024-11-23,8.0,8.7,4.897777777777777,8.8295,7.27707014585426,7.2077465083645125,9.045337,8.611767950432492,8.877104,8.786731
2024-11-24,5.400000000000001,8.0,4.766666666666666,7.2795,7.27707014585426,7.2077465083645125,8.029764,8.47381267464964,8.482615,8.333554
2024-11-25,3.6999999999999993,5.4,4.6644444444444435,6.7295,7.27707014585426,7.2077465083645125,7.17706,6.927556140026549,6.9453015,6.9599657
2024-11-26,2.8999999999999995,3.7,4.413333333333333,6.9295,7.27707014585426,7.2077465083645125,5.6594133,5.749404438168493,5.484222,5.562913
2024-11-27,3.4,2.9,4.2011111111111115,8.5795,7.27707014585426,7.2077465083645125,4.9413776,5.1039173088968806,4.560145,4.864534
2024-11-28,4.9,3.4,4.087777777777777,9.7795,7.27707014585426,7.2077465083645125,4.5272193,4.885626255236336,4.282557,4.6694255
2024-11-29,3.5999999999999996,4.9,3.9588888888888882,9.3795,7.27707014585426,7.2077465083645125,4.822822,5.498214942567058,4.830059,5.358212
2024-11-30,1.9,3.6,3.802222222222222,7.5794997,7.27707014585426,7.2077465083645125,4.2387385,4.52916337758149,4.1708717,4.5624976
2024-12-01,6.899999999999999,1.9,3.851111111111111,5.9295,7.27707014585426,7.2077465083645125,3.1064305,3.195398990472445,2.9441712,3.1969223
2024-12-02,6.199999999999998,6.9,3.7744444444444443,6.1795,7.27707014585426,7.2077465083645125,5.4396915,5.773957422131095,5.159162,5.860278
2024-12-03,4.000000000000001,6.2,3.6688888888888886,7.3294997,7.27707014585426,7.2077465083645125,5.4314456,5.40291038384557,5.6112075,6.1027856
2024-12-04,4.9,4.0,3.6255555555555556,7.6295,7.27707014585426,7.2077465083645125,4.5206637,4.614662643504782,4.601758,4.752223
2024-12-05,6.699999999999999,4.9,3.598888888888889,4.6795,7.27707014585426,7.2077465083645125,4.70615,5.189239850360336,4.8104215,4.821784
2024-12-06,6.899999999999999,6.7,3.598888888888889,4.6295,7.27707014585426,7.2077465083645125,6.208127,5.827885346607592,5.8853264,6.2629485
2024-12-07,6.800000000000002,6.9,3.64,6.2295,7.27707014585426,7.2077465083645125,5.7864575,6.2935474669384615,6.4150476,6.859144
2024-12-08,5.7,6.8,3.438888888888889,2.8295,7.27707014585426,7.2077465083645125,6.4623847,6.874765362175528,6.648222,6.912168
2024-12-09,3.3000000000000003,5.7,3.358888888888889,1.9295,7.27707014585426,7.2077465083645125,6.061865,6.051127378756725,6.0265474,6.0591187
2024-12-10,-2.0999999999999996,3.3,3.35,1.6295,7.27707014585426,7.2077465083645125,4.5692344,4.425886236867542,4.55319,4.5614157
2024-12-11,-4.1,-2.1,3.293333333333334,2.8795,7.27707014585426,7.2077465083645125,1.9847828,1.2245176915907545,1.3675035,1.6927346
2024-12-12,5.499999999999998,-4.1,3.3344444444444448,4.9795,7.27707014585426,7.2077465083645125,0.46277365,-0.3282657807274169,-0.58575577,0.14681634
2024-12-13,2.999999999999999,5.5,3.35,6.6795,7.27707014585426,7.2077465083645125,3.4061897,4.6876866672236375,2.9815135,2.940032
2024-12-14,-1.2999999999999996,3.0,3.3722222222222227,5.1795,7.27707014585426,7.2077465083645125,2.5359504,3.2413751882797053,3.1248567,3.2117689
2024-12-15,-1.5,-1.3,3.4266666666666663,3.3295,7.27707014585426,7.2077465083645125,1.5177892,1.0048326449571656,0.97860557,0.9786528
2024-12-16,3.800000000000001,-1.5,3.0711111111111107,2.5295,7.27707014585426,7.2077465083645125,0.27011332,0.08686645379911308,0.013598438,0.2909776
2024-12-17,2.999999999999999,3.8,2.924444444444444,0.9295,7.27707014585426,7.2077465083645125,2.8691778,2.0650859042507004,2.099324,2.0005462
2024-12-18,-2.2,3.0,2.784444444444444,3.7795,2.6636492908216245,2.8013915255017556,1.6922166,2.30474475376576,2.711353,2.3222718
2024-12-19,-1.3999999999999992,-2.2,2.6222222222222222,6.5295,2.6636492908216245,2.8013915255017556,1.0700022,0.37494342336034175,0.57997763,0.6549924
2024-12-20,7.000000000000001,-1.4,2.5055555555555555,2.6794999,2.6636492908216245,2.8013915255017556,0.40504858,0.0772579970386894,-0.0787156,0.24219766
2024-12-21,1.9,7.0,2.298888888888889,1.9794999,2.6636492908216245,2.8013915255017556,4.1938777,4.182699064973785,3.6385977,4.088428
2024-12-22,-0.39999999999999997,1.9,2.1622222222222223,2.0795,2.6636492908216245,2.8013915255017556,1.9122849,1.9215439461783017,2.7267592,2.6806083
2024-12-23,3.800000000000001,-0.4,2.04,1.1795,2.6636492908216245,2.8013915255017556,1.7015061,1.501456025365466,1.2980233,1.4645724
2024-12-24,2.8,3.8,1.9058823529411764,1.0295,2.6636492908216245,2.8013915255017556,2.9547572,3.214235346713697,2.6657774,3.039929
2024-12-25,1.8000000000000003,2.8,1.6752941176470588,1.8295001,2.6636492908216245,2.8013915255017556,3.2225583,2.030526013336255,2.7713134,2.5159626
2024-12-26,3.3000000000000003,1.8,1.5458823529411765,2.4294999,2.6636492908216245,2.8013915255017556,2.2322812,2.4411746723057046,2.4267428,2.508026
2024-12-27,3.5,3.3,1.38,1.6295,2.6636492908216245,2.8013915255017556,3.1033769,3.7476873225465153,3.0727444,3.4680803
2024-12-28,5.6000000000000005,3.5,1.0141176470588233,4.3795,2.6636492908216245,2.8013915255017556,3.542685,3.133534142560982,3.2421744,3.5580091
2024-12-29,-1.0000000000000004,5.6,0.9929411764705883,2.3295,2.6636492908216245,2.8013915255017556,4.235193,4.609481736309324,4.407893,5.0673738
2024-12-30,-1.1,-1.0,0.9588235294117645,2.4794998,2.6636492908216245,2.8013915255017556,1.7802444,1.2157289538762124,1.7157134,1.8040648
2024-12-31,1.0000000000000004,-1.1,1.0105882352941176,2.3795,2.6636492908216245,2.8013915255017556,1.1272745,0.8046679073289633,0.6361606,0.88814425
2025-01-01,6.100000000000001,1.0,0.9282352941176472,5.3795,2.6636492908216245,2.8013915255017556,1.2907922,1.5590482364783536,1.2608093,1.0607998
2025-01-02,7.700000000000001,6.1,0.9658823529411764,5.0295,2.6636492908216245,2.8013915255017556,4.472351,4.615851088654087,3.9726982,3.9298663
2025-01-03,4.9,7.7,1.1658823529411766,5.1295,2.6636492908216245,2.8013915255017556,4.4139423,6.210546458861562,5.769774,5.8979774
2025-01-04,0.0,4.9,1.1776470588235293,4.1295,2.6636492908216245,2.8013915255017556,4.275504,4.831035380542813,4.841542,4.6557407
2025-01-05,1.1999999999999997,0.0,1.2658823529411765,6.5295,2.6636492908216245,2.8013915255017556,2.4883144,1.4455145047013398,2.0872874,1.6748106
2025-01-06,5.0,1.2,1.2423529411764704,4.4795,2.6636492908216245,2.8013915255017556,2.4210577,1.8782283993930615,1.937186,2.0979185
2025-01-07,4.599999999999999,5.0,1.3294117647058823,3.3295,2.6636492908216245,2.8013915255017556,3.7008412,4.297870999476644,3.9163072,3.8622534
2025-01-08,0.5999999999999994,4.6,1.3566666666666667,2.6794999,2.6636492908216245,2.8013915255017556,4.288917,4.8270113864607636,4.474713,4.597241
2025-01-09,-0.7000000000000002,0.6,1.4822222222222219,6.5295,2.6636492908216245,2.8013915255017556,2.891305,2.72426434155367,2.436693,2.6245253
2025-01-10,1.1999999999999997,-0.7,1.598888888888889,5.0794997,2.6636492908216245,2.8013915255017556,1.5688815,1.1496997188245908,1.0440241,1.2026645
2025-01-11,-1.0000000000000004,1.2,1.6377777777777778,5.9295,2.6636492908216245,2.8013915255017556,1.7508254,1.4544224330527764,1.4360478,1.4941218
2025-01-12,3.2000000000000006,-1.0,1.698888888888889,1.6295,2.6636492908216245,2.8013915255017556,0.53340715,0.42233746678950806,0.7058801,0.41698346
2025-01-13,2.0999999999999996,3.2,1.5977777777777775,0.4295,2.6636492908216245,2.8013915255017556,2.1962323,3.245327859506751,2.2765064,2.566156
2025-01-14,2.8999999999999995,2.1,1.5299999999999998,0.17950001,2.6636492908216245,2.8013915255017556,1.8409395,2.3201885248290575,2.2881608,2.6349394
2025-01-15,4.000000000000001,2.9,1.4544444444444444,1.3795,2.6636492908216245,2.8013915255017556,2.7820075,2.525214313254558,2.5672019,2.637672
2025-01-16,2.999999999999999,4.0,1.4277777777777778,0.72950006,2.6636492908216245,2.8013915255017556,3.1183808,3.3083774251276603,3.263916,3.4850516
2025-01-17,2.5000000000000004,3.0,1.27,0.47950003,2.8098030832910217,2.7991929666969337,3.4084437,2.8253963276112115,3.1051183,3.2502952
2025-01-18,4.2,2.5,1.021111111111111,2.1794999,2.8098030832910217,2.7991929666969337,2.7802422,2.7332310550100045,2.821326,3.0946279
2025-01-19,5.7,4.2,0.9588888888888887,3.9794998,2.8098030832910217,2.7991929666969337,3.8435688,3.9963678173049186,3.6584847,4.1865993
2025-01-20,0.49999999999999967,5.7,0.721111111111111,2.2795,2.8098030832910217,2.7991929666969337,4.7724175,4.860299595061449,4.729531,5.3284802
2025-01-21,0.2000000000000005,0.5,0.6266666666666667,3.0795,2.8098030832910217,2.7991929666969337,2.482182,2.1600091574362987,2.4892447,2.577268
2025-01-22,5.400000000000001,0.2,0.4855555555555556,6.7295,2.8098030832910217,2.7991929666969337,1.873946,1.91486366081818,1.5884953,1.9709442
2025-01-23,6.199999999999998,5.4,0.3655555555555555,6.6795,2.8098030832910217,2.7991929666969337,4.0371113,4.438486750024309,3.771246,4.220738
2025-01-24,1.1999999999999997,6.2,0.2822222222222223,6.8795,2.8098030832910217,2.7991929666969337,4.9407687,5.0764773268936,5.0669184,5.335541
2025-01-25,1.7000000000000006,1.2,0.2422222222222222,7.9295,2.8098030832910217,2.7991929666969337,3.080689,2.8874895702991563,2.898371,3.0567799
2025-01-26,3.2000000000000006,1.7,0.43666666666666665,6.5295,2.8098030832910217,2.7991929666969337,2.6782444,2.886552469607919,2.3875973,2.5400672
2025-01-27,3.5999999999999996,3.2,0.611111111111111,7.0295,2.8098030832910217,2.7991929666969337,3.209996,2.859259424668063,2.92529,3.060227
2025-01-28,9.700000000000001,3.6,0.5088888888888888,6.6295,2.8098030832910217,2.7991929666969337,3.2145967,3.445015257003639,3.43261,3.5738635
2025-01-29,3.2000000000000006,9.7,0.4755555555555555,3.9295,2.8098030832910217,2.7991929666969337,6.1985626,7.812669200559962,7.0011673,7.504055
2025-01-30,3.5999999999999996,3.2,0.5766666666666668,4.2295,2.8098030832910217,2.7991929666969337,3.8988428,4.048831187946273,4.4639783,4.5089245
2025-01-31,-0.49999999999999967,3.6,0.5866666666666666,4.3795,2.8098030832910217,2.7991929666969337,4.1536937,4.035806489031257,3.8445306,3.6922495
2025-02-01,1.8000000000000003,-0.5,0.6577777777777777,3.3795,2.8098030832910217,2.7991929666969337,1.7587014,1.4506574145110713,1.8121846,1.6972558
2025-02-02,2.999999999999999,1.8,0.7444444444444445,3.1295,2.8098030832910217,2.7991929666969337,3.3923442,2.5777408032634535,2.2359014,1.5765823
2025-02-03,1.7000000000000006,3.0,0.82,2.2795,2.8098030832910217,2.7991929666969337,2.5202332,3.595956274150309,2.9860852,2.6236298
2025-02-04,5.0,1.7,0.9922222222222222,5.5295,2.8098030832910217,2.7991929666969337,2.9160836,3.002925386194779,2.5626483,2.8446338
2025-02-05,5.999999999999999,5.0,1.0133333333333334,4.6295,2.8098030832910217,2.7991929666969337,3.6334846,4.455979466897226,3.7533255,4.3242483
2025-02-06,3.5,6.0,1.1511111111111112,2.5295,2.8098030832910217,2.7991929666969337,4.7861056,4.866011836211745,4.770967,5.2901797
2025-02-07,1.3999999999999992,3.5,1.1844444444444446,2.4794998,2.8098030832910217,2.7991929666969337,3.8906927,3.474157602996466,3.8233044,3.850382
2025-02-08,3.100000000000001,1.4,1.0888888888888888,1.7795001,2.8098030832910217,2.7991929666969337,2.595485,2.6307924159360665,2.630542,2.595467
2025-02-09,2.5000000000000004,3.1,1.0244444444444445,3.7795,2.8098030832910217,2.7991929666969337,3.4702578,3.357646904012456,3.0778363,3.424361
2025-02-10,4.9,2.5,0.82,1.7294999,2.8098030832910217,2.7991929666969337,2.8587592,2.963205984436594,2.9742813,3.1674964
2025-02-11,3.5,4.9,0.7455555555555555,4.1295,2.8098030832910217,2.7991929666969337,4.214928,4.83190563352445,4.17004,4.700438
2025-02-12,2.8,3.5,0.8111111111111111,5.9795,2.8098030832910217,2.7991929666969337,3.5829935,4.0278595688286725,3.763088,4.1751366
2025-02-13,1.8000000000000003,2.8,0.8355555555555556,5.4795,2.8098030832910217,2.7991929666969337,3.4827168,3.3063319821707533,3.2029412,3.4013653
2025-02-14,4.2,1.8,0.7211111111111111,3.9295,2.8098030832910217,2.7991929666969337,2.3098948,2.5711071986546,2.5750399,2.679341
2025-02-15,0.49999999999999967,4.2,0.7844444444444444,5.1295,2.8098030832910217,2.7991929666969337,3.9400344,3.950848517151958,3.5805633,4.02907
2025-02-16,1.500000000000001,0.5,1.0588888888888888,4.5794997,1.5754799781979731,1.5892928916015494,1.9587368,1.9088382793721574,2.1507275,2.1524992
2025-02-17,3.3000000000000003,1.5,1.2577777777777777,7.1295,1.5754799781979731,1.5892928916015494,2.4427533,2.5921323154555105,2.0813103,2.4687893
2025-02-18,0.0,3.3,1.2477777777777779,4.6295,1.5754799781979731,1.5892928916015494,2.6990895,3.273198189672284,2.8725474,3.3167284
2025-02-19,2.299999999999999,0.0,1.1844444444444444,6.0295,1.5754799781979731,1.5892928916015494,1.7241063,1.2166847989990894,1.5994443,1.6193805
2025-02-20,2.6,2.3,1.2555555555555553,6.3294997,1.5754799781979731,1.5892928916015494,2.0556529,2.6874652976448243,2.1513824,2.5724702
2025-02-21,2.6,2.6,1.2422222222222221,5.9295,1.5754799781979731,1.5892928916015494,2.529472,2.6973481986896912,2.5524049,3.0396526
2025-02-22,5.0,2.6,1.4033333333333335,5.3294997,1.5754799781979731,1.5892928916015494,2.7150013,2.5157867890508876,2.619264,2.7988517
2025-02-23,2.5000000000000004,5.0,1.6322222222222222,5.3795,1.5754799781979731,1.5892928916015494,3.7375183,4.2963232959552515,3.8647792,4.3225484
2025-02-24,3.8999999999999986,2.5,1.7688888888888887,6.4295,1.5754799781979731,1.5892928916015494,3.1077037,2.867664348738871,3.1012006,3.2314737
2025-02-25,3.5,3.9,1.918888888888889,5.3795,1.5754799781979731,1.5892928916015494,3.6134045,3.6408374813597257,3.478563,3.9129322
2025-02-26,2.999999999999999,3.5,2.0533333333333337,1.9295,1.5754799781979731,1.5892928916015494,3.3783493,3.6038772457893185,3.5445771,3.7871711
2025-02-27,-2.8,3.0,2.22,1.3295001,1.5754799781979731,1.5892928916015494,3.5944054,3.353167087035122,3.3171923,3.6304464
2025-02-28,4.000000000000001,-2.8,2.3211111111111107,6.3795,1.5754799781979731,1.5892928916015494,0.90577775,0.09269424893129294,0.5465375,0.5886559
2025-03-01,6.300000000000001,4.0,2.5577777777777775,6.8795,1.5754799781979731,1.5892928916015494,3.4795551,3.7784195908631757,2.629978,2.8348725
2025-03-02,7.700000000000001,6.3,2.8,7.1295,1.5754799781979731,1.5892928916015494,4.129261,4.8498439370783455,4.590582,5.0194488
2025-03-03,8.699999999999998,7.7,2.6966666666666663,5.6795,1.5754799781979731,1.5892928916015494,5.8171706,6.304065201677188,6.091987,5.85406
2025-03-04,4.1000000000000005,8.7,2.7111111111111112,5.4795,1.5754799781979731,1.5892928916015494,6.238897,7.34263771837221,7.143437,7.1641583
2025-03-05,7.3,4.1,2.85,6.3795,1.5754799781979731,1.5892928916015494,5.296157,4.367593675587291,5.0080175,4.4256487
2025-03-06,8.0,7.3,2.938888888888889,6.3795,1.5754799781979731,1.5892928916015494,6.067784,6.156831983552991,6.2925024,6.617494
2025-03-07,8.699999999999998,8.0,3.152222222222223,7.9795003,1.5754799781979731,1.5892928916015494,7.0244427,7.253874940600538,7.4753733,7.612498
2025-03-08,4.2,8.7,3.347777777777778,7.7794995,1.5754799781979731,1.5892928916015494,8.18992,8.171576021770708,8.211092,8.335237
2025-03-09,9.0,4.2,3.3744444444444444,8.429501,1.5754799781979731,1.5892928916015494,5.8681393,5.932906443451945,5.848764,5.7008734
2025-03-10,5.7,9.0,3.6355555555555554,10.5795,1.5754799781979731,1.5892928916015494,8.37875,8.34409476657634,7.8808,8.085632
2025-03-11,5.200000000000001,5.7,3.776666666666667,7.2795,1.5754799781979731,1.5892928916015494,5.943813,6.088018363874416,6.520306,6.420164
2025-03-12,9.500000000000002,5.2,3.9811111111111113,9.3795,1.5754799781979731,1.5892928916015494,6.305044,6.2468773976998975,5.993003,5.8280144
2025-03-13,5.200000000000001,9.5,4.176666666666667,8.479501,1.5754799781979731,1.5892928916015494,7.6312213,8.772030351341247,8.233966,8.410099
2025-03-14,16.000000000000004,5.2,4.2299999999999995,12.2795,1.5754799781979731,1.5892928916015494,6.6092267,5.995195185684794,6.3416595,6.365122
2025-03-15,10.500000000000002,16.0,4.366666666666666,8.0795,1.5754799781979731,1.5892928916015494,10.572894,12.478945549144434,12.222123,12.04833
2025-03-16,3.100000000000001,10.5,4.403333333333332,6.0794997,1.5754799781979731,1.5892928916015494,8.74732,9.795703756985748,10.358493,10.746973
2025-03-17,7.700000000000001,3.1,4.273333333333333,8.3795,1.5754799781979731,1.5892928916015494,6.6649256,5.54575269424213,5.8128777,5.5705857
2025-03-18,6.4,7.7,4.294444444444444,9.8795,7.210483047851433,7.427625266107942,6.9437675,8.079763283352024,7.441514,7.294846
2025-03-19,7.799999999999998,6.4,4.34,8.679501,7.210483047851433,7.427625266107942,7.9332066,6.792118067000159,7.2505784,6.9760866
2025-03-20,8.299999999999999,7.8,4.396666666666666,6.3795,7.210483047851433,7.427625266107942,6.363785,8.14217277750108,7.8502245,7.2298
2025-03-21,9.100000000000001,8.3,4.51,7.8795,7.210483047851433,7.427625266107942,7.5016294,9.165263052117977,8.367594,8.529934
2025-03-22,8.0,9.1,4.5488888888888885,9.0795,7.210483047851433,7.427625266107942,8.703383,8.58730249288227,8.564453,8.56924
2025-03-23,7.000000000000001,8.0,4.738888888888889,6.8795,7.210483047851433,7.427625266107942,7.400556,7.722442136240578,7.977853,7.994779
2025-03-24,8.8,7.0,4.974444444444444,5.8795,7.210483047851433,7.427625266107942,7.6055045,7.513274394831278,7.5049043,7.504412
2025-03-25,9.2,8.8,5.1177777777777775,5.0794997,7.210483047851433,7.427625266107942,8.231105,8.447724345850146,8.399174,8.570466
2025-03-26,5.200000000000001,9.2,5.393333333333333,4.2795,7.210483047851433,7.427625266107942,8.722249,8.83847240581883,8.932557,9.188818
2025-03-27,7.000000000000001,5.2,5.51,4.3795,7.210483047851433,7.427625266107942,6.877685,6.723131387046765,6.74219,6.7559814
2025-03-28,4.000000000000001,7.0,5.586666666666667,4.8795,7.210483047851433,7.427625266107942,7.2449493,7.656566848221298,7.1670065,7.3647237
2025-03-29,4.1000000000000005,4.0,5.754444444444444,3.9794998,7.210483047851433,7.427625266107942,5.451891,5.443106551800857,5.532184,5.5539002
2025-03-30,3.2000000000000006,4.1,5.678888888888888,0.97950006,7.210483047851433,7.427625266107942,5.3018994,5.395968420956045,5.045888,5.22366
2025-03-31,6.6,3.2,5.6466666666666665,4.7795,7.210483047851433,7.427625266107942,4.399171,4.865008134025175,4.354765,4.511884
2025-04-01,6.5,6.6,5.698888888888889,3.5795,7.210483047851433,7.427625266107942,6.258827,6.43563548464641,5.81006,6.111417
2025-04-02,4.700000000000001,6.5,5.85,5.6795,7.210483047851433,7.427625266107942,5.5531497,6.231022695942021,6.087238,6.441388
2025-04-03,7.799999999999998,4.7,5.911111111111111,8.679501,7.210483047851433,7.427625266107942,5.364688,5.355592171161267,5.2192097,5.243319
2025-04-04,9.0,7.8,5.986666666666666,10.479501,7.210483047851433,7.427625266107942,6.5590167,6.922896512321332,6.618393,6.8348117
2025-04-05,9.0,9.0,6.163333333333332,10.5795,7.210483047851433,7.427625266107942,7.8209763,7.589355239829182,7.8663216,8.173685
2025-04-06,10.000000000000002,9.0,6.295555555555555,7.4795,7.210483047851433,7.427625266107942,7.8073306,8.06353019058439,8.312739,8.51899
2025-04-07,7.799999999999998,10.0,6.2733333333333325,6.0794997,7.210483047851433,7.427625266107942,8.757997,9.209628241654213,9.198902,9.217841
2025-04-08,4.599999999999999,7.8,6.430000000000001,5.8795,7.210483047851433,7.427625266107942,8.188099,7.855027650051026,8.170096,7.989088
2025-04-09,5.900000000000001,4.6,6.443333333333333,7.7794995,7.210483047851433,7.427625266107942,6.217111,6.008063702940315,6.187891,6.094652
2025-04-10,15.0,5.9,6.434444444444443,12.2795,7.210483047851433,7.427625266107942,6.519071,6.851588942873728,6.4893746,6.596622
2025-04-11,12.700000000000001,15.0,6.375555555555555,10.2795,7.210483047851433,7.427625266107942,10.948028,12.077730552949317,11.960615,12.181428
2025-04-12,12.6,12.7,6.364444444444444,15.2795,7.210483047851433,7.427625266107942,10.086645,11.292521119135916,11.731005,11.972934
2025-04-13,19.9,12.6,6.677777777777776,15.2795,7.210483047851433,7.427625266107942,10.821126,11.877687148345217,11.767037,11.401801
2025-04-14,10.700000000000003,19.9,6.9722222222222205,11.3795,7.210483047851433,7.427625266107942,15.021193,15.864734573104768,16.739454,15.83072
2025-04-15,6.6,10.7,7.265555555555555,10.5795,7.210483047851433,7.427625266107942,12.056551,10.536835749905311,11.570711,11.376703
2025-04-16,6.5,6.6,7.521111111111112,4.2795,7.210483047851433,7.427625266107942,9.504786,9.130752064364726,8.888474,8.882299
2025-04-17,4.9,6.5,7.696666666666667,4.1795,7.880332387114092,7.948397079452386,8.556606,9.007575334676591,8.479352,8.039228
2025-04-18,4.799999999999998,4.9,7.805555555555555,8.2795,7.880332387114092,7.948397079452386,8.021024,7.115897284187495,7.13079,6.475792
2025-04-19,7.3,4.8,8.005555555555556,10.679501,7.880332387114092,7.948397079452386,6.4769945,7.372467455954494,6.5073023,5.920242
2025-04-20,10.500000000000002,7.3,8.271111111111113,10.479501,7.880332387114092,7.948397079452386,6.830369,8.64091528594998,7.4752765,8.0917225
2025-04-21,4.700000000000001,10.5,8.405555555555557,1.6795,7.880332387114092,7.948397079452386,8.624898,9.345106675701896,9.052041,9.466781
2025-04-22,5.6000000000000005,4.7,8.631111111111112,4.3795,7.880332387114092,7.948397079452386,6.2045746,5.8785607939831594,6.1275473,6.064741
2025-04-23,6.199999999999998,5.6,8.806666666666667,8.179501,7.880332387114092,7.948397079452386,6.1218104,6.327414599486689,5.91535,5.9736733
2025-04-24,5.8,6.2,8.926666666666668,8.179501,7.880332387114092,7.948397079452386,6.1006913,6.175159580168658,6.2306376,6.1417065
2025-04-25,6.4,5.8,8.943333333333333,10.3795,7.880332387114092,7.948397079452386,6.320247,6.04152762186399,6.159009,6.1182075
2025-04-26,10.900000000000002,6.4,9.158888888888889,12.679501,7.880332387114092,7.948397079452386,6.1145954,6.9628710855775084,6.49254,6.730834
2025-04-27,7.700000000000001,10.9,9.264444444444445,10.3795,7.880332387114092,7.948397079452386,8.848989,9.48886765878333,9.127087,9.507455
2025-04-28,6.199999999999998,7.7,9.182222222222224,7.8795,7.880332387114092,7.948397079452386,7.4826007,7.378616879679508,7.8133116,7.923808
2025-04-29,9.599999999999998,6.2,9.318888888888889,6.8795,7.880332387114092,7.948397079452386,6.8259616,6.876677106425875,6.8167605,6.723374
2025-04-30,9.700000000000001,9.6,9.562222222222221,10.0295,7.880332387114092,7.948397079452386,8.439218,8.724543123837366,8.603383,8.492721
2025-05-01,10.999999999999998,9.7,9.682222222222224,13.479501,7.880332387114092,7.948397079452386,9.1981325,8.742902323299974,9.194475,9.372287
2025-05-02,11.900000000000002,11.0,9.823333333333334,15.979501,7.880332387114092,7.948397079452386,9.167174,10.197321821037697,10.226312,10.547245
2025-05-03,15.500000000000002,11.9,10.026666666666666,16.4795,7.880332387114092,7.948397079452386,10.420887,11.118604434868812,11.1141815,11.195612
2025-05-04,18.0,15.5,10.209999999999999,14.679501,7.880332387114092,7.948397079452386,12.856433,12.993824494195724,13.57128,13.424272
2025-05-05,13.200000000000001,18.0,10.176666666666666,12.7795,7.880332387114092,7.948397079452386,14.042655,14.94878477303732,15.878902,15.539599
2025-05-06,12.9,13.2,10.18888888888889,11.5795,7.880332387114092,7.948397079452386,12.886052,12.951032635545653,13.319034,13.248165
2025-05-07,11.2,12.9,10.345555555555556,11.5795,7.880332387114092,7.948397079452386,12.697588,12.991044531199254,13.105463,12.682547
2025-05-08,14.0,11.2,10.421111111111111,11.8795,7.880332387114092,7.948397079452386,12.024253,11.847135813980401,12.149326,11.813784
2025-05-09,12.500000000000002,14.0,10.556666666666667,11.8795,7.880332387114092,7.948397079452386,13.086572,13.605082781333602,13.8932,13.732769
2025-05-10,12.2,12.5,10.873333333333333,13.3795,7.880332387114092,7.948397079452386,12.545017,13.259640524627555,13.13946,13.261771
2025-05-11,14.0,12.2,11.107777777777777,13.2795,7.880332387114092,7.948397079452386,12.820415,13.02797200201552,12.718338,12.847121
2025-05-12,12.500000000000002,14.0,11.353333333333333,11.479501,7.880332387114092,7.948397079452386,13.001582,13.541628937110836,13.598806,13.594575
2025-05-13,10.000000000000002,12.5,11.411111111111111,12.179501,7.880332387114092,7.948397079452386,12.812943,12.503752141908121,12.769183,12.926053
2025-05-14,12.800000000000002,10.0,11.352222222222222,12.8795,7.880332387114092,7.948397079452386,11.007888,11.147117730270976,11.088749,11.220461
2025-05-15,12.0,12.8,11.241111111111111,10.179501,7.880332387114092,7.948397079452386,12.362185,12.75557327542287,12.617657,12.699523
2025-05-16,10.999999999999998,12.0,11.362222222222222,8.979501,7.880332387114092,7.948397079452386,11.974075,11.985619056588872,12.239017,12.423615
2025-05-17,6.899999999999999,11.0,11.545555555555557,10.179501,11.475781507458528,11.394082795960964,11.302086,11.619699718035134,11.544328,11.786252
2025-05-18,12.100000000000003,6.9,11.727777777777778,14.8795,11.475781507458528,11.394082795960964,9.294082,9.209120633630153,8.891891,8.826895
2025-05-19,11.7,12.1,11.776666666666667,17.0795,11.475781507458528,11.394082795960964,11.471171,11.59516052172879,11.367619,11.612765
2025-05-20,15.100000000000003,11.7,12.001111111111113,16.8795,11.475781507458528,11.394082795960964,10.628296,11.224505705623905,11.532094,11.627747
2025-05-21,13.6,15.1,12.225555555555555,14.0795,11.475781507458528,11.394082795960964,13.03595,13.740364296542397,13.804411,13.706806
2025-05-22,14.7,13.6,12.28111111111111,15.2795,11.475781507458528,11.394082795960964,12.031132,13.025483201138332,13.146895,13.227963
2025-05-23,12.0,14.7,12.415555555555555,11.3795,11.475781507458528,11.394082795960964,13.709429,13.458759243825751,13.887241,13.654907
2025-05-24,10.500000000000002,12.0,12.473333333333333,8.7795,11.475781507458528,11.394082795960964,11.523987,11.940913847164047,12.376407,12.102686
2025-05-25,9.0,10.5,12.53888888888889,9.0795,11.475781507458528,11.394082795960964,11.7648325,11.438292688305474,11.499437,11.542638
2025-05-26,7.000000000000001,9.0,12.617777777777778,12.0795,11.475781507458528,11.394082795960964,10.105199,10.503984607297099,10.382786,10.180453
2025-05-27,10.000000000000002,7.0,12.78888888888889,15.0795,11.475781507458528,11.394082795960964,9.30227,9.210024242025163,8.906362,9.124175
2025-05-28,10.4,10.0,13.076666666666664,15.7795,11.475781507458528,11.394082795960964,9.626518,10.619286501593056,10.124132,10.4307165
2025-05-29,9.2,10.4,13.493333333333334,14.7795,11.475781507458528,11.394082795960964,9.749113,10.663315020514473,10.45267,10.881536
2025-05-30,11.100000000000001,9.2,13.896666666666667,14.2795,11.475781507458528,11.394082795960964,9.593067,9.765007514671257,9.5914345,9.734673
2025-05-31,10.4,11.1,14.120000000000003,15.5795,11.475781507458528,11.394082795960964,10.129664,10.693913919496765,10.511194,10.5709915
2025-06-01,12.2,10.4,14.351111111111113,16.179499,11.475781507458528,11.394082795960964,10.244838,9.984257347633164,10.282883,10.361692
2025-06-02,14.600000000000001,12.2,14.632222222222222,16.679499,11.475781507458528,11.394082795960964,10.778269,11.193770495109664,11.434524,11.655053
2025-06-03,14.8,14.6,14.857777777777779,17.7795,11.475781507458528,11.394082795960964,12.551788,13.058832735966769,13.353192,13.477108
2025-06-04,16.200000000000003,14.8,14.885555555555555,19.679499,11.475781507458528,11.394082795960964,13.389869,13.393067656681252,13.875289,13.924646
2025-06-05,16.400000000000002,16.2,15.00222222222222,19.7795,11.475781507458528,11.394082795960964,13.834704,14.559334293755912,15.044017,14.873932
2025-06-06,14.5,16.4,15.155555555555553,19.0795,11.475781507458528,11.394082795960964,14.796775,15.00434257817911,15.564949,15.356687
2025-06-07,17.7,14.5,15.334444444444443,20.3795,11.475781507458528,11.394082795960964,14.121296,14.11210042178508,14.544386,14.307414
2025-06-08,18.3,17.7,15.515555555555554,22.179499,11.475781507458528,11.394082795960964,15.627099,16.360676302478677,16.87311,16.60268
2025-06-09,14.2,18.3,15.666666666666666,21.0795,11.475781507458528,11.394082795960964,16.744902,16.99432838420038,17.61759,17.654856
2025-06-10,15.500000000000002,14.2,15.777777777777775,20.3795,11.475781507458528,11.394082795960964,15.154144,14.947797705776255,14.9515915,15.137298
2025-06-11,12.800000000000002,15.5,15.922222222222222,19.3795,11.475781507458528,11.394082795960964,15.045672,15.817121562589092,15.73513,15.626816
2025-06-12,14.400000000000002,12.8,16.16111111111111,19.0795,11.475781507458528,11.394082795960964,14.05733,13.811423951726335,13.9309,14.124222
2025-06-13,18.0,14.4,16.46,19.3795,11.475781507458528,11.394082795960964,14.011449,14.651772595719292,14.753732,14.799501
2025-06-14,17.7,18.0,16.765555555555558,19.679499,11.475781507458528,11.394082795960964,15.362229,17.040944102916804,17.264385,17.155441
2025-06-15,16.900000000000002,17.7,16.997777777777777,20.2795,11.475781507458528,11.394082795960964,16.414518,16.823497415612287,17.136642,17.363651
2025-06-16,15.6,16.9,17.164444444444445,20.8795,16.25413140498109,16.252094913816126,15.597532,16.408439078136485,16.550154,16.520552
2025-06-17,17.6,15.6,17.256666666666664,22.679499,16.25413140498109,16.252094913816126,15.459812,15.611198389264604,15.765987,15.554143
2025-06-18,18.0,17.6,17.457777777777775,19.0795,16.25413140498109,16.252094913816126,16.258276,16.520543606859707,17.169876,16.798246
2025-06-19,14.5,18.0,17.82777777777778,15.979501,16.25413140498109,16.252094913816126,16.44684,17.184611232813996,17.70126,17.602587
2025-06-20,15.800000000000002,14.5,18.172222222222224,15.5795,16.25413140498109,16.252094913816126,15.8628645,15.590513098673581,15.411926,15.701781
2025-06-21,14.5,15.8,18.48111111111111,17.2795,16.25413140498109,16.252094913816126,15.543242,16.177166015532308,16.09629,16.10251
2025-06-22,18.800000000000004,14.5,18.69222222222222,19.179499,16.25413140498109,16.252094913816126,14.9761,14.995535591802401,15.159302,15.318639
2025-06-23,19.5,18.8,19.108888888888888,20.179499,16.25413140498109,16.252094913816126,16.75406,17.498566020359835,18.016272,17.801764
2025-06-24,18.999999999999996,19.5,19.403333333333336,19.8795,16.25413140498109,16.252094913816126,17.055624,18.30890619200815,18.697863,18.898912
2025-06-25,21.1,19.0,19.62666666666667,21.8795,16.25413140498109,16.252094913816126,17.86595,18.138289852582076,18.411066,18.49834
2025-06-26,20.0,21.1,19.806666666666665,23.679499,16.25413140498109,16.252094913816126,18.340635,19.341434094086136,20.007835,19.434956
2025-06-27,18.900000000000002,20.0,19.766666666666666,21.2795,16.25413140498109,16.252094913816126,18.85652,18.823648199983484,19.45382,19.293175
2025-06-28,18.7,18.9,19.63222222222222,18.5795,16.25413140498109,16.252094913816126,17.848623,18.514578182393315,18.888288,18.641468
2025-06-29,15.9,18.7,19.504444444444445,17.0795,16.25413140498109,16.252094913816126,18.137733,18.80264215553774,18.968924,18.783466
2025-06-30,18.4,15.9,19.66555555555556,19.9795,16.25413140498109,16.252094913816126,17.22278,17.022641349449056,16.969587,17.15452
2025-07-01,20.7,18.4,19.81888888888889,20.3795,16.25413140498109,16.252094913816126,17.41428,18.412933934713603,18.625032,18.51585
2025-07-02,19.3,20.7,19.848888888888887,18.0795,16.25413140498109,16.252094913816126,18.628996,19.77138932874773,20.251457,20.239494
2025-07-03,16.100000000000005,19.3,19.966666666666665,19.2795,16.25413140498109,16.252094913816126,18.689083,18.983193253302876,19.133566,19.432585
2025-07-04,17.0,16.1,20.011111111111113,19.179499,16.25413140498109,16.252094913816126,17.007002,17.171580200251313,16.833624,16.961489
2025-07-05,19.199999999999996,17.0,20.035555555555558,19.3795,16.25413140498109,16.252094913816126,17.08032,17.241757258773305,17.38353,17.155365
2025-07-06,20.1,19.2,20.01888888888889,21.679499,16.25413140498109,16.252094913816126,17.624949,18.195560407250667,18.91614,18.602932
2025-07-07,17.5,20.1,20.020000000000003,23.2795,16.25413140498109,16.252094913816126,18.282797,19.249828751893514,19.692081,19.779015
2025-07-08,18.600000000000005,17.5,19.841111111111108,21.8795,16.25413140498109,16.252094913816126,17.93637,18.089582939072695,17.83481,18.183235
2025-07-09,19.6,18.6,19.75111111111111,19.9795,16.25413140498109,16.252094913816126,17.996002,18.356313861086758,18.52488,18.341974
2025-07-10,15.9,19.6,19.669999999999998,20.3795,16.25413140498109,16.252094913816126,18.18053,18.57623970022566,19.232916,18.904064
2025-07-11,15.500000000000002,15.9,19.621111111111112,21.2795,16.25413140498109,16.252094913816126,16.754444,16.71321971673808,16.72467,16.948784
2025-07-12,21.4,15.5,19.67666666666667,20.5795,16.25413140498109,16.252094913816126,16.186747,16.68715318085831,16.410852,16.497309
2025-07-13,19.8,21.4,19.691111111111113,20.4795,16.25413140498109,16.252094913816126,18.71289,19.747189909627004,20.4945,20.15448
2025-07-14,20.1,19.8,19.762637362637363,25.9795,16.25413140498109,16.252094913816126,18.393116,18.785994280580795,19.295763,19.681334
2025-07-15,21.3,20.1,19.727472527472532,25.9795,16.25413140498109,16.252094913816126,18.42045,19.57199023671241,19.650686,19.63024
2025-07-16,22.4,21.3,19.63736263736264,19.679499,20.23711564834812,20.330911913634235,19.357138,20.1705843621804,20.600435,20.205156
2025-07-17,18.3,22.4,19.63956043956044,17.679499,20.23711564834812,20.330911913634235,20.415266,20.47447749679218,21.494167,21.0839
2025-07-18,15.100000000000003,18.3,19.62747252747253,20.8795,20.23711564834812,20.330911913634235,18.066214,18.67369050695307,18.674149,18.801483
2025-07-19,18.4,15.1,19.709890109890107,23.2795,20.23711564834812,20.330911913634235,17.342129,17.144658197583063,16.650816,16.770813
2025-07-20,22.5,18.4,19.662637362637366,25.2795,20.23711564834812,20.330911913634235,17.732677,18.46714454745286,18.79188,18.364857
2025-07-21,24.900000000000002,22.5,19.66813186813187,26.7795,20.23711564834812,20.330911913634235,19.592434,20.775119102725952,21.7489,21.33641
2025-07-22,20.3,24.9,19.6945054945055,27.3795,20.23711564834812,20.330911913634235,20.40414,22.802076885333634,23.518902,23.279682
2025-07-23,23.2,20.3,19.813186813186817,26.5795,20.23711564834812,20.330911913634235,19.729355,20.45455262807089,19.96432,20.51909
2025-07-24,25.8,23.2,19.859340659340663,26.3795,20.23711564834812,20.330911913634235,21.098608,21.62549336444877,22.387672,21.356897
2025-07-25,25.3,25.8,20.0,20.4795,20.23711564834812,20.330911913634235,22.131828,22.983204040380798,24.521748,23.472664
2025-07-26,19.3,25.3,20.092307692307692,17.8795,20.23711564834812,20.330911913634235,22.719048,23.60067251361896,24.369263,24.20251
2025-07-27,16.400000000000002,19.3,20.204395604395604,16.0795,20.23711564834812,20.330911913634235,20.695482,20.951735447456798,20.0362,20.615393
2025-07-28,13.799999999999999,16.4,20.305494505494504,17.679499,20.23711564834812,20.330911913634235,19.054342,18.810646701961794,18.214012,18.21923
2025-07-29,16.8,13.8,20.226666666666667,16.179499,20.23711564834812,20.330911913634235,16.121937,16.338602093721974,16.144772,15.945836
2025-07-30,15.500000000000002,16.8,20.034444444444446,15.979501,20.23711564834812,20.330911913634235,16.565159,17.98856868872967,17.987652,17.723623
2025-07-31,14.3,15.5,19.862222222222222,17.0795,20.23711564834812,20.330911913634235,15.9190645,17.234281252331176,16.746319,17.18903
2025-08-01,18.1,14.3,19.776666666666667,20.5795,20.23711564834812,20.330911913634235,15.424369,16.05243491276249,15.405779,15.781068
2025-08-02,20.9,18.1,19.64888888888889,19.8795,20.23711564834812,20.330911913634235,16.17522,17.386355127708313,17.489897,17.401844
2025-08-03,21.799999999999997,20.9,19.48777777777778,20.7795,20.23711564834812,20.330911913634235,18.190907,18.605364625452808,19.512384,19.480587
2025-08-04,16.700000000000003,21.8,19.428888888888892,18.9795,20.23711564834812,20.330911913634235,18.150589,19.581961661021086,20.35932,20.038452
2025-08-05,14.900000000000004,16.7,19.305555555555557,18.4795,20.23711564834812,20.330911913634235,16.991869,17.188831647430295,16.972666,17.043756
2025-08-06,14.400000000000002,14.9,19.256666666666664,18.179499,20.23711564834812,20.330911913634235,15.8765745,15.805954342226388,15.812455,15.390523
2025-08-07,18.3,14.4,19.144444444444446,20.4795,20.23711564834812,20.330911913634235,14.734729,15.193876767382898,15.476969,15.108944
2025-08-08,17.9,18.3,19.143333333333338,20.0795,20.23711564834812,20.330911913634235,16.781826,17.741702274037777,18.21383,17.859606
2025-08-09,20.3,17.9,18.983333333333334,21.4795,20.23711564834812,20.330911913634235,16.611713,17.945449370914044,17.9329,18.34841
2025-08-10,18.4,20.3,19.00444444444445,21.179499,20.23711564834812,20.330911913634235,17.981089,19.3334812136113,19.502466,19.411215
2025-08-11,17.8,18.4,19.01,20.2795,20.23711564834812,20.330911913634235,17.206482,17.790999616655682,18.028559,18.060976
2025-08-12,16.700000000000003,17.8,18.943333333333335,18.4795,20.23711564834812,20.330911913634235,17.350338,17.321463081135967,17.721037,17.432943
2025-08-13,17.0,16.7,18.830000000000002,19.5795,20.23711564834812,20.330911913634235,16.164291,16.833573812377814,17.094725,16.884592
2025-08-14,17.6,17.0,18.82333333333333,19.4795,20.23711564834812,20.330911913634235,17.008738,17.187183104340495,17.418562,17.47785
2025-08-15,17.2,17.6,18.81111111111111,19.9795,17.57048707846478,17.65103504287438,16.695019,17.59360928884075,17.78597,17.74994
2025-08-16,16.100000000000005,17.2,18.733333333333327,19.4795,17.57048707846478,17.65103504287438,17.194828,17.451588781863137,17.472315,17.712751
2025-08-17,19.5,16.1,18.66111111111111,18.8795,17.57048707846478,17.65103504287438,16.397207,16.597307393661893,16.554247,16.680656
2025-08-18,17.8,19.5,18.631111111111114,19.4795,17.57048707846478,17.65103504287438,17.797834,18.389797868123622,18.860373,18.681303
2025-08-19,17.0,17.8,18.604444444444443,20.3795,17.57048707846478,17.65103504287438,17.189264,17.373997388959317,17.70988,17.946009
2025-08-20,18.999999999999996,17.0,18.60333333333333,23.4795,17.57048707846478,17.65103504287438,16.72722,17.14710632869954,17.203133,17.222107
2025-08-21,22.2,19.0,18.47222222222222,21.9795,17.57048707846478,17.65103504287438,17.51517,18.28967212951256,18.63686,18.378002
2025-08-22,17.7,22.2,18.328888888888887,18.5795,17.57048707846478,17.65103504287438,19.710697,20.043689885893595,21.056585,20.821445
2025-08-23,20.0,17.7,18.18,18.7795,17.57048707846478,17.65103504287438,17.599657,17.87161125477087,17.873571,18.22535
2025-08-24,18.900000000000002,20.0,18.232222222222223,18.4795,17.57048707846478,17.65103504287438,18.77043,19.543931696538763,19.730791,19.386608
2025-08-25,18.0,18.9,17.983333333333334,21.8795,17.57048707846478,17.65103504287438,18.269903,18.50714070246856,18.916594,18.786959
2025-08-26,21.999999999999996,18.0,17.763333333333335,24.4795,17.57048707846478,17.65103504287438,17.971315,18.045598532073956,18.362963,18.388565
2025-08-27,26.0,22.0,17.720000000000002,23.5795,17.57048707846478,17.65103504287438,19.13957,20.813100696328934,21.38133,20.850142
2025-08-28,23.0,26.0,17.74,19.9795,17.57048707846478,17.65103504287438,21.876556,23.23698433015092,24.450401,23.974333
2025-08-29,18.999999999999996,23.0,17.787777777777777,20.179499,17.57048707846478,17.65103504287438,20.597258,21.74667090470019,21.967802,22.255379
2025-08-30,20.0,19.0,17.78666666666667,18.9795,17.57048707846478,17.65103504287438,19.550276,19.85204726194546,19.409624,19.291824
2025-08-31,18.999999999999996,20.0,17.69777777777778,20.5795,17.57048707846478,17.65103504287438,19.61299,19.933869248630096,20.37819,19.618486
2025-09-01,21.999999999999996,19.0,17.59888888888889,21.679499,17.57048707846478,17.65103504287438,18.77296,19.181964980274593,19.680986,19.42724
2025-09-02,20.0,22.0,17.576666666666668,18.679499,17.57048707846478,17.65103504287438,19.751316,21.56941123169618,22.023312,21.793985
2025-09-03,18.999999999999996,20.0,17.45777777777778,17.9795,17.57048707846478,17.65103504287438,19.908268,20.63023470074853,20.309464,20.953789
2025-09-04,18.0,19.0,17.32111111111111,20.9795,17.57048707846478,17.65103504287438,19.450626,19.522814428274224,19.395767,19.565342
2025-09-05,18.999999999999996,18.0,17.227777777777774,21.8795,17.57048707846478,17.65103504287438,17.926014,18.489479632864597,18.533932,18.400434
2025-09-06,21.0,19.0,17.217777777777776,16.5795,17.57048707846478,17.65103504287438,18.73986,18.886279294131285,19.256142,19.233288
2025-09-07,18.0,21.0,17.154444444444444,20.5795,17.57048707846478,17.65103504287438,18.98174,20.147152688049104,20.669615,20.474058
2025-09-08,18.999999999999996,18.0,17.127777777777776,22.4795,17.57048707846478,17.65103504287438,18.780682,18.656868100110337,18.458796,18.978153
2025-09-09,21.0,19.0,17.262222222222224,22.179499,17.57048707846478,17.65103504287438,18.319384,19.013601507923667,19.087448,18.94976
2025-09-10,20.0,21.0,17.27,19.679499,17.57048707846478,17.65103504287438,19.299715,19.88303348026689,20.512232,20.21492
2025-09-11,16.000000000000004,20.0,17.17666666666667,16.679499,17.57048707846478,17.65103504287438,19.240198,19.3677263128559,19.800222,19.887976
2025-09-12,15.0,16.0,17.05111111111111,16.5795,17.57048707846478,17.65103504287438,17.305607,17.41334706283054,17.019455,17.287296
2025-09-13,16.000000000000004,15.0,16.964444444444442,17.7795,17.57048707846478,17.65103504287438,16.508497,16.53246747233443,16.244131,16.295559
2025-09-14,18.0,16.0,16.949999999999996,20.0795,16.933477470862574,16.939925578322526,15.948142,16.462859248391318,16.691893,16.526686
2025-09-15,17.0,18.0,17.071111111111108,20.179499,16.933477470862574,16.939925578322526,16.675173,17.72710151412285,18.021624,18.022297
2025-09-16,18.999999999999996,17.0,17.053333333333335,21.5795,16.933477470862574,16.939925578322526,16.726677,17.39795319782955,17.244957,17.685257
2025-09-17,17.0,19.0,16.894444444444446,19.4795,16.933477470862574,16.939925578322526,17.529419,18.307257288560564,18.468252,18.473433
2025-09-18,14.0,17.0,16.802222222222223,18.2795,16.933477470862574,16.939925578322526,16.605602,16.73845861354621,17.00444,17.059141
2025-09-19,16.000000000000004,14.0,16.737777777777776,17.5795,16.933477470862574,16.939925578322526,15.096438,14.978690884831156,14.988117,14.960562
2025-09-20,18.0,16.0,16.527777777777775,17.4795,16.933477470862574,16.939925578322526,15.315002,16.159774001335297,16.27106,16.008541
2025-09-21,17.0,18.0,16.236666666666665,17.4795,16.933477470862574,16.939925578322526,16.889526,17.234363042074815,17.719004,17.766886
2025-09-22,18.0,17.0,15.824444444444445,16.5795,16.933477470862574,16.939925578322526,16.269447,16.8791211561524,17.024931,17.321728
2025-09-23,17.0,18.0,15.272222222222224,17.3795,16.933477470862574,16.939925578322526,16.923466,17.694381119158038,17.705696,17.72784
2025-09-24,15.0,17.0,14.775555555555554,16.9795,16.933477470862574,16.939925578322526,16.633484,16.697889537119405,16.962757,17.042112
2025-09-25,14.0,15.0,14.458888888888891,16.3795,16.933477470862574,16.939925578322526,15.292932,15.382373150561154,15.589553,15.50017
2025-09-26,13.000000000000002,14.0,14.168888888888889,15.5795,16.933477470862574,16.939925578322526,14.53497,14.989771014374533,14.923399,14.897438
2025-09-27,13.000000000000002,13.0,14.033333333333333,14.0795,16.933477470862574,16.939925578322526,14.157746,14.240023738612765,14.134095,14.326344
2025-09-28,10.000000000000002,13.0,13.65111111111111,11.979501,16.933477470862574,16.939925578322526,13.474555,13.997567545584788,13.864505,14.015024
2025-09-29,9.0,10.0,13.318888888888887,14.479501,16.933477470862574,16.939925578322526,12.032201,12.095781635249478,11.728524,12.007944
2025-09-30,12.0,9.0,12.867777777777777,16.2295,16.933477470862574,16.939925578322526,10.909539,11.023010675777755,10.540013,10.815233
2025-10-01,13.000000000000002,12.0,12.494444444444442,14.929501,16.933477470862574,16.939925578322526,11.419479,12.189857649954252,11.941333,12.129406
2025-10-02,13.000000000000002,13.0,12.136666666666667,12.3795,16.933477470862574,16.939925578322526,12.171912,12.561684932312147,12.663999,13.003254
2025-10-03,12.0,13.0,11.91777777777778,10.729501,16.933477470862574,16.939925578322526,12.250462,12.739007454001763,12.703033,12.972712
2025-10-04,10.000000000000002,12.0,11.587777777777776,11.8295,16.933477470862574,16.939925578322526,11.6815195,12.09426208771668,12.065487,12.089918
2025-10-05,10.999999999999998,10.0,11.396666666666667,15.0795,16.933477470862574,16.939925578322526,10.799901,10.51608750184159,10.711809,10.613315
2025-10-06,12.0,11.0,11.30888888888889,11.0795,16.933477470862574,16.939925578322526,10.678455,11.064469145158274,11.185432,11.188626
2025-10-07,7.000000000000001,12.0,11.255555555555556,9.2795,16.933477470862574,16.939925578322526,11.42933,11.87938924065419,11.969028,12.0704155
2025-10-08,9.0,7.0,11.250000000000002,12.729501,16.933477470862574,16.939925578322526,9.422727,9.07601373350214,8.973315,9.089496
2025-10-09,10.999999999999998,9.0,11.185555555555554,14.5295,16.933477470862574,16.939925578322526,9.462351,10.020329626512092,9.448638,9.698773
2025-10-10,10.999999999999998,11.0,11.017777777777779,14.6295,16.933477470862574,16.939925578322526,10.135687,10.642491924747313,10.629526,10.82876
2025-10-11,15.0,11.0,10.783333333333331,15.5795,16.933477470862574,16.939925578322526,10.586723,10.630537924662466,10.796635,10.8878975
2025-10-12,15.0,15.0,10.472222222222221,14.479501,16.933477470862574,16.939925578322526,12.146475,13.429167188022712,13.398743,13.538362
2025-10-13,12.0,15.0,10.366666666666667,14.3795,16.933477470862574,16.939925578322526,12.801952,13.415653750298771,13.870365,13.880752
2025-10-14,12.0,12.0,10.215555555555556,14.7795,12.139589064748808,12.079180761070372,11.750451,11.671799914672983,12.111326,11.828899
2025-10-15,13.000000000000002,12.0,10.183333333333332,15.229501,12.139589064748808,12.079180761070372,11.650137,12.026355013759662,12.163733,11.893596
2025-10-16,12.0,13.0,10.346666666666666,12.979501,12.139589064748808,12.079180761070372,12.678219,12.563815522404134,12.946376,12.925826
2025-10-17,12.0,12.0,10.44111111111111,12.979501,12.139589064748808,12.079180761070372,11.775789,12.248058974965558,12.462904,12.59604
2025-10-18,14.0,12.0,10.323333333333332,12.479501,12.139589064748808,12.079180761070372,12.256345,12.670829935002883,12.432524,12.670783
2025-10-19,10.999999999999998,14.0,10.264444444444445,11.679501,12.139589064748808,12.079180761070372,13.145671,13.553513393106318,13.57798,13.76117
2025-10-20,8.0,11.0,10.152222222222221,12.8795,12.139589064748808,12.079180761070372,11.774331,11.54979568746415,11.731061,11.892571
2025-10-21,10.999999999999998,8.0,10.008888888888887,14.229501,12.139589064748808,12.079180761070372,10.025771,9.861504086059695,9.641372,9.754606
2025-10-22,10.000000000000002,11.0,9.934444444444443,15.0295,12.139589064748808,12.079180761070372,10.837952,11.296599877037416,11.027626,11.064615
2025-10-23,10.999999999999998,10.0,9.79,14.729501,12.139589064748808,12.079180761070372,10.344075,10.392177835597867,10.554331,10.759956
2025-10-24,10.999999999999998,11.0,9.54111111111111,15.5295,12.139589064748808,12.079180761070372,10.471297,11.242727307275329,11.016482,11.368247
2025-10-25,13.000000000000002,11.0,9.510000000000002,16.8795,12.139589064748808,12.079180761070372,10.585446,11.259908867814396,11.032033,11.13779
2025-10-26,17.0,13.0,9.395555555555555,16.179499,12.139589064748808,12.079180761070372,12.124411,11.957142204668244,12.168249,12.241318
2025-10-27,12.0,17.0,9.383333333333335,11.979501,12.139589064748808,12.079180761070372,13.410821,14.432737630244231,15.049081,14.973457
2025-10-28,5.999999999999999,12.0,9.282222222222222,9.6295,12.139589064748808,12.079180761070372,12.24192,12.087443441614909,12.401206,12.552186
2025-10-29,7.000000000000001,6.0,9.173333333333334,10.979501,12.139589064748808,12.079180761070372,9.227784,8.666990129849388,8.503602,8.269176
2025-10-30,10.999999999999998,7.0,9.002222222222223,13.3795,12.139589064748808,12.079180761070372,8.617207,8.73475413704787,8.384244,8.217776
2025-10-31,12.0,11.0,8.512222222222222,12.479501,12.139589064748808,12.079180761070372,10.080189,10.615269322790798,10.676943,10.271867
2025-11-01,8.0,12.0,8.103333333333333,11.8295,12.139589064748808,12.079180761070372,10.089702,11.811370955125604,11.680749,11.664961
2025-11-02,5.999999999999999,8.0,7.816666666666666,12.2795,12.139589064748808,12.079180761070372,9.499748,9.847488030073155,9.281412,9.393962
2025-11-03,10.000000000000002,6.0,7.543333333333332,11.3295,12.139589064748808,12.079180761070372,7.4899387,7.677975289916928,7.348508,7.0460253
2025-11-04,10.999999999999998,10.0,7.377777777777778,10.5295,12.139589064748808,12.079180761070372,9.025324,9.118289067151306,9.176751,9.27775
2025-11-05,7.000000000000001,11.0,7.13111111111111,11.6295,12.139589064748808,12.079180761070372,9.579716,10.042797818299618,10.380254,10.5381365
2025-11-06,7.000000000000001,7.0,6.953333333333331,11.2795,12.139589064748808,12.079180761070372,8.454881,8.476909077939537,8.299394,8.490013
2025-11-07,9.0,7.0,6.804444444444443,9.5295,12.139589064748808,12.079180761070372,7.735064,8.25209585464913,7.717311,7.6027203
2025-11-08,4.000000000000001,9.0,6.763333333333333,8.6295,12.139589064748808,12.079180761070372,8.647956,8.563587717126612,8.617269,8.789877
2025-11-09,10.000000000000002,4.0,6.434444444444445,8.929501,12.139589064748808,12.079180761070372,6.041894,5.694180300684622,6.0194397,5.9251676
2025-11-10,9.0,10.0,6.346666666666666,7.7794995,12.139589064748808,12.079180761070372,8.585195,9.62623056452287,8.800276,9.065366
2025-11-11,2.999999999999999,9.0,6.0088888888888885,8.479501,12.139589064748808,12.079180761070372,8.014095,8.75723270947805,8.818584,9.191077
2025-11-12,4.000000000000001,3.0,5.852222222222221,9.5295,12.139589064748808,12.079180761070372,5.88384,5.094812963852517,5.3169775,5.1997423
2025-11-13,5.0,4.0,5.606666666666667,9.679501,5.3354517513722115,5.452531837912268,4.8934045,5.643932800015061,4.9289155,4.855224
2025-11-14,5.0,5.0,5.4477777777777785,9.1295,5.3354517513722115,5.452531837912268,5.844154,5.51361518618972,5.340855,5.479855
2025-11-15,10.000000000000002,5.0,5.403333333333333,11.8795,5.3354517513722115,5.452531837912268,4.830085,5.4319306913182865,5.311281,5.230124
2025-11-16,8.0,10.0,5.37,12.8295,5.3354517513722115,5.452531837912268,7.093793,9.022568156858519,8.205028,8.661322
2025-11-17,8.0,8.0,5.382222222222222,12.929501,5.3354517513722115,5.452531837912268,7.001626,7.5512644219477965,7.6721096,7.729024
2025-11-18,8.0,8.0,5.428888888888888,10.0795,5.3354517513722115,5.452531837912268,7.5395503,7.378859879633417,7.5193486,7.4312534
2025-11-19,7.000000000000001,8.0,5.365555555555556,8.6295,5.3354517513722115,5.452531837912268,7.4243226,7.575464115418198,7.733207,7.436132
2025-11-20,2.999999999999999,7.0,5.276666666666666,7.4295,5.3354517513722115,5.452531837912268,7.6234026,7.022654102114832,7.3461223,7.3074756
2025-11-21,5.0,3.0,5.144444444444445,0.62950003,5.3354517513722115,5.452531837912268,5.1471925,5.00627363212247,5.080046,4.965952
2025-11-22,1.0000000000000004,5.0,5.07,0.22950003,5.3354517513722115,5.452531837912268,5.83759,6.209988025343805,5.5326405,5.970682
2025-11-23,1.0000000000000004,1.0,4.882222222222222,0.47950003,5.3354517513722115,5.452531837912268,3.5810406,3.347985427278088,3.3230348,3.3551738
2025-11-24,-3.0,1.0,4.897777777777777,3.1794999,5.3354517513722115,5.452531837912268,3.2333658,3.1463431391450665,2.4505193,2.5805328
2025-11-25,8.0,-3.0,4.766666666666666,6.5794997,5.3354517513722115,5.452531837912268,0.790322,0.3887039495312373,0.23834053,0.18462597
2025-11-26,4.000000000000001,8.0,4.6644444444444435,2.0295,5.3354517513722115,5.452531837912268,5.235726,6.111446005868127,4.453289,4.1834216
2025-11-27,2.999999999999999,4.0,4.413333333333333,1.2795,5.3354517513722115,5.452531837912268,2.6133482,3.7469977759776,4.00558,4.317432
2025-11-28,2.999999999999999,3.0,4.2011111111111115,0.72950006,5.3354517513722115,5.452531837912268,3.4729364,3.629164748066371,3.3197327,3.0033429
2025-11-29,2.999999999999999,3.0,4.087777777777777,3.2795,5.3354517513722115,5.452531837912268,2.9520462,3.222261463809407,3.0602956,3.116702
2025-11-30,-3.0,3.0,3.9588888888888882,3.2795,5.3354517513722115,5.452531837912268,3.982165,2.6802555262350136,3.0979714,2.8289447
2025-12-01,-1.9999999999999998,-3.0,3.802222222222222,5.0794997,5.3354517513722115,5.452531837912268,0.7451447,-0.4065514208627625,0.38140747,0.1778611
2025-12-02,-1.9999999999999998,-2.0,3.851111111111111,4.2795,5.3354517513722115,5.452531837912268,0.8288693,0.608355816141819,-0.106285214,0.2869587
2025-12-03,0.0,-2.0,3.7744444444444443,5.4795,5.3354517513722115,5.452531837912268,-0.34956303,-0.3606731551203772,-0.44790208,-0.7179029
2025-12-04,4.000000000000001,0.0,3.6688888888888886,5.0794997,5.3354517513722115,5.452531837912268,0.7087345,0.5858945284302317,0.26121822,-0.122594625
2025-12-05,5.999999999999999,4.0,3.6255555555555556,3.9794998,5.3354517513722115,5.452531837912268,1.2767631,3.0897985562766275,2.3369038,2.5995185
2025-12-06,5.0,6.0,3.598888888888889,2.7795,5.3354517513722115,5.452531837912268,3.7832758,4.179196748554013,4.0438457,4.2756405
2025-12-07,5.0,5.0,3.598888888888889,6.2795,5.3354517513722115,5.452531837912268,3.878165,3.6205222952102227,4.091581,4.0411377
2025-12-08,1.0000000000000004,5.0,3.64,6.5295,5.3354517513722115,5.452531837912268,4.6982975,4.0061715634283255,4.2703137,4.210316
2025-12-09,4.000000000000001,1.0,3.438888888888889,8.0295,5.3354517513722115,5.452531837912268,2.746428,1.801343148064985,2.534282,2.3463495
2025-12-10,0.0,4.0,3.358888888888889,7.4295,5.3354517513722115,5.452531837912268,3.6717312,3.8644471755082477,3.5369482,3.9013832
2025-12-11,1.9999999999999998,0.0,3.35,6.1295,5.3354517513722115,5.452531837912268,1.9470598,1.8614897044357415,2.0396535,1.9762337
2025-12-12,1.9999999999999998,2.0,3.293333333333334,5.3795,5.3354517513722115,5.452531837912268,3.0180097,3.0565572762803366,2.344592,2.2706594
2025-12-13,8.0,2.0,3.3344444444444448,6.3294997,2.0619370380717066,2.1715267854381928,2.0772192,2.809119148452562,2.3967586,2.5478847
2025-12-14,5.999999999999999,8.0,3.35,6.1295,2.0619370380717066,2.1715267854381928,5.903039,6.071198235009519,5.352574,5.472435
2025-12-15,10.000000000000002,6.0,3.3722222222222227,7.0295,2.0619370380717066,2.1715267854381928,4.5468154,5.1362418540105566,5.3194776,5.535684
2025-12-16,7.000000000000001,10.0,3.4266666666666663,6.5794997,2.0619370380717066,2.1715267854381928,7.7175484,7.909656916329196,7.723194,7.4258223
2025-12-17,5.999999999999999,7.0,3.0711111111111107,6.2295,2.0619370380717066,2.1715267854381928,6.398582,6.172744065262348,6.7895145,6.5068617
2025-12-18,9.0,6.0,2.924444444444444,7.8795,2.0619370380717066,2.1715267854381928,6.729505,5.916054074953938,6.2727594,5.989898
2025-12-19,9.0,9.0,2.784444444444444,7.3795,2.0619370380717066,2.1715267854381928,7.143655,8.02396442248061,8.018038,8.0171795
2025-12-20,9.0,9.0,2.6222222222222222,7.2795,2.0619370380717066,2.1715267854381928,8.771164,8.431332175497026,8.669013,8.8986225
2025-12-21,5.999999999999999,9.0,2.5055555555555555,6.4795,2.0619370380717066,2.1715267854381928,8.026352,8.79029240479024,8.770882,9.09839
2025-12-22,4.000000000000001,6.0,2.298888888888889,3.3795,2.0619370380717066,2.1715267854381928,7.241093,7.267362051435161,7.1531982,7.026942
2025-12-23,1.0000000000000004,4.0,2.1622222222222223,1.4795,2.0619370380717066,2.1715267854381928,5.792974,5.53853087070781,5.5162992,5.49546
2025-12-24,1.9999999999999998,1.0,2.04,0.57949996,2.0619370380717066,2.1715267854381928,3.7301648,3.5278611033321976,3.45138,3.3826976
2025-12-25,7.000000000000001,2.0,1.9058823529411764,3.1794999,2.0619370380717066,2.1715267854381928,3.8447824,3.957074117885666,3.2423968,3.444541
2025-12-26,4.000000000000001,7.0,1.6752941176470588,3.5295,2.0619370380717066,2.1715267854381928,5.2910767,6.623358057762938,5.6555586,6.109283
2025-12-27,2.999999999999999,4.0,1.5458823529411765,1.7795001,2.0619370380717066,2.1715267854381928,4.5101023,4.836487283309604,4.6496267,4.8488064
2025-12-28,-1.0000000000000004,3.0,1.38,2.8295,2.0619370380717066,2.1715267854381928,3.7913811,4.084751142456174,3.6159549,3.8873646
2025-12-29,1.9999999999999998,-1.0,1.0141176470588233,4.9295,2.0619370380717066,2.1715267854381928,1.5678118,1.1264837411438415,1.3895319,1.2504996
2025-12-30,-1.9999999999999998,2.0,0.9929411764705883,2.7294998,2.0619370380717066,2.1715267854381928,2.623822,2.2806101727673376,2.0089514,1.8163362
2025-12-31,1.9999999999999998,-2.0,0.9588235294117645,3.1794999,2.0619370380717066,2.1715267854381928,0.40712547,0.18538532165539517,0.5238104,0.051829394
2026-01-01,1.0000000000000004,2.0,0.9282352941176472,2.8795,2.0619370380717066,2.1715267854381928,2.2908573,2.6951943291592597,1.6781611,1.5620998
2026-01-02,2.999999999999999,1.0,0.9658823529411764,2.6295,2.0619370380717066,2.1715267854381928,1.0348318,1.6819547023364445,1.5697669,1.6405514
2026-01-03,9.0,3.0,1.1658823529411766,5.0295,2.0619370380717066,2.1715267854381928,2.8020875,2.5934527711478945,2.3834076,2.2244725
2026-01-04,10.000000000000002,9.0,1.1776470588235293,6.8795,2.0619370380717066,2.1715267854381928,5.3491964,6.171226856953167,5.631816,6.2191033
2026-01-05,8.0,10.0,1.2658823529411765,5.9295,2.0619370380717066,2.1715267854381928,7.243029,7.2197605929456685,7.62345,7.524772
2026-01-06,5.0,8.0,1.2423529411764704,2.6794999,2.0619370380717066,2.1715267854381928,6.9283595,6.640973992296073,7.1715627,6.9575324
2026-01-07,1.0000000000000004,5.0,1.3294117647058823,0.3295,2.0619370380717066,2.1715267854381928,5.8375273,5.391435650490173,5.7389517,5.1075315
2026-01-08,1.0000000000000004,1.0,1.3566666666666667,-1.3705,2.0619370380717066,2.1715267854381928,3.653588,2.7970798998528106,3.323173,3.13819
2026-01-09,-3.0,1.0,1.4822222222222219,3.6795,2.0619370380717066,2.1715267854381928,2.930983,2.9349403489361503,2.6777399,2.5796003
2026-01-10,4.000000000000001,-3.0,1.598888888888889,2.8795,2.0619370380717066,2.1715267854381928,1.2015034,0.7599206923448898,0.52481145,0.6764488
2026-01-11,1.9999999999999998,4.0,1.6377777777777778,1.5795001,2.0619370380717066,2.1715267854381928,2.9153006,4.458027559044034,2.7555737,2.7327814
2026-01-12,0.0,2.0,1.698888888888889,0.5295,2.4508151528632256,2.4353393208073335,1.9652623,2.834662415788456,2.5277374,2.707213
2026-01-13,-3.0,0.0,1.5977777777777775,1.6795,2.4508151528632256,2.4353393208073335,1.6528846,1.3750002670688655,1.350375,1.3144957
2026-01-14,-1.9999999999999998,-3.0,1.5299999999999998,3.4294999,2.4508151528632256,2.4353393208073335,-0.17726758,-0.8430189287468927,-0.44837174,-0.32928807
2026-01-15,0.0,-2.0,1.4544444444444444,4.5794997,2.4508151528632256,2.4353393208073335,0.4147639,-0.9870667104710968,-0.69449604,-0.7633358
2026-01-16,5.999999999999999,0.0,1.4277777777777778,4.4295,2.4508151528632256,2.4353393208073335,-0.3000702,0.09280593577671051,0.13000695,-0.12728432
2026-01-17,0.0,6.0,1.27,2.8795,2.4508151528632256,2.4353393208073335,2.8949687,4.265150644817856,3.3479528,3.6627338
2026-01-18,2.999999999999999,0.0,1.021111111111111,4.1795,2.4508151528632256,2.4353393208073335,0.8756965,0.87843151415916,1.6012588,1.6911494
2026-01-19,5.999999999999999,3.0,0.9588888888888887,4.8795,2.4508151528632256,2.4353393208073335,2.4054809,2.492306080537339,2.2530198,2.1864395
2026-01-20,5.999999999999999,6.0,0.721111111111111,4.0295,2.4508151528632256,2.4353393208073335,4.390822,3.923856010292091,4.0852866,4.6498446
2026-01-21,5.0,6.0,0.6266666666666667,5.0295,2.4508151528632256,2.4353393208073335,5.431749,4.421800988359924,4.897909,4.973593
2026-01-22,2.999999999999999,5.0,0.4855555555555556,3.4794998,2.4508151528632256,2.4353393208073335,4.7380652,4.898598335670017,4.830159,4.968905
2026-01-23,4.000000000000001,3.0,0.3655555555555555,1.8295001,2.4508151528632256,2.4353393208073335,4.152621,3.8744734238224434,3.8485281,3.7861376
2026-01-24,4.000000000000001,4.0,0.2822222222222223,2.9794998,2.4508151528632256,2.4353393208073335,4.0452356,3.9307098789147075,3.951171,4.297981
2026-01-25,1.0000000000000004,4.0,0.2422222222222222,1.0295,2.4508151528632256,2.4353393208073335,4.0110683,4.3206597788630505,4.214098,4.5375695
2026-01-26,5.0,1.0,0.43666666666666665,2.1295,2.4508151528632256,2.4353393208073335,3.0805564,2.848506379045058,2.689517,2.99694
2026-01-27,7.000000000000001,5.0,0.611111111111111,3.0795,2.4508151528632256,2.4353393208073335,4.3258495,5.002256894753999,4.1023016,4.8477592
2026-01-28,9.0,7.0,0.5088888888888888,6.7295,2.4508151528632256,2.4353393208073335,5.5361166,5.878377435868946,5.667503,6.4275494
2026-01-29,8.0,9.0,0.4755555555555555,4.5794997,2.4508151528632256,2.4353393208073335,7.1328425,7.3077845014538,7.2978168,7.453136
2026-01-30,8.0,8.0,0.5766666666666668,8.3795,2.4508151528632256,2.4353393208073335,6.6516094,7.24969162306697,7.330058,7.3644238
2026-01-31,5.999999999999999,8.0,0.5866666666666666,3.1794999,2.4508151528632256,2.4353393208073335,7.6356325,7.212452270103093,7.45821,7.139719
2026-02-01,5.0,6.0,0.6577777777777777,3.6795,2.4508151528632256,2.4353393208073335,6.361249,6.05702209148592,6.5077715,6.3425474
2026-02-02,0.0,5.0,0.7444444444444445,3.4294999,2.4508151528632256,2.4353393208073335,6.014933,5.888182139384786,5.9239492,6.0732174
2026-02-03,10.000000000000002,0.0,0.82,5.3294997,2.4508151528632256,2.4353393208073335,3.5172098,3.0478666843710367,3.057088,3.0097888
2026-02-04,5.0,10.0,0.9922222222222222,2.9794998,2.4508151528632256,2.4353393208073335,7.5828986,8.653251159067368,7.46847,7.4706
2026-02-05,10.999999999999998,5.0,1.0133333333333334,8.7795,2.4508151528632256,2.4353393208073335,4.9708834,5.6483682208408235,5.906085,6.3945932
2026-02-06,8.0,11.0,1.1511111111111112,9.8295,2.4508151528632256,2.4353393208073335,8.655529,9.467440953422411,8.806798,8.031437
2026-02-07,4.000000000000001,8.0,1.1844444444444446,5.5295,2.4508151528632256,2.4353393208073335,6.6386256,7.654659491310271,7.8448305,7.7894673
2026-02-08,1.9999999999999998,4.0,1.0888888888888888,3.4294999,2.4508151528632256,2.4353393208073335,6.2361183,4.974363183543038,5.465486,5.054611
2026-02-09,5.0,2.0,1.0244444444444445,3.2294998,2.4508151528632256,2.4353393208073335,4.110636,3.849677825253205,3.8125162,3.6672146
2026-02-10,7.599999999999999,5.0,0.82,5.4795,2.4508151528632256,2.4353393208073335,6.0427513,5.64105894165374,5.121496,5.0929513
2026-02-11,5.499999999999998,7.6,0.7455555555555555,9.979501,6.994287797595113,6.716443095233947,5.7954955,7.0145007152732335,6.7057776,6.5969567
2026-02-12,9.2,5.5,0.8111111111111111,6.2795,6.994287797595113,6.716443095233947,5.8901587,6.4384352985027435,6.0378075,6.2316756
2026-02-13,7.000000000000001,9.2,0.8355555555555556,5.2295,6.994287797595113,6.716443095233947,7.5545616,8.223276089206932,7.6853833,7.9041862
2026-02-14,5.999999999999999,7.0,0.7211111111111111,3.2795,6.994287797595113,6.716443095233947,6.707871,6.477801824094676,6.9234776,6.85475
2026-02-15,5.0,6.0,0.7844444444444444,2.1295,6.994287797595113,6.716443095233947,6.353822,6.076356173540726,6.318282,6.2965965
2026-02-16,2.999999999999999,5.0,1.0588888888888888,3.1295,6.994287797595113,6.716443095233947,5.402812,5.882168747676347,5.7754636,5.606601
2026-02-17,9.0,3.0,1.2577777777777777,7.0295,6.994287797595113,6.716443095233947,4.883214,4.559504144597021,4.519786,4.644038
2026-02-18,4.000000000000001,9.0,1.2477777777777779,6.3294997,6.994287797595113,6.716443095233947,6.90873,7.975719991229353,7.3547354,7.905906
2026-02-19,5.0,4.0,1.1844444444444444,3.9295,6.994287797595113,6.716443095233947,5.2613854,5.304600561848282,5.4241066,5.68347
2026-02-20,2.999999999999999,5.0,1.2555555555555553,1.9794999,6.994287797595113,6.716443095233947,5.6019845,5.774391507624206,5.222514,5.0934873
2026-02-21,5.0,3.0,1.2422222222222221,1.8295001,6.994287797595113,6.716443095233947,3.7643812,4.231684784371678,4.0850363,3.9454644
2026-02-22,1.9999999999999998,5.0,1.4033333333333335,3.7294998,6.994287797595113,6.716443095233947,5.612228,4.957679673888724,4.7590327,4.452565
2026-02-23,-1.9999999999999998,2.0,1.6322222222222222,5.4795,6.994287797595113,6.716443095233947,3.2022905,3.435120525010829,3.3896344,3.1378977
2026-02-24,1.9999999999999998,-2.0,1.7688888888888887,6.9795,6.994287797595113,6.716443095233947,2.1098528,1.1761700044328032,1.0246845,1.3101959
2026-02-25,3.5,2.0,1.918888888888889,7.6795,6.994287797595113,6.716443095233947,2.1652672,2.711205523911219,1.842599,2.2665045
2026-02-26,3.100000000000001,3.5,2.0533333333333337,7.2795,6.994287797595113,6.716443095233947,3.202985,3.288015462935318,2.9655042,3.2822917
2026-02-27,1.9999999999999998,3.1,2.22,7.8795,6.994287797595113,6.716443095233947,2.807658,3.299333220142982,3.0658133,3.146138
2026-02-28,4.000000000000001,2.0,2.3211111111111107,8.979501,6.994287797595113,6.716443095233947,2.3526874,2.845300620594297,2.5443828,2.6712964
2026-03-01,4.000000000000001,4.0,2.5577777777777775,7.2295,6.994287797595113,6.716443095233947,3.677358,3.370195392868065,3.2487638,3.588638
2026-03-02,5.999999999999999,4.0,2.8,7.3795,6.994287797595113,6.716443095233947,3.564755,3.311173541106778,3.5825765,3.990284
2026-03-03,13.000000000000002,6.0,2.6966666666666663,9.2795,6.994287797595113,6.716443095233947,4.9291706,5.161344225422077,4.9012,5.5000777
2026-03-04,10.999999999999998,13.0,2.7111111111111112,9.1295,6.994287797595113,6.716443095233947,8.87388,9.618920845134225,9.425391,9.825942
2026-03-05,12.0,11.0,2.85,8.2795,6.994287797595113,6.716443095233947,8.674595,8.878664968838676,9.58728,9.369559
2026-03-06,5.0,12.0,2.938888888888889,6.2295,6.994287797595113,6.716443095233947,9.910635,10.12767595325727,10.50634,10.048236
2026-03-07,4.000000000000001,5.0,3.152222222222223,5.5295,6.994287797595113,6.716443095233947,7.007082,6.323866906194247,6.901912,6.14687
2026-03-08,2.999999999999999,4.0,3.347777777777778,6.8795,6.994287797595113,6.716443095233947,6.384195,5.5450235589601435,5.6747284,5.6215196
2026-03-09,2.999999999999999,3.0,3.3744444444444444,6.3294997,6.994287797595113,6.716443095233947,4.4915433,5.085650397790398,4.885443,4.4639626
2026-03-10,6.4,3.0,3.6355555555555554,5.4295,6.994287797595113,6.716443095233947,5.340764,5.2036069539420975,4.549488,4.173613
2026-03-11,8.0,6.4,3.776666666666667,5.8795,6.994287797595113,6.716443095233947,5.2863812,6.952862144219783,5.8943305,6.1656303
2026-03-12,2.999999999999999,8.0,3.9811111111111113,4.9295,6.994287797595113,6.716443095233947,6.302779,7.560416880232914,7.0348887,7.4912105
2026-03-13,5.999999999999999,3.0,4.176666666666667,5.2795,4.299845439973025,4.115575000859316,4.520456,4.200784311103966,4.3968563,4.2776
2026-03-14,1.0000000000000004,6.0,4.2299999999999995,5.0295,4.299845439973025,4.115575000859316,5.53472,5.792859489517831,5.3131633,5.481705
2026-03-15,1.9999999999999998,1.0,4.366666666666666,1.3795,4.299845439973025,4.115575000859316,2.8276303,2.5154001683469582,3.0343473,3.036464
2026-03-16,1.9999999999999998,2.0,4.403333333333332,0.27949998,4.299845439973025,4.115575000859316,3.3054457,3.1994893323425666,2.7992077,2.620648
2026-03-17,5.999999999999999,2.0,4.273333333333333,3.3795,4.299845439973025,4.115575000859316,2.6422021,3.3766776663601643,2.7521155,2.738852
2026-03-18,0.0,6.0,4.294444444444444,2.8795,4.299845439973025,4.115575000859316,5.3319016,5.397919115467114,4.66316,4.6237803
2026-03-19,1.9999999999999998,0.0,4.34,7.5794997,4.299845439973025,4.115575000859316,2.1082876,1.8337621446694197,2.167148,2.0722566
2026-03-20,8.0,2.0,4.396666666666666,7.6795,4.299845439973025,4.115575000859316,2.830648,2.927021775541034,2.265817,2.386604
2026-03-21,8.0,8.0,4.51,7.3795,4.299845439973025,4.115575000859316,5.2844014,5.7996778483819424,5.2813206,6.010004
2026-03-22,7.000000000000001,8.0,4.5488888888888885,7.1795,4.299845439973025,4.115575000859316,6.470624,6.199548738767235,6.5692196,6.7852364
2026-03-23,8.0,7.0,4.738888888888889,5.7795,4.299845439973025,4.115575000859316,6.184928,6.539835207158724,6.4666047,6.679452
2026-03-24,4.000000000000001,8.0,4.974444444444444,3.1794999,4.299845439973025,4.115575000859316,7.085594,7.209221466297656,7.163962,6.929149
2026-03-25,2.999999999999999,4.0,5.1177777777777775,1.6795,4.299845439973025,4.115575000859316,5.385126,4.391335943701123,5.1537013,4.867198
2026-03-26,4.000000000000001,3.0,5.393333333333333,2.3795,4.299845439973025,4.115575000859316,4.181102,4.3311287245219505,4.291105,4.4665356
2026-03-27,2.999999999999999,4.0,5.51,0.87950003,4.299845439973025,4.115575000859316,4.5653596,5.142253500169808,4.622974,4.8640566
2026-03-28,1.0000000000000004,3.0,5.586666666666667,-0.020500004,4.299845439973025,4.115575000859316,4.2956057,4.279420314609915,3.995131,4.1937604
2026-03-29,5.0,1.0,5.754444444444444,3.5795,4.299845439973025,4.115575000859316,3.0646067,3.0574882299617894,2.5854876,2.872871
2026-03-30,5.0,5.0,5.678888888888888,3.5795,4.299845439973025,4.115575000859316,4.3389273,5.027431299938312,4.060091,4.86677
2026-03-31,1.9999999999999998,5.0,5.6466666666666665,2.0295,4.299845439973025,4.115575000859316,4.3944173,4.552436591425057,4.4706736,5.0837436
2026-04-01,1.0000000000000004,2.0,5.698888888888889,0.57949996,4.299845439973025,4.115575000859316,3.0856159,3.0357348659207313,3.0859406,3.2676675
2026-04-02,2.999999999999999,1.0,5.85,0.3795,4.299845439973025,4.115575000859316,2.1165817,2.436207483874683,2.1717288,2.2869463
2026-04-03,4.000000000000001,3.0,5.911111111111111,2.9794998,4.299845439973025,4.115575000859316,3.2745368,3.042937657677531,2.800037,3.1175761
2026-04-04,5.999999999999999,4.0,5.986666666666666,3.7795,4.299845439973025,4.115575000859316,3.39396,3.680796538950888,3.546224,3.8588085
2026-04-05,1.9999999999999998,6.0,6.163333333333332,2.7795,4.299845439973025,4.115575000859316,4.7459817,5.454847321931358,4.913377,5.3931227
2026-04-06,2.999999999999999,2.0,6.295555555555555,6.4795,4.299845439973025,4.115575000859316,3.2016199,3.1023975121545204,3.1920674,3.25685
2026-04-07,5.0,3.0,6.2733333333333325,8.8795,4.299845439973025,4.115575000859316,3.3673859,3.3140853018054837,3.0916302,3.3552246
2026-04-08,5.0,5.0,6.430000000000001,9.179501,4.299845439973025,4.115575000859316,4.097843,4.346504572098707,4.1875677,4.5521836
2026-04-09,5.0,5.0,6.443333333333333,9.679501,4.299845439973025,4.115575000859316,4.8744392,4.68605583959159,4.688281,5.0039525
2026-04-10,5.999999999999999,5.0,6.434444444444443,11.3795,4.299845439973025,4.115575000859316,4.520379,5.159134276513193,4.8407707,5.2284455
2026-04-11,9.0,6.0,6.375555555555555,13.679501,4.299845439973025,4.115575000859316,5.556373,5.695797212437408,5.4425216,5.697756
2026-04-12,12.0,9.0,6.364444444444444,10.179501,7.155959940088133,7.161193690647802,7.372918,7.225257707235774,7.2960997,7.7131057
2026-04-13,8.0,12.0,6.677777777777776,8.479501,7.155959940088133,7.161193690647802,9.272293,9.533564700383375,9.822761,10.005779
2026-04-14,7.099999999999998,8.0,6.9722222222222205,4.6795,7.155959940088133,7.161193690647802,7.8072658,7.835591705034291,8.241252,8.1001
2026-04-15,7.000000000000001,7.1,7.265555555555555,4.7795,7.155959940088133,7.161193690647802,7.457449,7.466827970066207,7.4965057,7.1822486
2026-04-16,8.0,7.0,7.521111111111112,6.6795,7.155959940088133,7.161193690647802,7.343899,7.20714058593732,7.39246,7.1481824
2026-04-17,5.999999999999999,8.0,7.696666666666667,6.0794997,7.155959940088133,7.161193690647802,7.8746705,7.923899015035265,8.041843,8.097599
2026-04-18,4.000000000000001,6.0,7.805555555555555,7.3795,7.155959940088133,7.161193690647802,6.916506,7.287033642391596,7.075345,7.2187366
2026-04-19,8.0,4.0,8.005555555555556,9.5795,7.155959940088133,7.161193690647802,6.0440636,6.03254543612547,5.5799384,5.652741
2026-04-20,10.000000000000002,8.0,8.271111111111113,12.179501,7.155959940088133,7.161193690647802,7.193559,7.677776183542174,7.1666427,7.595585
2026-04-21,12.0,10.0,8.405555555555557,13.479501,7.155959940088133,7.161193690647802,8.489431,8.737340523813431,8.805327,9.319695
2026-04-22,10.999999999999998,12.0,8.631111111111112,14.8795,7.155959940088133,7.161193690647802,9.79424,10.387804187233954,10.456972,10.497615
2026-04-23,9.0,11.0,8.806666666666667,12.679501,7.155959940088133,7.161193690647802,9.395217,10.16455427279402,10.312736,10.308552
2026-04-24,10.999999999999998,9.0,8.926666666666668,11.679501,7.155959940088133,7.161193690647802,9.215561,8.824430182469804,9.193081,8.757597
2026-04-25,10.999999999999998,11.0,8.943333333333333,12.2795,7.155959940088133,7.161193690647802,9.707333,10.031800209687205,10.369496,10.27622
2026-04-26,8.0,11.0,9.158888888888889,12.5795,7.155959940088133,7.161193690647802,10.450167,10.500555568945906,10.857067,10.936745
2026-04-27,13.000000000000002,8.0,9.264444444444445,12.2795,7.155959940088133,7.161193690647802,9.25892,9.187502991457233,9.181105,9.328388
2026-04-28,13.000000000000002,13.0,9.182222222222224,13.0795,7.155959940088133,7.161193690647802,11.535368,12.173317709820546,11.883639,12.076404
2026-04-29,14.0,13.0,9.318888888888889,14.5795,7.155959940088133,7.161193690647802,11.803962,11.921609562705246,12.337595,12.602273
2026-04-30,10.000000000000002,14.0,9.562222222222221,15.479501,7.155959940088133,7.161193690647802,12.3762245,12.81973387496069,13.12686,13.106411
2026-05-01,13.000000000000002,10.0,9.682222222222224,12.179501,7.155959940088133,7.161193690647802,10.676366,10.8823466773652,10.875006,10.693902
2026-05-02,9.0,13.0,9.823333333333334,8.8795,7.155959940088133,7.161193690647802,12.634515,12.29456096078028,12.458041,12.391287
2026-05-03,11.600000000000001,9.0,10.026666666666666,10.679501,7.155959940088133,7.161193690647802,9.750654,9.887790108285373,10.253227,9.92838
2026-05-04,10.999999999999998,11.6,10.209999999999999,12.979501,7.155959940088133,7.161193690647802,11.549628,11.826781113475533,11.6154995,11.536766
2026-05-05,13.000000000000002,11.0,10.176666666666666,14.5795,7.155959940088133,7.161193690647802,10.655499,11.440997339480028,11.34712,11.33388
2026-05-06,13.000000000000002,13.0,10.18888888888889,13.179501,7.155959940088133,7.161193690647802,12.592852,12.448408562886351,12.491645,12.442781
2026-05-07,8.0,13.0,10.345555555555556,12.0795,7.155959940088133,7.161193690647802,11.637935,12.445751557988173,12.592469,12.58618
2026-05-08,12.0,8.0,10.421111111111111,13.3795,7.155959940088133,7.161193690647802,10.193276,9.605732673148873,9.621142,9.552833
2026-05-09,16.000000000000004,12.0,10.556666666666667,15.3795,7.155959940088133,7.161193690647802,10.937924,11.595289407108964,11.466958,11.478614
2026-05-10,14.0,16.0,10.873333333333333,12.3795,7.155959940088133,7.161193690647802,13.534649,13.959892157060631,14.502547,14.553111
2026-05-11,15.0,14.0,11.107777777777777,16.179499,7.155959940088133,7.161193690647802,12.960168,13.273521011098035,13.657941,13.754759
2026-05-12,12.0,15.0,11.353333333333333,16.2795,13.85232432779139,13.88562123576754,13.366079,14.451726598684708,14.363412,14.396857
2026-05-13,13.000000000000002,12.0,11.411111111111111,12.179501,13.85232432779139,13.88562123576754,12.461897,12.292848171522316,12.542527,12.375815
2026-05-14,8.0,13.0,11.352222222222222,10.479501,13.85232432779139,13.88562123576754,12.424803,12.584235727584236,13.0197115,12.844389
2026-05-15,15.0,8.0,11.241111111111111,13.679501,13.85232432779139,13.88562123576754,10.248461,10.169302199931309,10.134573,9.891443
2026-05-16,13.000000000000002,15.0,11.362222222222222,11.7795,13.85232432779139,13.88562123576754,13.462987,14.254257468153066,14.03396,13.749979
2026-05-17,9.0,13.0,11.545555555555557,6.5794997,13.85232432779139,13.88562123576754,12.148844,12.920447812634855,13.117899,13.320876
2026-05-18,7.000000000000001,9.0,11.727777777777778,10.5795,13.85232432779139,13.88562123576754,11.325436,10.72227613871737,10.4701395,10.518817
2026-05-19,7.000000000000001,7.0,11.776666666666667,10.7795,13.85232432779139,13.88562123576754,8.778897,9.166546359370175,8.681572,8.3049755
2026-05-20,9.0,7.0,12.001111111111113,12.679501,13.85232432779139,13.88562123576754,8.835501,8.319895813779238,8.232356,8.326373
2026-05-21,9.0,9.0,12.225555555555555,12.7795,13.85232432779139,13.88562123576754,8.124388,9.256937874328644,9.122085,9.110495
2026-05-22,9.0,9.0,12.28111111111111,11.679501,13.85232432779139,13.88562123576754,8.850254,9.807822398164243,9.346172,9.808733
2026-05-23,10.000000000000002,9.0,12.415555555555555,12.2795,13.85232432779139,13.88562123576754,8.941212,9.443611419478195,9.084557,9.229069
2026-05-24,9.0,10.0,12.473333333333333,12.8795,13.85232432779139,13.88562123576754,9.317507,9.546143373760579,9.5072975,9.6335
2026-05-25,10.999999999999998,9.0,12.53888888888889,13.0795,13.85232432779139,13.88562123576754,9.003575,8.81594073769834,9.066981,9.074689
2026-05-26,12.0,11.0,12.617777777777778,13.7795,13.85232432779139,13.88562123576754,9.883145,10.206382330981004,10.288844,10.513907
2026-05-27,13.000000000000002,12.0,12.78888888888889,14.479501,13.85232432779139,13.88562123576754,10.831465,11.06036520041716,11.273497,11.466102
2026-05-28,12.0,13.0,13.076666666666664,16.3795,13.85232432779139,13.88562123576754,11.874419,11.855655646306344,12.154488,12.246691
2026-05-29,16.000000000000004,12.0,13.493333333333334,16.5795,13.85232432779139,13.88562123576754,11.301933,11.565998814731973,11.792382,11.810424
2026-05-30,15.0,16.0,13.896666666666667,16.7795,13.85232432779139,13.88562123576754,13.77945,14.03646107152274,14.473859,14.393833
2026-05-31,13.000000000000002,15.0,14.120000000000003,15.5795,13.85232432779139,13.88562123576754,13.396087,13.687815547823762,14.320519,14.332966
2026-06-01,14.0,13.0,14.351111111111113,16.3795,13.85232432779139,13.88562123576754,13.0406475,13.054264332724728,13.247055,13.198082
2026-06-02,12.0,14.0,14.632222222222222,16.8795,13.85232432779139,13.88562123576754,13.213625,13.78053358139245,13.90038,13.674987
2026-06-03,18.0,12.0,14.857777777777779,19.679499,13.85232432779139,13.88562123576754,12.877808,12.46015227361147,12.740189,12.81947
2026-06-04,15.0,18.0,14.885555555555555,16.9795,13.85232432779139,13.88562123576754,14.915544,16.157757853461984,16.61935,16.47313
2026-06-05,17.0,15.0,15.00222222222222,18.5795,13.85232432779139,13.88562123576754,14.4501095,14.878847808163636,15.043967,15.5892315
2026-06-06,16.000000000000004,17.0,15.155555555555553,19.4795,13.85232432779139,13.88562123576754,15.765242,16.097234979893848,16.297386,16.188282
2026-06-07,18.999999999999996,16.0,15.334444444444443,20.2795,13.85232432779139,13.88562123576754,14.747011,15.45363795444102,15.759128,15.486096
2026-06-08,18.0,19.0,15.515555555555554,17.2795,13.85232432779139,13.88562123576754,17.306816,17.196491495991058,17.9962,17.756287
2026-06-09,14.0,18.0,15.666666666666666,18.679499,13.85232432779139,13.88562123576754,15.866015,17.05350424589418,17.54452,17.413498
2026-06-10,20.0,14.0,15.777777777777775,18.3795,13.85232432779139,13.88562123576754,15.636387,15.207823225245479,15.022725,15.285408
2026-06-11,17.0,20.0,15.922222222222222,16.179499,17.841095192046527,18.033814386382872,17.279236,18.43709431526713,19.018986,18.466148
2026-06-12,14.0,17.0,16.16111111111111,14.679501,17.841095192046527,18.033814386382872,16.917643,16.719099473873428,17.131262,17.53316
2026-06-13,10.999999999999998,14.0,16.46,16.2795,17.841095192046527,18.033814386382872,15.120161,15.306317614988718,15.074123,15.338821
2026-06-14,17.0,11.0,16.765555555555558,19.8795,17.841095192046527,18.033814386382872,13.393089,13.518279432194351,12.926769,12.731517
2026-06-15,18.0,17.0,16.997777777777777,18.179499,17.841095192046527,18.033814386382872,16.067501,16.110771529935693,16.482143,16.25552
2026-06-16,17.0,18.0,17.164444444444445,18.0795,17.841095192046527,18.033814386382872,15.126528,16.750600614933774,17.345114,17.26713
2026-06-17,17.0,17.0,17.256666666666664,19.9795,17.841095192046527,18.033814386382872,16.218277,16.973648862361973,16.817846,16.978783
2026-06-18,18.0,17.0,17.457777777777775,21.5795,17.841095192046527,18.033814386382872,15.685908,16.675330107213526,16.663677,16.473148
2026-06-19,18.999999999999996,18.0,17.82777777777778,21.2795,17.841095192046527,18.033814386382872,16.930565,16.68639605747439,17.393457,17.137756
2026-06-20,18.999999999999996,19.0,18.172222222222224,21.2795,17.841095192046527,18.033814386382872,16.558645,17.508017090611123,18.322422,18.018545
2026-06-21,18.999999999999996,19.0,18.48111111111111,20.9795,17.841095192046527,18.033814386382872,17.68365,18.334319150457823,18.662285,18.637962
2026-06-22,20.0,19.0,18.69222222222222,21.8795,17.841095192046527,18.033814386382872,18.030743,18.478544523450353,18.7475,18.662025
2026-06-23,18.999999999999996,20.0,19.108888888888888,21.5795,17.841095192046527,18.033814386382872,18.540323,19.014595463618935,19.531866,19.223568
2026-06-24,17.0,19.0,19.403333333333336,20.3795,17.841095192046527,18.033814386382872,18.201864,18.56491864493185,18.916986,18.813251
2026-06-25,15.0,17.0,19.62666666666667,20.0795,17.841095192046527,18.033814386382872,17.348537,17.59581577113393,17.589546,17.590925
2026-06-26,17.0,15.0,19.806666666666665,22.179499,17.841095192046527,18.033814386382872,16.289341,16.344417284544704,16.166594,16.230211
2026-06-27,20.0,17.0,19.766666666666666,21.5795,17.841095192046527,18.033814386382872,16.636734,17.204518640486626,17.388659,17.351728
2026-06-28,20.0,20.0,19.63222222222222,21.0795,17.841095192046527,18.033814386382872,17.7814,18.921192905724197,19.46379,19.367
2026-06-29,21.0,20.0,19.504444444444445,22.0795,17.841095192046527,18.033814386382872,18.284422,19.20089006969799,19.454502,19.733786
2026-06-30,17.0,21.0,19.66555555555556,22.179499,17.841095192046527,18.033814386382872,18.91657,19.866387667886585,20.177473,20.028543
2026-07-01,16.000000000000004,17.0,19.81888888888889,21.3795,17.841095192046527,18.033814386382872,17.372292,17.301753971304652,17.33742,17.305304
2026-07-02,18.0,16.0,19.848888888888887,18.8795,17.841095192046527,18.033814386382872,16.37395,16.553881633469103,16.72656,16.411873
2026-07-03,16.000000000000004,18.0,19.966666666666665,16.9795,17.841095192046527,18.033814386382872,16.894966,17.81605146264879,18.218052,17.782698
2026-07-04,17.0,16.0,20.011111111111113,16.7795,17.841095192046527,18.033814386382872,16.649643,16.799554720359357,16.834652,17.1462
2026-07-05,18.0,17.0,20.035555555555558,18.0795,17.841095192046527,18.033814386382872,16.575115,17.492915760895393,17.338743,17.560436
2026-07-06,17.0,18.0,20.01888888888889,19.679499,17.841095192046527,18.033814386382872,16.95047,17.798103636783573,17.901255,18.114061
2026-07-07,20.0,17.0,20.020000000000003,21.679499,17.841095192046527,18.033814386382872,16.862518,16.796851708768152,17.065563,17.206144
2026-07-08,15.0,20.0,19.841111111111108,20.179499,17.841095192046527,18.033814386382872,17.67331,18.712452002966145,19.213667,18.97945
2026-07-09,17.0,15.0,19.75111111111111,21.679499,17.841095192046527,18.033814386382872,16.295374,15.89478648929174,15.819102,16.269604
2026-07-10,18.0,17.0,19.669999999999998,22.8795,17.841095192046527,18.033814386382872,16.425741,16.92232137992046,17.081116,16.919033
2026-07-11,26.0,18.0,19.621111111111112,24.3795,17.71742566104091,17.753812090446157,16.672888,17.473495657521358,17.867838,17.557972
2026-07-12,21.999999999999996,26.0,19.67666666666667,26.5795,17.71742566104091,17.753812090446157,20.90453,22.293666679659363,23.899021,22.693209
2026-07-13,20.0,22.0,19.691111111111113,25.7795,17.71742566104091,17.753812090446157,19.240307,20.669515023640123,20.797358,21.508373
2026-07-14,23.0,20.0,19.762637362637363,25.679499,17.71742566104091,17.753812090446157,19.60008,19.902807587787517,19.771645,19.64779
2026-07-15,23.0,23.0,19.727472527472532,26.3795,17.71742566104091,17.753812090446157,20.085028,21.192551239055906,22.19923,21.01538
2026-07-16,23.0,23.0,19.63736263736264,27.2795,17.71742566104091,17.753812090446157,21.60747,21.339360378945653,22.42056,22.111818
2026-07-17,27.0,23.0,19.63956043956044,27.4795,17.71742566104091,17.753812090446157,20.420773,22.293365883609695,22.693815,22.577888
2026-07-18,23.0,27.0,19.62747252747253,27.179499,17.71742566104091,17.753812090446157,23.372187,25.238242083837186,26.084167,25.462753
2026-07-19,21.999999999999996,23.0,19.709890109890107,28.2795,17.71742566104091,17.753812090446157,22.396814,22.530015369050286,22.497599,23.057117
2026-07-20,24.0,22.0,19.662637362637366,28.4795,17.71742566104091,17.753812090446157,21.242575,22.126227810914003,22.212452,21.86596
2026-07-21,23.0,24.0,19.66813186813187,28.5795,17.71742566104091,17.753812090446157,22.35396,23.350727958706706,23.967108,23.28649
