date,observed,Persistence,Climatology,GFS,ARIMA,SARIMA,ANN,SVR,LSTM,CNN-LSTM
2024-07-21,27.999999999999996,31.7,27.095604395604393,31.8735,30.899529471008982,30.838356650670285,28.71152,30.535064650966387,29.513622,30.598328
2024-07-22,27.2,28.0,27.190109890109888,31.6735,30.899529471008982,30.838356650670285,27.72854,28.25368157345785,27.93736,28.726658
2024-07-23,31.099999999999998,27.2,27.29340659340659,31.7735,30.899529471008982,30.838356650670285,27.298061,28.23442332674472,27.884663,28.69933
2024-07-24,29.699999999999996,31.1,27.18461538461538,29.1735,30.899529471008982,30.838356650670285,29.039833,30.91846050696551,30.188164,31.186497
2024-07-25,26.5,29.7,26.985714285714284,27.7735,30.899529471008982,30.838356650670285,28.568998,29.338012760594818,28.741165,29.565786
2024-07-26,24.000000000000004,26.5,26.860439560439563,28.473501,30.899529471008982,30.838356650670285,26.955439,27.621823321050552,27.156433,27.771637
2024-07-27,25.699999999999992,24.0,26.625274725274732,28.573502,30.899529471008982,30.838356650670285,25.089079,26.035713895338045,25.604269,26.340324
2024-07-28,31.200000000000003,25.7,26.43222222222223,30.3735,30.899529471008982,30.838356650670285,25.652174,26.60111087284,26.413252,27.238832
2024-07-29,31.200000000000003,31.2,26.32333333333333,30.073502,30.899529471008982,30.838356650670285,27.922003,29.667555723436276,29.376867,29.788456
2024-07-30,30.599999999999998,31.2,26.443333333333328,29.473501,30.899529471008982,30.838356650670285,28.036478,29.685835912813847,28.928823,29.41773
2024-07-31,26.0,30.6,26.642222222222223,28.6735,30.899529471008982,30.838356650670285,27.223158,29.335490858686477,28.761126,29.02212
2024-08-01,23.699999999999996,26.0,26.662222222222226,27.973501,30.899529471008982,30.838356650670285,25.399422,26.614232666194404,26.101257,26.66301
2024-08-02,23.1,23.7,26.861111111111118,29.473501,30.899529471008982,30.838356650670285,24.404604,25.23087218927373,25.268568,25.723185
2024-08-03,25.699999999999992,23.1,26.971111111111114,31.573502,30.899529471008982,30.838356650670285,24.597006,24.978736880051635,24.990143,25.747936
2024-08-04,32.5,25.7,27.047777777777778,31.1735,30.899529471008982,30.838356650670285,25.68998,26.578785359087775,26.378681,27.18362
2024-08-05,30.2,32.5,27.056666666666672,30.073502,30.899529471008982,30.838356650670285,28.048975,30.362818566266473,29.905224,29.928993
2024-08-06,26.699999999999996,30.2,26.91444444444444,29.7735,30.899529471008982,30.838356650670285,27.065243,28.611966954595562,27.754993,28.443874
2024-08-07,27.599999999999998,26.7,26.784444444444443,29.7735,30.899529471008982,30.838356650670285,24.701475,26.397553445272823,26.176184,26.326916
2024-08-08,25.699999999999992,27.6,26.84222222222222,29.7735,30.899529471008982,30.838356650670285,25.471962,27.37179949512353,27.087025,27.61123
2024-08-09,25.699999999999992,25.7,26.880000000000003,30.2735,30.899529471008982,30.838356650670285,25.641424,26.179865055398192,26.021646,26.780369
2024-08-10,30.599999999999998,25.7,26.84,29.8735,30.899529471008982,30.838356650670285,25.732784,26.336616286929186,26.405102,27.068922
2024-08-11,29.1,30.6,26.833333333333332,29.2735,30.899529471008982,30.838356650670285,28.061037,29.81568238501099,29.242617,29.83461
2024-08-12,24.999999999999996,29.1,26.856666666666666,29.1735,30.899529471008982,30.838356650670285,27.238544,28.353158421992756,27.64337,28.594173
2024-08-13,26.0,25.0,26.83888888888889,29.973501,30.899529471008982,30.838356650670285,24.991976,25.60566080829669,25.484447,25.729782
2024-08-14,27.2,26.0,26.726666666666667,30.3735,30.899529471008982,30.838356650670285,25.245066,26.628304192350548,26.362017,26.961046
2024-08-15,32.0,27.2,26.742222222222225,30.7735,30.899529471008982,30.838356650670285,26.035147,27.095704130794257,26.811827,27.634226
2024-08-16,28.099999999999998,32.0,26.65444444444444,26.2735,30.899529471008982,30.838356650670285,28.132517,29.928666543929506,29.733881,29.84864
2024-08-17,30.2,28.1,26.503333333333334,30.7735,30.899529471008982,30.838356650670285,26.950546,27.84596073374754,27.08141,27.892027
2024-08-18,31.200000000000003,30.2,26.347777777777786,31.1735,30.899529471008982,30.838356650670285,27.055262,29.23516631816686,28.896479,29.176334
2024-08-19,27.999999999999996,31.2,26.224444444444448,31.073502,30.899529471008982,30.838356650670285,27.997551,29.83238152596091,29.150452,29.914906
2024-08-20,27.7,28.0,26.161111111111115,30.573502,28.04964249673665,28.069317470061705,27.3812,27.942575087693807,27.581564,28.445623
2024-08-21,29.999999999999993,27.7,26.19555555555556,30.7735,28.04964249673665,28.069317470061705,27.046515,28.139564272181687,27.897053,28.56427
2024-08-22,24.999999999999996,30.0,26.19222222222222,29.473501,28.04964249673665,28.069317470061705,28.328276,29.933340366539518,29.22303,30.178774
2024-08-23,29.5,25.0,26.14111111111111,28.2735,28.04964249673665,28.069317470061705,26.315933,26.217720936030723,25.861916,26.553894
2024-08-24,25.499999999999996,29.5,26.10333333333333,28.7735,28.04964249673665,28.069317470061705,27.789242,29.227422039010055,29.033218,29.426601
2024-08-25,25.2,25.5,26.14666666666667,29.3735,28.04964249673665,28.069317470061705,26.107595,26.621445434010713,25.845528,27.07204
2024-08-26,25.699999999999992,25.2,26.172222222222217,30.573502,28.04964249673665,28.069317470061705,25.168068,25.954503265068674,26.013182,26.495337
2024-08-27,27.2,25.7,26.15111111111111,30.1735,28.04964249673665,28.069317470061705,25.357206,26.322731264025983,26.003235,26.764856
2024-08-28,29.999999999999993,27.2,26.119999999999997,28.8735,28.04964249673665,28.069317470061705,25.931612,27.100789389310325,26.769028,27.651201
2024-08-29,29.0,30.0,26.05333333333333,28.7735,28.04964249673665,28.069317470061705,27.013279,28.369695187363526,28.15654,28.404139
2024-08-30,29.5,29.0,25.884444444444444,28.7735,28.04964249673665,28.069317470061705,26.764395,28.11890231906806,27.508888,28.258741
2024-08-31,29.0,29.5,25.893333333333334,28.973501,28.04964249673665,28.069317470061705,26.520132,28.330055496217927,28.03074,28.387484
2024-09-01,26.999999999999993,29.0,25.763333333333332,28.973501,28.04964249673665,28.069317470061705,26.765034,28.302691256825753,27.850233,28.516638
2024-09-02,28.6,27.0,25.659999999999997,28.7735,28.04964249673665,28.069317470061705,26.580894,27.228319803556474,26.967478,27.675573
2024-09-03,26.999999999999993,28.6,25.637777777777778,30.073502,28.04964249673665,28.069317470061705,27.343798,28.48299730897266,28.212774,28.827581
2024-09-04,27.2,27.0,25.514444444444447,30.3735,28.04964249673665,28.069317470061705,26.965528,27.58707164754748,27.051756,27.971598
2024-09-05,28.499999999999996,27.2,25.494444444444444,29.6735,28.04964249673665,28.069317470061705,26.678078,27.49641916892101,27.26231,27.856766
2024-09-06,27.2,28.5,25.476666666666674,27.073502,28.04964249673665,28.069317470061705,27.111565,28.316475131082704,27.838892,28.557041
2024-09-07,27.2,27.2,25.39333333333333,28.3735,28.04964249673665,28.069317470061705,26.540363,27.29538915878377,26.872747,27.687788
2024-09-08,26.199999999999996,27.2,25.298888888888886,26.473501,28.04964249673665,28.069317470061705,26.154184,27.16989027566013,26.966908,27.512163
2024-09-09,27.2,26.2,25.187777777777775,27.1735,28.04964249673665,28.069317470061705,25.816984,26.69571848685072,26.314451,27.093683
2024-09-10,23.0,27.2,25.020000000000003,27.3735,28.04964249673665,28.069317470061705,26.117876,27.115337235268992,26.921238,27.520536
2024-09-11,19.5,23.0,24.914444444444445,24.8735,28.04964249673665,28.069317470061705,24.276363,24.43044416543016,24.265306,24.594599
2024-09-12,26.1,19.5,24.82,25.6735,28.04964249673665,28.069317470061705,22.051453,22.239899467093753,22.388365,22.506416
2024-09-13,23.0,26.1,24.723333333333333,25.473501,28.04964249673665,28.069317470061705,24.824703,26.1030462515748,26.039627,26.61878
2024-09-14,24.199999999999996,23.0,24.60111111111111,26.973501,28.04964249673665,28.069317470061705,23.625265,23.585293945210246,23.372307,24.108454
2024-09-15,26.0,24.2,24.438888888888894,26.7735,28.04964249673665,28.069317470061705,22.939083,24.065316476857042,24.32547,24.351282
2024-09-16,25.699999999999992,26.0,24.432222222222222,26.1735,28.04964249673665,28.069317470061705,24.04426,25.41384516147122,25.023693,25.72674
2024-09-17,24.199999999999996,25.7,24.41888888888889,25.973501,28.04964249673665,28.069317470061705,23.638716,24.746497317067426,24.706264,25.355145
2024-09-18,25.2,24.2,24.216666666666665,26.7735,28.04964249673665,28.069317470061705,23.272865,23.798762956376503,24.05282,24.271322
2024-09-19,21.000000000000004,25.2,24.16444444444444,22.973501,25.212959538461384,25.067507466030083,24.004095,25.162641916305297,25.03196,25.613518
2024-09-20,19.7,21.0,23.841111111111108,23.2735,25.212959538461384,25.067507466030083,22.15747,22.247092390070662,22.370579,22.419127
2024-09-21,23.0,19.7,23.356666666666666,22.573502,25.212959538461384,25.067507466030083,21.075502,21.511772819668213,21.88142,21.975386
2024-09-22,21.199999999999996,23.0,23.00666666666666,22.7735,25.212959538461384,25.067507466030083,22.70636,23.56690012448817,23.576212,24.326847
2024-09-23,20.199999999999996,21.2,22.73111111111111,25.073502,25.212959538461384,25.067507466030083,21.821707,21.921307166979723,22.012575,22.360523
2024-09-24,19.5,20.2,22.37,26.973501,25.212959538461384,25.067507466030083,20.477997,21.011643341561893,21.371794,21.261108
2024-09-25,22.2,19.5,22.027777777777775,25.1735,25.212959538461384,25.067507466030083,19.964514,20.638637232252268,20.71953,20.945547
2024-09-26,21.999999999999996,22.2,21.641111111111112,27.073502,25.212959538461384,25.067507466030083,20.745813,21.807113921208213,22.094675,22.513824
2024-09-27,22.699999999999992,22.0,21.305555555555557,27.573502,25.212959538461384,25.067507466030083,21.11998,21.483556228611885,21.789766,21.90669
2024-09-28,21.3,22.7,20.95888888888889,27.6735,25.212959538461384,25.067507466030083,21.358328,22.18973284139367,22.406301,22.476519
2024-09-29,26.699999999999996,21.3,20.58888888888889,26.2735,25.212959538461384,25.067507466030083,20.61792,21.29690673355073,21.474882,21.500465
2024-09-30,24.7,26.7,20.284444444444446,25.073502,25.212959538461384,25.067507466030083,22.771809,24.7220851664231,24.933445,25.066444
2024-10-01,25.399999999999995,24.7,20.06111111111111,25.3735,25.212959538461384,25.067507466030083,22.842602,23.509163409720685,23.501183,23.935518
2024-10-02,22.3,25.4,19.698888888888888,25.6735,25.212959538461384,25.067507466030083,23.00235,24.37890757368994,24.592653,24.665197
2024-10-03,20.4,22.3,19.552222222222223,26.473501,25.212959538461384,25.067507466030083,22.103157,22.78368069025176,22.770634,22.8684
2024-10-04,24.999999999999996,20.4,19.221111111111114,25.473501,25.212959538461384,25.067507466030083,21.203197,21.701791266991343,22.01108,22.074463
2024-10-05,21.7,25.0,19.1,23.973501,25.212959538461384,25.067507466030083,23.681168,24.516441866656283,24.733047,25.255585
2024-10-06,19.8,21.7,19.034444444444446,23.973501,25.212959538461384,25.067507466030083,22.677073,22.53248969654891,22.463896,22.912409
2024-10-07,24.7,19.8,18.79111111111111,25.1735,25.212959538461384,25.067507466030083,20.522533,21.052148595431717,21.454672,21.274483
2024-10-08,26.999999999999993,24.7,18.55111111111111,28.073502,25.212959538461384,25.067507466030083,22.925768,24.249723283997547,24.16875,24.72106
2024-10-09,20.0,27.0,18.335555555555555,27.573502,25.212959538461384,25.067507466030083,23.548466,25.13449226930046,25.041868,25.668377
2024-10-10,21.099999999999994,20.0,18.123333333333335,27.4235,25.212959538461384,25.067507466030083,20.721296,20.63795352463181,21.048681,20.523867
2024-10-11,16.5,21.1,17.935555555555556,23.823502,25.212959538461384,25.067507466030083,20.883234,22.11844880692927,22.296606,22.488672
2024-10-12,21.999999999999996,16.5,17.855555555555554,22.973501,25.212959538461384,25.067507466030083,19.022793,18.92086444857045,18.869062,19.055225
2024-10-13,24.000000000000004,22.0,17.79111111111111,23.3735,25.212959538461384,25.067507466030083,20.543003,21.914594854375903,22.545961,23.121916
2024-10-14,23.6,24.0,17.611111111111107,22.823502,25.212959538461384,25.067507466030083,22.638723,23.29979654659137,23.235012,23.734636
2024-10-15,21.999999999999996,23.6,17.397777777777776,24.9235,25.212959538461384,25.067507466030083,21.934624,22.852597286907688,22.892605,23.062725
2024-10-16,21.999999999999996,22.0,17.115555555555552,25.723501,25.212959538461384,25.067507466030083,20.552883,21.590805178530236,21.81108,21.595703
2024-10-17,18.899999999999995,22.0,16.766666666666666,27.0235,25.212959538461384,25.067507466030083,20.726274,21.939006497721188,22.08344,22.296223
2024-10-18,18.0,18.9,16.32777777777778,21.1735,25.212959538461384,25.067507466030083,19.551805,19.75649498579072,20.230076,20.058868
2024-10-19,12.8,18.0,15.916666666666666,16.473501,19.529504146447106,19.49407334878937,19.351639,19.64817726911458,20.028383,20.069231
2024-10-20,13.1,12.8,15.53222222222222,17.1735,19.529504146447106,19.49407334878937,16.693752,16.311066813359183,16.242579,16.254095
2024-10-21,12.6,13.1,15.107777777777779,16.3735,19.529504146447106,19.49407334878937,15.873791,16.036270785324657,16.018919,16.57883
2024-10-22,10.9,12.6,14.69777777777778,15.7235,19.529504146447106,19.49407334878937,15.031258,15.058310577044283,14.88522,15.193482
2024-10-23,13.499999999999998,10.9,14.332222222222223,15.7235,19.529504146447106,19.49407334878937,13.370102,13.31488578867603,13.14168,13.334361
2024-10-24,15.999999999999998,13.5,14.011111111111111,17.723501,19.529504146447106,19.49407334878937,14.109135,14.343669796940121,14.217337,14.631539
2024-10-25,13.400000000000002,16.0,13.732222222222223,19.7735,19.529504146447106,19.49407334878937,14.926135,15.482045118981842,15.385859,15.980295
2024-10-26,12.9,13.4,13.47777777777778,19.223501,19.529504146447106,19.49407334878937,13.367949,13.28340304765917,13.381416,13.063009
2024-10-27,14.0,12.9,13.184444444444443,19.3735,19.529504146447106,19.49407334878937,12.709354,13.259788985952845,13.252015,13.151689
2024-10-28,18.0,14.0,12.815555555555557,18.7735,19.529504146447106,19.49407334878937,13.493366,14.067057298833323,13.9907875,14.090386
2024-10-29,16.200000000000003,18.0,12.523333333333335,22.223501,19.529504146447106,19.49407334878937,15.511989,16.39240680165218,16.802582,16.892801
2024-10-30,16.7,16.2,12.222222222222225,20.973501,19.529504146447106,19.49407334878937,15.557044,15.511896647251055,15.743051,15.449585
2024-10-31,15.700000000000001,16.7,11.843333333333332,21.5235,19.529504146447106,19.49407334878937,15.3905115,16.236405047493907,16.445835,16.35877
2024-11-01,13.8,15.7,11.615555555555556,20.4235,19.529504146447106,19.49407334878937,15.191988,15.67403342029807,15.742119,15.658427
2024-11-02,17.7,13.8,11.205555555555557,16.573502,19.529504146447106,19.49407334878937,14.2990055,14.527920530289398,14.716706,14.655023
2024-11-03,17.0,17.7,11.004444444444443,17.973501,19.529504146447106,19.49407334878937,16.670174,17.182811550457323,17.5676,17.804628
2024-11-04,14.4,17.0,10.797777777777778,20.473501,19.529504146447106,19.49407334878937,16.765467,16.8989878262247,16.985907,17.185085
2024-11-05,14.6,14.4,10.712222222222222,21.823502,19.529504146447106,19.49407334878937,14.916356,15.063370589958707,15.272708,14.958502
2024-11-06,15.0,14.6,10.572222222222223,20.073502,19.529504146447106,19.49407334878937,15.019881,15.432956695770539,15.428606,15.457131
2024-11-07,13.0,15.0,10.454444444444444,19.1235,19.529504146447106,19.49407334878937,15.077643,15.499375923535364,15.53751,15.717169
2024-11-08,11.8,13.0,10.244444444444444,18.073502,19.529504146447106,19.49407334878937,14.052451,13.95072195634833,14.130284,13.983395
2024-11-09,11.3,11.8,10.046666666666667,18.723501,19.529504146447106,19.49407334878937,13.248573,13.455061292954577,13.350871,13.417693
2024-11-10,12.5,11.3,9.702222222222222,19.2735,19.529504146447106,19.49407334878937,12.709686,12.898278619416173,12.650459,12.883537
2024-11-11,11.4,12.5,9.418888888888889,15.4735,19.529504146447106,19.49407334878937,12.9202385,13.172485177127289,13.107958,13.353223
2024-11-12,8.300000000000002,11.4,9.181111111111111,14.2235,19.529504146447106,19.49407334878937,12.307993,12.27737136650855,12.161172,12.133269
2024-11-13,8.999999999999998,8.3,8.807777777777778,15.7235,19.529504146447106,19.49407334878937,10.226427,10.220569077681162,9.917605,9.911831
2024-11-14,13.3,9.0,8.658888888888889,16.0735,19.529504146447106,19.49407334878937,10.136632,10.437994636391016,10.030894,10.342945
2024-11-15,12.000000000000002,13.3,8.521111111111113,15.6735,19.529504146447106,19.49407334878937,12.338219,12.809341854639722,12.62747,13.040921
2024-11-16,15.3,12.0,8.397777777777778,15.6235,19.529504146447106,19.49407334878937,11.763286,11.683090002410637,11.660923,11.443731
2024-11-17,12.000000000000002,15.3,8.28,16.0735,19.529504146447106,19.49407334878937,13.20605,13.958639489869865,14.054022,13.992291
2024-11-18,10.0,12.0,8.09,18.3735,11.924512518010403,11.771565756084374,11.810257,12.015454085058195,11.778977,11.702301
2024-11-19,11.0,10.0,7.926666666666668,17.823502,11.924512518010403,11.771565756084374,10.278527,10.72858783040116,10.727941,10.545546
2024-11-20,16.4,11.0,7.553333333333334,19.0235,11.924512518010403,11.771565756084374,11.746488,11.706296779350554,11.568323,11.611926
2024-11-21,11.0,16.4,7.267777777777778,16.1235,11.924512518010403,11.771565756084374,14.149386,15.23390057260838,15.331825,15.77891
2024-11-22,6.000000000000001,11.0,6.86888888888889,15.6235,11.924512518010403,11.771565756084374,12.042559,11.54792704348858,11.576158,11.192862
2024-11-23,7.6000000000000005,6.0,6.561111111111111,12.7734995,11.924512518010403,11.771565756084374,8.594138,8.829243007600486,8.489665,8.745134
2024-11-24,12.2,7.6,6.341111111111112,11.8235,11.924512518010403,11.771565756084374,9.381766,9.708843573942433,9.018619,8.652269
2024-11-25,13.3,12.2,6.315555555555555,12.5234995,11.924512518010403,11.771565756084374,10.915135,11.963291151931198,11.770523,11.983667
2024-11-26,8.999999999999998,13.3,6.064444444444444,13.1735,11.924512518010403,11.771565756084374,12.074691,12.33690321700423,12.4852,11.899638
2024-11-27,6.4,9.0,5.751111111111111,11.7235,11.924512518010403,11.771565756084374,10.080356,10.051182032810123,9.684919,9.4503
2024-11-28,6.000000000000001,6.4,5.881111111111112,11.3235,11.924512518010403,11.771565756084374,7.6489086,8.216487808859878,7.661785,7.766495
2024-11-29,6.1000000000000005,6.0,5.705555555555556,10.9735,11.924512518010403,11.771565756084374,7.3880625,7.656296209402364,7.2319636,6.9328413
2024-11-30,5.799999999999999,6.1,5.4655555555555555,13.3735,11.924512518010403,11.771565756084374,7.342213,7.598898335997983,7.3237123,7.1959405
2024-12-01,7.000000000000002,5.8,5.423333333333333,11.8235,11.924512518010403,11.771565756084374,7.2470837,7.431165530216226,7.037077,6.9768224
2024-12-02,6.2,7.0,5.4877777777777785,12.1235,11.924512518010403,11.771565756084374,7.8074794,7.937815035020318,7.403757,7.69081
2024-12-03,4.4,6.2,5.34,10.3235,11.924512518010403,11.771565756084374,6.8257256,6.863309366088288,6.531559,6.7765026
2024-12-04,6.1000000000000005,4.4,5.275555555555556,13.7734995,11.924512518010403,11.771565756084374,5.41523,5.485562369301572,5.4231477,5.307425
2024-12-05,7.099999999999999,6.1,5.332222222222223,10.6735,11.924512518010403,11.771565756084374,6.4054523,6.5795628427642905,6.308157,6.5508375
2024-12-06,2.2,7.1,5.5200000000000005,9.1235,11.924512518010403,11.771565756084374,7.0330453,7.103322774031762,6.853121,7.105023
2024-12-07,2.4,2.2,5.584444444444444,9.6735,11.924512518010403,11.771565756084374,4.3469453,3.910242609643848,4.307519,3.6398282
2024-12-08,8.999999999999998,2.4,5.6866666666666665,13.8235,11.924512518010403,11.771565756084374,3.909733,4.233709572797053,4.3335876,4.3392878
2024-12-09,3.0000000000000004,9.0,5.728888888888888,9.9235,11.924512518010403,11.771565756084374,7.6941304,8.172808491661344,7.6708612,8.077944
2024-12-10,10.500000000000002,3.0,5.8422222222222215,9.7734995,11.924512518010403,11.771565756084374,4.8540864,3.8867324517043307,4.460411,3.5292416
2024-12-11,8.999999999999998,10.5,5.963333333333333,10.6235,11.924512518010403,11.771565756084374,8.030036,8.925143108271556,8.768973,8.970925
2024-12-12,3.5999999999999996,9.0,6.027777777777778,11.3735,11.924512518010403,11.771565756084374,8.071174,8.212479940649338,7.7751393,7.9485817
2024-12-13,3.5999999999999996,3.6,5.796666666666667,10.4735,11.924512518010403,11.771565756084374,5.1025753,4.457201531284447,4.8592453,4.585231
2024-12-14,4.7,3.6,5.806666666666667,10.7734995,11.924512518010403,11.771565756084374,5.1859655,5.108613392094051,5.0182714,4.713072
2024-12-15,4.200000000000001,4.7,5.867777777777778,10.9735,11.924512518010403,11.771565756084374,5.8218985,6.1525221136461745,5.673213,5.7248244
2024-12-16,8.7,4.2,5.643333333333333,8.3735,11.924512518010403,11.771565756084374,4.9271107,4.986675816016364,5.2652497,4.395937
2024-12-17,2.7000000000000006,8.7,5.463333333333333,6.2235,11.924512518010403,11.771565756084374,8.121344,8.286528057779348,7.887409,8.265128
2024-12-18,0.0,2.7,5.486666666666666,4.7735,3.514520458392257,3.4958307541054294,4.7669635,4.195543408073101,4.3911524,3.8208706
2024-12-19,-0.9999999999999997,0.0,5.483333333333333,6.9235,3.514520458392257,3.4958307541054294,2.2364566,2.176853439031934,2.848878,2.975636
2024-12-20,3.4999999999999996,-1.0,5.411111111111111,9.8735,3.514520458392257,3.4958307541054294,1.9820988,1.6971782573287053,2.1201158,0.98070604
2024-12-21,8.6,3.5,5.22,9.9735,3.514520458392257,3.4958307541054294,3.069055,4.137219205864224,4.291152,3.9046953
2024-12-22,5.0,8.6,5.163333333333333,6.3735,3.514520458392257,3.4958307541054294,5.8236794,6.904100669830358,6.9677234,6.6191273
2024-12-23,-0.49999999999999983,5.0,5.027777777777778,5.6735,3.514520458392257,3.4958307541054294,5.1475434,4.8115729599109835,5.096565,3.9069858
2024-12-24,2.4,-0.5,4.951764705882352,7.9735,3.514520458392257,3.4958307541054294,1.0958229,1.252549527555025,2.007882,1.8200136
2024-12-25,1.7999999999999998,2.4,4.591764705882353,7.1735,3.514520458392257,3.4958307541054294,2.6441212,3.2946881195869335,3.4077795,2.3190167
2024-12-26,4.8999999999999995,1.8,4.329411764705882,6.7735,3.514520458392257,3.4958307541054294,2.6126425,2.661640653208209,3.2821987,2.5310974
2024-12-27,-0.9999999999999997,4.9,4.214117647058823,4.6235,3.514520458392257,3.4958307541054294,4.220176,4.731234601744397,5.0991936,4.4739733
2024-12-28,-0.30000000000000016,-1.0,3.998823529411765,4.5734997,3.514520458392257,3.4958307541054294,1.9005822,1.3301327809342052,2.0247886,0.5227235
2024-12-29,0.8,-0.3,3.621176470588235,4.2735,3.514520458392257,3.4958307541054294,1.3300533,1.3979245811152181,1.7735325,2.1114323
2024-12-30,7.800000000000001,0.8,3.436470588235294,6.1735,3.514520458392257,3.4958307541054294,1.6732299,1.648007324889777,2.0486848,1.4492279
2024-12-31,7.000000000000002,7.8,3.3294117647058825,6.6735,3.514520458392257,3.4958307541054294,5.117074,5.953003052280834,6.004544,6.408767
2025-01-01,6.6,7.0,3.2105882352941175,6.7235,3.514520458392257,3.4958307541054294,5.948636,5.365416132114117,5.742472,5.371219
2025-01-02,4.1,6.6,2.999999999999999,7.3735,3.514520458392257,3.4958307541054294,4.5809298,5.645145142732152,5.7938066,5.240569
2025-01-03,4.0,4.1,2.684705882352941,7.5235,3.514520458392257,3.4958307541054294,3.754987,4.198590724639077,4.554127,3.7320888
2025-01-04,0.7000000000000002,4.0,2.501176470588235,7.3735,3.514520458392257,3.4958307541054294,4.3523974,4.507432125584629,4.782696,4.4237156
2025-01-05,0.9999999999999997,0.7,2.328235294117647,7.4235,3.514520458392257,3.4958307541054294,3.0290115,2.647968254392238,3.3808799,2.6006262
2025-01-06,8.2,1.0,2.1541176470588232,8.0735,3.514520458392257,3.4958307541054294,2.901549,3.227560052412142,3.5724528,3.201352
2025-01-07,2.5,8.2,1.931764705882353,9.2734995,3.514520458392257,3.4958307541054294,6.4084516,7.371248897506467,7.001893,6.9857717
2025-01-08,0.5000000000000004,2.5,1.7922222222222224,6.4735,3.514520458392257,3.4958307541054294,4.1423593,3.3277861131563484,3.978416,2.644927
2025-01-09,0.0,0.5,1.7155555555555553,8.4735,3.514520458392257,3.4958307541054294,1.8051988,2.0255858267738707,2.7013292,3.0896566
2025-01-10,3.0000000000000004,0.0,1.7233333333333332,11.9735,3.514520458392257,3.4958307541054294,2.1098273,1.9679353484108104,2.189322,1.5271678
2025-01-11,3.7000000000000006,3.0,1.652222222222222,11.5735,3.514520458392257,3.4958307541054294,2.962196,3.260589823746692,3.6245773,3.7621288
2025-01-12,5.500000000000001,3.7,1.6777777777777778,10.9235,3.514520458392257,3.4958307541054294,3.7652173,3.558484343398718,4.1574225,3.313681
2025-01-13,4.0,5.5,1.8577777777777778,6.5734997,3.514520458392257,3.4958307541054294,5.2726383,5.155854011161037,5.2176685,4.808783
2025-01-14,0.6000000000000003,4.0,2.005555555555555,4.3234997,3.514520458392257,3.4958307541054294,3.6622353,3.8519478123139272,4.232171,4.013648
2025-01-15,1.2000000000000006,0.6,2.091111111111111,3.8735,3.514520458392257,3.4958307541054294,1.8948687,1.7913948789090208,2.4988425,2.0514958
2025-01-16,-0.8999999999999999,1.2,2.1688888888888886,4.3234997,3.514520458392257,3.4958307541054294,2.2626967,2.383094771821751,2.857277,2.5406508
2025-01-17,-1.5000000000000002,-0.9,2.36,4.8735,0.4868693385056224,0.5162209922360865,1.1819223,1.1664158485810041,1.839602,0.95786595
2025-01-18,-0.7000000000000002,-1.5,2.4755555555555557,5.6235,0.4868693385056224,0.5162209922360865,0.30696088,0.5634471350066577,1.3272214,0.28713846
2025-01-19,3.2,-0.7,2.5688888888888886,5.4735,0.4868693385056224,0.5162209922360865,0.5187415,0.9591480177394484,1.3885199,0.42682517
2025-01-20,0.7000000000000002,3.2,2.678888888888889,7.0235,0.4868693385056224,0.5162209922360865,2.2730384,2.9160606372526567,3.0926368,2.8433325
2025-01-21,0.6000000000000003,0.7,2.747777777777778,7.4235,0.4868693385056224,0.5162209922360865,1.3249037,0.9104520220907046,1.6692339,0.5255923
2025-01-22,1.4000000000000004,0.6,2.922222222222222,8.8235,0.4868693385056224,0.5162209922360865,0.76761687,1.0496894411731628,1.6006362,1.3794403
2025-01-23,4.7,1.4,3.111111111111111,11.8735,0.4868693385056224,0.5162209922360865,1.3703758,1.6073024590518021,1.987151,1.9909594
2025-01-24,6.6,4.7,3.261111111111111,10.5735,0.4868693385056224,0.5162209922360865,3.7163913,3.6189486285393486,3.9638293,4.5182467
2025-01-25,12.7,6.6,3.397777777777778,13.2734995,0.4868693385056224,0.5162209922360865,5.202046,4.983928911872582,5.356819,5.5633597
2025-01-26,6.2,12.7,3.6077777777777778,10.8235,0.4868693385056224,0.5162209922360865,8.012225,9.3480562960829,9.462806,9.470663
2025-01-27,4.5,6.2,3.8488888888888892,10.3735,0.4868693385056224,0.5162209922360865,5.4530363,5.45675892300833,5.722966,4.9495873
2025-01-28,3.7000000000000006,4.5,3.9511111111111115,12.3735,0.4868693385056224,0.5162209922360865,3.934518,5.054149660768749,5.204618,5.293277
2025-01-29,5.0,3.7,3.9100000000000006,9.1735,0.4868693385056224,0.5162209922360865,5.5781126,5.131507781464919,4.9876924,4.554738
2025-01-30,1.9999999999999993,5.0,4.024444444444445,9.1235,0.4868693385056224,0.5162209922360865,5.5967813,5.963965828659581,5.8606734,5.94225
2025-01-31,7.200000000000001,2.0,4.1866666666666665,8.8235,0.4868693385056224,0.5162209922360865,4.1676846,4.007660219432607,4.379834,3.4126709
2025-02-01,5.700000000000001,7.2,4.153333333333332,7.8735,0.4868693385056224,0.5162209922360865,7.079335,7.498888041410068,6.9099555,7.3321013
2025-02-02,5.1,5.7,4.136666666666667,8.1235,0.4868693385056224,0.5162209922360865,6.076852,5.770911325007343,5.7009664,5.5556726
2025-02-03,0.7000000000000002,5.1,4.395555555555555,7.3735,0.4868693385056224,0.5162209922360865,4.966027,5.222442040750644,5.396913,5.349007
2025-02-04,2.7000000000000006,0.7,4.555555555555555,7.0734997,0.4868693385056224,0.5162209922360865,3.0909338,2.697283276811683,3.2496018,2.428019
2025-02-05,2.4,2.7,4.861111111111111,8.5735,0.4868693385056224,0.5162209922360865,3.4462204,4.033594453295934,4.1832824,4.1874166
2025-02-06,6.000000000000001,2.4,5.2700000000000005,7.3234997,0.4868693385056224,0.5162209922360865,3.486375,3.4305081148025964,3.925257,3.036529
2025-02-07,3.0000000000000004,6.0,5.554444444444445,7.1735,0.4868693385056224,0.5162209922360865,5.0664396,5.798840368525344,5.7874417,5.681953
2025-02-08,0.6000000000000003,3.0,5.767777777777777,7.9735,0.4868693385056224,0.5162209922360865,4.069606,3.690564484576443,4.1522274,3.429799
2025-02-09,1.9999999999999993,0.6,5.816666666666666,8.9735,0.4868693385056224,0.5162209922360865,2.1985953,2.1648380033740624,2.714348,2.8546216
2025-02-10,4.0,2.0,5.964444444444444,10.1235,0.4868693385056224,0.5162209922360865,2.827325,2.876177250476582,3.2003984,2.8638718
2025-02-11,8.6,4.0,6.056666666666668,8.2734995,0.4868693385056224,0.5162209922360865,3.8362138,4.099531861437902,4.398526,4.412692
2025-02-12,6.5,8.6,6.391111111111112,7.8234997,0.4868693385056224,0.5162209922360865,6.7979083,6.826427018797166,6.9685073,6.9667277
2025-02-13,0.9999999999999997,6.5,6.7600000000000025,8.0735,0.4868693385056224,0.5162209922360865,5.992189,5.845817330480254,5.9235396,5.5185504
2025-02-14,6.000000000000001,1.0,7.101111111111111,8.9735,0.4868693385056224,0.5162209922360865,2.5231109,2.458036439085968,3.1624274,2.761076
2025-02-15,1.9999999999999993,6.0,7.308888888888889,9.4735,0.4868693385056224,0.5162209922360865,5.0540376,5.86453932734619,5.6878185,5.1212015
2025-02-16,4.7,2.0,7.502222222222223,11.1735,2.687448054714116,2.736368581291631,3.8261921,3.334814520465653,3.907771,3.163402
2025-02-17,11.0,4.7,7.804444444444446,14.7235,2.687448054714116,2.736368581291631,4.516499,5.055440758122876,5.313316,5.3178606
2025-02-18,6.000000000000001,11.0,7.797777777777778,11.4235,2.687448054714116,2.736368581291631,9.1746,9.399598235742758,8.929846,9.289362
2025-02-19,11.6,6.0,7.742222222222223,11.5234995,2.687448054714116,2.736368581291631,6.108009,5.801560615352395,5.8893776,5.594003
2025-02-20,11.6,11.6,7.831111111111112,10.4735,2.687448054714116,2.736368581291631,8.263828,9.377239792088819,9.499205,9.654692
2025-02-21,11.0,11.6,7.75,10.6235,2.687448054714116,2.736368581291631,9.449166,10.194524213515598,9.830756,9.779691
2025-02-22,6.1000000000000005,11.0,7.710000000000001,9.6235,2.687448054714116,2.736368581291631,9.156213,9.658568134865448,9.88534,9.418243
2025-02-23,11.4,6.1,7.665555555555557,12.0735,2.687448054714116,2.736368581291631,7.8631067,7.405802806238518,7.2502694,7.0693893
2025-02-24,11.1,11.4,7.677777777777778,9.1235,2.687448054714116,2.736368581291631,10.321663,11.394957208190492,10.960196,11.307457
2025-02-25,4.200000000000001,11.1,7.596666666666668,8.8235,2.687448054714116,2.736368581291631,10.952098,10.667100898031952,10.574587,10.506821
2025-02-26,2.8000000000000007,4.2,7.645555555555556,10.8735,2.687448054714116,2.736368581291631,7.298165,6.636495225727828,6.50377,6.357451
2025-02-27,6.5,2.8,7.404444444444445,11.7235,2.687448054714116,2.736368581291631,5.7270436,5.960500553061349,5.3718824,5.4983077
2025-02-28,5.2,6.5,7.405555555555556,10.8735,2.687448054714116,2.736368581291631,7.179344,7.903564307604005,7.1161194,7.1697264
2025-03-01,8.0,5.2,7.236666666666667,12.2734995,2.687448054714116,2.736368581291631,6.0379443,6.093885299030269,6.1086235,5.0974517
2025-03-02,5.599999999999999,8.0,7.216666666666667,11.1735,2.687448054714116,2.736368581291631,7.885922,8.075173833181696,7.758807,7.994786
2025-03-03,4.7,5.6,7.384444444444445,13.0735,2.687448054714116,2.736368581291631,6.601687,6.442825251740739,6.0349665,5.999784
2025-03-04,14.6,4.7,7.51777777777778,13.9735,2.687448054714116,2.736368581291631,4.9291086,5.32233552734623,5.355999,5.3015337
2025-03-05,13.400000000000002,14.6,7.682222222222223,13.1735,2.687448054714116,2.736368581291631,10.709184,11.677379090728015,11.674261,11.9546585
2025-03-06,13.1,13.4,7.916666666666668,13.6735,2.687448054714116,2.736368581291631,10.681501,11.113120129713097,11.071545,11.027798
2025-03-07,9.9,13.1,8.015555555555554,10.9735,2.687448054714116,2.736368581291631,10.036302,11.207699272199596,11.479562,10.863071
2025-03-08,7.7,9.9,8.22777777777778,13.7734995,2.687448054714116,2.736368581291631,9.591692,10.203542971390185,9.812851,9.495355
2025-03-09,12.6,7.7,8.48888888888889,15.7235,2.687448054714116,2.736368581291631,8.507377,8.899921613758668,8.674661,8.424642
2025-03-10,13.0,12.6,8.807777777777778,15.6735,2.687448054714116,2.736368581291631,11.690768,12.096365923113147,12.199377,12.496183
2025-03-11,8.300000000000002,13.0,9.136666666666667,14.9735,2.687448054714116,2.736368581291631,12.661845,12.856650272577259,12.721343,12.898006
2025-03-12,9.800000000000002,8.3,9.41,15.8735,2.687448054714116,2.736368581291631,9.729194,9.631865342204852,9.493316,9.273854
2025-03-13,10.7,9.8,9.67,16.3735,2.687448054714116,2.736368581291631,10.318254,10.774574210152567,10.3031225,10.646823
2025-03-14,17.0,10.7,9.954444444444444,18.6735,2.687448054714116,2.736368581291631,10.616893,10.976721251487346,10.619347,10.657948
2025-03-15,13.0,17.0,9.987777777777778,14.9735,2.687448054714116,2.736368581291631,13.962069,14.599671318941237,14.999248,14.878457
2025-03-16,11.0,13.0,10.101111111111111,13.7734995,2.687448054714116,2.736368581291631,12.931627,12.545203267211484,12.479421,12.141014
2025-03-17,15.5,11.0,10.271111111111113,14.0735,2.687448054714116,2.736368581291631,10.773092,11.581442474528666,11.457366,11.453832
2025-03-18,10.1,15.5,10.422222222222224,17.473501,14.311293936548477,14.445501241657988,13.643579,14.466331030059655,14.471039,14.382297
2025-03-19,7.000000000000002,10.1,10.544444444444444,15.2734995,14.311293936548477,14.445501241657988,11.621724,11.091535048998175,11.069175,10.741099
2025-03-20,10.0,7.0,10.716666666666667,15.0735,14.311293936548477,14.445501241657988,9.196306,9.333092609670251,9.312782,9.479892
2025-03-21,17.0,10.0,11.061111111111112,18.2735,14.311293936548477,14.445501241657988,11.358261,11.72726036973226,11.07399,11.248768
2025-03-22,19.6,17.0,11.293333333333331,20.1735,14.311293936548477,14.445501241657988,13.806817,15.212817855075178,15.276542,15.733988
2025-03-23,14.7,19.6,11.6,17.2735,14.311293936548477,14.445501241657988,15.810257,16.449772802314097,16.941757,16.265676
2025-03-24,11.8,14.7,11.672222222222222,15.7734995,14.311293936548477,14.445501241657988,13.248588,14.049107056397302,14.014131,13.467515
2025-03-25,10.599999999999998,11.8,11.65,13.5735,14.311293936548477,14.445501241657988,11.293118,12.486490453076502,12.376109,11.934368
2025-03-26,8.7,10.6,11.795555555555557,12.5735,14.311293936548477,14.445501241657988,11.72243,11.908969241179793,11.842789,11.359829
2025-03-27,6.4,8.7,11.99888888888889,11.8735,14.311293936548477,14.445501241657988,10.802697,10.839778328961787,10.874043,10.704935
2025-03-28,6.4,6.4,12.30111111111111,13.2734995,14.311293936548477,14.445501241657988,9.4920435,9.614735008081292,9.300201,9.358063
2025-03-29,10.3,6.4,12.611111111111114,14.6735,14.311293936548477,14.445501241657988,9.001642,9.290962669776475,8.602655,9.006106
2025-03-30,10.4,10.3,12.891111111111114,12.6735,14.311293936548477,14.445501241657988,10.304036,10.77343752644475,10.249362,10.756526
2025-03-31,6.4,10.4,13.09,10.5735,14.311293936548477,14.445501241657988,10.20146,10.183167834542076,9.889418,9.918064
2025-04-01,7.400000000000001,6.4,13.107777777777775,15.1735,14.311293936548477,14.445501241657988,7.5132656,7.533540379954392,7.2785864,7.1638904
2025-04-02,18.0,7.4,13.192222222222222,18.073502,14.311293936548477,14.445501241657988,7.7897496,8.2434267636291,7.7669163,7.960257
2025-04-03,15.999999999999998,18.0,13.334444444444445,17.7735,14.311293936548477,14.445501241657988,13.2979965,14.709280698252861,14.81149,14.829896
2025-04-04,11.1,16.0,13.594444444444445,18.973501,14.311293936548477,14.445501241657988,12.967942,13.31367303632809,13.569887,12.923087
2025-04-05,14.0,11.1,13.641111111111112,20.2735,14.311293936548477,14.445501241657988,10.074989,11.037394224841911,11.150224,10.658632
2025-04-06,19.1,14.0,13.682222222222224,19.073502,14.311293936548477,14.445501241657988,12.348167,13.655148975697367,13.39444,13.230482
2025-04-07,11.0,19.1,13.612222222222222,15.8735,14.311293936548477,14.445501241657988,15.521846,16.622047364449482,17.013865,17.056067
2025-04-08,10.8,11.0,13.69888888888889,14.5735,14.311293936548477,14.445501241657988,12.585229,11.674535805575278,12.089017,11.196636
2025-04-09,10.2,10.8,13.887777777777778,15.6735,14.311293936548477,14.445501241657988,12.012949,12.78656969656189,12.611388,12.8636055
2025-04-10,9.100000000000001,10.2,13.832222222222223,16.2735,14.311293936548477,14.445501241657988,11.890722,12.216539191973812,11.651243,11.458423
2025-04-11,14.0,9.1,13.841111111111111,19.8735,14.311293936548477,14.445501241657988,10.641645,10.63454471007225,10.626907,10.487317
2025-04-12,17.199999999999996,14.0,13.806666666666668,21.6735,14.311293936548477,14.445501241657988,13.613365,13.785548982968082,13.810503,13.961065
2025-04-13,22.799999999999994,17.2,13.902222222222223,18.573502,14.311293936548477,14.445501241657988,14.866094,15.831226209170346,15.680606,16.024483
2025-04-14,18.0,22.8,13.962222222222222,17.473501,14.311293936548477,14.445501241657988,16.471848,18.66316349825252,19.335594,18.526306
2025-04-15,12.8,18.0,14.046666666666667,20.6735,14.311293936548477,14.445501241657988,15.062314,16.172829584881242,16.315588,15.776475
2025-04-16,14.1,12.8,14.372222222222222,16.7735,14.311293936548477,14.445501241657988,12.477016,13.609771717114535,13.804471,13.144232
2025-04-17,6.8999999999999995,14.1,14.474444444444442,10.8735,14.767242803453799,14.799841258089732,14.67561,14.991928032718084,15.138648,15.011371
2025-04-18,8.0,6.9,14.664444444444447,13.6735,14.767242803453799,14.799841258089732,11.341698,10.646452495545443,10.5922785,10.406139
2025-04-19,10.0,8.0,14.665555555555557,17.573502,14.767242803453799,14.799841258089732,10.4836035,11.22400713955087,11.074031,11.343315
2025-04-20,13.2,10.0,14.906666666666668,19.473501,14.767242803453799,14.799841258089732,11.906148,12.329516082615326,11.629521,11.4934
2025-04-21,12.8,13.2,15.09333333333333,13.5735,14.767242803453799,14.799841258089732,11.669316,13.067459193320559,12.884824,12.762206
2025-04-22,12.7,12.8,15.34,15.1735,14.767242803453799,14.799841258089732,12.426151,12.203613612638634,12.138996,12.010046
2025-04-23,12.5,12.7,15.624444444444444,18.473501,14.767242803453799,14.799841258089732,11.62148,12.351184215703627,12.106111,12.430303
2025-04-24,17.1,12.5,15.933333333333334,19.6735,14.767242803453799,14.799841258089732,11.326619,11.945412205242755,11.912501,11.820559
2025-04-25,14.7,17.1,16.25222222222222,22.473501,14.767242803453799,14.799841258089732,14.123612,15.165477601235706,15.480814,15.696493
2025-04-26,17.4,14.7,16.474444444444444,21.573502,14.767242803453799,14.799841258089732,14.08475,13.963754286519803,14.136424,13.940816
2025-04-27,16.6,17.4,16.728888888888886,21.473501,14.767242803453799,14.799841258089732,15.094527,16.170017970063345,16.533028,16.39367
2025-04-28,15.999999999999998,16.6,16.764444444444443,21.1735,14.767242803453799,14.799841258089732,15.445552,15.936833727114012,16.00658,15.914349
2025-04-29,19.5,16.0,16.948888888888888,19.973501,14.767242803453799,14.799841258089732,15.097431,15.675139365891694,15.995722,15.937312
2025-04-30,19.7,19.5,17.305555555555557,20.1735,14.767242803453799,14.799841258089732,17.661774,18.168509575800503,18.662205,18.71904
2025-05-01,22.499999999999996,19.7,17.508888888888887,22.1735,14.767242803453799,14.799841258089732,18.037537,18.679856374054985,18.943419,19.13904
2025-05-02,23.299999999999997,22.5,17.89666666666667,23.973501,14.767242803453799,14.799841258089732,19.15737,20.40723235112705,21.002102,20.772188
2025-05-03,20.100000000000005,23.3,18.07888888888889,25.1735,14.767242803453799,14.799841258089732,20.075714,21.465314765774732,21.6766,21.740278
2025-05-04,24.999999999999996,20.1,18.296666666666667,26.573502,14.767242803453799,14.799841258089732,19.008396,19.67732664920849,20.076714,19.82626
2025-05-05,15.0,25.0,18.42222222222222,23.7735,14.767242803453799,14.799841258089732,21.69909,23.180845304217943,23.610462,23.729704
2025-05-06,13.400000000000002,15.0,18.59777777777778,23.073502,14.767242803453799,14.799841258089732,18.07961,17.296231427996563,17.236767,16.9921
2025-05-07,23.9,13.4,18.601111111111113,25.473501,14.767242803453799,14.799841258089732,15.988455,16.39510689865119,16.77115,17.165497
2025-05-08,22.799999999999994,23.9,18.59888888888889,25.1735,14.767242803453799,14.799841258089732,21.6558,23.139313141540534,23.135761,22.801058
2025-05-09,20.799999999999997,22.8,18.644444444444446,20.8735,14.767242803453799,14.799841258089732,20.435884,21.60546198706741,21.667955,21.799664
2025-05-10,18.0,20.8,18.862222222222222,20.1735,14.767242803453799,14.799841258089732,19.588644,20.112579382241933,20.755775,19.897802
2025-05-11,17.199999999999996,18.0,19.13,19.6735,14.767242803453799,14.799841258089732,17.788992,19.2500762980315,18.992645,19.083635
2025-05-12,18.999999999999996,17.2,19.220000000000002,19.3735,14.767242803453799,14.799841258089732,17.301338,17.996057775653444,18.309729,18.281528
2025-05-13,21.000000000000004,19.0,19.371111111111112,22.2735,14.767242803453799,14.799841258089732,18.776436,19.058537677516256,19.74703,19.917606
2025-05-14,20.699999999999996,21.0,19.445555555555558,19.3735,14.767242803453799,14.799841258089732,20.263144,20.909894319417475,21.16525,21.406921
2025-05-15,15.700000000000001,20.7,19.447777777777777,17.2735,14.767242803453799,14.799841258089732,19.847307,20.395891701465462,20.663982,20.555365
2025-05-16,14.3,15.7,19.513333333333332,18.473501,14.767242803453799,14.799841258089732,17.049955,17.147549529177034,17.205696,16.890722
2025-05-17,13.9,14.3,19.542222222222225,21.6735,16.345443344315942,16.35500603208791,15.661051,16.208328944692454,16.303423,16.331413
2025-05-18,17.299999999999997,13.9,19.843333333333334,23.1735,16.345443344315942,16.35500603208791,15.664949,15.77696815801847,15.824172,16.029787
2025-05-19,21.39999999999999,17.3,20.048888888888886,24.3735,16.345443344315942,16.35500603208791,16.870876,17.625836373026036,17.95924,18.254757
2025-05-20,21.39999999999999,21.4,20.206666666666667,26.073502,16.345443344315942,16.35500603208791,19.110348,19.99700595812115,20.32999,20.300526
2025-05-21,21.899999999999995,21.4,20.3,27.7735,16.345443344315942,16.35500603208791,18.626669,19.80901914413229,20.06987,19.872707
2025-05-22,21.199999999999996,21.9,20.605555555555558,29.073502,16.345443344315942,16.35500603208791,18.46416,20.074549711800046,20.505219,20.101734
2025-05-23,25.399999999999995,21.2,20.988888888888887,24.073502,16.345443344315942,16.35500603208791,18.645649,20.041524348496313,20.424068,20.233753
2025-05-24,21.000000000000004,25.4,21.296666666666667,20.3735,16.345443344315942,16.35500603208791,21.144184,23.036260737325428,23.504765,23.674372
2025-05-25,16.9,21.0,21.51777777777778,17.2735,16.345443344315942,16.35500603208791,20.736134,20.805116766005177,21.115215,20.968355
2025-05-26,18.4,16.9,21.72555555555556,20.073502,16.345443344315942,16.35500603208791,18.428387,18.788045452385347,19.144186,18.810102
2025-05-27,15.800000000000002,18.4,22.052222222222223,22.573502,16.345443344315942,16.35500603208791,19.227247,19.897245399882685,20.10254,20.42535
2025-05-28,17.600000000000005,15.8,22.32,24.6735,16.345443344315942,16.35500603208791,18.204956,17.861860660545965,17.966543,18.249224
2025-05-29,18.7,17.6,22.711111111111112,25.6735,16.345443344315942,16.35500603208791,18.211826,18.572781987474173,19.03523,19.202923
2025-05-30,23.6,18.7,23.131111111111114,25.573502,16.345443344315942,16.35500603208791,18.865965,19.295661836201475,19.297089,19.69233
2025-05-31,23.9,23.6,23.407777777777774,24.2735,16.345443344315942,16.35500603208791,20.11558,21.681036665853394,21.967777,22.142498
2025-06-01,22.2,23.9,23.75333333333333,23.2735,16.345443344315942,16.35500603208791,20.383074,21.634817310466108,21.87776,21.834743
2025-06-02,21.499999999999993,22.2,23.793333333333333,22.573502,16.345443344315942,16.35500603208791,19.728466,21.036665080777293,21.356823,21.113396
2025-06-03,23.699999999999996,21.5,24.033333333333335,23.473501,16.345443344315942,16.35500603208791,19.87495,20.955606834824277,21.338408,21.12548
2025-06-04,26.6,23.7,24.221111111111114,25.573502,16.345443344315942,16.35500603208791,21.541115,22.7625603326488,23.051445,23.433739
2025-06-05,26.199999999999996,26.6,24.504444444444445,27.2735,16.345443344315942,16.35500603208791,23.60061,24.7443156453768,24.954058,25.25563
2025-06-06,23.9,26.2,24.527777777777768,27.8735,16.345443344315942,16.35500603208791,23.847324,24.956035046636803,24.888336,25.157202
2025-06-07,26.0,23.9,24.674444444444443,27.6735,16.345443344315942,16.35500603208791,22.723473,23.77844691608597,23.775667,23.93043
2025-06-08,25.300000000000004,26.0,24.674444444444443,27.973501,16.345443344315942,16.35500603208791,23.655922,25.267676531800536,25.273882,25.68304
2025-06-09,29.5,25.3,24.745555555555555,29.3735,16.345443344315942,16.35500603208791,24.130424,24.852375993129606,24.817833,25.384274
2025-06-10,24.499999999999996,29.5,24.767777777777777,30.073502,16.345443344315942,16.35500603208791,26.13592,27.71565232922274,27.729921,27.881483
2025-06-11,25.300000000000004,24.5,24.761111111111113,30.2735,16.345443344315942,16.35500603208791,24.400179,24.889770901549007,24.497606,24.992056
2025-06-12,29.600000000000005,25.3,24.976666666666663,29.573502,16.345443344315942,16.35500603208791,24.38822,25.4911546772324,25.552845,25.8959
2025-06-13,28.799999999999997,29.6,25.243333333333336,28.8735,16.345443344315942,16.35500603208791,26.682072,28.188488136485212,27.854757,28.41761
2025-06-14,26.5,28.8,25.33555555555556,26.2735,16.345443344315942,16.35500603208791,26.541237,27.640945859089197,27.265001,27.98314
2025-06-15,25.6,26.5,25.50888888888889,26.1735,16.345443344315942,16.35500603208791,25.466393,26.348885154202552,26.252916,26.637377
2025-06-16,24.7,25.6,25.533333333333335,26.473501,25.970320077705605,25.898275550746295,25.11535,26.38226671747089,25.968397,26.738852
2025-06-17,21.000000000000004,24.7,25.612222222222222,26.8735,25.970320077705605,25.898275550746295,24.66273,25.376022740927404,25.298077,25.94067
2025-06-18,23.699999999999996,21.0,25.64333333333333,28.2735,25.970320077705605,25.898275550746295,23.097954,23.008412587946435,23.18004,23.388607
2025-06-19,24.3,23.7,25.665555555555553,28.2735,25.970320077705605,25.898275550746295,23.961866,24.849921611688224,24.819098,25.568336
2025-06-20,27.599999999999998,24.3,25.766666666666666,27.7735,25.970320077705605,25.898275550746295,24.059078,24.73188995714766,24.47255,25.331722
2025-06-21,26.4,27.6,26.08888888888889,26.073502,25.970320077705605,25.898275550746295,24.761663,26.27950979098935,26.251833,26.379156
2025-06-22,25.699999999999992,26.4,26.281111111111112,25.7735,25.970320077705605,25.898275550746295,24.454296,25.5001495765871,25.200785,25.679916
2025-06-23,22.099999999999998,25.7,26.496666666666666,26.8735,25.970320077705605,25.898275550746295,23.909803,25.158553696348644,25.083563,25.47559
2025-06-24,26.900000000000002,22.1,26.764444444444447,27.2735,25.970320077705605,25.898275550746295,22.517508,22.92680875427036,23.043106,23.06991
2025-06-25,23.799999999999997,26.9,27.022222222222222,27.1735,25.970320077705605,25.898275550746295,24.747381,26.26135285989263,26.348166,26.794989
2025-06-26,21.999999999999996,23.8,27.216666666666665,27.2735,25.970320077705605,25.898275550746295,24.117617,24.214964850699715,24.056519,24.636356
2025-06-27,23.299999999999997,22.0,27.3,28.7735,25.970320077705605,25.898275550746295,22.750257,23.208121240197674,23.399014,23.513273
2025-06-28,29.5,23.3,27.328888888888887,30.2735,25.970320077705605,25.898275550746295,22.986843,23.99749638635591,23.89273,24.465849
2025-06-29,28.9,29.5,27.37666666666666,28.573502,25.970320077705605,25.898275550746295,25.205103,27.53289210423575,27.367123,27.838306
2025-06-30,27.7,28.9,27.37666666666666,27.573502,25.970320077705605,25.898275550746295,25.540087,26.759591989388266,26.534231,26.818289
2025-07-01,24.39999999999999,27.7,27.49,28.073502,25.970320077705605,25.898275550746295,24.910368,26.68404367336586,26.442354,26.588469
2025-07-02,28.799999999999997,24.4,27.629999999999992,28.7735,25.970320077705605,25.898275550746295,23.583374,24.840483784216413,24.614538,24.904608
2025-07-03,30.2,28.8,27.698888888888884,29.3735,25.970320077705605,25.898275550746295,25.825901,27.685513851884494,27.698734,28.132555
2025-07-04,29.799999999999997,30.2,27.931111111111115,28.973501,25.970320077705605,25.898275550746295,27.407812,28.675809487298515,28.308842,28.982729
2025-07-05,28.799999999999997,29.8,27.917777777777783,28.3735,25.970320077705605,25.898275550746295,27.528023,28.859610588235352,28.423233,28.760973
2025-07-06,26.999999999999993,28.8,27.942222222222224,27.973501,25.970320077705605,25.898275550746295,26.841465,28.43984510158305,27.881813,28.471655
2025-07-07,24.999999999999996,27.0,27.926666666666662,28.7735,25.970320077705605,25.898275550746295,26.341982,27.370065226100944,26.929752,27.688427
2025-07-08,27.899999999999995,25.0,27.874444444444443,30.473501,25.970320077705605,25.898275550746295,25.336227,25.95788099265829,25.901419,26.514593
2025-07-09,27.999999999999996,27.9,27.77111111111111,32.0735,25.970320077705605,25.898275550746295,26.92923,28.079369473957268,27.827093,28.530926
2025-07-10,32.0,28.0,27.815555555555555,30.473501,25.970320077705605,25.898275550746295,27.014008,27.945286215214733,27.42573,28.232405
2025-07-11,27.599999999999998,32.0,27.914444444444445,29.7735,25.970320077705605,25.898275550746295,28.201275,30.246228013537998,29.831324,29.922335
2025-07-12,29.999999999999993,27.6,27.94111111111111,31.1735,25.970320077705605,25.898275550746295,26.5762,27.478551244432975,26.738943,27.62487
2025-07-13,29.999999999999993,30.0,27.959999999999997,29.8735,25.970320077705605,25.898275550746295,27.06897,29.07163881260833,28.862425,29.098812
2025-07-14,30.999999999999996,30.0,27.971428571428568,31.973501,25.970320077705605,25.898275550746295,27.8793,29.17639903191399,28.549007,29.378502
2025-07-15,33.49999999999999,31.0,27.973626373626367,31.2735,25.970320077705605,25.898275550746295,28.56184,30.000648844442686,29.588463,30.193293
2025-07-16,28.799999999999997,33.5,27.85604395604395,30.8735,31.840977622073087,31.861300375011066,30.098923,31.778916839708096,31.10226,31.569393
2025-07-17,30.7,28.8,27.67032967032967,30.973501,31.840977622073087,31.861300375011066,28.57032,29.18873404694192,28.234167,29.437584
2025-07-18,30.599999999999998,30.7,27.59230769230769,29.573502,31.840977622073087,31.861300375011066,28.706417,30.270868991252673,29.959024,30.406641
2025-07-19,29.799999999999997,30.6,27.287912087912087,29.473501,31.840977622073087,31.861300375011066,29.087893,30.505148033627133,29.604506,30.69451
2025-07-20,24.000000000000004,29.8,27.279120879120875,30.1735,31.840977622073087,31.861300375011066,28.928438,29.815839473335544,29.307318,30.152557
2025-07-21,23.9,24.0,27.158241758241754,29.7735,31.840977622073087,31.861300375011066,26.012,26.308326868988125,25.851355,26.399504
2025-07-22,26.5,23.9,27.095604395604393,30.1735,31.840977622073087,31.861300375011066,25.516607,26.317674840856178,26.012093,26.976604
2025-07-23,29.299999999999997,26.5,27.190109890109888,31.1735,31.840977622073087,31.861300375011066,26.272085,27.202934936375446,26.89546,27.833887
2025-07-24,30.2,29.3,27.29340659340659,30.6735,31.840977622073087,31.861300375011066,27.109556,28.55640636553963,28.182255,28.650309
2025-07-25,29.299999999999997,30.2,27.18461538461538,31.8735,31.840977622073087,31.861300375011066,27.266342,28.910627849724232,28.35652,28.617172
2025-07-26,27.2,29.3,26.985714285714284,31.2735,31.840977622073087,31.861300375011066,26.546778,28.3868655843621,27.758322,28.459677
2025-07-27,31.799999999999997,27.2,26.860439560439563,31.473501,31.840977622073087,31.861300375011066,25.5665,26.923258057912513,26.641836,27.196182
2025-07-28,27.599999999999998,31.8,26.625274725274732,27.8735,31.840977622073087,31.861300375011066,28.025524,30.112154595414108,29.87219,30.202698
2025-07-29,23.799999999999997,27.6,26.43222222222223,27.8735,31.840977622073087,31.861300375011066,27.382498,27.71014250928074,27.098011,28.097166
2025-07-30,24.199999999999996,23.8,26.32333333333333,29.073502,31.840977622073087,31.861300375011066,25.06046,25.608845595700625,25.550163,25.907894
2025-07-31,27.599999999999998,24.2,26.443333333333328,29.7735,31.840977622073087,31.861300375011066,24.922043,26.028588603915537,25.703844,26.584148
2025-08-01,26.199999999999996,27.6,26.642222222222223,30.7735,31.840977622073087,31.861300375011066,26.35945,27.62805166300071,27.313986,28.202528
2025-08-02,27.599999999999998,26.2,26.662222222222226,32.6735,31.840977622073087,31.861300375011066,25.71026,26.192940373793235,26.012068,26.525616
2025-08-03,33.49999999999999,27.6,26.861111111111118,30.7735,31.840977622073087,31.861300375011066,25.886028,27.35875609351858,27.007528,27.39142
2025-08-04,27.099999999999994,33.5,26.971111111111114,29.473501,31.840977622073087,31.861300375011066,27.837807,30.76912963270008,30.16967,30.53914
2025-08-05,31.699999999999992,27.1,27.047777777777778,30.2735,31.840977622073087,31.861300375011066,26.112675,26.488701361109744,25.958185,26.74762
2025-08-06,29.4,31.7,27.056666666666672,29.3735,31.840977622073087,31.861300375011066,27.652285,29.9329586452612,29.956192,29.929293
2025-08-07,27.599999999999998,29.4,26.91444444444444,27.2735,31.840977622073087,31.861300375011066,27.631912,29.08162650920268,28.077358,29.295788
2025-08-08,26.900000000000002,27.6,26.784444444444443,26.7735,31.840977622073087,31.861300375011066,26.944254,27.780098292015644,27.683744,28.373444
2025-08-09,27.39999999999999,26.9,26.84222222222222,26.7735,31.840977622073087,31.861300375011066,26.964209,27.74526486565951,27.387278,28.196188
2025-08-10,26.6,27.4,26.880000000000003,27.973501,31.840977622073087,31.861300375011066,27.333199,28.27875147730472,27.685637,28.84157
2025-08-11,25.2,26.6,26.84,27.8735,31.840977622073087,31.861300375011066,26.477175,27.021517272426475,26.80978,27.496313
2025-08-12,26.900000000000002,25.2,26.833333333333332,27.973501,31.840977622073087,31.861300375011066,25.769844,26.358037757411175,26.008215,26.713678
2025-08-13,24.39999999999999,26.9,26.856666666666666,27.973501,31.840977622073087,31.861300375011066,25.973885,27.089932442063844,26.79105,27.447098
2025-08-14,23.5,24.4,26.83888888888889,28.2735,31.840977622073087,31.861300375011066,24.873068,25.182897050845416,24.932564,25.572208
2025-08-15,23.5,23.5,26.726666666666667,28.2735,24.86453912924489,24.88158620123071,23.849825,24.47408886551532,24.527168,24.918045
2025-08-16,24.3,23.5,26.742222222222225,28.8735,24.86453912924489,24.88158620123071,23.658573,24.453312014704323,24.324497,24.987797
2025-08-17,29.900000000000002,24.3,26.65444444444444,29.073502,24.86453912924489,24.88158620123071,23.89205,24.61560283540371,24.57593,25.234802
2025-08-18,22.499999999999996,29.9,26.503333333333334,27.3735,24.86453912924489,24.88158620123071,26.152842,27.874707602966733,27.77333,27.824791
2025-08-19,21.999999999999996,22.5,26.347777777777786,27.3735,24.86453912924489,24.88158620123071,23.37793,23.26673129082619,22.962942,23.268621
2025-08-20,21.999999999999996,22.0,26.224444444444448,28.573502,24.86453912924489,24.88158620123071,21.785126,23.00612738693008,23.321651,23.400373
2025-08-21,22.499999999999996,22.0,26.161111111111115,29.573502,24.86453912924489,24.88158620123071,22.222515,23.122706877038294,23.025091,23.619843
2025-08-22,22.9,22.5,26.19555555555556,29.8735,24.86453912924489,24.88158620123071,22.395939,23.021688848769,23.294107,23.893152
2025-08-23,26.0,22.9,26.19222222222222,30.073502,24.86453912924489,24.88158620123071,22.867939,23.1865602744435,23.381443,23.673262
2025-08-24,29.999999999999993,26.0,26.14111111111111,29.2735,24.86453912924489,24.88158620123071,23.821281,25.3655548079306,25.109577,25.805983
2025-08-25,29.999999999999993,30.0,26.10333333333333,28.7735,24.86453912924489,24.88158620123071,24.952303,27.202440272098766,27.036026,27.175182
2025-08-26,24.000000000000004,30.0,26.14666666666667,29.3735,24.86453912924489,24.88158620123071,25.121374,27.378572154035894,27.087585,27.350391
2025-08-27,29.999999999999993,24.0,26.172222222222217,30.973501,24.86453912924489,24.88158620123071,23.165503,24.134312702438965,24.073269,24.087639
2025-08-28,26.0,30.0,26.15111111111111,31.6735,24.86453912924489,24.88158620123071,26.114511,28.517700749174978,28.494335,28.613958
2025-08-29,30.999999999999996,26.0,26.119999999999997,29.073502,24.86453912924489,24.88158620123071,25.686012,26.08614010178791,25.628391,26.623714
2025-08-30,26.999999999999993,31.0,26.05333333333333,28.973501,24.86453912924489,24.88158620123071,27.440407,29.448377591896328,29.552792,29.526163
2025-08-31,26.0,27.0,25.884444444444444,29.7735,24.86453912924489,24.88158620123071,26.339151,27.404631690615865,26.533794,27.482162
2025-09-01,24.999999999999996,26.0,25.893333333333334,29.7735,24.86453912924489,24.88158620123071,25.796553,26.664667267162557,26.494099,27.097198
2025-09-02,26.999999999999993,25.0,25.763333333333332,29.573502,24.86453912924489,24.88158620123071,25.295458,25.783523238304426,25.627272,26.286604
2025-09-03,21.000000000000004,27.0,25.659999999999997,28.473501,24.86453912924489,24.88158620123071,26.136496,27.278569396822483,26.992002,27.873018
2025-09-04,29.999999999999993,21.0,25.637777777777778,29.073502,24.86453912924489,24.88158620123071,23.309097,22.976572704140647,23.002989,23.03537
2025-09-05,26.999999999999993,30.0,25.514444444444447,28.3735,24.86453912924489,24.88158620123071,26.759663,28.91480409365424,28.80479,28.734697
2025-09-06,24.999999999999996,27.0,25.494444444444444,29.073502,24.86453912924489,24.88158620123071,25.656874,26.434638438399855,25.674896,26.918226
2025-09-07,24.999999999999996,25.0,25.476666666666674,29.573502,24.86453912924489,24.88158620123071,24.094604,24.99885062503296,25.185738,25.234728
2025-09-08,26.0,25.0,25.39333333333333,29.6735,24.86453912924489,24.88158620123071,24.464209,25.397015982332267,25.169727,25.648853
2025-09-09,24.999999999999996,26.0,25.298888888888886,30.073502,24.86453912924489,24.88158620123071,24.920061,26.021644432350097,25.7811,26.71429
2025-09-10,26.0,25.0,25.187777777777775,26.1735,24.86453912924489,24.88158620123071,24.444784,24.858806172547865,25.048939,25.482258
2025-09-11,24.000000000000004,26.0,25.020000000000003,25.073502,24.86453912924489,24.88158620123071,25.159624,26.19796102312805,25.948046,26.533344
2025-09-12,23.0,24.0,24.914444444444445,25.3735,24.86453912924489,24.88158620123071,24.014238,24.594300751577016,24.38968,24.976307
2025-09-13,24.999999999999996,23.0,24.82,24.1735,24.86453912924489,24.88158620123071,23.187445,23.765306019013476,23.87234,24.183563
2025-09-14,24.000000000000004,25.0,24.723333333333333,24.1735,25.25771279289159,25.2501827272386,24.086477,25.015874301347207,24.98401,25.59603
2025-09-15,26.999999999999993,24.0,24.60111111111111,25.7735,25.25771279289159,25.2501827272386,23.810825,24.251170084605402,24.16555,24.752926
2025-09-16,27.999999999999996,27.0,24.438888888888894,26.573502,25.25771279289159,25.2501827272386,24.753567,25.990945370062537,26.014885,26.247835
2025-09-17,24.000000000000004,28.0,24.432222222222222,26.6735,25.25771279289159,25.2501827272386,25.330238,26.72743402152212,26.349384,26.988934
2025-09-18,23.0,24.0,24.41888888888889,26.973501,25.25771279289159,25.2501827272386,23.8186,24.116463568144827,24.083853,24.339642
2025-09-19,26.0,23.0,24.216666666666665,25.1735,25.25771279289159,25.2501827272386,22.958183,23.75727378921559,23.91487,24.148844
2025-09-20,24.999999999999996,26.0,24.16444444444444,24.2735,25.25771279289159,25.2501827272386,24.551146,25.849168992751956,25.707891,26.42548
2025-09-21,24.000000000000004,25.0,23.841111111111108,24.1235,25.25771279289159,25.2501827272386,24.380106,24.876088257824037,24.860947,25.436827
2025-09-22,20.0,24.0,23.356666666666666,23.8735,25.25771279289159,25.2501827272386,23.811687,24.440068867580287,24.473984,24.76031
2025-09-23,23.0,20.0,23.00666666666666,23.473501,25.25771279289159,25.2501827272386,21.617735,22.020695153390175,21.963537,22.131407
2025-09-24,24.000000000000004,23.0,22.73111111111111,24.6735,25.25771279289159,25.2501827272386,22.336145,23.467902003241154,23.64878,24.22649
2025-09-25,21.999999999999996,24.0,22.37,24.4235,25.25771279289159,25.2501827272386,23.165873,23.793205134344404,23.817093,24.413847
2025-09-26,24.999999999999996,22.0,22.027777777777775,25.2735,25.25771279289159,25.2501827272386,22.170746,22.502663534155293,22.663015,22.749697
2025-09-27,21.000000000000004,25.0,21.641111111111112,25.2735,25.25771279289159,25.2501827272386,23.283478,24.38300857797528,24.412231,24.691637
2025-09-28,15.999999999999998,21.0,21.305555555555557,21.3735,25.25771279289159,25.2501827272386,21.533329,21.731138457871054,21.696613,22.016464
2025-09-29,15.999999999999998,16.0,20.95888888888889,21.8735,25.25771279289159,25.2501827272386,18.309002,18.316052155100426,18.729301,18.44083
2025-09-30,18.0,16.0,20.58888888888889,20.1735,25.25771279289159,25.2501827272386,18.23412,18.638156017514245,18.738665,19.212969
2025-10-01,21.000000000000004,18.0,20.284444444444446,21.1235,25.25771279289159,25.2501827272386,19.047926,19.42580682733214,19.589355,20.207806
2025-10-02,17.0,21.0,20.06111111111111,23.573502,25.25771279289159,25.2501827272386,19.700773,20.57643863576798,21.0212,21.064392
2025-10-03,21.999999999999996,17.0,19.698888888888888,21.8735,25.25771279289159,25.2501827272386,18.11621,18.02360315294483,17.995268,17.84538
2025-10-04,18.0,22.0,19.552222222222223,19.5235,25.25771279289159,25.2501827272386,19.37893,20.888363431168454,21.207382,21.400286
2025-10-05,15.999999999999998,18.0,19.221111111111114,19.2735,25.25771279289159,25.2501827272386,17.871506,18.063833964197915,18.11957,18.16966
2025-10-06,15.999999999999998,16.0,19.1,21.573502,25.25771279289159,25.2501827272386,16.563837,16.903879049890286,17.381708,17.230028
2025-10-07,15.999999999999998,16.0,19.034444444444446,21.3735,25.25771279289159,25.2501827272386,17.31725,17.31312947513747,17.417986,17.550266
2025-10-08,15.999999999999998,16.0,18.79111111111111,19.8735,25.25771279289159,25.2501827272386,17.068172,17.1991064050404,17.27875,17.733374
2025-10-09,15.0,16.0,18.55111111111111,20.823502,25.25771279289159,25.2501827272386,16.559805,16.63299853686558,16.960978,16.922195
2025-10-10,20.0,15.0,18.335555555555555,20.1235,25.25771279289159,25.2501827272386,16.070154,16.218141597190993,16.162548,16.344296
2025-10-11,21.000000000000004,20.0,18.123333333333335,20.573502,25.25771279289159,25.2501827272386,17.942232,18.88159802673806,19.244198,19.520906
2025-10-12,21.000000000000004,21.0,17.935555555555556,20.7735,25.25771279289159,25.2501827272386,18.493084,19.271700801795387,19.623724,19.689623
2025-10-13,21.000000000000004,21.0,17.855555555555554,21.3735,25.25771279289159,25.2501827272386,18.233727,19.428043250158844,19.974442,19.487993
2025-10-14,20.199999999999996,21.0,17.79111111111111,20.823502,20.002957020027992,19.827558181422322,18.740648,19.907698495841174,20.289001,20.008348
2025-10-15,15.999999999999998,20.2,17.611111111111107,22.8735,20.002957020027992,19.827558181422322,18.70476,19.706227652844703,20.095076,19.991451
2025-10-16,18.999999999999996,16.0,17.397777777777776,22.223501,20.002957020027992,19.827558181422322,17.25233,17.232539857313274,17.608995,17.298584
2025-10-17,18.999999999999996,19.0,17.115555555555552,20.973501,20.002957020027992,19.827558181422322,18.760921,19.62131185442751,20.039543,20.322933
2025-10-18,18.0,19.0,16.766666666666666,20.6235,20.002957020027992,19.827558181422322,19.210423,19.438813913964317,19.623123,19.912
2025-10-19,18.0,18.0,16.32777777777778,21.723501,20.002957020027992,19.827558181422322,18.253407,18.51468287140027,18.877779,18.76892
2025-10-20,15.0,18.0,15.916666666666666,21.6735,20.002957020027992,19.827558181422322,18.103142,18.55262057237209,18.724794,18.66358
2025-10-21,17.0,15.0,15.53222222222222,24.573502,20.002957020027992,19.827558181422322,16.431011,16.491422451011175,16.466564,16.57277
2025-10-22,18.999999999999996,17.0,15.107777777777779,24.5235,20.002957020027992,19.827558181422322,16.736809,17.36936681513818,17.752794,17.916876
2025-10-23,17.0,19.0,14.69777777777778,23.8735,20.002957020027992,19.827558181422322,18.34929,18.732621259557586,18.972322,19.203865
2025-10-24,15.999999999999998,17.0,14.332222222222223,23.223501,20.002957020027992,19.827558181422322,17.183315,17.241263935864914,17.470753,17.327497
2025-10-25,14.0,16.0,14.011111111111111,22.723501,20.002957020027992,19.827558181422322,16.20324,16.648043102588336,16.826965,16.635012
2025-10-26,15.0,14.0,13.732222222222223,22.4235,20.002957020027992,19.827558181422322,15.138471,15.441447595517955,15.366863,15.440062
2025-10-27,15.0,15.0,13.47777777777778,22.223501,20.002957020027992,19.827558181422322,15.256804,15.719398548751798,15.943906,16.148832
2025-10-28,17.0,15.0,13.184444444444443,20.323502,20.002957020027992,19.827558181422322,15.63606,15.713749560000007,15.833775,15.8827715
2025-10-29,17.0,17.0,12.815555555555557,18.6235,20.002957020027992,19.827558181422322,16.339048,16.891788189850626,17.076157,17.194086
2025-10-30,15.999999999999998,17.0,12.523333333333335,19.823502,20.002957020027992,19.827558181422322,16.464645,16.64565872308771,16.781876,16.80584
2025-10-31,14.0,16.0,12.222222222222225,20.7735,20.002957020027992,19.827558181422322,15.616524,15.975297742594453,16.13457,16.061625
2025-11-01,15.999999999999998,14.0,11.843333333333332,19.823502,20.002957020027992,19.827558181422322,14.452877,14.749852091561365,14.845429,14.655131
2025-11-02,20.0,16.0,11.615555555555556,19.723501,20.002957020027992,19.827558181422322,15.476157,16.158664656334615,16.345448,16.512112
2025-11-03,13.0,20.0,11.205555555555557,19.5235,20.002957020027992,19.827558181422322,17.830359,18.57995017652343,19.013834,19.194826
2025-11-04,13.0,13.0,11.004444444444443,18.323502,20.002957020027992,19.827558181422322,14.704206,14.227782100516494,14.278915,13.821215
2025-11-05,15.999999999999998,13.0,10.797777777777778,16.9235,20.002957020027992,19.827558181422322,13.688968,14.461886660880644,14.502096,14.55705
2025-11-06,1.9999999999999993,16.0,10.712222222222222,17.573502,20.002957020027992,19.827558181422322,15.650134,16.29842535151603,16.200174,16.300459
2025-11-07,12.000000000000002,2.0,10.572222222222223,18.5235,20.002957020027992,19.827558181422322,9.219327,6.892687646023585,7.048228,7.698064
2025-11-08,13.0,12.0,10.454444444444444,19.1235,20.002957020027992,19.827558181422322,11.80886,13.354532618625045,13.085696,12.390285
2025-11-09,12.000000000000002,13.0,10.244444444444444,16.1735,20.002957020027992,19.827558181422322,13.215395,13.670453041887123,12.924376,13.359758
2025-11-10,7.000000000000002,12.0,10.046666666666667,15.1735,20.002957020027992,19.827558181422322,10.415684,11.65246063833239,11.950295,11.355429
2025-11-11,8.999999999999998,7.0,9.702222222222222,16.4235,20.002957020027992,19.827558181422322,9.371407,8.935414144018694,8.532449,8.929905
2025-11-12,10.0,9.0,9.418888888888889,17.0235,20.002957020027992,19.827558181422322,9.641901,10.404178637902136,9.603755,10.29446
2025-11-13,10.0,10.0,9.181111111111111,15.6235,10.614939230455791,10.82855336261994,9.854865,9.800363025407872,9.784738,9.789998
2025-11-14,14.0,10.0,8.807777777777778,15.6235,10.614939230455791,10.82855336261994,10.35796,10.413536140000565,10.282954,10.287676
2025-11-15,11.0,14.0,8.658888888888889,19.0235,10.614939230455791,10.82855336261994,12.834298,12.980986192932798,12.833942,13.190983
2025-11-16,14.0,11.0,8.521111111111113,20.1735,10.614939230455791,10.82855336261994,11.088309,10.966161723241221,10.67082,10.867469
2025-11-17,14.0,14.0,8.397777777777778,20.6235,10.614939230455791,10.82855336261994,11.751357,12.696970997161326,12.868106,12.956325
2025-11-18,15.0,14.0,8.28,14.2734995,10.614939230455791,10.82855336261994,12.971552,13.18039798064667,13.125051,13.049224
2025-11-19,10.0,15.0,8.09,13.5735,10.614939230455791,10.82855336261994,13.093169,13.975279350988476,14.218484,14.187111
2025-11-20,8.999999999999998,10.0,7.926666666666668,12.9735,10.614939230455791,10.82855336261994,11.483789,11.140356480879083,11.102854,10.72436
2025-11-21,6.000000000000001,9.0,7.553333333333334,13.1735,10.614939230455791,10.82855336261994,10.587533,10.965154864937169,10.666792,10.871264
2025-11-22,5.0,6.0,7.267777777777778,9.7235,10.614939230455791,10.82855336261994,8.8666725,8.753164379171585,8.381385,8.207086
2025-11-23,0.9999999999999997,5.0,6.86888888888889,7.9735,10.614939230455791,10.82855336261994,7.746868,7.936382805671237,7.4945755,7.827853
2025-11-24,0.0,1.0,6.561111111111111,8.8235,10.614939230455791,10.82855336261994,4.9876738,4.9575696757004595,4.6635294,4.5169053
2025-11-25,3.0000000000000004,0.0,6.341111111111112,11.2235,10.614939230455791,10.82855336261994,3.3691685,3.8042840179993833,3.7586956,3.8958406
2025-11-26,5.0,3.0,6.315555555555555,11.8735,10.614939230455791,10.82855336261994,3.7740035,4.703638333586456,4.622413,3.926461
2025-11-27,3.0000000000000004,5.0,6.064444444444444,7.1735,10.614939230455791,10.82855336261994,4.342876,5.2503706078976515,5.2841206,4.577235
2025-11-28,0.0,3.0,5.751111111111111,7.6235,10.614939230455791,10.82855336261994,3.6391344,3.500205971486199,4.03429,3.0528076
2025-11-29,-0.9999999999999997,0.0,5.881111111111112,6.3735,10.614939230455791,10.82855336261994,1.6143066,1.6610605620374155,2.2041037,1.79849
2025-11-30,-0.9999999999999997,-1.0,5.705555555555556,6.9735,10.614939230455791,10.82855336261994,0.77318513,0.8244068419665951,1.4013366,1.1107172
2025-12-01,1.9999999999999993,-1.0,5.4655555555555555,8.4235,10.614939230455791,10.82855336261994,0.31462243,0.6175526601276495,1.312479,0.65070426
2025-12-02,3.0000000000000004,2.0,5.423333333333333,8.7734995,10.614939230455791,10.82855336261994,1.7326856,2.4605433134027495,2.846161,1.8213108
2025-12-03,1.9999999999999993,3.0,5.4877777777777785,10.1235,10.614939230455791,10.82855336261994,2.9211514,2.9577715152930306,3.3119943,2.2269146
2025-12-04,5.0,2.0,5.34,7.9735,10.614939230455791,10.82855336261994,2.0500698,2.093313331431615,2.6152246,1.5895402
2025-12-05,3.0000000000000004,5.0,5.275555555555556,8.6235,10.614939230455791,10.82855336261994,3.3611658,3.9781144576834655,4.1875243,4.3519745
2025-12-06,5.0,3.0,5.332222222222223,10.7235,10.614939230455791,10.82855336261994,2.7874293,2.8193073795459958,3.3692043,3.1829965
2025-12-07,3.0000000000000004,5.0,5.5200000000000005,10.1235,10.614939230455791,10.82855336261994,4.2324963,4.318359441119761,4.7570066,4.829386
2025-12-08,7.000000000000002,3.0,5.584444444444444,10.5234995,10.614939230455791,10.82855336261994,3.9069762,3.5415721315306,4.0022693,3.547747
2025-12-09,12.000000000000002,7.0,5.6866666666666665,12.4235,10.614939230455791,10.82855336261994,5.944373,6.175690881261986,6.189082,6.6948705
2025-12-10,4.0,12.0,5.728888888888888,10.2734995,10.614939230455791,10.82855336261994,8.913586,9.363973831920116,9.374545,9.843159
2025-12-11,6.000000000000001,4.0,5.8422222222222215,10.5234995,10.614939230455791,10.82855336261994,5.4521966,4.643467777967192,4.9366684,4.401719
2025-12-12,12.000000000000002,6.0,5.963333333333333,11.7235,10.614939230455791,10.82855336261994,5.2210546,6.316334622535292,6.1766844,6.4856334
2025-12-13,11.0,12.0,6.027777777777778,10.4735,9.680715958768083,9.63247468799412,9.684482,10.494765511302887,10.034927,10.298099
2025-12-14,10.0,11.0,5.796666666666667,10.1735,9.680715958768083,9.63247468799412,9.3960285,9.440885202640949,9.656251,9.259657
2025-12-15,8.999999999999998,10.0,5.806666666666667,12.8235,9.680715958768083,9.63247468799412,9.323309,9.522084042672088,9.520115,9.58772
2025-12-16,5.0,9.0,5.867777777777778,10.0234995,9.680715958768083,9.63247468799412,8.961857,9.652234796802558,9.024156,9.225948
2025-12-17,6.000000000000001,5.0,5.643333333333333,11.2235,9.680715958768083,9.63247468799412,6.7766614,6.577360871454944,6.4209943,6.137526
2025-12-18,7.000000000000002,6.0,5.463333333333333,10.4735,9.680715958768083,9.63247468799412,7.1999855,7.475764515655535,7.1924977,7.5077205
2025-12-19,4.6000000000000005,7.0,5.486666666666666,7.7735,9.680715958768083,9.63247468799412,8.112813,8.31391956915521,7.768355,7.924461
2025-12-20,1.9999999999999993,4.6,5.483333333333333,8.6735,9.680715958768083,9.63247468799412,6.522253,6.272206780853733,6.021498,5.7936587
2025-12-21,4.0,2.0,5.411111111111111,9.7734995,9.680715958768083,9.63247468799412,4.369963,4.426966438652618,4.4512944,4.3881125
2025-12-22,4.0,4.0,5.22,9.8235,9.680715958768083,9.63247468799412,5.011084,5.429588205571797,5.1447887,5.2886324
2025-12-23,3.0000000000000004,4.0,5.163333333333333,7.4235,9.680715958768083,9.63247468799412,4.6719956,4.769534135984262,4.9490967,4.595672
2025-12-24,4.0,3.0,5.027777777777778,8.3235,9.680715958768083,9.63247468799412,3.9902902,4.013026724510933,4.428533,3.873097
2025-12-25,1.9999999999999993,4.0,4.951764705882352,9.7734995,9.680715958768083,9.63247468799412,4.668402,4.693799966373808,4.782158,4.6784205
2025-12-26,5.0,2.0,4.591764705882353,8.7734995,9.680715958768083,9.63247468799412,3.1536117,3.1277468313909207,3.5801616,3.225948
2025-12-27,0.9999999999999997,5.0,4.329411764705882,7.7735,9.680715958768083,9.63247468799412,4.532334,4.802546049026,5.0302625,5.2330494
2025-12-28,0.0,1.0,4.214117647058823,7.5734997,9.680715958768083,9.63247468799412,2.8182793,2.428787923208798,3.0664408,2.2992082
2025-12-29,3.0000000000000004,0.0,3.998823529411765,8.0735,9.680715958768083,9.63247468799412,1.6692998,1.7545656703073393,2.358981,2.568646
2025-12-30,1.9999999999999993,3.0,3.621176470588235,9.6735,9.680715958768083,9.63247468799412,3.3691704,3.577623707216521,3.7389822,3.3846931
2025-12-31,1.9999999999999993,2.0,3.436470588235294,8.8235,9.680715958768083,9.63247468799412,2.7531319,2.678342468180366,3.1982434,2.5285878
2026-01-01,4.0,2.0,3.2105882352941175,8.9235,9.680715958768083,9.63247468799412,2.4684558,2.465574682770388,3.0766168,2.6704962
2026-01-02,3.0000000000000004,4.0,2.999999999999999,9.9235,9.680715958768083,9.63247468799412,3.9839928,4.032445282482974,4.1440415,4.1323433
2026-01-03,1.9999999999999993,3.0,2.684705882352941,10.2734995,9.680715958768083,9.63247468799412,2.9120803,3.016661702325163,3.519385,3.502161
2026-01-04,8.999999999999998,2.0,2.501176470588235,13.7235,9.680715958768083,9.63247468799412,2.5692708,2.470059829972035,3.1148386,2.97682
2026-01-05,11.0,9.0,2.328235294117647,13.6235,9.680715958768083,9.63247468799412,6.6139913,7.279952824553636,7.1309137,7.6859508
2026-01-06,8.999999999999998,11.0,2.1541176470588232,11.3735,9.680715958768083,9.63247468799412,8.045758,8.409028057723194,8.478911,8.769489
2026-01-07,3.0000000000000004,9.0,1.931764705882353,6.1235,9.680715958768083,9.63247468799412,6.7824016,7.445698816617461,7.675349,7.1712966
2026-01-08,-0.9999999999999997,3.0,1.7922222222222224,4.7735,9.680715958768083,9.63247468799412,4.2224293,4.532794559535443,4.593206,4.3559794
2026-01-09,-3.0000000000000004,-1.0,1.7155555555555553,4.4735,9.680715958768083,9.63247468799412,2.8061688,2.299286313239655,2.765957,2.4469848
2026-01-10,-0.9999999999999997,-3.0,1.7233333333333332,7.5235,9.680715958768083,9.63247468799412,1.2301391,0.8563271251945619,1.701879,0.6718111
2026-01-11,1.9999999999999993,-1.0,1.652222222222222,8.4735,9.680715958768083,9.63247468799412,0.70815086,2.0251701764395484,2.4157748,0.55808985
2026-01-12,1.9999999999999993,2.0,1.6777777777777778,6.7735,2.3355837143407068,2.4479902161700355,1.7255613,3.242632526905787,3.4485974,1.9720222
2026-01-13,7.000000000000002,2.0,1.8577777777777778,5.9235,2.3355837143407068,2.4479902161700355,2.0203195,2.4829567672538926,2.8431008,1.0622746
2026-01-14,7.000000000000002,7.0,2.005555555555555,6.0734997,2.3355837143407068,2.4479902161700355,4.353622,5.099635676913879,5.1722827,4.472495
2026-01-15,6.000000000000001,7.0,2.091111111111111,8.8735,2.3355837143407068,2.4479902161700355,4.878736,5.0081342494157335,5.2925115,4.838045
2026-01-16,1.9999999999999993,6.0,2.1688888888888886,7.6235,2.3355837143407068,2.4479902161700355,4.4452953,4.6707055511581235,5.22514,4.599328
2026-01-17,0.0,2.0,2.36,8.3235,2.3355837143407068,2.4479902161700355,3.0197642,2.960710116291657,3.5960774,2.746119
2026-01-18,8.0,0.0,2.4755555555555557,10.6235,2.3355837143407068,2.4479902161700355,2.1862795,2.1933780025910643,2.7679088,2.3674967
2026-01-19,8.0,8.0,2.5688888888888886,8.2235,2.3355837143407068,2.4479902161700355,6.3315845,7.166883821588242,6.933481,6.607295
2026-01-20,6.000000000000001,8.0,2.678888888888889,8.6735,2.3355837143407068,2.4479902161700355,6.8789635,7.1441500578112525,7.059839,6.4633093
2026-01-21,4.0,6.0,2.747777777777778,7.9735,2.3355837143407068,2.4479902161700355,5.652088,5.844072984359856,5.9860473,5.6011276
2026-01-22,5.0,4.0,2.922222222222222,9.3235,2.3355837143407068,2.4479902161700355,4.4875393,4.965081741368515,4.8747835,4.6316233
2026-01-23,5.0,5.0,3.111111111111111,10.3235,2.3355837143407068,2.4479902161700355,5.010083,5.407104898715886,5.3410497,5.1554093
2026-01-24,8.999999999999998,5.0,3.261111111111111,11.6735,2.3355837143407068,2.4479902161700355,5.3640766,5.279676015992664,5.4965377,5.3298907
2026-01-25,4.0,9.0,3.397777777777778,7.5734997,2.3355837143407068,2.4479902161700355,8.194474,8.357413245730111,8.100414,8.402042
2026-01-26,7.000000000000002,4.0,3.6077777777777778,9.7235,2.3355837143407068,2.4479902161700355,5.468139,5.114371757972197,5.113779,4.7479916
2026-01-27,7.000000000000002,7.0,3.8488888888888892,10.5234995,2.3355837143407068,2.4479902161700355,6.2175937,6.959458690912018,6.7183814,7.285268
2026-01-28,12.000000000000002,7.0,3.9511111111111115,12.4235,2.3355837143407068,2.4479902161700355,7.1454287,6.944063063276852,6.6786485,6.7582493
2026-01-29,11.0,12.0,3.9100000000000006,13.8735,2.3355837143407068,2.4479902161700355,9.419374,10.070416305978027,10.08066,10.431177
2026-01-30,10.0,11.0,4.024444444444445,15.3735,2.3355837143407068,2.4479902161700355,9.95288,9.664885972926838,9.623685,9.626406
2026-01-31,11.0,10.0,4.1866666666666665,14.5234995,2.3355837143407068,2.4479902161700355,8.916248,9.60649717143945,9.388036,9.533513
2026-02-01,7.000000000000002,11.0,4.153333333333332,10.9235,2.3355837143407068,2.4479902161700355,9.8989935,10.303229813975623,10.145009,10.07781
2026-02-02,6.000000000000001,7.0,4.136666666666667,12.8735,2.3355837143407068,2.4479902161700355,8.329737,8.186790504927448,7.9375286,7.7379932
2026-02-03,12.000000000000002,6.0,4.395555555555555,15.4735,2.3355837143407068,2.4479902161700355,7.538397,7.679113484545814,7.4422717,7.6517243
2026-02-04,7.000000000000002,12.0,4.555555555555555,12.6235,2.3355837143407068,2.4479902161700355,11.298228,11.76053902643716,11.311857,11.72562
2026-02-05,12.000000000000002,7.0,4.861111111111111,15.1735,2.3355837143407068,2.4479902161700355,8.792604,8.087962121482661,7.8277345,7.644219
2026-02-06,10.0,12.0,5.2700000000000005,15.8235,2.3355837143407068,2.4479902161700355,10.492644,11.182055533547056,11.060147,11.535676
2026-02-07,5.0,10.0,5.554444444444445,15.2734995,2.3355837143407068,2.4479902161700355,10.218217,10.122320020567706,9.57101,9.751586
2026-02-08,5.0,5.0,5.767777777777777,12.7235,2.3355837143407068,2.4479902161700355,7.005369,6.594240649650608,6.5158854,6.447651
2026-02-09,8.0,5.0,5.816666666666666,11.9735,2.3355837143407068,2.4479902161700355,7.170906,6.885016458010186,6.4917316,6.491531
2026-02-10,8.9,8.0,5.964444444444444,14.3735,2.3355837143407068,2.4479902161700355,8.436662,8.958880792638377,8.301832,8.678717
2026-02-11,7.400000000000001,8.9,6.056666666666668,16.1735,8.462094326784891,8.68967142640226,8.519084,8.679085736930457,8.6122675,8.2017355
2026-02-12,12.3,7.4,6.391111111111112,17.4235,8.462094326784891,8.68967142640226,8.056869,8.039808249311438,7.7246156,7.7494187
2026-02-13,10.0,12.3,6.7600000000000025,16.3735,8.462094326784891,8.68967142640226,10.163496,11.035836017599971,10.6694565,11.276644
2026-02-14,12.000000000000002,10.0,7.101111111111111,9.9735,8.462094326784891,8.68967142640226,9.097531,9.257814664078118,9.111954,9.090616
2026-02-15,8.0,12.0,7.308888888888889,8.9735,8.462094326784891,8.68967142640226,10.210058,10.798530256228693,10.885358,10.917201
2026-02-16,6.000000000000001,8.0,7.502222222222223,11.2235,8.462094326784891,8.68967142640226,9.325232,8.897594276713784,8.555607,8.250043
2026-02-17,7.000000000000002,6.0,7.804444444444446,13.5735,8.462094326784891,8.68967142640226,7.6314163,7.777568353563858,7.4410644,7.561078
2026-02-18,8.0,7.0,7.797777777777778,14.9735,8.462094326784891,8.68967142640226,8.357234,8.352841228515242,7.942836,8.008681
2026-02-19,6.000000000000001,8.0,7.742222222222223,15.4735,8.462094326784891,8.68967142640226,8.772178,8.986238181608101,8.523541,8.884128
2026-02-20,7.000000000000002,6.0,7.831111111111112,11.3735,8.462094326784891,8.68967142640226,7.354878,7.243737204609818,7.0046906,6.9410434
2026-02-21,4.0,7.0,7.75,11.0735,8.462094326784891,8.68967142640226,7.7265987,7.934366519563311,7.426396,7.870229
2026-02-22,5.0,4.0,7.710000000000001,10.2734995,8.462094326784891,8.68967142640226,5.7159677,5.600570737460177,5.384183,5.23856
2026-02-23,5.0,5.0,7.665555555555557,11.0735,8.462094326784891,8.68967142640226,5.6633797,5.980882409231868,5.8246655,6.0373454
2026-02-24,5.0,5.0,7.677777777777778,11.5735,8.462094326784891,8.68967142640226,6.077571,5.9721805823241025,5.7546926,5.6450315
2026-02-25,6.000000000000001,5.0,7.596666666666668,12.7734995,8.462094326784891,8.68967142640226,5.734305,5.793833156008324,5.67319,5.659551
2026-02-26,9.800000000000002,6.0,7.645555555555556,11.9735,8.462094326784891,8.68967142640226,6.3422527,6.215212396398665,6.085484,6.277968
2026-02-27,14.0,9.8,7.404444444444445,12.2734995,8.462094326784891,8.68967142640226,8.187972,8.62850265532585,8.350983,9.009118
2026-02-28,15.0,14.0,7.405555555555556,13.8735,8.462094326784891,8.68967142640226,10.215429,11.081223590723168,11.196776,11.2797575
2026-03-01,15.0,15.0,7.236666666666667,13.4235,8.462094326784891,8.68967142640226,10.928697,12.105477224513507,12.240948,12.084531
2026-03-02,15.0,15.0,7.216666666666667,15.0735,8.462094326784891,8.68967142640226,11.593725,12.733057359047969,12.889559,12.585236
2026-03-03,13.0,15.0,7.384444444444445,17.1735,8.462094326784891,8.68967142640226,12.263731,13.423623665337903,13.594239,13.386326
2026-03-04,10.0,13.0,7.51777777777778,16.473501,8.462094326784891,8.68967142640226,12.152098,12.741782899838572,12.936236,12.737806
2026-03-05,8.999999999999998,10.0,7.682222222222223,13.7235,8.462094326784891,8.68967142640226,11.473441,11.465116521463615,11.498647,11.303829
2026-03-06,6.000000000000001,9.0,7.916666666666668,12.8235,8.462094326784891,8.68967142640226,11.092288,11.192613120682752,10.940363,11.10524
2026-03-07,6.000000000000001,6.0,8.015555555555554,13.7235,8.462094326784891,8.68967142640226,9.263513,9.055527412585397,8.656555,8.865852
2026-03-08,11.4,6.0,8.22777777777778,13.0735,8.462094326784891,8.68967142640226,8.329546,8.611189466512375,8.120171,8.457378
2026-03-09,13.0,11.4,8.48888888888889,12.5735,8.462094326784891,8.68967142640226,11.022976,11.529406778872584,11.027608,11.394028
2026-03-10,8.0,13.0,8.807777777777778,12.7734995,8.462094326784891,8.68967142640226,11.457209,11.874426499259023,11.663981,11.486533
2026-03-11,13.0,8.0,9.136666666666667,13.3235,8.462094326784891,8.68967142640226,8.499198,8.497764762099713,8.337952,8.041636
2026-03-12,12.000000000000002,13.0,9.41,11.8735,8.462094326784891,8.68967142640226,10.735532,12.00657498389214,11.730404,11.88094
2026-03-13,11.0,12.0,9.67,11.3235,11.228204259280712,11.310285269068077,10.903614,11.261125557346858,11.0805025,10.950325
2026-03-14,6.000000000000001,11.0,9.954444444444444,12.4235,11.228204259280712,11.310285269068077,10.593988,10.724532165208897,10.961306,10.683158
2026-03-15,11.0,6.0,9.987777777777778,13.4735,11.228204259280712,11.310285269068077,8.665087,8.35639228568377,7.9821296,7.78615
2026-03-16,6.000000000000001,11.0,10.101111111111111,9.1735,11.228204259280712,11.310285269068077,10.620903,11.541428821480896,11.085328,11.559642
2026-03-17,6.000000000000001,6.0,10.271111111111113,10.1735,11.228204259280712,11.310285269068077,8.306936,7.726859907639865,7.490314,7.187103
2026-03-18,3.0000000000000004,6.0,10.422222222222224,11.8735,11.228204259280712,11.310285269068077,7.578273,7.891218557220479,7.518465,8.0897875
2026-03-19,10.0,3.0,10.544444444444444,14.7734995,11.228204259280712,11.310285269068077,6.1104045,5.830557184211627,5.309926,5.1145945
2026-03-20,12.000000000000002,10.0,10.716666666666667,19.2735,11.228204259280712,11.310285269068077,8.436186,9.687816768122243,9.182904,10.061591
2026-03-21,17.7,12.0,11.061111111111112,20.6735,11.228204259280712,11.310285269068077,10.662108,10.28704561655627,10.215124,10.278177
2026-03-22,20.0,17.7,11.293333333333331,21.7735,11.228204259280712,11.310285269068077,12.2997265,14.221041114999888,14.445089,13.760102
2026-03-23,15.999999999999998,20.0,11.6,18.7735,11.228204259280712,11.310285269068077,13.967145,15.804466184609971,16.123636,15.582782
2026-03-24,15.0,16.0,11.672222222222222,16.473501,11.228204259280712,11.310285269068077,12.592977,13.980306430837638,14.209234,13.383678
2026-03-25,14.0,15.0,11.65,16.0735,11.228204259280712,11.310285269068077,13.272662,14.124215701592792,14.560571,13.921318
2026-03-26,15.999999999999998,14.0,11.795555555555557,18.3735,11.228204259280712,11.310285269068077,14.066561,14.587908898666141,14.694612,14.530925
2026-03-27,12.000000000000002,16.0,11.99888888888889,13.6735,11.228204259280712,11.310285269068077,15.517308,15.987421139785045,16.421173,16.544535
2026-03-28,11.0,12.0,12.30111111111111,12.3735,11.228204259280712,11.310285269068077,14.086527,13.791402631952627,13.778858,13.532928
2026-03-29,8.0,11.0,12.611111111111114,12.0735,11.228204259280712,11.310285269068077,12.870822,13.155339024633438,12.950294,13.177186
2026-03-30,8.0,8.0,12.891111111111114,9.1735,11.228204259280712,11.310285269068077,10.892726,10.758136440764453,10.343247,10.364213
2026-03-31,10.0,8.0,13.09,10.5735,11.228204259280712,11.310285269068077,10.102118,10.274863670820231,9.91829,10.383835
2026-04-01,8.999999999999998,10.0,13.107777777777775,11.3735,11.228204259280712,11.310285269068077,10.953328,11.079166824674232,10.746828,10.874901
2026-04-02,8.0,9.0,13.192222222222222,11.9735,11.228204259280712,11.310285269068077,10.252142,10.131319068321195,9.715619,9.781821
2026-04-03,8.0,8.0,13.334444444444445,13.0735,11.228204259280712,11.310285269068077,8.864594,9.003583171994492,8.63772,8.851731
2026-04-04,10.0,8.0,13.594444444444445,13.8735,11.228204259280712,11.310285269068077,8.705632,8.90820381458924,8.415044,8.6956005
2026-04-05,8.999999999999998,10.0,13.641111111111112,13.2734995,11.228204259280712,11.310285269068077,9.541545,9.825892222591849,9.539233,9.834675
2026-04-06,13.0,9.0,13.682222222222224,14.2734995,11.228204259280712,11.310285269068077,9.257076,9.142565206755162,8.948233,8.954061
2026-04-07,14.0,13.0,13.612222222222222,15.2734995,11.228204259280712,11.310285269068077,11.342171,11.868055260864017,11.723377,12.101018
2026-04-08,18.0,14.0,13.69888888888889,16.7735,11.228204259280712,11.310285269068077,12.164182,12.50278797568294,12.404818,12.577188
2026-04-09,18.999999999999996,18.0,13.887777777777778,17.973501,11.228204259280712,11.310285269068077,13.584858,15.133855797285529,15.5144,15.287715
2026-04-10,20.0,19.0,13.832222222222223,19.8735,11.228204259280712,11.310285269068077,15.155613,16.24588763887441,16.589664,16.332773
2026-04-11,20.0,20.0,13.841111111111111,21.323502,11.228204259280712,11.310285269068077,15.69197,17.530994075484166,18.024708,17.688944
2026-04-12,15.0,20.0,13.806666666666668,16.473501,17.68499499574174,17.603817612202636,17.090618,18.09893066072678,18.62504,18.401377
2026-04-13,14.0,15.0,13.902222222222223,16.0735,17.68499499574174,17.603817612202636,15.513243,15.736592516755456,15.966673,15.556833
2026-04-14,10.4,14.0,13.962222222222222,12.5735,17.68499499574174,17.603817612202636,15.138567,15.524428605479313,15.780748,15.740216
2026-04-15,12.000000000000002,10.4,14.046666666666667,13.9735,17.68499499574174,17.603817612202636,13.782441,13.495318946479818,13.343438,13.397827
2026-04-16,8.999999999999998,12.0,14.372222222222222,15.1735,17.68499499574174,17.603817612202636,13.68203,14.11327419921864,14.094943,14.574488
2026-04-17,12.000000000000002,9.0,14.474444444444442,15.9735,17.68499499574174,17.603817612202636,12.003788,11.794096749269585,11.460922,11.507896
2026-04-18,13.0,12.0,14.664444444444447,17.6735,17.68499499574174,17.603817612202636,12.538472,13.13910050595195,12.869519,13.395175
2026-04-19,13.0,13.0,14.665555555555557,19.2735,17.68499499574174,17.603817612202636,13.176014,13.053066084723616,12.824878,13.042637
2026-04-20,15.0,13.0,14.906666666666668,19.573502,17.68499499574174,17.603817612202636,12.457678,12.73523221181791,12.686029,12.782776
2026-04-21,21.000000000000004,15.0,15.09333333333333,20.1735,17.68499499574174,17.603817612202636,13.454059,13.897370658010017,13.992147,14.012881
2026-04-22,21.000000000000004,21.0,15.34,21.8735,17.68499499574174,17.603817612202636,15.890108,17.957107049343875,18.335304,18.496532
2026-04-23,15.999999999999998,21.0,15.624444444444444,23.1735,17.68499499574174,17.603817612202636,16.555052,17.955196524445448,18.481688,18.059603
2026-04-24,21.999999999999996,16.0,15.933333333333334,22.7735,17.68499499574174,17.603817612202636,14.8500185,15.637827946257156,15.949641,15.341383
2026-04-25,21.999999999999996,22.0,16.25222222222222,24.7735,17.68499499574174,17.603817612202636,18.31679,20.191106563806944,20.686749,20.63337
2026-04-26,18.0,22.0,16.474444444444444,22.3735,17.68499499574174,17.603817612202636,19.351105,20.34447688153867,20.673294,20.97786
2026-04-27,18.0,18.0,16.728888888888886,23.2735,17.68499499574174,17.603817612202636,18.02632,18.112782518222073,18.760384,18.334738
2026-04-28,21.000000000000004,18.0,16.764444444444443,24.3735,17.68499499574174,17.603817612202636,18.478683,19.027253136703237,19.215454,19.088251
2026-04-29,18.999999999999996,21.0,16.948888888888888,23.2735,17.68499499574174,17.603817612202636,19.752005,20.795897819153453,20.972254,21.53185
2026-04-30,18.0,19.0,17.305555555555557,22.473501,17.68499499574174,17.603817612202636,18.921902,18.928888868097765,19.440771,19.305025
2026-05-01,20.799999999999997,18.0,17.508888888888887,25.7735,17.68499499574174,17.603817612202636,18.312603,18.840779600635013,19.139744,18.977554
2026-05-02,18.999999999999996,20.8,17.89666666666667,20.7735,17.68499499574174,17.603817612202636,19.690285,20.61206762684981,20.788929,21.186405
2026-05-03,19.200000000000003,19.0,18.07888888888889,18.8735,17.68499499574174,17.603817612202636,18.809921,18.992137588115146,19.283741,19.365486
2026-05-04,18.999999999999996,19.2,18.296666666666667,21.3735,17.68499499574174,17.603817612202636,18.638,19.194430909206893,19.717041,19.566256
2026-05-05,21.999999999999996,19.0,18.42222222222222,23.1735,17.68499499574174,17.603817612202636,18.864422,19.405027303875315,19.561367,19.681135
2026-05-06,20.0,22.0,18.59777777777778,24.1735,17.68499499574174,17.603817612202636,19.886108,21.0313324058197,21.418556,21.70999
2026-05-07,24.999999999999996,20.0,18.601111111111113,25.7735,17.68499499574174,17.603817612202636,19.529928,19.720238672345115,20.07441,19.92381
2026-05-08,18.0,25.0,18.59888888888889,23.973501,17.68499499574174,17.603817612202636,21.518383,23.209874487358235,23.508844,23.493357
2026-05-09,20.0,18.0,18.644444444444446,27.573502,17.68499499574174,17.603817612202636,18.957516,18.80979017314055,18.823172,18.624329
2026-05-10,14.0,20.0,18.862222222222222,23.2735,17.68499499574174,17.603817612202636,19.107498,20.28042026541221,20.890465,20.879099
2026-05-11,17.0,14.0,19.13,26.2735,17.68499499574174,17.603817612202636,17.25911,16.642775123367777,16.56489,16.407942
2026-05-12,27.999999999999996,17.0,19.220000000000002,27.3735,18.114966687315565,18.179288255885183,17.691927,18.414069055812437,18.79793,19.387068
2026-05-13,23.0,28.0,19.371111111111112,25.7735,18.114966687315565,18.179288255885183,23.020922,24.923791505606356,25.064106,24.758835
2026-05-14,24.000000000000004,23.0,19.445555555555558,23.573502,18.114966687315565,18.179288255885183,21.254719,21.644911128834195,21.47717,21.699913
2026-05-15,21.999999999999996,24.0,19.447777777777777,21.2735,18.114966687315565,18.179288255885183,20.215443,22.196597692812094,22.737268,22.038736
2026-05-16,21.999999999999996,22.0,19.513333333333332,22.3735,18.114966687315565,18.179288255885183,19.958986,21.82104307336983,21.641932,21.853668
2026-05-17,18.999999999999996,22.0,19.542222222222225,20.3735,18.114966687315565,18.179288255885183,20.503199,21.48125142872053,22.109238,22.241106
2026-05-18,20.0,19.0,19.843333333333334,19.973501,18.114966687315565,18.179288255885183,20.38269,20.12909699562896,20.68354,20.518396
2026-05-19,20.0,20.0,20.048888888888886,20.6735,18.114966687315565,18.179288255885183,20.957548,21.4828568746463,21.615356,22.095566
2026-05-20,20.0,20.0,20.206666666666667,23.3735,18.114966687315565,18.179288255885183,20.44562,20.780286703998964,21.01015,21.195236
2026-05-21,18.999999999999996,20.0,20.3,22.6735,18.114966687315565,18.179288255885183,20.17469,20.55143560605996,20.855352,20.939472
2026-05-22,23.0,19.0,20.605555555555558,22.7735,18.114966687315565,18.179288255885183,19.263382,19.6657729657704,19.913624,19.852806
2026-05-23,21.000000000000004,23.0,20.988888888888887,20.973501,18.114966687315565,18.179288255885183,20.932974,22.102136892077223,22.323027,22.710318
2026-05-24,17.0,21.0,21.296666666666667,22.073502,18.114966687315565,18.179288255885183,20.302551,20.543552242175434,20.808676,20.863937
2026-05-25,23.0,17.0,21.51777777777778,21.8735,18.114966687315565,18.179288255885183,17.974766,18.220742729848205,18.545345,18.174658
2026-05-26,21.999999999999996,23.0,21.72555555555556,21.1735,18.114966687315565,18.179288255885183,21.01307,22.232333049233926,22.499542,22.888258
2026-05-27,21.999999999999996,22.0,22.052222222222223,21.073502,18.114966687315565,18.179288255885183,20.853144,21.376037870411725,21.48285,22.043242
2026-05-28,18.999999999999996,22.0,22.32,21.473501,18.114966687315565,18.179288255885183,20.393057,21.271571665475452,21.852497,21.611004
2026-05-29,20.0,19.0,22.711111111111112,22.573502,18.114966687315565,18.179288255885183,19.38279,20.01083644167237,20.066565,19.913721
2026-05-30,18.0,20.0,23.131111111111114,23.7735,18.114966687315565,18.179288255885183,19.602852,20.463054267298475,20.797302,20.94827
2026-05-31,20.0,18.0,23.407777777777774,22.973501,18.114966687315565,18.179288255885183,18.782883,18.87538342828231,19.251057,19.196672
2026-06-01,21.000000000000004,20.0,23.75333333333333,25.073502,18.114966687315565,18.179288255885183,19.77049,20.448334984942765,20.841946,21.001009
2026-06-02,21.000000000000004,21.0,23.793333333333333,26.473501,18.114966687315565,18.179288255885183,20.388422,20.827267502895218,21.04283,21.228138
2026-06-03,21.000000000000004,21.0,24.033333333333335,26.973501,18.114966687315565,18.179288255885183,20.056177,20.65183716513227,20.946283,21.017382
2026-06-04,23.0,21.0,24.221111111111114,28.1735,18.114966687315565,18.179288255885183,19.924574,20.539336191419366,20.903044,20.799871
2026-06-05,23.0,23.0,24.504444444444445,29.1735,18.114966687315565,18.179288255885183,20.829412,22.007138942426813,22.232588,22.525208
2026-06-06,26.0,23.0,24.527777777777768,31.3735,18.114966687315565,18.179288255885183,21.215288,21.95241052924838,22.240932,22.412144
2026-06-07,32.99999999999999,26.0,24.674444444444443,30.6735,18.114966687315565,18.179288255885183,22.693829,24.18985933180091,24.405388,24.501276
2026-06-08,27.999999999999996,33.0,24.674444444444443,28.6735,18.114966687315565,18.179288255885183,25.711803,28.902802474940685,28.728659,28.520716
2026-06-09,27.999999999999996,28.0,24.745555555555555,28.3735,18.114966687315565,18.179288255885183,24.600367,26.011924821122626,25.591898,26.112312
2026-06-10,29.0,28.0,24.767777777777777,28.6735,18.114966687315565,18.179288255885183,24.62656,26.732770237745648,26.851103,26.93007
2026-06-11,26.0,29.0,24.761111111111113,29.2735,27.69795392881981,27.534456908467618,26.178888,28.135867598077297,27.655407,28.388353
2026-06-12,32.0,26.0,24.976666666666663,30.073502,27.69795392881981,27.534456908467618,25.819208,26.254369743730244,26.167835,26.87651
2026-06-13,29.0,32.0,25.243333333333336,28.1735,27.69795392881981,27.534456908467618,28.941559,30.448042299360242,30.328787,30.565342
2026-06-14,27.999999999999996,29.0,25.33555555555556,28.3735,27.69795392881981,27.534456908467618,28.0692,28.98244354681198,27.897528,29.351894
2026-06-15,27.999999999999996,28.0,25.50888888888889,28.3735,27.69795392881981,27.534456908467618,26.900177,27.91139656109953,27.745783,28.161373
2026-06-16,29.999999999999993,28.0,25.533333333333335,28.973501,27.69795392881981,27.534456908467618,26.991264,28.229125184870714,27.695713,28.464508
2026-06-17,32.99999999999999,30.0,25.612222222222222,28.7735,27.69795392881981,27.534456908467618,27.862377,29.41949165794427,28.940084,29.77975
2026-06-18,30.999999999999996,33.0,25.64333333333333,29.2735,27.69795392881981,27.534456908467618,29.423168,31.04090835427727,30.576847,30.876383
2026-06-19,27.999999999999996,31.0,25.665555555555553,30.573502,27.69795392881981,27.534456908467618,28.92592,30.29606013612413,29.366224,30.215273
2026-06-20,29.999999999999993,28.0,25.766666666666666,30.8735,27.69795392881981,27.534456908467618,27.210947,28.398145479222347,27.887466,28.538038
2026-06-21,29.0,30.0,26.08888888888889,28.073502,27.69795392881981,27.534456908467618,28.166058,29.8438390568421,29.352682,30.021923
2026-06-22,26.0,29.0,26.281111111111112,28.3735,27.69795392881981,27.534456908467618,28.30732,29.116147257143083,28.529802,29.500177
2026-06-23,26.999999999999993,26.0,26.496666666666666,27.473501,27.69795392881981,27.534456908467618,26.899454,27.26820867976384,26.97452,27.689575
2026-06-24,27.999999999999996,27.0,26.764444444444447,27.2735,27.69795392881981,27.534456908467618,26.833857,28.092605953856715,27.611504,28.438734
2026-06-25,24.000000000000004,28.0,27.022222222222222,27.1735,27.69795392881981,27.534456908467618,27.128616,28.24464967773287,27.689955,28.65453
2026-06-26,27.999999999999996,24.0,27.216666666666665,30.7735,27.69795392881981,27.534456908467618,25.156443,25.22615938595884,25.069088,25.508636
2026-06-27,26.0,28.0,27.3,31.1735,27.69795392881981,27.534456908467618,26.565735,27.89133928870539,27.677496,28.1656
2026-06-28,27.999999999999996,26.0,27.328888888888887,30.3735,27.69795392881981,27.534456908467618,25.673927,26.34698388592517,25.77822,26.868013
2026-06-29,30.999999999999996,28.0,27.37666666666666,29.2735,27.69795392881981,27.534456908467618,25.883482,27.218610586195556,27.224298,27.511747
2026-06-30,26.0,31.0,27.37666666666666,26.7735,27.69795392881981,27.534456908467618,27.775646,29.341389290922322,28.801176,29.292065
2026-07-01,26.0,26.0,27.49,27.1735,27.69795392881981,27.534456908467618,25.941923,26.220914381167606,25.746586,26.561543
2026-07-02,29.0,26.0,27.629999999999992,28.473501,27.69795392881981,27.534456908467618,25.183252,26.236272538604304,26.314442,26.765076
2026-07-03,26.0,29.0,27.698888888888884,29.973501,27.69795392881981,27.534456908467618,26.944227,28.57527045752614,28.056093,28.9295
2026-07-04,29.0,26.0,27.931111111111115,28.573502,27.69795392881981,27.534456908467618,25.934319,26.250628844512345,26.021404,26.76709
2026-07-05,26.999999999999993,29.0,27.917777777777783,26.573502,27.69795392881981,27.534456908467618,27.10462,28.371095871547226,28.23844,28.557816
2026-07-06,26.0,27.0,27.942222222222224,27.1735,27.69795392881981,27.534456908467618,26.342113,27.324622612501212,26.582838,27.774385
2026-07-07,26.0,26.0,27.926666666666662,26.8735,27.69795392881981,27.534456908467618,25.482746,26.205938976040017,26.162758,26.699211
2026-07-08,26.699999999999996,26.0,27.874444444444443,27.2735,27.69795392881981,27.534456908467618,25.400366,26.37636891925255,26.171543,26.880585
2026-07-09,23.0,26.7,27.77111111111111,26.073502,27.69795392881981,27.534456908467618,25.931032,26.89038558267039,26.576426,27.392677
2026-07-10,23.0,23.0,27.815555555555555,28.7735,27.69795392881981,27.534456908467618,24.028547,24.197323212996178,24.164995,24.424229
2026-07-11,29.0,23.0,27.914444444444445,28.973501,24.434452518390167,24.359417628501458,23.629602,24.383843616743025,24.35376,24.886019
2026-07-12,29.999999999999993,29.0,27.94111111111111,29.2735,24.434452518390167,24.359417628501458,26.040545,27.806231564570208,27.552816,28.112211
2026-07-13,27.999999999999996,30.0,27.959999999999997,29.473501,24.434452518390167,24.359417628501458,26.447952,28.02795746699228,27.594656,28.10851
2026-07-14,26.999999999999993,28.0,27.971428571428568,30.473501,24.434452518390167,24.359417628501458,25.491179,26.913533865136753,26.681553,26.848173
2026-07-15,30.999999999999996,27.0,27.973626373626367,29.7735,24.434452518390167,24.359417628501458,24.902328,26.8075154450178,26.423237,26.990782
2026-07-16,29.999999999999993,31.0,27.85604395604395,30.073502,24.434452518390167,24.359417628501458,26.875593,29.25937212409522,28.989853,29.465633
2026-07-17,27.999999999999996,30.0,27.67032967032967,31.6735,24.434452518390167,24.359417628501458,27.656372,28.71557436743827,28.316349,29.024433
2026-07-18,26.0,28.0,27.59230769230769,30.7735,24.434452518390167,24.359417628501458,27.24953,28.098745749387238,27.739302,28.2942
2026-07-19,26.999999999999993,26.0,27.287912087912087,31.6735,24.434452518390167,24.359417628501458,25.970491,27.125991332706644,26.641584,27.401123
2026-07-20,26.0,27.0,27.279120879120875,31.1735,24.434452518390167,24.359417628501458,26.524895,27.514578982400025,27.230988,28.00251
2026-07-21,24.999999999999996,26.0,27.158241758241754,30.8735,24.434452518390167,24.359417628501458,26.234844,26.624222568233442,26.404947,27.153212
