time,tavg,tmin,tmax,prcp,snow,wdir,wspd,wpgt,pres,tsun
1996-01-06,15.6,,18.9,,,,,,,
1996-01-10,17.1,14.2,20.5,,,,,,,
1996-01-13,13.8,11.8,15.6,7.9,,,,,,
1996-05-23,19.3,14.3,21.9,,,,,,,
1997-03-03,14.2,9.0,17.0,,,,,,,
1997-03-23,16.2,,18.0,,,,,,,
1997-04-15,17.2,11.0,19.8,,,,,,,
1997-05-01,17.4,14.5,20.6,,,,,,,
1997-05-13,25.1,16.8,30.6,,,,,,,
1997-07-16,27.7,22.8,32.5,,,,,,,
1997-09-24,22.7,17.7,26.4,2.0,,,,,,
1997-11-11,20.1,16.0,23.6,,,,,,,
1997-12-28,12.2,8.8,15.1,29.0,,,,,,
2001-05-26,20.4,16.0,23.8,,,,,,,
2001-05-30,24.0,17.7,28.0,,,,,,,
2001-06-03,23.9,17.0,28.2,,,,,,,
2001-06-05,23.3,17.0,26.0,,,,,,,
2001-06-06,26.0,20.0,32.4,,,,,,,
2001-06-07,22.9,,25.5,,,,,,,
2001-06-16,27.8,23.5,31.5,,,,,,,
2001-06-18,23.1,17.6,26.1,,,,,,,
2001-06-20,22.4,16.8,25.8,,,,,,,
2001-06-24,27.0,21.2,30.6,,,,,,,
2001-06-25,26.1,19.7,31.4,,,,,,,
2001-06-26,26.8,19.6,29.5,,,,,,,
2001-06-27,27.1,22.3,31.0,,,,,,,
2001-06-28,25.0,22.8,26.5,,,,,,,
2001-06-30,25.0,19.0,28.2,,,,,,,
2001-07-02,25.5,20.5,28.0,,,,,,,
2001-07-03,26.0,21.0,29.0,,,,,,,
2001-07-04,27.1,20.8,31.0,,,,,,,
2001-07-07,26.6,21.5,29.6,,,,,,,
2001-07-08,27.1,22.0,30.0,,,,,,,
2001-07-09,30.5,23.5,40.5,,,,,,,
2001-07-11,25.8,21.0,29.1,,,,,,,
2001-07-12,26.1,20.0,29.0,,,,,,,
2001-07-14,27.0,21.0,30.1,,,,,,,
2001-07-17,26.4,21.5,29.8,,,,,,,
2001-07-18,29.4,22.0,33.4,,,,,,,
2001-07-21,25.3,21.0,28.6,,,,,,,
2001-07-22,24.5,18.0,28.5,,,,,,,
2001-07-24,31.0,25.0,38.4,,,,,,,
2001-07-25,26.8,22.8,29.0,,,,,,,
2001-07-26,26.1,20.5,29.2,,,,,,,
2001-07-31,28.6,21.2,31.6,,,,,,,
2001-08-01,28.3,21.7,33.3,,,,,,,
2001-08-02,29.6,21.8,33.5,,,,,,,
2001-08-04,29.6,22.0,33.3,,,,,,,
2001-08-20,26.8,24.0,29.2,,,,,,,
2001-08-23,25.9,20.4,32.5,,,,,,,
2001-08-25,27.4,21.5,31.5,,,,,,,
2001-08-26,30.1,24.9,33.5,,,,,,,
2001-08-27,28.2,23.0,36.8,,,,,,,
2001-08-28,28.0,23.0,31.6,,,,,,,
2001-08-29,29.3,22.0,32.3,,,,,,,
2001-09-03,25.0,19.5,28.6,0.8,,,,,,
2001-09-05,26.2,24.0,28.5,,,,,,,
2001-09-06,25.2,21.5,28.0,,,,,,,
2001-09-09,26.2,19.5,31.0,0.8,,,,,,
2001-09-10,24.9,19.5,29.3,0.0,,,,,,
2001-09-11,24.7,22.5,27.8,,,,,,,
2001-09-12,23.6,17.5,28.0,,,,,,,
2001-09-15,25.6,22.0,28.7,,,,,,,
2001-09-16,23.6,17.5,28.1,,,,,,,
2001-09-17,23.6,21.0,27.5,,,,,,,
2001-09-18,21.6,19.5,24.5,,,,,,,
2001-09-19,22.5,19.3,27.2,,,,,,,
2001-09-24,26.1,22.0,28.8,,,,,,,
2001-09-26,24.3,19.5,27.9,,,,,,,
2001-09-27,22.3,18.0,27.0,,,,,,,
2001-09-29,26.3,20.6,31.0,,,,,,,
2001-09-30,23.7,,26.8,7.9,,,,,,
2001-10-02,25.4,19.3,30.2,,,,,,,
2001-10-06,25.6,20.2,28.5,,,,,,,
2001-10-10,25.2,18.0,29.5,2.0,,,,,,
2001-10-11,25.6,19.0,29.2,0.0,,,,,,
2001-10-13,23.7,17.0,28.5,,,,,,,
2001-10-14,22.7,16.5,26.8,,,,,,,
2001-10-15,22.4,17.3,25.5,,,,,,,
2001-10-17,23.1,17.3,26.5,,,,,,,
2001-10-21,25.2,20.4,29.0,,,,,,,
2001-10-23,23.2,16.5,27.8,,,,,,,
2001-10-24,23.0,19.6,27.8,,,,,,,
2001-10-27,22.4,17.6,26.5,,,,,,,
2001-10-29,21.5,17.8,25.0,,,,,,,
2001-10-30,21.3,,26.0,,,,,,,
2001-10-31,22.7,18.0,27.1,,,,,,,
2001-11-03,18.5,16.0,21.6,14.0,,,,,,
2001-11-12,16.0,12.5,17.5,,,,,,,
2001-11-13,13.5,11.0,16.0,15.0,,,,,,
2001-11-14,15.5,11.8,20.2,17.0,,,,,,
2001-11-15,18.4,12.0,23.2,0.0,,,,,,
2001-11-20,14.3,12.2,17.1,11.9,,,,,,
2001-11-24,13.7,,16.3,,,,,,,
2001-11-25,12.3,10.9,14.2,,,,,,,
2001-11-26,13.2,11.7,17.0,21.1,,,,,,
2001-11-28,13.3,12.3,16.0,0.0,,,,,,
2001-12-01,15.6,11.1,17.5,2.0,,,,,,
2001-12-05,16.0,13.7,17.6,0.0,,,,,,
2001-12-18,8.2,5.9,10.2,1.0,,,,,,
2001-12-19,10.2,7.9,14.4,0.5,,,,,,
2001-12-20,10.2,8.8,13.2,0.0,,,,,,
2001-12-22,11.4,6.1,17.2,7.9,,,,,,
2001-12-24,13.4,11.2,15.1,,,,,,,
2001-12-29,12.6,7.6,17.4,4.1,,,,,,
2001-12-31,15.9,,22.2,,,,,,,
2002-01-03,14.2,10.0,18.6,,,,,,,
2002-01-06,8.5,4.0,14.0,,,,,,,
2002-01-07,9.7,6.0,15.3,,,,,,,
2002-01-10,12.9,8.4,18.5,,,,,,,
2002-01-12,10.5,7.0,13.2,,,,,,,
2002-01-13,11.2,8.0,15.7,,,,,,,
2002-01-15,12.2,9.0,13.9,8.9,,,,,,
2002-01-16,11.3,10.0,14.5,3.0,,,,,,
2002-01-17,11.0,,13.0,21.1,,,,,,
2002-01-19,10.1,6.5,14.5,0.0,,,,,,
2002-01-20,11.2,8.0,15.6,,,,,,,
2002-01-21,12.5,8.3,18.5,,,,,,,
2002-01-23,13.7,10.0,20.8,1.0,,,,,,
2002-01-26,13.1,10.0,18.1,,,,,,,
2002-01-27,13.3,10.2,17.0,,,,,,,
2002-01-28,14.1,9.8,18.5,,,,,,,
2002-01-29,12.8,8.2,17.0,,,,,,,
2002-02-02,12.8,9.0,18.2,,,,,,,
2002-02-03,13.9,10.2,17.5,,,,,,,
2002-02-05,13.3,10.6,16.0,,,,,,,
2002-02-06,13.4,10.8,17.0,,,,,,,
2002-02-07,10.5,8.0,12.8,3.0,,,,,,
2002-02-09,12.6,7.5,15.0,6.1,,,,,,
2002-02-10,12.4,7.0,16.0,0.0,,,,,,
2002-02-11,13.3,9.2,16.5,,,,,,,
2002-02-12,13.9,8.5,18.5,,,,,,,
2002-02-13,13.4,,19.5,,,,,,,
2002-02-14,14.4,7.5,18.5,,,,,,,
2002-02-16,14.1,12.7,16.0,,,,,,,
2002-02-17,13.7,10.0,17.6,,,,,,,
2002-02-19,13.3,,15.0,,,,,,,
2002-02-20,13.5,12.0,15.3,,,,,,,
2002-02-24,13.6,6.5,17.6,,,,,,,
2002-02-26,15.2,9.5,20.1,,,,,,,
2002-02-27,17.4,10.5,24.2,,,,,,,
2002-02-28,18.0,,25.3,,,,,,,
2002-03-02,20.3,10.5,30.0,,,,,,,
2002-03-03,15.1,12.8,17.6,,,,,,,
2002-03-04,15.4,12.0,19.5,,,,,,,
2002-03-05,14.4,,17.0,,,,,,,
2002-03-06,14.9,10.3,20.8,3.0,,,,,,
2002-03-07,12.6,10.0,15.8,7.9,,,,,,
2002-03-09,12.9,9.6,15.1,0.0,,,,,,
2002-03-14,16.2,13.2,19.0,,,,,,,
2002-03-17,15.5,,16.8,,,,,,,
2002-03-18,15.1,12.6,17.0,3.0,,,,,,
2002-03-19,16.6,13.5,19.5,0.5,,,,,,
2002-03-20,17.1,12.8,22.5,0.0,,,,,,
2002-03-21,18.4,12.0,24.0,,,,,,,
2002-03-23,16.8,,18.5,,,,,,,
2002-03-24,14.9,12.8,16.9,0.0,,,,,,
2002-03-25,13.4,8.1,16.5,0.0,,,,,,
2002-03-26,14.6,10.5,17.7,,,,,,,
2002-03-27,14.0,7.7,17.2,,,,,,,
2002-03-28,14.4,9.8,17.6,,,,,,,
2002-03-29,14.8,11.4,16.3,,,,,,,
2002-03-30,13.7,13.3,15.1,,,,,,,
2002-03-31,15.5,12.6,18.3,17.0,,,,,,
2002-04-01,17.3,12.6,19.5,4.1,,,,,,
2002-04-02,20.8,,24.2,0.0,,,,,,
2002-04-04,13.6,10.2,16.5,6.1,,,,,,
2002-04-05,15.7,12.5,17.0,13.0,,,,,,
2002-04-06,16.8,10.2,24.0,0.0,,,,,,
2002-04-07,20.2,16.5,27.0,,,,,,,
2002-04-08,20.2,15.6,26.2,,,,,,,
2002-04-09,15.3,,19.4,0.0,,,,,,
2002-04-10,17.3,12.3,20.8,0.0,,,,,,
2002-04-11,23.9,,30.0,,,,,,,
2002-04-12,17.2,15.1,23.2,,,,,,,
2002-04-13,16.6,12.0,21.5,,,,,,,
2002-04-14,17.0,12.3,19.6,,,,,,,
2002-04-17,18.9,11.5,34.4,0.0,,,,,,
2002-04-18,15.8,,18.6,,,,,,,
2002-04-19,15.9,10.5,19.0,,,,,,,
2002-04-21,15.7,12.0,18.7,,,,,,,
2002-04-22,15.0,11.8,17.0,11.9,,,,,,
2002-04-23,16.1,12.2,18.0,10.9,,,,,,
2002-04-28,19.4,13.4,21.9,,,,,,,
2002-04-29,20.7,15.0,24.0,,,,,,,
2002-05-01,21.7,14.5,25.0,,,,,,,
2002-05-03,19.7,15.3,22.0,,,,,,,
2002-05-06,17.1,13.9,20.2,,,,,,,
2002-05-08,19.2,15.7,21.8,2.0,,,,,,
2002-05-13,20.0,12.5,23.2,,,,,,,
2002-05-15,20.2,13.5,23.5,,,,,,,
2002-05-16,21.3,,24.5,,,,,,,
2002-05-17,22.5,17.7,25.4,,,,,,,
2002-05-18,20.2,17.9,22.1,,,,,,,
2002-05-19,19.2,15.4,21.0,,,,,,,
2002-05-20,20.0,13.3,23.4,,,,,,,
2002-05-21,22.9,15.0,26.5,,,,,,,
2002-05-22,23.2,17.6,26.4,,,,,,,
2002-05-24,19.3,15.4,22.2,2.0,,,,,,
2002-05-25,21.0,15.0,23.0,0.0,,,,,,
2002-05-28,21.6,,23.3,,,,,,,
2002-05-29,21.7,14.5,25.5,,,,,,,
2002-05-30,22.8,15.5,25.9,,,,,,,
2002-06-01,24.1,18.6,26.9,,,,,,,
2002-06-05,23.8,,26.6,,,,,,,
2002-06-06,22.7,18.5,25.2,,,,,,,
2002-06-07,22.4,19.2,24.6,,,,,,,
2002-06-08,22.8,,24.8,,,,,,,
2002-06-09,20.1,16.6,23.2,0.3,,,,,,
2002-06-10,21.0,15.5,23.0,0.0,,,,,,
2002-06-11,21.0,14.8,23.8,0.5,,,,,,
2002-06-12,21.7,15.5,25.0,0.0,,,,,,
2002-06-13,22.3,15.3,25.2,,,,,,,
2002-06-14,24.6,17.5,28.5,,,,,,,
2002-06-16,25.3,20.0,28.0,,,,,,,
2002-06-17,26.6,21.2,28.5,,,,,,,
2002-06-19,25.5,19.7,27.7,,,,,,,
2002-06-20,25.6,20.0,28.5,,,,,,,
2002-06-21,24.4,19.8,27.7,,,,,,,
2002-06-22,27.0,,29.0,,,,,,,
2002-06-23,27.2,17.8,29.8,,,,,,,
2002-06-24,26.5,21.3,28.6,,,,,,,
2002-06-25,26.2,21.6,28.1,,,,,,,
2002-06-27,27.8,20.4,30.7,,,,,,,
2002-06-28,33.0,25.5,39.3,,,,,,,
2002-06-29,27.1,23.7,29.2,,,,,,,
2002-06-30,25.8,23.0,28.0,,,,,,,
2002-07-01,32.3,22.3,41.3,,,,,,,
2002-07-02,24.3,23.5,26.3,,,,,,,
2002-07-03,24.8,19.7,27.8,,,,,,,
2002-07-05,25.8,21.5,29.1,,,,,,,
2002-07-08,27.4,22.5,31.0,,,,,,,
2002-07-09,26.3,24.6,28.2,,,,,,,
2002-07-12,27.1,23.0,30.5,,,,,,,
2002-07-13,25.2,,27.0,,,,,,,
2002-07-14,23.4,,27.5,,,,,,,
2002-07-17,24.9,20.4,27.7,,,,,,,
2002-07-28,25.3,19.0,28.0,,,,,,,
2002-08-01,28.2,22.2,31.7,,,,,,,
2002-08-02,29.3,26.3,31.9,,,,,,,
2002-08-07,26.0,24.2,29.4,,,,,,,
2002-08-10,27.9,,30.3,,,,,,,
2002-08-11,23.6,19.5,25.6,25.9,,,,,,
2002-08-13,26.6,,27.8,,,,,,,
2002-08-14,25.3,18.3,28.3,,,,,,,
2002-08-15,25.7,19.5,29.5,,,,,,,
2002-08-16,25.8,19.3,28.2,,,,,,,
2002-08-18,26.5,21.9,29.2,,,,,,,
2002-08-19,28.7,,30.3,,,,,,,
2002-08-20,28.8,,31.2,,,,,,,
2002-08-22,26.3,22.4,29.3,,,,,,,
2002-08-23,26.7,21.7,30.6,,,,,,,
2002-08-24,27.3,22.0,30.2,,,,,,,
2002-08-25,26.5,22.8,30.0,,,,,,,
2002-08-26,27.9,,31.4,,,,,,,
2002-08-27,26.1,20.5,28.5,8.9,,,,,,
2002-08-28,24.9,21.2,26.6,0.0,,,,,,
2002-08-29,24.8,19.8,26.9,,,,,,,
2002-08-30,25.1,20.9,27.3,,,,,,,
2002-08-31,24.8,20.2,27.2,,,,,,,
2002-09-01,24.2,19.0,26.7,31.0,,,,,,
2002-09-02,25.2,21.0,28.0,2.0,,,,,,
2002-09-04,27.3,22.0,31.0,0.0,,,,,,
2002-09-06,24.2,21.0,27.8,,,,,,,
2002-09-07,24.4,19.0,27.4,,,,,,,
2002-09-09,29.1,25.2,33.4,,,,,,,
2002-09-10,25.2,21.5,28.8,,,,,,,
2002-09-11,24.6,20.5,27.3,,,,,,,
2002-09-16,24.0,18.5,26.2,,,,,,,
2002-09-18,27.6,23.5,34.2,0.0,,,,,,
2002-09-19,26.6,23.0,29.4,2.0,,,,,,
2002-09-23,23.5,19.5,26.3,1.0,,,,,,
2002-09-25,20.7,16.8,25.0,,,,,,,
2002-09-26,21.2,18.2,24.5,,,,,,,
2002-09-29,20.0,15.8,25.0,3.0,,,,,,
2002-09-30,20.9,15.6,24.5,0.0,,,,,,
2002-10-03,21.3,19.5,23.0,,,,,,,
2002-10-05,21.1,17.8,24.5,,,,,,,
2002-10-06,22.1,17.5,24.0,11.9,,,,,,
2002-10-08,22.6,15.5,27.5,,,,,,,
2002-10-09,23.7,,28.5,,,,,,,
2002-10-10,22.4,19.0,25.0,7.1,,,,,,
2002-10-12,18.8,14.5,22.2,47.0,,,,,,
2002-10-13,21.4,17.6,22.5,6.1,,,,,,
2002-10-14,21.4,16.7,25.2,0.0,,,,,,
2002-10-15,23.5,17.0,29.2,,,,,,,
2002-10-16,25.8,20.5,31.4,,,,,,,
2002-10-17,26.6,21.5,33.5,,,,,,,
2002-10-19,19.9,15.5,23.8,,,,,,,
2002-10-20,21.4,17.0,25.0,,,,,,,
2002-10-21,29.4,22.1,35.5,,,,,,,
2002-10-23,22.2,18.8,25.8,,,,,,,
2002-10-24,20.0,17.0,24.2,,,,,,,
2002-10-28,19.3,14.5,22.5,,,,,,,
2002-10-29,19.1,14.4,23.7,,,,,,,
2002-10-31,20.9,13.5,26.4,,,,,,,
2002-11-02,18.8,14.0,23.2,2.0,,,,,,
2002-11-03,19.5,15.7,22.8,1.0,,,,,,
2002-11-04,17.6,16.5,19.0,6.1,,,,,,
2002-11-05,17.4,14.5,19.4,7.1,,,,,,
2002-11-06,13.4,11.5,15.2,3.0,,,,,,
2002-11-09,15.9,11.0,17.3,24.9,,,,,,
2002-11-10,19.7,,20.2,0.0,,,,,,
2002-11-11,19.7,15.2,25.2,0.5,,,,,,
2002-11-13,18.6,14.4,23.5,,,,,,,
2002-11-14,22.3,17.7,25.8,,,,,,,
2002-11-16,18.9,18.5,20.0,,,,,,,
2002-11-17,18.6,,22.5,0.0,,,,,,
2002-11-19,16.3,11.5,21.6,,,,,,,
2002-11-21,14.1,11.4,18.4,3.0,,,,,,
2002-11-23,20.7,13.9,27.1,0.0,,,,,,
2002-11-25,19.3,,23.5,,,,,,,
2002-11-28,16.4,14.6,20.7,21.1,,,,,,
2002-12-01,15.3,9.0,16.1,19.1,,,,,,
2002-12-05,14.4,10.4,15.8,19.1,,,,,,
2002-12-07,12.4,8.0,14.8,33.0,,,,,,
2002-12-08,13.4,10.6,16.3,18.0,,,,,,
2002-12-10,13.6,9.2,17.3,0.5,,,,,,
2002-12-12,15.7,13.3,20.0,,,,,,,
2002-12-16,15.0,11.8,20.0,,,,,,,
2002-12-17,16.3,9.5,22.2,,,,,,,
2002-12-21,15.5,13.8,17.3,0.3,,,,,,
2002-12-23,17.1,11.3,22.0,,,,,,,
2002-12-25,16.4,13.7,19.5,,,,,,,
2002-12-26,16.8,14.1,19.2,,,,,,,
2002-12-27,18.8,13.5,24.0,,,,,,,
2002-12-28,14.2,,17.0,0.8,,,,,,
2002-12-29,14.4,11.5,16.4,23.9,,,,,,
2002-12-30,15.3,10.4,21.0,0.0,,,,,,
2002-12-31,13.8,11.5,15.5,,,,,,,
2003-01-01,14.2,11.5,16.5,9.9,,,,,,
2003-01-03,17.8,13.5,21.7,,,,,,,
2003-01-04,16.4,13.0,21.6,,,,,,,
2003-01-05,15.1,11.6,18.6,0.8,,,,,,
2003-01-06,15.7,12.5,19.5,0.0,,,,,,
2003-01-07,12.9,9.7,15.7,5.1,,,,,,
2003-01-09,11.7,,13.0,3.0,,,,,,
2003-01-29,13.9,,17.6,,,,,,,
2003-01-30,8.8,7.8,11.0,8.9,,,,,,
2003-01-31,9.2,5.2,13.3,8.9,,,,,,
2003-02-01,8.2,,11.0,0.0,,,,,,
2003-02-02,9.8,4.7,11.6,10.9,,,,,,
2003-02-03,13.0,8.4,16.2,3.0,,,,,,
2003-02-04,15.6,8.4,19.2,0.0,,,,,,
2003-02-05,11.5,10.2,12.1,3.0,,,,,,
2003-02-06,10.5,6.5,11.9,3.0,,,,,,
2003-02-08,10.4,6.6,14.7,0.5,,,,,,
2003-02-09,11.6,7.3,13.5,0.0,,,,,,
2003-02-10,10.3,8.5,11.5,8.9,,,,,,
2003-02-11,10.3,8.0,12.5,23.1,,,,,,
2003-02-12,11.2,7.8,13.8,3.0,,,,,,
2003-02-13,11.5,8.5,13.5,0.3,,,,,,
2003-02-14,11.1,8.5,14.3,7.1,,,,,,
2003-02-16,11.0,,14.6,,,,,,,
2003-02-17,10.9,7.0,14.5,8.9,,,,,,
2003-02-18,8.8,5.8,11.6,8.9,,,,,,
2003-02-19,11.9,7.2,15.4,2.0,,,,,,
2003-02-22,12.2,7.7,14.5,0.0,,,,,,
2003-02-24,15.3,9.6,20.1,,,,,,,
2003-02-26,16.3,11.6,19.5,,,,,,,
2003-02-27,16.5,13.1,20.8,,,,,,,
2003-03-01,13.5,9.3,18.0,4.1,,,,,,
2003-03-02,15.5,,20.7,0.0,,,,,,
2003-03-04,14.6,13.5,17.9,2.0,,,,,,
2003-03-05,14.7,10.2,18.0,0.0,,,,,,
2003-03-06,17.2,11.5,23.5,,,,,,,
2003-03-07,14.6,12.4,16.0,,,,,,,
2003-03-08,14.8,10.5,18.2,,,,,,,
2003-03-09,14.8,10.5,17.0,,,,,,,
2003-03-10,14.3,10.5,17.3,,,,,,,
2003-03-11,14.1,8.6,16.9,0.0,,,,,,
2003-03-12,18.8,12.0,24.0,,,,,,,
2003-03-13,17.2,12.5,20.9,0.0,,,,,,
2003-03-14,15.8,10.5,19.3,,,,,,,
2003-03-15,13.6,,15.1,,,,,,,
2003-03-16,10.7,9.0,11.8,23.1,,,,,,
2003-03-17,12.3,7.4,14.7,1.0,,,,,,
2003-03-18,13.4,,15.6,0.0,,,,,,
2003-03-19,13.2,8.6,16.2,,,,,,,
2003-03-20,13.7,9.0,16.3,,,,,,,
2003-03-22,18.0,10.8,21.6,,,,,,,
2003-03-23,14.1,10.6,16.7,,,,,,,
2003-03-24,13.2,9.0,16.0,,,,,,,
2003-03-25,14.6,8.9,18.4,,,,,,,
2003-03-26,18.1,,19.8,,,,,,,
2003-03-27,17.3,11.4,20.2,,,,,,,
2003-03-28,18.3,,24.5,,,,,,,
2003-03-30,18.8,,22.2,,,,,,,
2003-03-31,16.2,13.9,19.3,,,,,,,
2003-04-01,14.5,13.0,16.0,,,,,,,
2003-04-02,14.8,12.4,17.0,,,,,,,
2003-04-03,10.9,,12.2,22.9,,,,,,
2003-04-04,14.1,8.9,15.2,,,,,,,
2003-04-05,15.3,9.0,16.6,,,,,,,
2003-04-06,14.0,10.5,16.3,,,,,,,
2003-04-07,15.1,10.6,17.2,0.0,,,,,,
2003-04-08,16.3,10.6,20.2,,,,,,,
2003-04-09,17.7,13.5,20.0,,,,,,,
2003-04-10,17.1,14.5,19.6,,,,,,,
2003-04-12,18.7,14.4,23.0,3.0,,,,,,
2003-04-13,18.2,14.0,23.3,0.0,,,,,,
2003-04-14,19.8,14.1,24.2,0.0,,,,,,
2003-04-15,19.9,14.0,22.6,,,,,,,
2003-04-17,16.1,14.0,18.2,,,,,,,
2003-04-18,15.9,13.2,17.6,,,,,,,
2003-04-19,18.8,12.0,24.8,,,,,,,
2003-04-20,19.1,14.7,23.8,1.0,,,,,,
2003-04-21,19.2,14.4,22.7,0.0,,,,,,
2003-04-22,16.6,12.0,19.7,,,,,,,
2003-04-23,16.7,,20.3,,,,,,,
2003-04-24,17.5,14.1,19.7,13.0,,,,,,
2003-04-25,20.9,14.5,24.2,0.0,,,,,,
2003-04-28,25.5,15.3,29.2,,,,,,,
2003-04-29,26.8,22.5,31.6,,,,,,,
2003-05-03,20.5,,23.5,,,,,,,
2003-05-04,27.1,17.4,35.2,,,,,,,
2003-05-05,20.6,17.5,22.6,,,,,,,
2003-05-06,23.8,16.6,31.0,,,,,,,
2003-05-07,18.7,,21.3,,,,,,,
2003-05-08,20.4,17.4,22.7,,,,,,,
2003-05-10,18.8,17.1,21.2,,,,,,,
2003-05-11,19.3,16.8,21.3,,,,,,,
2003-05-12,18.7,16.3,20.7,,,,,,,
2003-05-13,19.7,15.3,22.0,,,,,,,
2003-05-14,19.7,14.6,21.8,,,,,,,
2003-05-15,19.9,15.0,22.4,,,,,,,
2003-05-16,19.6,14.6,22.8,,,,,,,
2003-05-18,19.8,,21.5,,,,,,,
2003-05-19,20.5,15.0,24.0,,,,,,,
2003-05-21,19.7,16.5,22.5,,,,,,,
2003-05-27,18.0,14.0,20.6,24.9,,,,,,
2003-05-29,21.1,15.0,23.6,,,,,,,
2003-05-30,22.5,14.6,26.2,,,,,,,
2003-05-31,23.7,17.0,25.3,,,,,,,
2003-06-02,23.4,20.0,26.2,,,,,,,
2003-06-03,23.9,,25.4,,,,,,,
2003-06-04,25.2,19.5,27.2,,,,,,,
2003-06-05,26.4,22.7,30.3,,,,,,,
2003-06-06,26.2,20.6,28.5,,,,,,,
2003-06-07,24.2,21.4,26.6,,,,,,,
2003-06-09,24.6,19.8,27.3,,,,,,,
2003-06-10,25.7,,27.0,,,,,,,
2003-06-11,26.4,19.6,30.0,,,,,,,
2003-06-15,26.2,20.5,29.6,,,,,,,
2003-06-16,27.0,20.0,30.5,,,,,,,
2003-06-17,26.6,20.1,30.3,,,,,,,
2003-06-18,26.3,22.5,28.2,,,,,,,
2003-06-19,24.9,23.2,26.7,,,,,,,
2003-06-20,24.9,20.5,27.0,,,,,,,
2003-06-21,26.7,20.4,29.8,,,,,,,
2003-06-22,28.9,21.0,32.5,,,,,,,
2003-06-24,31.5,27.5,34.6,,,,,,,
2003-06-25,29.8,24.9,32.2,,,,,,,
2003-06-26,29.8,24.5,33.5,,,,,,,
2003-06-27,28.8,23.6,35.2,,,,,,,
2003-06-28,29.4,24.5,30.3,,,,,,,
2003-07-01,28.3,23.2,30.6,,,,,,,
2003-07-02,29.1,23.5,31.5,,,,,,,
2003-07-03,28.8,22.8,31.2,,,,,,,
2003-07-04,28.2,,31.5,,,,,,,
2003-07-05,27.1,21.8,30.2,,,,,,,
2003-07-06,28.0,24.5,31.0,,,,,,,
2003-07-07,27.8,,31.4,,,,,,,
2003-07-08,28.5,,30.2,,,,,,,
2003-07-09,29.2,20.6,33.1,0.0,,,,,,
2003-07-10,28.7,22.5,31.5,,,,,,,
2003-07-12,30.2,,31.7,,,,,,,
2003-07-13,29.6,21.3,33.5,,,,,,,
2003-07-14,30.4,23.5,32.8,,,,,,,
2003-07-15,32.4,24.4,37.3,,,,,,,
2003-07-16,32.6,,39.2,,,,,,,
2003-07-17,29.9,24.4,32.7,,,,,,,
2003-07-18,30.8,25.0,33.6,,,,,,,
2003-07-22,35.6,29.5,43.5,,,,,,,
2003-07-23,30.3,26.2,32.7,0.0,,,,,,
2003-07-24,31.3,27.0,34.0,,,,,,,
2003-07-25,30.3,26.4,33.6,,,,,,,
2003-07-26,31.7,25.5,35.0,,,,,,,
2003-07-27,32.3,24.6,39.0,,,,,,,
2003-07-28,29.3,,31.5,,,,,,,
2003-07-29,28.3,24.7,30.6,,,,,,,
2003-07-30,27.3,23.0,29.7,,,,,,,
2003-07-31,28.1,23.6,30.5,0.0,,,,,,
2003-08-01,27.2,24.2,28.5,,,,,,,
2003-08-02,26.9,23.0,29.0,,,,,,,
2003-08-03,28.4,23.4,31.4,,,,,,,
2003-08-06,31.3,,33.8,,,,,,,
2003-08-07,29.5,22.4,33.6,0.0,,,,,,
2003-08-08,30.6,25.0,34.0,,,,,,,
2003-08-09,28.8,23.6,33.2,,,,,,,
2003-08-10,30.1,24.0,33.8,,,,,,,
2003-08-11,30.2,24.0,35.8,0.0,,,,,,
2003-08-12,30.4,23.5,34.8,,,,,,,
2003-08-13,32.6,23.5,37.1,,,,,,,
2003-08-14,31.4,25.5,34.8,,,,,,,
2003-08-16,32.1,29.0,40.6,,,,,,,
2003-08-17,31.3,25.5,35.5,,,,,,,
2003-08-18,33.6,24.0,42.0,,,,,,,
2003-08-20,30.2,26.0,33.2,,,,,,,
2003-08-21,30.4,24.2,34.8,,,,,,,
2003-08-22,30.7,25.0,35.0,,,,,,,
2003-08-23,31.5,23.4,35.4,,,,,,,
2003-08-24,34.1,28.0,38.4,,,,,,,
2003-08-25,29.7,,31.4,,,,,,,
2003-08-26,29.3,,30.5,,,,,,,
2003-08-27,29.4,23.2,33.4,,,,,,,
2003-08-28,30.8,26.0,34.8,,,,,,,
2003-08-30,29.0,24.0,32.6,,,,,,,
2003-08-31,30.2,26.6,33.4,,,,,,,
2003-09-02,29.4,,31.4,,,,,,,
2003-09-03,28.3,25.5,31.5,2.0,,,,,,
2003-09-05,29.3,25.9,34.7,,,,,,,
2003-09-08,25.3,22.5,29.5,7.9,,,,,,
2003-09-09,27.2,,29.6,0.0,,,,,,
2003-09-11,23.2,19.0,25.5,,,,,,,
2003-09-13,23.0,19.5,28.8,,,,,,,
2003-09-14,21.7,18.5,23.4,0.0,,,,,,
2003-09-16,21.1,17.5,24.8,4.1,,,,,,
2003-09-24,25.4,20.7,29.8,,,,,,,
2003-09-27,21.4,,25.2,,,,,,,
2003-09-28,23.9,19.0,28.2,,,,,,,
2003-09-30,25.3,21.0,28.9,,,,,,,
2003-10-01,31.6,24.3,37.5,,,,,,,
2003-10-04,24.2,21.5,29.2,,,,,,,
2003-10-05,23.9,22.0,26.6,0.0,,,,,,
2003-10-06,22.5,20.5,24.5,,,,,,,
2003-10-08,21.6,17.5,23.8,2.0,,,,,,
2003-10-09,22.2,20.8,23.5,1.0,,,,,,
2003-10-11,23.7,18.5,27.2,0.0,,,,,,
2003-10-12,24.9,21.0,28.7,,,,,,,
2003-10-14,23.0,19.0,26.3,0.0,,,,,,
2003-10-16,23.5,18.5,26.6,,,,,,,
2003-10-18,22.0,19.2,24.2,0.0,,,,,,
2003-10-19,21.8,17.8,25.2,1.0,,,,,,
2003-10-20,25.8,20.0,31.8,0.0,,,,,,
2003-10-26,23.2,17.3,28.8,,,,,,,
2003-10-27,21.6,17.3,26.1,,,,,,,
2003-10-28,22.5,19.1,26.2,,,,,,,
2003-10-29,20.6,17.9,23.0,,,,,,,
2003-10-30,17.3,,21.0,,,,,,,
2003-11-02,17.0,13.2,19.9,8.9,,,,,,
2003-11-03,17.6,13.2,23.1,0.8,,,,,,
2003-11-04,16.7,13.4,21.3,0.0,,,,,,
2003-11-06,15.0,13.1,18.7,2.3,,,,,,
2003-11-08,20.1,13.2,25.4,0.0,,,,,,
2003-11-09,19.4,13.4,25.6,,,,,,,
2003-11-10,18.3,14.9,23.0,,,,,,,
2003-11-15,18.8,14.0,23.3,17.5,,,,,,
2003-11-16,18.4,15.6,20.6,0.0,,,,,,
2003-11-18,20.8,16.4,23.8,,,,,,,
2003-11-22,16.3,12.6,22.0,1.0,,,,,,
2003-11-24,18.9,,20.3,,,,,,,
2003-11-27,15.8,10.5,21.2,7.1,,,,,,
2003-11-29,12.8,11.3,15.6,7.1,,,,,,
2003-11-30,15.8,11.5,20.4,3.0,,,,,,
2003-12-01,17.3,12.6,21.5,0.0,,,,,,
2003-12-03,20.4,15.7,24.7,0.0,,,,,,
2003-12-04,15.2,9.0,19.0,0.0,,,,,,
2003-12-05,14.3,8.7,19.7,0.0,,,,,,
2003-12-06,15.7,10.0,21.0,0.0,,,,,,
2003-12-07,15.1,10.3,18.7,0.0,,,,,,
2003-12-09,9.6,7.9,11.0,16.0,,,,,,
2003-12-10,11.2,8.0,13.5,0.0,,,,,,
2003-12-11,11.7,7.6,13.5,4.1,,,,,,
2003-12-18,13.8,9.5,17.0,0.0,,,,,,
2003-12-19,13.6,11.5,16.0,0.0,,,,,,
2003-12-20,14.7,13.0,16.4,15.0,,,,,,
2003-12-21,15.1,10.8,19.3,4.1,,,,,,
2003-12-22,13.4,,17.2,0.0,,,,,,
2003-12-23,9.7,7.3,11.5,34.0,,,,,,
2003-12-26,12.9,9.6,15.4,,,,,,,
2003-12-27,11.6,6.5,16.0,0.0,,,,,,
2003-12-28,14.6,9.6,19.8,0.0,,,,,,
2003-12-29,10.6,,13.5,3.0,,,,,,
2003-12-30,10.3,8.6,13.0,13.0,,,,,,
2004-01-04,12.3,6.8,13.1,7.9,,,,,,
2004-01-05,11.6,,13.5,0.0,,,,,,
2004-01-06,12.3,8.2,16.2,3.0,,,,,,
2004-01-07,12.6,8.2,15.5,0.0,,,,,,
2004-01-08,11.1,6.5,15.6,0.0,,,,,,
2004-01-10,15.8,13.9,16.7,0.0,,,,,,
2004-01-11,14.7,8.3,17.2,0.0,,,,,,
2004-01-12,14.8,10.7,18.7,0.0,,,,,,
2004-01-13,17.2,12.0,22.0,0.0,,,,,,
2004-01-14,15.4,13.2,20.3,0.0,,,,,,
2004-01-15,14.2,12.0,15.0,0.0,,,,,,
2004-01-17,15.7,,19.0,0.0,,,,,,
2004-01-19,11.6,7.8,13.6,4.1,,,,,,
2004-01-20,12.2,,14.6,0.0,,,,,,
2004-01-23,12.3,8.8,15.0,7.1,,,,,,
2004-01-24,12.9,11.1,15.4,37.1,,,,,,
2004-01-25,12.8,10.0,15.0,6.1,,,,,,
2004-01-26,16.1,,19.2,0.0,,,,,,
2004-01-27,15.1,12.3,19.0,0.0,,,,,,
2004-01-28,12.1,,14.5,0.0,,,,,,
2004-01-30,11.8,9.9,13.8,0.0,,,,,,
2004-02-01,13.6,7.3,18.6,,,,,,,
2004-02-02,14.1,9.2,18.1,0.0,,,,,,
2004-02-03,14.3,9.0,18.0,0.0,,,,,,
2004-02-04,13.7,11.5,14.8,0.0,,,,,,
2004-02-05,12.9,8.8,17.0,0.0,,,,,,
2004-02-06,12.9,8.5,15.8,0.0,,,,,,
2004-02-07,15.5,,17.8,,,,,,,
2004-02-10,13.2,11.1,16.2,0.0,,,,,,
2004-02-11,12.3,7.8,16.0,0.0,,,,,,
2004-02-12,13.7,1.0,14.5,0.0,,,,,,
2004-02-13,13.8,10.9,17.2,0.3,,,,,,
2004-02-14,13.7,8.9,18.2,0.0,,,,,,
2004-02-15,12.8,7.9,16.2,0.0,,,,,,
2004-02-16,13.4,10.3,15.5,0.0,,,,,,
2004-02-17,14.1,9.3,17.5,0.0,,,,,,
2004-02-18,12.7,8.8,14.5,3.0,,,,,,
2004-02-19,15.6,8.3,22.0,0.0,,,,,,
2004-02-20,20.2,14.2,24.2,0.0,,,,,,
2004-02-21,25.1,18.2,28.8,2.0,,,,,,
2004-02-23,15.6,9.8,20.5,0.0,,,,,,
2004-02-24,15.3,9.2,19.0,0.0,,,,,,
2004-02-25,14.3,10.5,18.8,0.0,,,,,,
2004-02-26,16.3,,19.5,,,,,,,
2004-02-27,12.9,9.2,14.8,2.0,,,,,,
2004-02-28,11.7,9.7,15.1,0.3,,,,,,
2004-02-29,12.9,10.2,15.8,0.0,,,,,,
2004-03-04,12.7,10.0,14.8,2.0,,,,,,
2004-03-07,13.5,,15.1,,,,,,,
2004-03-08,14.9,,18.0,,,,,,,
2004-03-09,12.8,10.9,14.2,0.0,,,,,,
2004-03-10,13.9,8.0,17.8,0.0,,,,,,
2004-03-11,13.7,12.0,17.0,0.0,,,,,,
2004-03-12,15.2,9.5,19.5,0.0,,,,,,
2004-03-13,22.7,15.2,26.5,0.0,,,,,,
2004-03-14,16.8,13.0,20.0,0.0,,,,,,
2004-03-15,20.3,,24.0,0.0,,,,,,
2004-03-16,21.6,16.5,26.5,0.0,,,,,,
2004-03-18,15.9,11.5,19.5,0.0,,,,,,
2004-03-19,14.7,13.6,17.6,0.0,,,,,,
2004-03-20,15.9,13.2,17.6,0.0,,,,,,
2004-03-21,16.1,10.4,20.0,0.0,,,,,,
2004-03-22,15.7,13.0,19.8,0.0,,,,,,
2004-03-23,10.7,8.8,12.5,23.1,,,,,,
2004-03-24,14.3,7.5,18.2,5.1,,,,,,
2004-03-25,12.7,6.5,14.0,0.0,,,,,,
2004-03-26,13.9,10.0,15.3,1.0,,,,,,
2004-03-28,17.2,12.5,19.8,0.0,,,,,,
2004-03-29,18.7,15.5,20.7,3.0,,,,,,
2004-03-30,17.2,14.5,19.4,7.1,,,,,,
2004-04-01,16.1,10.6,19.0,6.1,,,,,,
2004-04-05,16.0,9.5,20.0,11.9,,,,,,
2004-04-06,16.8,10.4,20.2,0.0,,,,,,
2004-04-08,15.9,12.4,18.0,0.0,,,,,,
2004-04-09,18.4,15.0,21.8,0.0,,,,,,
2004-04-10,13.3,,14.5,1.0,,,,,,
2004-04-11,13.3,11.0,15.8,,,,,,,
2004-04-12,13.2,10.0,15.7,1.0,,,,,,
2004-04-13,14.4,9.0,18.0,1.0,,,,,,
2004-04-14,15.7,8.6,18.2,0.0,,,,,,
2004-04-15,19.6,15.5,22.0,0.0,,,,,,
2004-04-16,19.6,16.4,24.4,1.0,,,,,,
2004-04-17,17.8,,18.8,0.0,,,,,,
2004-04-18,15.5,13.1,18.3,6.1,,,,,,
2004-04-19,15.7,13.6,19.2,5.1,,,,,,
2004-04-20,15.9,10.6,18.0,0.3,,,,,,
2004-04-21,17.8,11.5,21.3,0.0,,,,,,
2004-04-22,17.4,13.2,20.6,0.0,,,,,,
2004-04-23,16.2,,19.8,1.0,,,,,,
2004-04-24,14.9,,17.3,10.9,,,,,,
2004-04-25,16.4,14.0,18.5,4.1,,,,,,
2004-04-26,16.6,13.5,18.1,0.0,,,,,,
2004-04-27,17.4,11.5,19.6,0.0,,,,,,
2004-04-28,20.8,13.4,23.5,0.0,,,,,,
2004-04-30,18.1,12.6,21.3,1.0,,,,,,
2004-05-01,18.8,13.1,22.4,1.0,,,,,,
2004-05-03,18.2,,23.0,3.0,,,,,,
2004-05-05,17.5,13.5,23.2,7.9,,,,,,
2004-05-07,18.9,13.5,22.8,0.0,,,,,,
2004-05-08,16.8,13.6,19.0,0.0,,,,,,
2004-05-09,16.7,13.8,18.5,0.0,,,,,,
2004-05-11,26.1,14.5,31.0,0.0,,,,,,
2004-05-12,18.4,14.1,23.0,0.0,,,,,,
2004-05-13,16.8,14.2,19.2,1.0,,,,,,
2004-05-14,18.6,12.7,21.5,0.0,,,,,,
2004-05-15,17.3,15.0,21.0,0.0,,,,,,
2004-05-16,18.6,14.8,21.0,0.8,,,,,,
2004-05-17,19.1,14.5,21.3,0.0,,,,,,
2004-05-18,18.3,13.6,21.5,0.0,,,,,,
2004-05-19,19.3,,22.0,0.0,,,,,,
2004-05-20,20.2,15.6,22.7,0.0,,,,,,
2004-05-21,23.2,19.5,26.5,0.0,,,,,,
2004-05-22,20.5,16.9,23.2,0.0,,,,,,
2004-05-23,20.1,17.5,23.8,1.0,,,,,,
2004-05-24,19.6,17.5,30.6,2.0,,,,,,
2004-05-25,17.4,,18.5,1.0,,,,,,
2004-05-26,19.6,15.5,22.6,11.9,,,,,,
2004-05-27,18.7,16.5,21.5,3.0,,,,,,
2004-05-28,18.8,16.9,20.7,4.1,,,,,,
2004-05-29,19.6,16.0,21.8,0.0,,,,,,
2004-05-30,19.8,14.2,22.7,0.0,,,,,,
2004-05-31,20.6,14.5,23.2,0.0,,,,,,
2004-06-01,21.9,16.4,24.5,0.0,,,,,,
2004-06-02,23.0,16.4,25.7,0.0,,,,,,
2004-06-03,20.7,17.5,23.0,0.0,,,,,,
2004-06-04,20.2,16.2,22.2,0.0,,,,,,
2004-06-13,22.2,17.1,24.6,0.0,,,,,,
2004-06-14,19.8,17.0,23.5,0.3,,,,,,
2004-06-16,18.2,,19.8,3.0,,,,,,
2004-06-18,23.1,16.8,26.3,0.0,,,,,,
2004-06-19,27.2,17.6,33.0,0.0,,,,,,
2004-06-20,23.3,20.0,26.5,0.0,,,,,,
2004-06-21,23.3,18.4,25.6,0.0,,,,,,
2004-06-22,24.3,19.8,27.5,0.0,,,,,,
2004-06-23,25.1,19.4,28.7,0.0,,,,,,
2004-06-24,22.9,21.0,24.6,0.0,,,,,,
2004-06-25,24.2,18.2,28.1,0.0,,,,,,
2004-06-26,26.9,,29.5,,,,,,,
2004-06-27,26.7,22.6,29.7,0.0,,,,,,
2004-06-28,25.2,19.5,28.7,0.0,,,,,,
2004-06-29,25.3,20.2,28.0,0.0,,,,,,
2004-06-30,26.4,21.0,29.6,0.0,,,,,,
2004-07-01,28.3,,30.0,,,,,,,
2004-07-03,25.4,22.2,27.7,0.0,,,,,,
2004-07-04,26.3,20.8,28.6,0.0,,,,,,
2004-07-05,27.4,20.5,30.5,0.0,,,,,,
2004-07-06,28.1,23.0,30.6,0.0,,,,,,
2004-07-07,30.7,22.4,37.8,0.0,,,,,,
2004-07-09,25.4,22.3,27.6,0.0,,,,,,
2004-07-10,25.9,21.0,28.3,0.0,,,,,,
2004-07-11,25.9,21.9,28.6,0.0,,,,,,
2004-07-12,24.6,22.0,27.8,0.0,,,,,,
2004-07-13,23.8,20.6,25.5,0.0,,,,,,
2004-07-14,23.6,20.0,26.0,0.0,,,,,,
2004-07-15,24.7,18.1,27.4,0.0,,,,,,
2004-07-16,26.2,20.9,30.8,0.0,,,,,,
2004-07-17,27.5,20.6,30.0,0.0,,,,,,
2004-07-18,28.2,22.0,32.6,0.0,,,,,,
2004-07-19,27.2,21.7,30.6,0.0,,,,,,
2004-07-20,26.7,23.5,30.0,0.0,,,,,,
2004-07-21,27.1,23.4,29.5,0.0,,,,,,
2004-07-23,28.5,20.6,31.3,0.0,,,,,,
2004-07-24,27.3,21.6,31.2,0.0,,,,,,
2004-07-25,26.6,21.9,29.5,0.0,,,,,,
2004-07-26,25.8,22.2,28.1,0.0,,,,,,
2004-07-27,25.8,21.8,26.9,0.0,,,,,,
2004-07-28,26.2,20.3,29.1,0.0,,,,,,
2004-07-30,25.6,20.6,27.5,0.0,,,,,,
2004-07-31,27.0,21.4,30.5,0.5,,,,,,
2004-08-02,29.3,19.7,32.6,0.0,,,,,,
2004-08-03,28.8,23.5,31.6,0.0,,,,,,
2004-08-05,25.8,23.4,29.3,0.0,,,,,,
2004-08-06,27.2,23.0,29.5,4.1,,,,,,
2004-08-07,26.8,22.0,29.3,0.0,,,,,,
2004-08-08,30.4,20.7,37.0,0.0,,,,,,
2004-08-09,31.9,25.0,37.8,0.0,,,,,,
2004-08-10,27.4,22.6,30.8,0.0,,,,,,
2004-08-11,29.2,23.5,32.6,0.0,,,,,,
2004-08-12,28.9,22.5,32.0,0.0,,,,,,
2004-08-13,28.2,23.4,32.1,0.0,,,,,,
2004-08-14,27.0,24.0,30.0,0.0,,,,,,
2004-08-15,27.7,21.5,31.5,0.0,,,,,,
2004-08-16,28.6,22.8,31.3,0.0,,,,,,
2004-08-18,30.6,27.0,33.2,0.0,,,,,,
2004-08-19,34.3,26.9,42.0,0.0,,,,,,
2004-08-20,29.7,19.5,41.0,0.0,,,,,,
2004-08-21,27.8,25.0,30.6,0.0,,,,,,
2004-08-22,26.2,21.8,29.5,0.0,,,,,,
2004-08-23,28.0,20.6,32.5,0.0,,,,,,
2004-08-24,29.3,21.6,35.0,0.0,,,,,,
2004-08-25,34.7,26.3,39.8,0.0,,,,,,
2004-08-26,27.2,25.5,29.3,0.0,,,,,,
2004-08-27,26.9,24.2,29.4,0.0,,,,,,
2004-08-28,26.1,22.0,28.5,0.0,,,,,,
2004-08-29,26.6,20.7,29.9,0.0,,,,,,
2004-08-30,26.7,21.5,30.3,0.0,,,,,,
2004-08-31,26.8,21.2,30.4,0.0,,,,,,
2004-09-01,27.9,22.0,31.4,0.0,,,,,,
2004-09-02,29.1,21.9,35.0,0.0,,,,,,
2004-09-03,29.0,22.2,32.3,0.0,,,,,,
2004-09-05,29.7,24.5,32.3,0.0,,,,,,
2004-09-06,27.1,23.6,30.5,0.0,,,,,,
2004-09-07,26.7,22.8,29.5,0.0,,,,,,
2004-09-08,25.8,22.9,28.6,0.0,,,,,,
2004-09-09,26.0,23.0,28.5,0.0,,,,,,
2004-09-11,25.9,22.0,29.0,0.0,,,,,,
2004-09-12,27.0,22.0,31.0,0.0,,,,,,
2004-09-13,27.2,22.0,32.5,0.0,,,,,,
2004-09-14,30.2,22.9,38.7,0.0,,,,,,
2004-09-15,27.2,23.5,31.4,7.1,,,,,,
2004-09-16,25.6,21.6,29.2,0.0,,,,,,
2004-09-17,22.3,19.0,24.5,17.0,,,,,,
2004-09-18,21.5,18.1,25.5,14.0,,,,,,
2004-09-19,22.6,19.2,24.6,5.1,,,,,,
2004-09-20,23.2,19.1,25.5,11.9,,,,,,
2004-09-21,19.9,,26.5,0.0,,,,,,
2004-09-22,23.6,19.4,25.1,0.5,,,,,,
2004-09-24,23.8,19.2,26.0,0.0,,,,,,
2004-09-25,20.3,,23.0,4.1,,,,,,
2004-09-26,20.2,16.7,22.6,5.1,,,,,,
2004-09-27,19.8,,22.5,7.9,,,,,,
2004-09-28,19.9,14.5,23.6,2.0,,,,,,
2004-09-29,21.9,16.3,25.0,0.0,,,,,,
2004-10-02,21.5,16.0,26.3,0.0,,,,,,
2004-10-03,22.3,16.0,27.5,0.0,,,,,,
2004-10-04,23.7,19.2,29.2,0.0,,,,,,
2004-10-05,23.7,18.0,28.8,0.0,,,,,,
2004-10-06,23.5,18.5,27.9,0.0,,,,,,
2004-10-07,26.9,20.2,31.6,0.0,,,,,,
2004-10-09,30.0,23.0,36.2,0.0,,,,,,
2004-10-10,22.6,18.5,26.2,0.0,,,,,,
2004-10-11,21.9,18.2,25.8,0.0,,,,,,
2004-10-13,21.6,17.5,24.8,1.0,,,,,,
2004-10-16,21.7,16.5,26.0,0.0,,,,,,
2004-10-17,20.9,15.5,25.6,0.0,,,,,,
2004-10-18,23.8,16.2,28.2,0.0,,,,,,
2004-10-20,24.4,20.5,28.4,0.0,,,,,,
2004-10-21,24.2,20.0,28.8,0.0,,,,,,
2004-10-23,24.1,20.2,27.5,0.0,,,,,,
2004-10-25,26.2,20.3,31.5,0.0,,,,,,
2004-10-26,22.0,,24.8,0.0,,,,,,
2004-10-27,19.4,15.0,24.5,4.1,,,,,,
2004-10-28,21.4,15.0,26.5,0.0,,,,,,
2004-10-30,21.3,19.0,24.6,0.0,,,,,,
2004-10-31,18.8,17.5,20.8,0.0,,,,,,
2004-11-01,16.6,16.0,16.8,24.9,,,,,,
2004-11-02,14.8,14.5,16.0,54.1,,,,,,
2004-11-03,16.8,13.9,19.0,24.9,,,,,,
2004-11-04,18.2,16.2,21.0,13.0,,,,,,
2004-11-06,18.1,14.5,22.0,0.0,,,,,,
2004-11-07,17.8,,21.0,2.0,,,,,,
2004-11-08,17.8,,19.4,2.0,,,,,,
2004-11-09,15.3,12.0,18.9,20.1,,,,,,
2004-11-10,13.8,13.0,14.5,6.1,,,,,,
2004-11-11,13.7,12.3,15.3,6.1,,,,,,
2004-11-13,14.3,11.0,17.3,23.9,,,,,,
2004-11-14,16.3,12.0,18.0,55.9,,,,,,
2004-11-15,11.8,9.2,15.2,3.0,,,,,,
2004-11-16,12.8,9.9,15.3,8.9,,,,,,
2004-11-17,13.0,11.0,15.7,6.1,,,,,,
2004-11-18,13.6,11.5,16.9,5.1,,,,,,
2004-11-20,16.2,10.0,18.2,0.0,,,,,,
2004-11-22,16.7,11.7,21.2,0.0,,,,,,
2004-11-24,15.2,10.9,18.5,0.0,,,,,,
2004-11-25,15.0,11.4,18.1,0.0,,,,,,
2004-11-27,15.0,10.1,20.0,0.0,,,,,,
2004-11-28,15.3,9.7,20.6,0.0,,,,,,
2004-11-29,16.1,12.2,20.2,0.0,,,,,,
2004-11-30,16.4,13.8,20.3,0.0,,,,,,
2004-12-02,18.4,15.7,22.0,0.0,,,,,,
2004-12-03,19.8,16.0,21.6,0.0,,,,,,
2004-12-04,19.7,18.2,21.3,0.0,,,,,,
2004-12-05,14.5,,15.5,,,,,,,
2004-12-07,17.6,13.5,21.2,0.0,,,,,,
2004-12-08,15.1,13.1,18.4,6.1,,,,,,
2004-12-09,15.1,,17.0,0.0,,,,,,
2004-12-10,13.8,12.5,15.5,5.1,,,,,,
2004-12-11,13.4,10.8,16.6,7.1,,,,,,
2004-12-12,14.6,12.1,18.2,0.5,,,,,,
2004-12-13,15.0,11.5,20.0,0.0,,,,,,
2004-12-14,15.9,12.0,19.8,0.0,,,,,,
2004-12-15,13.7,11.3,16.2,0.0,,,,,,
2004-12-17,14.3,,16.2,,,,,,,
2004-12-18,13.7,10.0,16.5,15.0,,,,,,
2004-12-19,14.7,10.8,17.6,13.0,,,,,,
2004-12-20,13.6,,16.0,0.0,,,,,,
2004-12-22,11.8,9.2,14.0,16.0,,,,,,
2004-12-25,12.7,9.2,15.7,0.0,,,,,,
2004-12-26,11.5,,13.2,7.1,,,,,,
2004-12-27,10.8,9.2,13.0,3.0,,,,,,
2004-12-28,9.0,6.4,12.2,21.1,,,,,,
2004-12-30,10.8,6.5,13.2,30.0,,,,,,
2005-01-03,14.1,12.2,16.0,0.0,,,,,,
2005-01-04,12.7,8.5,15.0,0.0,,,,,,
2005-01-08,13.0,9.5,18.3,0.0,,,,,,
2005-01-09,13.4,9.2,17.8,0.0,,,,,,
2005-01-11,12.0,8.5,14.5,0.0,,,,,,
2005-01-12,12.8,9.2,14.3,0.0,,,,,,
2005-01-13,11.1,9.5,12.2,0.0,,,,,,
2005-01-14,13.4,10.3,14.6,2.0,,,,,,
2005-01-15,12.3,9.8,13.8,0.0,,,,,,
2005-01-16,12.3,8.8,15.0,0.0,,,,,,
2005-01-17,11.6,8.2,14.0,0.0,,,,,,
2005-01-18,10.4,6.3,12.5,0.0,,,,,,
2005-01-20,13.4,8.8,15.5,13.0,,,,,,
2005-01-23,12.5,,16.5,0.0,,,,,,
2005-01-24,10.3,6.5,14.4,0.0,,,,,,
2005-01-25,7.4,,9.5,7.1,,,,,,
2005-01-26,4.4,2.2,6.3,30.0,,,,,,
2005-01-30,5.5,3.0,7.4,21.1,,,,,,
2005-01-31,6.8,4.0,11.6,23.1,,,,,,
2005-02-01,6.6,4.2,9.0,8.9,,,,,,
2005-02-02,12.3,6.3,14.8,3.0,,,,,,
2005-02-03,8.1,5.4,10.0,,,,,,,
2005-02-05,9.8,7.2,13.0,,,,,,,
2005-02-06,11.2,7.5,13.2,0.0,,,,,,
2005-02-07,12.8,8.0,16.2,,,,,,,
2005-02-08,14.1,10.0,16.6,0.0,,,,,,
2005-02-09,12.0,10.2,12.8,9.9,,,,,,
2005-02-10,12.6,10.0,15.0,7.9,,,,,,
2005-02-12,11.1,7.3,16.0,0.0,,,,,,
2005-02-13,14.2,8.9,18.3,0.0,,,,,,
2005-02-16,8.0,6.8,11.0,6.1,,,,,,
2005-02-17,6.3,5.3,8.2,8.9,,,,,,
2005-02-19,8.4,5.3,11.0,19.1,,,,,,
2005-02-21,11.1,7.7,14.6,0.0,,,,,,
2005-02-22,8.5,6.8,10.2,4.1,,,,,,
2005-02-23,11.6,7.2,15.5,6.1,,,,,,
2005-02-24,11.6,7.0,15.9,0.0,,,,,,
2005-02-26,10.7,,15.2,5.1,,,,,,
2005-02-27,10.6,7.8,14.8,9.9,,,,,,
2005-02-28,9.1,6.8,11.2,4.1,,,,,,
2005-03-01,8.1,6.0,10.2,17.0,,,,,,
2005-03-02,9.9,7.0,12.0,11.9,,,,,,
2005-03-06,12.6,7.5,17.5,0.0,,,,,,
2005-03-07,8.7,6.0,10.3,5.1,,,,,,
2005-03-15,14.5,10.5,17.2,0.0,,,,,,
2005-03-16,14.3,12.0,17.0,0.0,,,,,,
2005-03-17,15.1,12.0,18.0,0.0,,,,,,
2005-03-20,13.1,10.5,14.5,0.0,,,,,,
2005-03-21,14.2,11.0,17.0,0.0,,,,,,
2005-03-22,16.7,13.0,21.2,0.0,,,,,,
2005-03-23,22.2,16.5,26.6,0.0,,,,,,
2005-03-26,16.2,15.0,18.9,0.0,,,,,,
2005-03-27,17.8,,20.8,0.0,,,,,,
2005-03-28,15.9,11.5,19.5,0.0,,,,,,
2005-03-29,16.1,11.8,20.0,0.0,,,,,,
2005-03-30,15.8,12.8,18.6,0.0,,,,,,
2005-03-31,14.4,12.6,17.0,0.0,,,,,,
2005-04-02,16.1,11.5,21.0,0.0,,,,,,
2005-04-03,17.9,15.8,21.0,0.0,,,,,,
2005-04-05,15.4,,16.8,5.1,,,,,,
2005-04-06,15.4,13.0,17.8,3.0,,,,,,
2005-04-07,17.4,12.8,22.5,0.0,,,,,,
2005-04-09,16.2,,22.8,,,,,,,
2005-04-13,14.6,,18.0,0.0,,,,,,
2005-04-14,17.1,11.2,22.8,,,,,,,
2005-04-16,15.0,,17.5,0.0,,,,,,
2005-04-17,12.8,9.8,15.0,0.3,,,,,,
2005-04-19,18.4,14.8,20.6,0.0,,,,,,
2005-04-20,17.8,13.0,22.4,0.0,,,,,,
2005-04-21,16.2,14.0,17.9,0.0,,,,,,
2005-04-25,21.6,18.0,24.0,0.0,,,,,,
2005-04-26,17.7,14.0,21.3,0.0,,,,,,
2005-04-30,18.3,14.0,20.3,0.0,,,,,,
2005-05-02,25.3,20.0,30.5,0.0,,,,,,
2005-05-03,19.6,15.0,22.3,0.0,,,,,,
2005-05-04,18.8,16.0,21.8,0.0,,,,,,
2005-05-25,19.5,15.1,22.6,0.0,,,,,,
2005-05-28,22.3,18.6,24.2,0.0,,,,,,
2005-05-30,23.5,18.5,26.6,0.0,,,,,,
2005-06-01,23.3,,26.5,0.0,,,,,,
2005-06-02,27.0,22.3,33.0,0.0,,,,,,
2006-05-08,22.4,15.3,26.2,0.0,,,,,,
2006-05-09,18.3,15.5,19.8,0.0,,,,,,
2006-05-10,17.4,12.0,21.5,0.0,,,,,,
2006-05-14,20.8,14.5,23.5,0.0,,,,,,
2006-05-15,19.6,15.2,23.8,0.0,,,,,,
2006-05-22,27.3,19.8,34.0,0.0,,,,,,
2006-05-25,20.3,16.8,23.7,0.0,,,,,,
2006-05-27,22.3,14.9,25.0,0.0,,,,,,
2006-05-28,23.0,15.9,26.0,0.0,,,,,,
2006-05-29,23.9,18.9,26.5,0.0,,,,,,
2006-05-31,18.4,15.7,21.3,1.0,,,,,,
2006-06-01,18.7,16.0,19.2,1.0,,,,,,
2006-06-03,18.7,13.7,19.8,0.0,,,,,,
2006-06-04,18.8,13.8,20.5,0.0,,,,,,
2006-06-05,20.9,13.6,24.0,0.0,,,,,,
2006-06-06,22.1,13.7,25.5,0.0,,,,,,
2006-06-07,22.3,14.7,24.7,0.0,,,,,,
2006-06-08,22.8,14.5,25.7,0.0,,,,,,
2006-06-10,21.2,16.9,23.7,0.0,,,,,,
2006-06-11,20.8,17.5,23.4,1.0,,,,,,
2006-06-12,21.0,14.7,24.0,0.0,,,,,,
2006-06-13,22.8,14.7,26.9,0.0,,,,,,
2006-06-14,25.0,20.4,29.0,0.0,,,,,,
2006-06-15,25.9,12.0,29.0,0.0,,,,,,
2006-06-17,25.2,,32.3,0.0,,,,,,
2006-06-19,36.2,21.7,42.0,0.0,,,,,,
2006-06-20,32.8,26.8,42.4,0.0,,,,,,
2006-06-21,27.9,22.0,33.5,0.0,,,,,,
2006-06-22,27.1,,38.4,0.0,,,,,,
2006-06-24,26.7,21.0,31.6,0.0,,,,,,
2006-06-25,27.4,22.4,32.3,0.0,,,,,,
2006-06-27,27.5,21.2,33.0,0.0,,,,,,
2006-06-28,25.2,21.9,27.0,0.0,,,,,,
2006-06-29,24.4,21.6,27.0,0.0,,,,,,
2006-07-01,26.3,20.4,28.3,0.0,,,,,,
2006-07-02,27.3,15.1,30.3,0.0,,,,,,
2006-07-03,27.9,23.4,30.2,0.0,,,,,,
2006-07-04,27.3,16.4,30.0,0.0,,,,,,
2006-07-05,30.2,22.0,35.7,0.0,,,,,,
2006-07-06,29.5,20.2,34.7,0.0,,,,,,
2006-07-07,26.6,23.6,28.4,0.0,,,,,,
2006-07-09,25.4,20.0,28.0,0.0,,,,,,
2006-07-10,26.7,15.9,29.0,0.0,,,,,,
2006-07-11,27.0,20.5,29.5,0.0,,,,,,
2006-07-12,27.4,20.5,30.0,0.0,,,,,,
2006-07-13,27.8,20.8,30.3,0.0,,,,,,
2006-07-14,28.8,22.5,31.5,0.0,,,,,,
2006-07-15,29.0,23.0,31.4,0.0,,,,,,
2006-07-16,28.4,22.0,30.6,0.0,,,,,,
2006-07-17,28.6,23.3,30.3,0.0,,,,,,
2006-07-18,27.9,21.5,30.6,0.0,,,,,,
2006-07-19,28.8,23.0,31.2,0.0,,,,,,
2006-07-20,28.9,22.5,31.9,0.0,,,,,,
2006-07-21,28.3,20.3,31.2,0.0,,,,,,
2006-07-22,28.2,20.3,31.2,0.0,,,,,,
2006-07-23,28.8,21.0,31.7,0.0,,,,,,
2006-07-24,28.8,21.5,31.7,0.0,,,,,,
2006-07-25,29.1,23.5,31.7,0.0,,,,,,
2006-07-26,29.6,24.0,31.9,0.0,,,,,,
2006-07-27,29.9,23.0,33.3,0.0,,,,,,
2006-07-29,28.7,25.0,30.0,0.0,,,,,,
2006-07-30,29.2,22.5,32.1,0.0,,,,,,
2006-07-31,29.2,21.8,32.3,0.0,,,,,,
2006-08-01,30.9,23.1,34.0,0.0,,,,,,
2006-08-02,28.7,22.8,31.8,0.0,,,,,,
2006-08-03,29.3,22.1,31.9,0.0,,,,,,
2006-08-04,27.7,23.6,30.8,0.0,,,,,,
2006-08-05,26.1,22.6,28.0,0.0,,,,,,
2006-08-06,26.4,22.9,28.5,0.0,,,,,,
2006-08-07,25.8,21.0,28.0,0.0,,,,,,
2006-08-08,26.4,21.5,28.7,0.0,,,,,,
2006-08-09,24.6,22.0,28.2,0.0,,,,,,
2006-08-10,25.3,19.9,27.8,13.0,,,,,,
2006-08-11,27.7,20.9,29.5,0.0,,,,,,
2006-08-19,29.0,,30.1,0.0,,,,,,
2006-09-25,24.7,19.0,26.4,0.3,,,,,,
2006-09-26,22.6,18.5,25.2,2.0,,,,,,
2006-09-27,22.5,21.0,24.2,2.0,,,,,,
2006-09-29,23.6,16.5,27.0,0.0,,,,,,
2006-09-30,24.9,17.5,28.7,0.0,,,,,,
2006-10-01,27.3,21.5,30.0,0.0,,,,,,
2006-10-02,25.8,21.0,28.3,0.0,,,,,,
2006-10-03,31.9,22.6,40.4,0.0,,,,,,
2006-10-04,24.6,21.0,26.6,0.0,,,,,,
2006-10-07,20.3,15.5,23.0,2.0,,,,,,
2006-10-08,22.3,16.2,25.0,0.0,,,,,,
2006-10-09,22.3,16.4,25.3,0.0,,,,,,
2006-10-11,23.8,15.4,27.7,0.0,,,,,,
2006-10-13,22.3,18.0,26.4,0.0,,,,,,
2006-10-14,20.6,17.7,24.0,1.0,,,,,,
2006-10-15,20.4,16.0,23.9,0.0,,,,,,
2006-10-16,22.2,19.8,25.0,0.5,,,,,,
2006-10-18,25.3,19.5,30.0,0.0,,,,,,
2006-10-19,24.1,,25.6,0.0,,,,,,
2006-10-20,22.6,18.5,26.5,0.0,,,,,,
2006-10-21,22.3,,27.3,0.0,,,,,,
2006-10-25,31.2,17.2,36.0,0.0,,,,,,
2006-10-26,29.3,24.1,36.4,0.0,,,,,,
2006-10-27,25.6,23.4,33.5,0.0,,,,,,
2006-10-28,22.4,17.5,25.4,0.0,,,,,,
2006-10-29,21.8,16.0,25.5,0.0,,,,,,
2006-10-31,22.7,17.7,26.0,0.0,,,,,,
2006-11-01,21.5,17.0,24.2,0.0,,,,,,
2006-11-02,19.8,16.5,21.4,0.0,,,,,,
2006-11-07,21.6,16.5,25.2,0.0,,,,,,
2006-11-08,21.1,13.5,25.5,0.0,,,,,,
2006-11-09,20.1,14.5,25.1,0.0,,,,,,
2006-11-10,18.5,12.0,22.4,0.0,,,,,,
2006-11-12,18.5,14.0,21.9,0.0,,,,,,
2006-11-13,18.9,,20.0,,,,,,,
2006-11-14,17.2,14.3,20.5,8.9,,,,,,
2006-11-16,20.9,15.2,26.7,0.0,,,,,,
2006-11-19,18.9,13.5,22.8,0.0,,,,,,
2006-11-20,18.0,13.0,21.5,0.0,,,,,,
2006-11-23,17.8,14.5,20.7,18.0,,,,,,
2006-11-25,19.8,15.0,26.0,0.0,,,,,,
2006-11-26,20.9,14.5,26.5,0.0,,,,,,
2006-11-27,18.7,14.5,21.5,0.0,,,,,,
2006-11-28,18.0,14.5,20.0,0.0,,,,,,
2006-11-29,17.0,13.2,20.1,1.0,,,,,,
2006-11-30,17.2,13.5,20.7,6.1,,,,,,
2006-12-02,17.4,13.5,21.0,0.0,,,,,,
2006-12-04,16.7,12.5,20.0,0.0,,,,,,
2006-12-06,16.7,,24.0,0.0,,,,,,
2006-12-07,13.3,10.5,15.3,0.5,,,,,,
2006-12-08,16.1,11.5,21.0,21.1,,,,,,
2006-12-09,14.9,13.0,17.2,1.0,,,,,,
2006-12-10,12.4,9.5,14.3,0.0,,,,,,
2006-12-11,13.9,10.8,17.0,1.0,,,,,,
2006-12-12,14.8,10.5,17.6,0.0,,,,,,
2006-12-16,15.2,,16.8,0.0,,,,,,
2006-12-18,15.8,12.3,17.3,13.0,,,,,,
2006-12-19,13.6,9.8,15.4,3.0,,,,,,
2006-12-20,13.0,9.2,15.4,0.0,,,,,,
2006-12-22,12.7,8.0,16.7,0.0,,,,,,
2006-12-23,14.7,10.2,19.1,0.0,,,,,,
2006-12-24,11.1,9.3,12.3,0.0,,,,,,
2007-11-13,16.4,14.0,17.4,0.0,,,,,,
2007-11-14,17.4,13.0,21.3,0.0,,,,,,
2007-11-15,12.6,10.5,14.3,11.9,,,,,,
2007-11-16,11.2,9.0,13.2,7.9,,,,,,
2007-11-17,13.1,11.2,14.6,21.1,,,,,,
2007-11-18,13.8,6.5,17.0,15.0,,,,,,
2007-11-19,16.6,8.5,22.4,0.0,,,,,,
2007-11-22,21.8,17.5,24.0,0.0,,,,,,
2007-11-23,18.3,15.5,21.7,0.0,,,,,,
2007-11-24,17.1,12.5,20.4,0.8,,,,,,
2007-11-25,17.6,14.5,21.7,0.0,,,,,,
2007-11-26,17.3,,19.0,0.0,,,,,,
2007-11-27,17.5,11.5,22.9,0.0,,,,,,
2007-11-28,15.0,10.5,18.5,0.0,,,,,,
2007-11-29,15.4,10.5,18.6,0.0,,,,,,
2007-11-30,15.4,,16.4,10.9,,,,,,
2007-12-01,15.4,10.3,19.8,0.0,,,,,,
2007-12-02,14.3,9.0,18.9,0.0,,,,,,
2007-12-03,14.9,10.0,18.9,0.0,,,,,,
2007-12-04,16.4,13.2,17.5,5.1,,,,,,
2007-12-05,16.6,15.0,18.0,3.0,,,,,,
2007-12-06,15.8,13.0,17.7,1.0,,,,,,
2007-12-07,16.7,15.4,17.8,0.0,,,,,,
2007-12-08,15.6,13.0,17.4,0.5,,,,,,
2007-12-09,17.9,14.2,21.2,2.0,,,,,,
2007-12-12,13.3,,14.2,15.0,,,,,,
2007-12-13,13.4,,15.0,0.0,,,,,,
2007-12-14,11.5,7.7,14.5,6.1,,,,,,
2007-12-15,10.1,8.0,11.7,0.0,,,,,,
2007-12-16,9.1,7.0,12.0,3.0,,,,,,
2007-12-17,8.9,,10.1,15.0,,,,,,
2007-12-18,11.1,5.0,14.5,1.0,,,,,,
2007-12-19,11.1,6.4,15.2,0.0,,,,,,
2007-12-20,11.6,6.3,13.5,0.0,,,,,,
2007-12-21,10.4,4.7,15.0,0.0,,,,,,
2007-12-22,16.3,14.3,18.0,0.0,,,,,,
2007-12-23,15.1,10.7,19.4,0.0,,,,,,
2007-12-24,13.4,8.0,17.0,0.0,,,,,,
2007-12-25,13.8,10.5,16.6,0.0,,,,,,
2007-12-26,13.0,11.3,15.5,2.0,,,,,,
2007-12-27,12.7,8.6,16.8,0.0,,,,,,
2007-12-28,12.0,10.0,14.6,5.1,,,,,,
2007-12-29,10.2,9.2,11.0,4.1,,,,,,
2007-12-30,13.6,10.6,15.0,20.1,,,,,,
2008-01-08,14.0,,15.7,,,,,,,
2008-01-09,14.8,9.6,17.4,0.0,,,,,,
2008-01-10,14.3,9.5,17.7,0.0,,,,,,
2008-01-11,16.6,12.5,21.4,0.0,,,,,,
2008-01-12,13.6,11.8,16.0,0.0,,,,,,
2008-01-13,13.4,8.4,17.5,2.0,,,,,,
2008-01-14,13.9,7.0,19.7,0.0,,,,,,
2008-01-15,14.8,10.0,19.5,0.0,,,,,,
2008-01-16,14.9,10.2,18.7,0.0,,,,,,
2008-01-17,13.0,9.0,15.5,8.9,,,,,,
2008-01-18,13.4,12.0,14.5,0.3,,,,,,
2008-01-19,14.3,12.5,15.8,2.0,,,,,,
2008-01-20,14.9,12.5,16.8,0.0,,,,,,
2008-01-21,13.7,9.0,17.3,0.0,,,,,,
2008-01-22,13.8,8.5,17.0,0.0,,,,,,
2008-01-23,14.4,,15.9,0.0,,,,,,
2008-01-24,13.2,11.5,16.2,0.0,,,,,,
2008-01-25,11.7,6.3,15.7,0.0,,,,,,
2008-01-26,12.2,7.5,15.3,0.0,,,,,,
2008-01-27,12.4,7.5,16.0,0.0,,,,,,
2008-01-28,12.7,8.0,16.7,0.0,,,,,,
2008-01-29,14.0,6.9,17.7,0.0,,,,,,
2008-01-30,14.1,7.1,18.4,0.0,,,,,,
2008-01-31,13.6,9.7,16.0,0.0,,,,,,
2008-02-01,13.4,6.8,18.0,0.0,,,,,,
2008-02-02,14.8,9.2,19.2,0.0,,,,,,
2008-02-03,14.1,9.9,17.6,0.0,,,,,,
2008-02-04,16.8,10.0,21.3,0.0,,,,,,
2008-02-05,14.7,10.4,17.7,0.0,,,,,,
2008-02-06,13.6,7.4,18.2,0.0,,,,,,
2008-02-07,13.6,8.4,16.9,0.0,,,,,,
2008-02-08,13.6,7.1,16.2,0.0,,,,,,
2008-02-09,10.6,8.2,12.3,0.0,,,,,,
2008-02-10,10.7,4.9,15.0,5.1,,,,,,
2008-02-11,10.3,2.4,14.4,0.0,,,,,,
2008-02-12,12.0,7.2,15.3,0.0,,,,,,
2008-02-13,12.7,8.0,15.4,0.0,,,,,,
2008-02-14,15.2,9.6,18.5,0.0,,,,,,
2008-02-15,13.4,11.4,15.5,1.0,,,,,,
2008-02-16,13.9,12.2,15.8,7.1,,,,,,
2008-02-17,12.6,9.0,14.8,0.0,,,,,,
2008-02-18,11.8,5.6,16.0,0.0,,,,,,
2008-02-19,13.7,7.7,19.3,0.0,,,,,,
2008-02-20,15.7,11.0,18.4,0.0,,,,,,
2008-02-21,14.9,9.4,18.9,0.0,,,,,,
2008-02-22,14.0,9.6,16.5,0.0,,,,,,
2008-02-23,14.7,11.4,18.5,0.0,,,,,,
2008-02-24,16.3,11.2,22.4,0.0,,,,,,
2008-02-25,16.0,9.8,20.7,0.0,,,,,,
2008-02-26,16.2,9.8,19.6,0.0,,,,,,
2008-02-27,15.4,11.4,18.4,0.0,,,,,,
2008-02-28,15.5,10.5,18.6,0.0,,,,,,
2008-02-29,13.6,9.2,15.9,0.0,,,,,,
2008-03-01,15.3,11.9,17.5,0.0,,,,,,
2008-03-02,15.3,8.8,18.7,0.0,,,,,,
2008-03-03,16.4,8.7,20.5,0.0,,,,,,
2008-03-04,14.6,9.4,18.3,0.0,,,,,,
2008-03-05,9.3,,10.5,10.9,,,,,,
2008-03-06,9.2,5.4,10.7,6.1,,,,,,
2008-03-07,7.7,5.5,10.6,16.0,,,,,,
2008-03-08,9.2,5.4,11.5,5.1,,,,,,
2008-03-09,13.1,9.0,16.7,18.0,,,,,,
2008-03-10,14.1,5.8,20.0,0.0,,,,,,
2008-03-11,15.4,12.3,17.6,0.0,,,,,,
2008-03-12,17.3,10.2,22.0,0.0,,,,,,
2008-03-13,17.2,12.5,19.6,0.0,,,,,,
2008-03-14,16.6,11.4,20.2,0.0,,,,,,
2008-03-15,16.4,10.0,20.5,0.0,,,,,,
2008-03-16,16.5,9.8,22.0,0.0,,,,,,
2008-03-17,16.5,12.3,18.7,0.0,,,,,,
2008-03-18,16.3,9.9,20.4,0.0,,,,,,
2008-03-19,15.2,9.5,17.7,0.0,,,,,,
2008-03-20,14.1,9.8,16.2,0.0,,,,,,
2008-03-31,13.5,,17.7,0.5,,,,,,
2008-04-01,12.9,9.8,14.6,26.9,,,,,,
2008-04-02,14.8,10.0,16.5,27.9,,,,,,
2008-04-03,14.4,7.8,17.9,4.1,,,,,,
2008-04-04,14.9,8.5,16.5,0.0,,,,,,
2008-04-05,14.8,7.8,17.4,0.0,,,,,,
2008-04-06,16.7,8.2,21.5,0.0,,,,,,
2008-04-07,21.7,8.8,26.8,0.0,,,,,,
2008-04-08,18.8,16.0,21.5,3.0,,,,,,
2008-04-09,23.2,13.5,30.3,0.0,,,,,,
2008-04-10,24.6,18.9,29.5,0.0,,,,,,
2008-04-11,20.3,13.6,23.9,0.0,,,,,,
2008-04-12,16.6,13.5,18.8,4.1,,,,,,
2008-04-13,15.6,8.6,18.6,0.0,,,,,,
2008-04-14,16.5,9.5,19.3,0.0,,,,,,
2008-04-15,15.3,10.4,17.9,0.0,,,,,,
2008-04-16,17.9,10.3,22.3,0.0,,,,,,
2008-04-17,17.2,10.8,25.0,0.0,,,,,,
2008-04-18,21.6,15.5,26.7,0.0,,,,,,
2008-04-19,19.2,11.8,23.7,0.0,,,,,,
2008-04-20,23.1,13.6,31.5,0.0,,,,,,
2008-04-21,17.7,11.6,22.1,0.0,,,,,,
2008-04-22,17.3,12.9,20.5,0.0,,,,,,
2008-04-23,17.3,12.6,21.3,0.0,,,,,,
2008-04-24,17.2,1.8,20.4,0.0,,,,,,
2008-04-25,16.9,9.8,22.4,0.0,,,,,,
2008-04-26,19.0,9.9,22.5,0.0,,,,,,
2008-04-28,18.9,11.7,22.5,0.0,,,,,,
2008-04-29,17.9,12.0,23.1,0.0,,,,,,
2008-04-30,20.6,15.8,25.0,0.0,,,,,,
2008-05-01,18.8,12.3,23.4,0.0,,,,,,
2008-05-02,19.3,12.6,22.0,0.0,,,,,,
2008-05-03,21.0,,23.9,,,,,,,
2008-05-04,19.7,14.0,23.0,0.0,,,,,,
2008-05-05,19.7,13.6,23.3,0.0,,,,,,
2008-05-06,20.2,16.0,23.6,0.0,,,,,,
2008-05-07,18.5,14.6,20.8,0.0,,,,,,
2008-05-08,21.1,16.6,26.5,0.0,,,,,,
2008-05-09,20.2,13.6,27.1,0.0,,,,,,
2008-05-10,18.2,16.6,20.5,8.9,,,,,,
2008-05-11,17.3,,18.9,0.0,,,,,,
2008-05-12,17.8,15.0,22.0,4.1,,,,,,
2008-05-13,17.4,11.6,20.9,3.0,,,,,,
2008-05-14,19.1,12.5,22.4,5.1,,,,,,
2008-05-15,22.4,,27.1,0.0,,,,,,
2008-05-16,26.6,19.7,35.5,0.0,,,,,,
2008-05-17,20.1,17.5,23.5,0.0,,,,,,
2008-05-18,21.6,17.0,24.0,0.0,,,,,,
2008-05-20,18.2,13.5,21.4,2.0,,,,,,
2008-05-22,22.5,13.7,25.0,0.0,,,,,,
2008-05-23,21.0,13.8,24.9,0.0,,,,,,
2008-05-24,25.6,18.7,33.0,0.0,,,,,,
2008-05-26,22.3,19.4,25.0,0.0,,,,,,
2008-05-27,20.2,,23.1,,,,,,,
2008-05-28,19.9,,22.6,0.0,,,,,,
2008-05-29,19.2,15.1,21.7,2.0,,,,,,
2008-05-30,23.4,15.3,26.4,0.0,,,,,,
2008-05-31,25.8,,28.7,,,,,,,
2008-06-02,19.1,16.4,21.1,0.0,,,,,,
2008-06-03,20.1,16.0,22.5,1.0,,,,,,
2008-06-04,22.1,,25.3,0.0,,,,,,
2008-06-05,22.2,16.2,25.5,0.0,,,,,,
2008-06-06,23.6,,25.8,,,,,,,
2008-06-07,20.6,17.6,22.5,0.0,,,,,,
2008-06-08,18.1,15.1,20.8,0.0,,,,,,
2008-06-09,20.1,14.4,22.8,7.9,,,,,,
2008-06-10,22.2,15.5,26.4,0.0,,,,,,
2008-06-11,22.1,15.5,25.5,0.0,,,,,,
2008-06-12,21.2,,24.1,,,,,,,
2008-06-13,22.1,16.5,24.0,0.0,,,,,,
2008-06-14,22.9,17.4,26.8,0.0,,,,,,
2008-06-17,25.6,,28.2,,,,,,,
2008-06-18,23.5,20.6,25.4,0.0,,,,,,
2008-06-19,23.8,18.4,26.8,0.0,,,,,,
2008-06-20,23.4,16.9,28.1,0.0,,,,,,
2008-06-21,24.2,15.3,27.4,0.0,,,,,,
2008-06-22,25.3,19.5,28.8,0.0,,,,,,
2008-06-23,28.6,19.2,34.0,0.0,,,,,,
2008-06-24,25.6,19.8,31.8,0.0,,,,,,
2008-06-25,24.2,21.0,27.2,0.0,,,,,,
2008-06-26,24.6,,29.9,0.0,,,,,,
2008-06-27,23.9,19.4,26.0,0.0,,,,,,
2008-06-29,25.8,20.4,29.3,0.0,,,,,,
2008-06-30,26.4,21.4,29.9,0.0,,,,,,
2008-07-02,26.5,21.4,30.5,0.0,,,,,,
2008-07-03,29.4,20.6,36.8,0.0,,,,,,
2008-07-04,27.1,21.5,28.5,0.0,,,,,,
2008-07-05,27.0,18.7,30.5,0.0,,,,,,
2008-07-06,27.8,21.8,33.1,0.0,,,,,,
2008-07-07,28.3,22.1,35.2,0.0,,,,,,
2008-07-08,27.6,23.5,30.5,0.0,,,,,,
2008-07-09,27.8,,30.4,,,,,,,
2008-07-10,26.6,22.6,28.9,0.0,,,,,,
2008-07-11,28.8,22.8,35.0,0.0,,,,,,
2008-07-12,28.0,22.4,31.6,0.0,,,,,,
2008-07-13,27.7,23.1,30.0,0.0,,,,,,
2008-07-14,26.4,22.1,30.0,0.0,,,,,,
2008-07-15,26.1,21.8,28.7,0.0,,,,,,
2008-07-16,26.8,22.0,29.5,0.0,,,,,,
2008-07-17,26.8,20.7,31.5,0.0,,,,,,
2008-07-18,26.4,21.9,28.8,5.1,,,,,,
2008-07-19,26.8,,30.1,0.0,,,,,,
2008-07-20,26.6,20.0,29.8,0.0,,,,,,
2008-07-21,26.6,21.8,32.5,0.0,,,,,,
2008-07-22,25.0,20.2,27.8,0.0,,,,,,
2008-07-23,24.7,19.5,27.5,0.0,,,,,,
2008-07-24,25.8,21.5,29.0,0.0,,,,,,
2008-07-25,27.4,20.8,31.2,0.0,,,,,,
2008-07-26,26.2,20.1,29.0,0.0,,,,,,
2008-07-27,26.4,20.8,30.6,0.0,,,,,,
2008-07-28,27.9,21.0,30.8,0.0,,,,,,
2008-07-29,28.3,21.5,32.5,0.0,,,,,,
2008-07-30,28.7,22.4,31.8,0.0,,,,,,
2008-07-31,28.8,21.9,31.5,0.0,,,,,,
2008-08-01,28.3,23.2,31.0,0.0,,,,,,
2008-08-02,28.4,24.0,31.0,0.0,,,,,,
2008-08-03,28.1,24.0,30.8,0.0,,,,,,
2008-08-04,27.8,20.7,30.5,0.0,,,,,,
2008-08-05,27.2,21.7,31.4,0.0,,,,,,
2008-08-06,28.2,21.8,31.9,0.0,,,,,,
2008-08-07,35.3,27.4,42.5,0.0,,,,,,
2008-08-08,30.2,24.4,32.4,0.0,,,,,,
2008-08-09,27.6,22.8,30.5,0.0,,,,,,
2008-08-10,27.3,22.3,30.6,0.0,,,,,,
2008-08-11,27.7,20.8,31.5,0.0,,,,,,
2008-08-12,30.3,20.5,33.7,0.0,,,,,,
2008-08-13,29.3,23.0,31.8,0.0,,,,,,
2008-08-14,31.5,23.4,39.0,0.0,,,,,,
2008-08-15,28.2,26.0,29.5,0.0,,,,,,
2008-08-16,26.8,22.7,29.7,0.0,,,,,,
2008-08-17,26.8,19.0,30.5,0.0,,,,,,
2008-08-18,28.0,21.0,31.5,0.0,,,,,,
2008-08-19,30.9,25.7,35.0,0.0,,,,,,
2008-08-20,28.0,26.4,30.0,0.0,,,,,,
2008-08-21,27.1,21.7,30.5,0.0,,,,,,
2008-08-22,27.9,20.7,30.7,0.0,,,,,,
2008-08-24,26.8,20.7,29.5,0.0,,,,,,
2008-08-25,26.5,21.7,29.5,0.0,,,,,,
2008-08-26,26.9,21.7,29.4,0.0,,,,,,
2008-08-27,26.5,19.9,29.5,0.0,,,,,,
2008-08-28,28.4,,30.8,,,,,,,
2008-08-29,27.6,22.0,30.9,0.0,,,,,,
2008-08-30,28.2,21.6,32.3,0.0,,,,,,
2008-08-31,28.6,20.7,32.5,0.0,,,,,,
2008-09-01,27.5,22.0,31.0,0.0,,,,,,
2008-09-02,27.6,21.5,31.7,0.0,,,,,,
2008-09-03,27.6,20.5,32.2,,,,,,,
2008-09-04,29.0,21.9,32.8,0.0,,,,,,
2008-09-05,32.3,22.5,38.5,0.0,,,,,,
2008-09-07,28.0,25.0,31.0,0.0,,,,,,
2008-09-09,30.8,24.5,36.5,0.0,,,,,,
2008-09-10,34.0,27.8,41.8,0.0,,,,,,
2008-09-12,30.1,23.4,33.2,0.0,,,,,,
2008-09-13,26.7,23.5,30.2,0.0,,,,,,
2008-09-14,20.1,18.3,25.1,45.0,,,,,,
2008-09-15,22.3,20.4,25.1,0.0,,,,,,
2008-09-16,23.4,17.7,26.3,1.0,,,,,,
2008-09-17,23.7,15.5,26.8,0.0,,,,,,
2008-09-18,26.1,18.7,29.4,0.0,,,,,,
2008-09-19,25.2,17.7,29.9,0.0,,,,,,
2008-09-20,24.1,19.1,25.6,13.0,,,,,,
2008-09-21,23.1,19.4,25.1,3.0,,,,,,
2008-09-22,23.1,18.3,25.7,0.0,,,,,,
2008-09-25,22.3,19.2,24.6,11.9,,,,,,
2008-09-26,22.3,18.0,25.7,3.0,,,,,,
2008-09-27,20.1,18.8,21.2,6.1,,,,,,
2008-09-28,20.7,15.5,25.0,0.0,,,,,,
2008-09-29,22.3,17.6,25.6,0.0,,,,,,
2008-09-30,21.2,17.9,24.0,0.0,,,,,,
2008-10-01,21.9,15.4,25.5,0.0,,,,,,
2008-10-03,19.9,15.5,27.5,0.0,,,,,,
2008-10-04,19.2,16.2,21.0,7.1,,,,,,
2008-10-05,20.3,14.4,24.0,0.0,,,,,,
2008-10-07,22.3,15.1,26.8,0.0,,,,,,
2008-10-08,22.7,15.7,25.6,0.0,,,,,,
2008-10-09,23.7,14.2,28.4,0.0,,,,,,
2008-10-10,24.8,15.2,28.3,0.0,,,,,,
2008-10-12,24.6,,29.2,0.0,,,,,,
2008-10-13,23.3,15.8,26.6,0.0,,,,,,
2008-10-14,22.7,17.0,25.7,0.0,,,,,,
2008-10-16,22.8,16.4,26.8,0.0,,,,,,
2008-10-17,21.0,14.4,24.4,4.1,,,,,,
2008-10-18,22.7,14.0,26.0,3.0,,,,,,
2008-10-19,22.7,14.3,26.7,0.0,,,,,,
2008-10-20,24.0,17.4,27.6,0.0,,,,,,
2008-10-21,24.3,15.4,29.1,0.0,,,,,,
2008-10-22,22.3,18.5,26.6,2.0,,,,,,
2008-10-23,22.2,15.2,26.1,0.0,,,,,,
2008-10-25,21.4,14.6,24.8,0.0,,,,,,
2008-10-26,23.0,,26.4,,,,,,,
2008-10-27,22.8,16.8,26.4,0.0,,,,,,
2008-10-29,21.7,18.0,25.9,0.0,,,,,,
2008-10-30,17.3,12.0,20.2,0.0,,,,,,
2008-11-01,22.0,7.7,27.4,19.1,,,,,,
2008-11-03,20.1,14.8,24.3,0.0,,,,,,
2008-11-04,20.2,16.6,25.2,0.0,,,,,,
2008-11-05,18.9,12.4,23.5,0.0,,,,,,
2008-11-06,16.4,13.6,17.8,0.0,,,,,,
2008-11-07,16.8,12.0,21.0,0.5,,,,,,
2008-11-09,17.6,11.6,21.6,0.0,,,,,,
2008-11-10,16.7,8.9,21.3,0.0,,,,,,
2008-11-11,17.7,10.2,23.0,0.0,,,,,,
2008-11-12,18.4,10.3,23.1,0.0,,,,,,
2008-11-13,16.8,13.3,19.8,0.0,,,,,,
2008-11-14,14.9,11.5,16.9,2.0,,,,,,
2008-11-15,15.4,10.0,19.0,0.0,,,,,,
2008-11-17,17.4,12.0,19.8,29.0,,,,,,
2008-11-18,14.3,12.8,15.9,48.0,,,,,,
2008-11-19,16.4,11.0,20.0,17.0,,,,,,
2008-11-20,16.3,9.4,21.4,0.0,,,,,,
2008-11-21,16.1,9.5,20.4,0.0,,,,,,
2008-11-22,14.7,9.8,16.9,0.0,,,,,,
2008-11-23,14.1,12.2,15.5,7.9,,,,,,
2008-11-24,14.8,10.1,20.4,4.1,,,,,,
2008-11-25,14.2,12.3,18.5,0.0,,,,,,
2008-11-26,13.3,9.8,16.2,0.0,,,,,,
2008-11-27,17.3,11.4,20.8,0.0,,,,,,
2008-11-28,14.9,12.5,17.5,0.0,,,,,,
2008-11-29,16.7,10.3,20.5,0.0,,,,,,
2008-11-30,16.8,12.0,22.0,0.0,,,,,,
2008-12-01,15.0,10.2,18.5,0.0,,,,,,
2008-12-02,12.0,9.0,13.5,0.0,,,,,,
2008-12-03,13.3,8.3,14.5,7.9,,,,,,
2008-12-04,13.1,7.5,16.3,4.1,,,,,,
2008-12-05,14.5,7.4,18.4,0.0,,,,,,
2008-12-06,13.9,12.0,16.5,0.0,,,,,,
2008-12-08,16.8,12.0,21.6,0.0,,,,,,
2008-12-09,16.0,13.0,17.8,0.0,,,,,,
2008-12-10,16.2,12.0,21.4,0.0,,,,,,
2008-12-11,9.2,,11.9,3.0,,,,,,
2008-12-13,12.8,6.3,17.6,2.0,,,,,,
2008-12-14,13.0,7.1,16.7,0.0,,,,,,
2008-12-15,12.4,8.0,15.0,0.0,,,,,,
2008-12-16,12.2,8.6,15.9,2.0,,,,,,
2008-12-17,10.8,6.3,13.3,0.0,,,,,,
2008-12-19,11.1,6.5,13.8,31.0,,,,,,
2008-12-20,12.8,8.4,15.5,4.1,,,,,,
2008-12-21,13.2,8.8,15.3,2.0,,,,,,
2008-12-22,13.1,6.4,16.5,1.0,,,,,,
2008-12-23,12.9,8.5,16.8,0.0,,,,,,
2008-12-24,12.6,6.8,16.7,0.0,,,,,,
2008-12-25,12.5,6.7,16.6,0.0,,,,,,
2008-12-26,14.4,,15.8,,,,,,,
2008-12-27,13.2,6.3,17.0,0.0,,,,,,
2008-12-28,12.7,6.6,15.9,0.0,,,,,,
2008-12-29,12.6,8.8,15.6,0.0,,,,,,
2008-12-30,12.8,9.0,15.8,2.0,,,,,,
2008-12-31,13.2,7.0,17.2,0.0,,,,,,
2009-01-01,14.6,8.9,18.7,0.0,,,,,,
2009-01-02,12.9,9.2,16.4,3.0,,,,,,
2009-01-03,12.9,10.0,14.3,0.3,,,,,,
2009-01-04,12.3,10.5,14.5,2.0,,,,,,
2009-01-05,11.8,8.9,13.5,2.0,,,,,,
2009-01-06,11.5,3.4,17.0,1.0,,,,,,
2009-01-07,14.3,9.0,16.5,0.0,,,,,,
2009-01-08,11.7,9.0,13.7,1.0,,,,,,
2009-01-09,13.2,6.8,16.7,1.0,,,,,,
2009-01-10,11.8,8.1,13.8,3.0,,,,,,
2009-01-11,9.4,7.0,12.0,4.1,,,,,,
2009-01-18,13.0,7.4,16.4,0.0,,,,,,
2009-01-19,13.0,8.6,17.3,0.0,,,,,,
2009-01-20,12.6,7.5,15.8,0.0,,,,,,
2009-01-21,11.9,7.8,14.8,4.1,,,,,,
2009-01-29,12.1,7.4,14.8,0.0,,,,,,
2009-01-30,13.2,8.4,15.9,0.0,,,,,,
2009-01-31,13.0,7.8,16.7,0.0,,,,,,
2009-02-01,12.6,8.2,16.0,1.0,,,,,,
2009-02-02,16.6,9.6,20.4,0.0,,,,,,
2009-02-03,12.2,9.2,14.7,22.1,,,,,,
2009-02-04,13.8,7.8,19.5,15.0,,,,,,
2009-02-05,14.6,7.7,20.3,0.0,,,,,,
2009-02-06,16.7,,20.6,,,,,,,
2009-02-07,12.5,9.4,14.7,1.0,,,,,,
2009-02-08,8.3,,10.7,0.0,,,,,,
2009-02-09,10.9,5.6,16.3,23.1,,,,,,
2009-02-10,14.5,8.4,18.1,0.0,,,,,,
2009-02-11,12.1,4.4,14.4,2.0,,,,,,
2009-02-12,12.3,7.3,16.0,6.1,,,,,,
2009-02-13,10.6,7.2,13.0,6.1,,,,,,
2009-02-14,9.7,7.4,11.5,3.0,,,,,,
2009-02-16,11.1,7.3,14.0,0.0,,,,,,
2009-02-17,11.4,8.7,13.5,0.0,,,,,,
2009-02-18,9.8,6.4,11.5,3.0,,,,,,
2009-02-19,12.4,8.7,14.8,5.1,,,,,,
2009-02-20,13.5,8.9,16.0,2.0,,,,,,
2009-02-21,12.1,7.8,15.8,0.0,,,,,,
2009-02-22,9.2,5.2,11.4,2.0,,,,,,
2009-02-23,9.7,5.4,10.8,6.1,,,,,,
2009-02-24,11.4,6.3,14.6,5.1,,,,,,
2009-02-25,13.6,8.8,15.3,8.9,,,,,,
2009-02-26,12.0,9.1,14.4,0.0,,,,,,
2009-02-28,12.9,8.6,17.5,0.0,,,,,,
2009-03-01,14.9,7.5,20.0,0.0,,,,,,
2009-03-03,14.8,8.4,18.7,0.0,,,,,,
2009-03-04,13.7,,17.0,0.0,,,,,,
2009-03-05,11.1,6.4,14.6,19.1,,,,,,
2009-03-14,16.4,,19.5,0.0,,,,,,
2009-03-15,14.3,9.1,17.7,0.0,,,,,,
2009-03-16,12.7,7.8,15.8,0.0,,,,,,
2009-03-17,12.4,,16.0,1.0,,,,,,
2009-03-18,13.5,7.0,17.4,0.0,,,,,,
2009-03-19,13.6,7.8,18.5,0.0,,,,,,
2009-03-20,14.8,,18.3,,,,,,,
2009-03-21,11.4,6.2,14.4,1.0,,,,,,
2009-03-22,11.8,7.4,13.4,3.0,,,,,,
2009-03-24,13.9,8.5,18.3,0.0,,,,,,
2009-03-25,13.9,11.8,16.5,0.0,,,,,,
2009-03-26,13.7,8.1,17.3,0.0,,,,,,
2009-03-27,13.8,7.6,17.6,0.0,,,,,,
2009-03-28,23.0,,27.0,,,,,,,
2009-03-29,18.1,13.5,23.0,0.0,,,,,,
2009-03-30,14.2,9.1,17.9,5.1,,,,,,
2009-03-31,14.4,9.4,17.9,2.0,,,,,,
2009-04-01,13.7,9.0,16.6,9.9,,,,,,
2009-04-02,14.3,10.4,16.6,0.0,,,,,,
2009-04-05,14.2,10.3,16.5,1.0,,,,,,
2009-04-06,15.8,10.5,19.0,2.0,,,,,,
2009-04-07,18.2,9.4,25.9,0.0,,,,,,
2009-04-08,13.0,8.8,17.2,3.0,,,,,,
2009-04-09,13.0,9.6,15.8,23.1,,,,,,
2009-04-11,13.1,8.1,16.2,3.0,,,,,,
2009-04-12,11.5,9.7,13.2,7.9,,,,,,
2009-04-13,11.4,7.8,13.5,31.0,,,,,,
2009-04-16,18.1,12.0,22.0,0.0,,,,,,
2009-04-17,18.3,,21.6,,,,,,,
2009-04-18,14.5,9.4,17.6,1.0,,,,,,
2009-04-19,15.1,8.3,19.2,7.1,,,,,,
2009-04-20,15.7,11.5,17.2,4.1,,,,,,
2009-04-21,14.8,11.7,17.5,2.0,,,,,,
2009-04-22,13.1,9.4,15.9,29.0,,,,,,
2009-04-23,15.1,9.1,19.3,31.0,,,,,,
2009-04-24,20.4,12.2,25.5,0.0,,,,,,
2009-04-25,25.4,15.0,32.2,0.0,,,,,,
2009-04-26,16.2,10.6,20.4,0.0,,,,,,
2009-04-27,14.0,10.9,17.3,0.0,,,,,,
2009-04-28,16.8,10.0,23.5,0.0,,,,,,
2009-04-29,17.3,12.0,20.0,0.0,,,,,,
2009-04-30,15.7,10.0,19.4,0.0,,,,,,
2009-05-01,15.7,10.6,20.4,0.0,,,,,,
2009-05-02,16.8,,19.0,3.0,,,,,,
2009-05-03,17.2,12.8,19.6,0.0,,,,,,
2009-05-04,15.8,9.8,20.1,0.0,,,,,,
2009-05-05,14.8,10.2,17.7,0.0,,,,,,
2009-05-06,16.4,12.2,18.9,5.1,,,,,,
2009-05-09,23.8,14.0,31.8,0.0,,,,,,
2009-05-10,21.8,14.0,24.0,0.0,,,,,,
2009-05-11,24.6,15.8,28.0,0.0,,,,,,
2009-05-13,25.4,20.1,31.8,0.0,,,,,,
2009-05-14,20.5,,23.0,0.0,,,,,,
2009-05-15,16.9,14.2,20.0,5.1,,,,,,
2009-05-17,18.9,12.6,22.7,1.0,,,,,,
2009-05-18,24.0,17.5,28.0,0.0,,,,,,
2009-05-19,22.9,16.7,28.0,0.0,,,,,,
2009-05-21,24.8,14.8,30.4,0.0,,,,,,
2009-05-22,28.6,18.3,34.0,0.0,,,,,,
2009-05-23,29.3,17.9,36.5,0.0,,,,,,
2009-05-24,23.4,16.6,32.3,0.0,,,,,,
2009-05-25,24.2,,31.8,0.0,,,,,,
2009-05-26,21.8,18.3,24.2,0.0,,,,,,
2009-05-27,21.5,17.6,23.8,0.0,,,,,,
2009-05-30,22.9,18.0,27.0,,,,,,,
2009-05-31,24.7,17.6,27.5,0.0,,,,,,
2009-06-01,20.8,15.4,23.7,1.0,,,,,,
2009-06-02,22.8,14.5,26.4,0.0,,,,,,
2009-06-03,22.4,13.3,25.0,0.0,,,,,,
2009-06-04,25.4,,28.0,,,,,,,
2009-06-07,25.1,20.3,28.0,0.0,,,,,,
2009-06-08,24.6,19.3,28.5,0.0,,,,,,
2009-06-09,22.3,15.4,26.6,0.0,,,,,,
2009-06-13,24.2,16.1,28.7,0.0,,,,,,
2009-06-15,27.7,22.0,31.5,0.0,,,,,,
2009-06-16,28.8,19.6,35.6,0.0,,,,,,
2009-06-17,26.2,17.8,30.7,0.0,,,,,,
2009-06-19,27.0,19.4,30.8,0.0,,,,,,
2009-06-20,26.6,19.6,29.6,0.0,,,,,,
2009-06-21,23.4,16.2,27.7,0.0,,,,,,
2009-06-22,22.4,16.1,25.8,0.0,,,,,,
2009-06-23,23.3,17.0,27.0,0.0,,,,,,
2009-06-25,22.7,16.8,28.0,0.0,,,,,,
2009-06-28,26.6,19.0,31.2,0.0,,,,,,
2009-06-29,26.1,18.5,30.3,0.0,,,,,,
2009-06-30,27.4,20.8,31.0,0.0,,,,,,
2009-07-01,26.8,19.5,30.2,0.0,,,,,,
2009-07-02,25.8,,31.5,0.0,,,,,,
2009-07-04,27.6,18.8,30.8,0.0,,,,,,
2009-07-05,28.0,19.9,33.2,0.0,,,,,,
2009-07-06,27.9,21.0,30.5,0.0,,,,,,
2009-07-11,26.5,20.0,30.0,0.0,,,,,,
2009-07-12,25.9,19.6,29.8,0.0,,,,,,
2009-07-13,29.2,19.9,34.0,0.0,,,,,,
2009-07-15,28.6,21.6,34.0,0.0,,,,,,
2009-07-18,26.8,22.0,29.0,0.0,,,,,,
2009-07-19,25.6,21.0,27.8,0.0,,,,,,
2009-07-21,28.1,20.0,31.3,0.0,,,,,,
2009-07-22,29.6,23.5,36.6,0.0,,,,,,
2009-07-23,36.2,24.0,42.0,0.0,,,,,,
2009-07-25,29.3,22.0,31.3,0.0,,,,,,
2009-07-26,27.2,21.3,30.0,0.0,,,,,,
2009-07-29,29.6,23.0,32.8,0.0,,,,,,
2009-08-01,28.0,22.2,31.0,0.0,,,,,,
2009-08-02,29.0,24.0,33.6,0.0,,,,,,
2009-08-03,26.9,22.2,29.0,0.0,,,,,,
2009-08-04,25.4,18.9,29.0,0.0,,,,,,
2009-08-08,26.8,19.5,32.0,0.0,,,,,,
2009-08-09,28.8,20.0,33.0,0.0,,,,,,
2009-08-12,28.6,22.0,33.1,0.0,,,,,,
2009-08-16,29.2,21.4,34.2,0.0,,,,,,
2009-08-18,27.9,19.3,33.4,0.0,,,,,,
2009-08-20,29.0,18.9,34.4,0.0,,,,,,
2009-08-21,27.2,19.3,32.1,0.0,,,,,,
2009-08-26,28.0,21.8,31.6,0.0,,,,,,
2009-08-28,25.2,19.3,28.8,0.0,,,,,,
2009-08-30,25.5,,31.8,0.0,,,,,,
2009-08-31,26.3,18.8,31.3,0.0,,,,,,
2009-09-03,26.4,19.8,31.8,0.0,,,,,,
2009-09-06,25.7,20.2,30.4,0.0,,,,,,
2009-09-08,25.8,18.8,30.6,0.0,,,,,,
2009-09-09,24.3,18.3,30.8,0.0,,,,,,
2009-09-10,23.5,18.1,29.3,0.0,,,,,,
2009-09-13,24.3,18.0,29.2,2.0,,,,,,
2009-09-14,26.0,18.2,32.3,0.0,,,,,,
2009-09-16,24.3,18.0,28.8,18.0,,,,,,
2009-09-19,21.6,17.7,24.8,25.9,,,,,,
2009-09-22,23.0,17.4,28.3,0.0,,,,,,
2009-09-23,22.0,17.4,25.3,0.0,,,,,,
2009-09-24,20.2,16.6,23.1,0.8,,,,,,
2009-09-26,22.0,16.5,26.1,43.9,,,,,,
2009-09-27,23.3,16.2,29.2,1.0,,,,,,
2009-09-29,24.7,18.0,27.9,0.0,,,,,,
2009-09-30,23.6,18.6,27.2,0.0,,,,,,
2009-10-01,23.7,19.6,26.3,1.0,,,,,,
2009-10-02,22.6,,24.9,0.0,,,,,,
2009-10-03,21.2,17.9,23.9,7.9,,,,,,
2009-10-05,22.3,15.5,26.0,0.0,,,,,,
2009-10-06,24.3,16.0,28.0,0.0,,,,,,
2009-10-07,25.2,17.1,31.4,0.0,,,,,,
2009-10-08,26.2,18.9,31.8,0.0,,,,,,
2009-10-09,24.9,18.9,28.0,0.0,,,,,,
2009-10-10,22.7,16.5,26.0,0.0,,,,,,
2009-10-11,22.2,17.6,25.7,26.9,,,,,,
2009-10-12,20.6,16.1,23.6,5.1,,,,,,
2009-10-13,21.3,17.8,24.8,24.9,,,,,,
2009-10-17,16.1,13.5,19.2,18.0,,,,,,
2009-10-18,15.9,13.3,18.3,3.0,,,,,,
2009-10-19,14.4,6.4,18.3,2.0,,,,,,
2009-10-21,24.1,16.0,29.0,0.0,,,,,,
2009-10-22,20.2,15.0,23.0,2.0,,,,,,
2009-10-23,20.4,14.8,23.8,9.9,,,,,,
2009-10-25,21.6,12.8,23.0,3.0,,,,,,
2009-10-27,20.5,17.4,23.0,0.0,,,,,,
2009-10-28,20.4,13.8,24.3,0.0,,,,,,
2009-10-29,19.6,14.3,23.5,0.0,,,,,,
2009-10-30,19.1,,21.7,,,,,,,
2009-10-31,19.3,11.9,23.3,0.0,,,,,,
2009-11-01,18.4,10.8,22.2,0.0,,,,,,
2009-11-02,21.6,13.0,27.0,0.0,,,,,,
2009-11-03,18.8,14.5,22.0,1.0,,,,,,
2009-11-04,20.3,13.5,26.0,0.0,,,,,,
2009-11-05,19.1,11.2,23.8,0.0,,,,,,
2009-11-06,14.8,10.1,17.7,4.1,,,,,,
2009-11-07,12.8,10.4,14.5,11.9,,,,,,
2009-11-22,17.4,10.0,23.2,0.0,,,,,,
2009-11-23,15.8,11.2,18.8,0.0,,,,,,
2009-11-24,17.3,,20.2,,,,,,,
2009-11-25,16.4,10.0,21.2,0.0,,,,,,
2009-11-26,17.1,10.8,23.0,0.0,,,,,,
2009-11-27,17.6,12.0,22.0,0.0,,,,,,
2009-11-28,17.0,10.8,26.0,0.0,,,,,,
2009-11-30,15.1,10.6,18.3,0.0,,,,,,
2009-12-02,12.3,9.3,16.0,11.9,,,,,,
2009-12-03,15.9,8.4,22.2,2.0,,,,,,
2009-12-04,13.7,8.6,19.0,3.0,,,,,,
2009-12-06,15.8,10.4,20.2,0.8,,,,,,
2009-12-07,16.0,10.4,20.7,0.0,,,,,,
2009-12-08,14.5,9.4,18.0,0.0,,,,,,
2009-12-10,14.7,8.7,19.0,5.1,,,,,,
2009-12-11,14.5,10.4,18.1,0.0,,,,,,
2009-12-12,14.8,8.8,18.5,0.0,,,,,,
2009-12-13,14.1,10.1,18.2,0.0,,,,,,
2009-12-14,14.2,8.4,18.5,0.0,,,,,,
2009-12-15,10.7,8.6,12.8,1.0,,,,,,
2009-12-16,10.3,6.6,14.0,8.9,,,,,,
2009-12-17,16.2,7.5,19.6,4.1,,,,,,
2009-12-18,14.2,10.6,16.6,10.9,,,,,,
2009-12-19,11.8,,13.9,5.1,,,,,,
2009-12-21,12.5,,17.5,0.0,,,,,,
2009-12-22,17.9,11.6,24.3,0.0,,,,,,
2009-12-23,19.2,12.2,24.0,0.0,,,,,,
2009-12-24,19.6,14.0,24.5,0.0,,,,,,
2009-12-26,16.8,11.8,20.7,0.0,,,,,,
2009-12-27,14.0,10.5,15.9,7.1,,,,,,
2009-12-28,13.8,6.9,20.3,4.1,,,,,,
2009-12-29,16.6,6.0,24.0,0.0,,,,,,
2009-12-30,19.6,11.2,26.4,0.0,,,,,,
2010-01-01,15.0,11.5,20.0,0.0,,,,,,
2010-01-02,13.7,8.3,17.8,2.0,,,,,,
2010-01-03,14.3,9.2,17.5,3.0,,,,,,
2010-01-04,13.7,6.8,18.5,0.0,,,,,,
2010-01-05,17.2,10.6,23.0,0.0,,,,,,
2010-01-06,16.8,10.2,22.0,0.0,,,,,,
2010-01-07,15.4,7.4,20.1,0.0,,,,,,
2010-01-08,14.3,,19.3,0.0,,,,,,
2010-01-09,12.7,10.2,16.0,4.1,,,,,,
2010-01-10,8.5,6.8,10.8,4.1,,,,,,
2010-01-11,12.7,5.0,17.0,0.0,,,,,,
2010-01-13,13.3,8.8,18.0,,,,,,,
2010-01-14,13.1,8.6,16.5,,,,,,,
2010-01-16,12.9,9.6,15.3,7.9,,,,,,
2010-01-17,13.7,7.8,18.0,0.0,,,,,,
2010-01-18,13.7,9.4,16.5,0.0,,,,,,
2010-01-19,12.7,6.8,16.4,0.0,,,,,,
2010-01-20,12.4,8.0,14.4,0.0,,,,,,
2010-01-22,12.3,8.6,14.8,0.0,,,,,,
2010-01-23,12.3,6.4,16.0,0.0,,,,,,
2010-01-24,13.9,10.1,15.7,0.0,,,,,,
2010-01-26,12.6,7.5,17.0,1.0,,,,,,
2010-01-28,12.8,8.8,15.1,6.1,,,,,,
2010-01-29,12.1,7.9,14.1,9.9,,,,,,
2010-01-30,12.1,8.8,13.5,1.0,,,,,,
2010-01-31,13.1,8.3,17.5,11.9,,,,,,
2010-02-02,11.1,7.6,12.5,4.1,,,,,,
2010-02-03,13.1,,16.0,0.0,,,,,,
2010-02-04,14.7,7.6,18.8,0.0,,,,,,
2010-02-07,13.6,8.8,17.5,0.0,,,,,,
2010-02-08,13.6,9.2,17.0,0.0,,,,,,
2010-02-09,14.8,,17.7,0.0,,,,,,
2010-02-10,10.5,,12.3,20.1,,,,,,
2010-02-11,10.7,9.6,12.6,2.0,,,,,,
2010-02-12,7.9,5.3,10.0,7.9,,,,,,
2010-02-13,10.1,3.8,12.5,3.0,,,,,,
2010-02-14,10.1,4.6,12.7,3.0,,,,,,
2010-02-15,10.3,5.8,13.5,13.0,,,,,,
2010-02-16,14.0,8.2,17.0,2.0,,,,,,
2010-02-17,15.7,8.9,19.8,2.0,,,,,,
2010-02-18,16.1,9.6,21.3,0.0,,,,,,
2010-02-19,16.2,8.5,22.5,0.0,,,,,,
2010-02-21,14.2,6.5,18.8,0.0,,,,,,
2010-02-23,16.4,10.6,22.8,0.0,,,,,,
2010-02-24,16.1,9.3,21.0,1.0,,,,,,
2010-02-25,18.3,9.9,25.6,0.0,,,,,,
2010-02-26,16.2,10.4,20.5,0.0,,,,,,
2010-02-27,15.9,10.6,21.0,0.0,,,,,,
2010-02-28,22.7,,26.0,,,,,,,
2010-03-01,15.7,11.0,22.4,0.0,,,,,,
2010-03-02,14.5,8.4,18.3,0.0,,,,,,
2010-03-03,19.9,,27.5,0.0,,,,,,
2010-03-04,13.6,9.0,17.5,0.0,,,,,,
2010-03-05,14.8,8.1,19.6,0.0,,,,,,
2010-03-07,12.1,7.5,14.5,5.1,,,,,,
2010-03-08,13.1,8.3,16.8,9.9,,,,,,
2010-03-09,10.3,7.6,11.5,4.1,,,,,,
2010-03-10,11.3,7.6,13.4,27.9,,,,,,
2010-03-11,12.5,8.3,15.0,0.0,,,,,,
2010-03-12,11.6,7.3,14.2,1.0,,,,,,
2010-03-13,11.4,7.4,13.4,23.9,,,,,,
2010-03-14,10.4,7.0,12.0,13.0,,,,,,
2010-03-15,11.3,8.2,13.5,5.1,,,,,,
2010-03-16,11.6,7.3,14.5,0.3,,,,,,
2010-03-17,14.1,8.8,17.4,0.0,,,,,,
2010-03-18,17.7,8.4,24.6,0.0,,,,,,
2010-03-19,15.5,8.8,23.2,0.0,,,,,,
2010-03-20,17.9,9.2,23.3,0.0,,,,,,
2010-03-21,17.4,10.4,23.6,0.0,,,,,,
2010-03-23,16.2,10.3,20.0,0.0,,,,,,
2010-03-24,16.3,11.5,21.0,0.0,,,,,,
2010-03-25,17.7,11.4,27.1,0.0,,,,,,
2010-03-26,16.7,11.1,22.4,0.0,,,,,,
2010-03-27,18.7,11.2,24.6,0.0,,,,,,
2010-03-28,17.1,12.5,22.5,0.0,,,,,,
2010-03-29,16.9,10.1,22.6,0.0,,,,,,
2010-03-30,16.8,11.2,21.5,0.0,,,,,,
2010-03-31,16.7,11.6,20.8,0.0,,,,,,
2010-04-01,16.2,11.5,19.9,0.0,,,,,,
2010-04-02,15.3,9.4,18.6,0.0,,,,,,
2010-04-03,17.2,,21.8,0.0,,,,,,
2010-04-04,16.3,11.2,19.5,0.0,,,,,,
2010-04-05,15.5,10.0,19.3,3.0,,,,,,
2010-04-06,16.2,11.4,21.4,0.0,,,,,,
2010-04-07,17.9,11.4,22.1,0.0,,,,,,
2010-04-08,16.2,10.9,20.0,1.0,,,,,,
2010-04-09,14.7,10.0,16.6,1.0,,,,,,
2010-04-10,16.2,11.2,19.4,0.0,,,,,,
2010-04-11,15.9,10.8,19.8,0.0,,,,,,
2010-04-12,15.0,10.8,18.5,0.0,,,,,,
2010-04-13,16.2,10.0,18.8,1.0,,,,,,
2010-04-14,17.3,10.5,24.2,0.8,,,,,,
2010-04-15,15.7,11.2,19.4,0.0,,,,,,
2010-04-16,15.9,11.4,18.6,1.0,,,,,,
2010-04-17,16.6,10.5,19.7,2.0,,,,,,
2010-04-18,15.6,10.4,18.8,3.0,,,,,,
2010-04-19,15.2,10.1,18.1,0.5,,,,,,
2010-04-20,17.7,11.8,21.6,0.0,,,,,,
2010-04-21,17.9,11.5,22.5,0.0,,,,,,
2010-04-22,19.5,9.8,25.5,0.0,,,,,,
2010-04-23,16.1,10.4,20.6,4.1,,,,,,
2010-04-24,15.9,10.2,19.0,1.0,,,,,,
2010-04-25,16.6,12.0,19.5,3.0,,,,,,
2010-04-26,16.2,10.2,19.3,0.0,,,,,,
2010-04-28,18.2,10.6,23.0,0.0,,,,,,
2010-04-29,19.0,11.3,22.8,0.0,,,,,,
2010-04-30,21.7,14.4,28.1,0.0,,,,,,
2010-05-01,22.1,13.4,26.6,0.0,,,,,,
2010-05-04,14.1,11.8,15.7,9.9,,,,,,
2010-05-05,16.2,12.3,19.6,1.0,,,,,,
2010-05-06,17.3,12.2,20.0,0.0,,,,,,
2010-05-09,22.4,12.1,29.6,0.0,,,,,,
2010-05-10,19.9,14.0,24.2,0.0,,,,,,
2010-05-11,21.6,13.5,25.0,0.0,,,,,,
2010-05-12,18.1,11.3,24.6,0.0,,,,,,
2010-05-13,17.8,10.4,22.6,3.0,,,,,,
2010-05-14,17.7,11.0,21.8,3.0,,,,,,
2010-05-15,15.4,11.0,19.6,4.1,,,,,,
2010-05-16,16.6,10.2,20.4,6.1,,,,,,
2010-05-17,16.4,10.6,19.9,0.0,,,,,,
2010-05-18,17.2,11.8,21.0,0.0,,,,,,
2010-05-19,17.6,12.0,21.5,0.0,,,,,,
2010-05-20,16.8,13.5,19.6,2.0,,,,,,
2010-05-21,16.9,11.4,20.8,0.0,,,,,,
2010-05-22,18.3,12.0,22.0,0.0,,,,,,
2010-05-23,18.2,13.0,20.8,0.0,,,,,,
2010-05-24,17.7,11.6,22.2,0.0,,,,,,
2010-05-25,19.2,10.8,23.4,0.0,,,,,,
2010-05-26,21.9,13.2,28.5,0.0,,,,,,
2010-05-27,21.3,13.6,25.0,0.0,,,,,,
2010-05-28,19.3,12.6,25.3,0.0,,,,,,
2010-05-30,18.3,11.8,22.0,,,,,,,
2010-05-31,21.7,14.6,25.0,0.0,,,,,,
2010-06-01,17.3,11.4,23.3,0.0,,,,,,
2010-06-02,18.7,11.8,22.9,0.0,,,,,,
2010-06-03,21.6,14.0,25.0,0.0,,,,,,
2010-06-04,23.4,15.2,26.5,0.0,,,,,,
2010-06-05,20.2,12.4,25.7,0.0,,,,,,
2010-06-06,20.8,11.8,25.7,0.0,,,,,,
2010-06-07,24.3,,26.5,0.0,,,,,,
2010-06-08,23.1,16.8,27.8,0.0,,,,,,
2010-06-09,21.1,12.8,25.1,0.0,,,,,,
2010-06-10,21.8,15.1,25.9,0.8,,,,,,
2010-06-11,24.0,15.0,27.5,0.0,,,,,,
2010-06-12,21.9,15.3,26.5,0.0,,,,,,
2010-06-13,22.8,,25.5,,,,,,,
2010-06-14,27.2,12.1,38.1,0.0,,,,,,
2010-06-15,21.1,12.8,24.0,5.1,,,,,,
2010-06-16,22.9,15.3,26.0,7.9,,,,,,
2010-06-18,21.8,12.9,27.4,0.0,,,,,,
2010-06-19,23.1,15.6,26.5,0.0,,,,,,
2010-06-21,21.1,14.1,25.7,0.0,,,,,,
2010-06-22,19.8,13.1,24.3,0.0,,,,,,
2010-06-23,21.1,13.0,24.0,0.0,,,,,,
2010-06-25,21.6,12.4,26.5,0.0,,,,,,
2010-06-26,22.4,14.6,27.9,0.0,,,,,,
2010-06-27,25.0,15.0,28.3,0.0,,,,,,
2010-06-29,23.2,14.1,28.5,0.0,,,,,,
2010-06-30,22.9,14.8,28.3,0.0,,,,,,
2010-07-01,23.7,15.0,28.5,0.0,,,,,,
2010-07-03,24.3,15.0,29.5,0.0,,,,,,
2010-07-04,25.7,16.8,29.0,0.0,,,,,,
2010-07-05,25.2,16.2,29.0,0.0,,,,,,
2010-07-06,23.8,19.0,28.0,0.0,,,,,,
2010-07-07,21.9,,28.5,0.0,,,,,,
2010-07-08,24.1,16.6,27.0,0.0,,,,,,
2010-07-10,25.4,16.9,29.0,0.0,,,,,,
2010-07-11,25.9,17.0,31.2,0.0,,,,,,
2010-07-12,25.3,16.5,29.0,0.0,,,,,,
2010-07-13,25.8,17.0,29.0,0.0,,,,,,
2010-07-14,25.3,16.0,30.0,0.0,,,,,,
2010-07-15,27.0,17.0,32.0,0.0,,,,,,
2010-07-17,26.1,17.0,30.8,0.0,,,,,,
2010-07-18,26.2,17.0,30.0,0.0,,,,,,
2010-07-19,25.8,18.0,28.0,0.0,,,,,,
2010-07-20,25.8,18.0,29.5,0.0,,,,,,
2010-07-21,27.2,19.0,31.0,0.0,,,,,,
2010-07-24,25.6,20.0,28.0,0.0,,,,,,
2010-07-25,25.2,20.0,28.0,0.0,,,,,,
2010-07-26,24.7,18.0,27.5,0.0,,,,,,
2010-07-27,24.8,18.2,27.0,0.0,,,,,,
2010-07-28,25.9,19.0,29.0,0.0,,,,,,
2010-07-31,24.7,18.6,29.6,0.0,,,,,,
2010-08-01,26.8,18.0,31.6,0.0,,,,,,
2010-08-03,25.0,20.1,28.7,0.0,,,,,,
2010-08-05,24.8,19.4,28.8,0.0,,,,,,
2010-08-07,25.9,19.3,28.9,0.0,,,,,,
2010-08-09,26.3,18.0,33.4,0.0,,,,,,
2010-08-10,26.6,18.2,32.5,0.0,,,,,,
2010-08-11,26.1,18.0,31.8,0.0,,,,,,
2010-08-14,26.7,19.3,34.0,0.0,,,,,,
2010-08-16,25.4,19.1,28.9,0.0,,,,,,
2010-08-17,26.3,20.3,29.8,4.1,,,,,,
2010-08-18,25.9,19.1,29.6,0.0,,,,,,
2010-08-19,26.1,19.4,30.5,0.0,,,,,,
2010-08-22,25.8,19.6,29.4,0.0,,,,,,
2010-08-23,26.4,19.2,30.6,0.0,,,,,,
2010-08-24,26.8,19.1,31.7,0.0,,,,,,
2010-08-25,26.0,,29.3,0.0,,,,,,
2010-08-26,25.8,19.4,29.6,0.0,,,,,,
2010-08-29,24.8,18.3,28.0,0.0,,,,,,
2010-08-30,24.4,18.2,27.8,0.0,,,,,,
2010-09-01,24.9,19.3,28.1,0.0,,,,,,
2010-09-04,23.6,19.2,26.2,21.1,,,,,,
2010-09-05,23.8,17.6,27.4,5.1,,,,,,
2010-09-06,24.5,18.8,28.4,0.0,,,,,,
2010-09-07,27.4,20.1,35.7,0.0,,,,,,
2010-09-08,25.3,20.8,27.6,0.0,,,,,,
2010-09-13,23.3,16.8,26.8,0.0,,,,,,
2010-09-14,23.6,18.8,25.6,0.0,,,,,,
2010-09-16,23.4,16.5,27.0,0.0,,,,,,
2010-09-18,25.8,16.8,32.0,0.0,,,,,,
2010-09-19,23.7,19.2,26.8,0.0,,,,,,
2010-09-20,24.3,17.5,27.5,0.0,,,,,,
2010-09-22,24.8,18.8,38.0,0.0,,,,,,
2010-09-27,22.2,17.0,25.0,0.0,,,,,,
2010-09-28,22.2,17.0,24.6,0.0,,,,,,
2010-09-29,20.9,15.2,23.8,14.0,,,,,,
2010-10-02,23.7,16.8,28.0,0.0,,,,,,
2010-10-03,25.9,18.4,31.8,0.0,,,,,,
2010-10-05,23.2,,28.0,0.0,,,,,,
2010-10-06,22.9,15.8,27.0,0.0,,,,,,
2010-10-07,23.6,,27.7,0.0,,,,,,
2010-10-08,24.5,17.2,27.7,0.0,,,,,,
2010-10-09,25.1,18.0,29.0,0.0,,,,,,
2010-10-10,21.7,18.0,26.8,0.0,,,,,,
2010-10-11,23.0,15.1,25.9,5.1,,,,,,
2010-10-12,24.1,15.8,30.1,0.0,,,,,,
2010-10-13,22.7,16.7,26.0,0.0,,,,,,
2010-10-14,21.5,16.5,24.5,0.0,,,,,,
2010-10-15,22.1,15.3,26.7,8.9,,,,,,
2010-10-16,21.7,15.4,25.6,0.0,,,,,,
2010-10-17,19.8,16.3,23.0,2.0,,,,,,
2010-10-18,15.5,13.0,18.0,9.9,,,,,,
2010-10-19,16.2,10.4,20.4,71.9,,,,,,
2010-10-20,19.1,12.4,22.1,13.0,,,,,,
2010-10-21,17.2,11.6,23.2,0.0,,,,,,
2010-10-22,18.9,12.0,22.8,0.0,,,,,,
2010-10-23,20.5,13.6,23.1,0.0,,,,,,
2010-10-24,20.3,13.4,23.4,0.0,,,,,,
2010-10-25,18.2,12.0,22.0,3.0,,,,,,
2010-10-27,17.2,11.8,19.6,20.1,,,,,,
2010-11-04,16.2,11.6,19.2,18.0,,,,,,
2010-11-05,15.6,11.6,18.5,23.1,,,,,,
2010-11-06,15.9,12.3,21.0,19.1,,,,,,
2010-11-07,17.2,12.6,20.0,0.0,,,,,,
2010-11-08,17.7,11.2,21.3,2.0,,,,,,
2010-11-09,18.2,11.2,23.8,0.0,,,,,,
2010-11-10,18.4,13.0,21.0,0.0,,,,,,
2010-11-11,16.7,12.0,21.0,3.0,,,,,,
2010-11-12,16.2,10.2,19.8,3.0,,,,,,
2010-11-13,17.4,8.4,21.6,0.0,,,,,,
2010-11-14,21.2,12.8,27.0,0.0,,,,,,
2010-11-15,19.5,12.5,24.0,0.0,,,,,,
2010-11-16,15.1,12.0,18.0,1.0,,,,,,
2010-11-17,14.5,7.2,18.3,8.9,,,,,,
2010-11-18,15.9,7.4,21.1,0.0,,,,,,
2010-11-19,16.6,9.2,20.9,0.0,,,,,,
2010-11-20,17.5,13.0,21.3,0.0,,,,,,
2010-11-21,16.8,13.0,20.0,0.0,,,,,,
2010-11-22,13.3,8.4,17.3,1.0,,,,,,
2010-11-23,13.8,7.8,16.8,2.0,,,,,,
2010-11-24,14.5,11.0,17.0,1.0,,,,,,
2010-11-25,14.1,11.5,16.6,6.1,,,,,,
2010-11-28,18.3,13.0,22.6,0.0,,,,,,
2010-11-29,16.3,11.7,20.8,0.0,,,,,,
2010-11-30,21.7,10.6,28.8,0.0,,,,,,
2010-12-01,15.1,11.4,17.8,0.0,,,,,,
2010-12-02,14.8,12.2,17.0,0.0,,,,,,
2010-12-03,15.0,11.5,18.0,1.0,,,,,,
2010-12-04,10.8,,13.2,14.0,,,,,,
2010-12-05,13.3,7.3,17.3,0.0,,,,,,
2010-12-06,16.3,9.8,22.0,0.0,,,,,,
2010-12-07,18.2,12.2,23.3,0.0,,,,,,
2010-12-08,20.9,12.9,26.9,0.0,,,,,,
2010-12-09,21.6,12.1,27.8,0.0,,,,,,
2010-12-10,16.4,12.2,19.0,0.0,,,,,,
2010-12-21,15.0,9.0,19.9,2.0,,,,,,
2010-12-22,17.1,8.4,24.8,0.0,,,,,,
2010-12-23,17.2,9.8,21.4,0.0,,,,,,
2010-12-25,11.7,9.0,13.5,2.0,,,,,,
2010-12-27,9.4,5.1,10.9,22.1,,,,,,
2010-12-28,12.5,8.0,16.8,5.1,,,,,,
2010-12-29,12.5,7.5,16.0,0.0,,,,,,
2010-12-31,12.5,5.1,17.1,0.0,,,,,,
2011-01-01,11.4,10.0,13.0,2.0,,,,,,
2011-01-02,12.3,8.8,14.5,8.9,,,,,,
2011-01-03,10.4,4.1,12.6,9.9,,,,,,
2011-01-04,12.2,5.1,15.9,8.9,,,,,,
2011-01-05,12.6,8.5,15.7,0.0,,,,,,
2011-01-06,14.2,8.8,20.3,0.0,,,,,,
2011-01-08,16.6,8.8,22.4,0.0,,,,,,
2011-01-09,14.9,8.4,19.0,0.0,,,,,,
2011-01-10,13.7,7.0,18.0,0.0,,,,,,
2011-01-11,13.2,,17.4,0.0,,,,,,
2011-01-12,13.4,9.6,15.9,11.9,,,,,,
2011-01-13,12.7,7.0,16.5,9.9,,,,,,
2011-01-14,14.4,8.0,19.0,4.1,,,,,,
2011-01-15,13.0,3.2,18.3,0.0,,,,,,
2011-01-16,12.9,5.1,17.7,0.0,,,,,,
2011-01-17,13.4,7.5,18.0,0.0,,,,,,
2011-01-19,13.2,8.5,14.6,0.0,,,,,,
2011-01-20,12.2,7.4,14.6,0.0,,,,,,
2011-01-21,12.1,9.3,15.5,0.0,,,,,,
2011-01-22,6.9,,8.5,7.9,,,,,,
2011-01-23,9.7,3.4,12.7,14.0,,,,,,
2011-01-24,11.2,5.8,13.4,1.0,,,,,,
2011-01-26,11.8,7.0,15.0,2.0,,,,,,
2011-01-27,13.6,,16.3,0.0,,,,,,
2011-01-28,13.7,7.7,17.5,1.0,,,,,,
2011-01-29,13.1,6.3,18.0,0.0,,,,,,
2011-01-30,12.1,7.0,16.5,1.0,,,,,,
2011-02-01,11.6,6.8,13.8,7.9,,,,,,
2011-02-02,10.8,6.0,14.0,15.0,,,,,,
2011-02-03,12.7,6.5,16.0,17.0,,,,,,
2011-02-04,12.6,6.0,16.5,1.0,,,,,,
2011-02-05,11.7,7.4,15.3,0.0,,,,,,
2011-02-06,12.9,6.3,16.9,0.0,,,,,,
2011-02-07,12.7,6.4,15.7,0.0,,,,,,
2011-02-10,11.8,5.4,14.2,0.0,,,,,,
2011-02-11,12.3,5.1,15.7,0.0,,,,,,
2011-02-12,13.6,7.0,19.0,0.0,,,,,,
2011-02-13,13.4,7.5,17.6,0.0,,,,,,
2011-02-14,12.5,7.3,15.9,0.0,,,,,,
2011-02-15,12.3,5.1,16.4,3.0,,,,,,
2011-02-16,15.1,9.0,20.0,0.0,,,,,,
2011-02-17,14.9,10.0,18.0,3.0,,,,,,
2011-02-18,11.9,7.3,14.6,9.9,,,,,,
2011-02-19,12.3,4.3,15.7,7.9,,,,,,
2011-02-20,13.6,5.3,18.2,0.0,,,,,,
2011-02-21,13.1,7.3,15.8,5.1,,,,,,
2011-02-22,11.4,9.0,13.0,0.0,,,,,,
2011-02-23,12.7,8.0,15.0,22.1,,,,,,
2011-02-24,12.1,5.3,14.3,0.0,,,,,,
2011-02-25,12.3,,16.6,2.0,,,,,,
2011-02-27,12.1,8.0,14.7,1.0,,,,,,
2011-02-28,11.8,6.6,13.8,8.9,,,,,,
2011-03-01,10.7,4.1,13.2,6.1,,,,,,
2011-03-02,11.2,7.0,13.0,2.0,,,,,,
2011-03-03,11.7,6.0,15.0,5.1,,,,,,
2011-03-04,11.2,6.6,13.1,4.1,,,,,,
2011-03-05,11.5,6.1,13.6,5.1,,,,,,
2011-03-06,13.2,8.3,17.0,0.0,,,,,,
2011-03-07,13.3,7.2,16.8,0.0,,,,,,
2011-03-08,13.1,6.6,15.9,0.0,,,,,,
2011-03-09,13.1,7.1,15.5,0.0,,,,,,
2011-03-11,14.0,6.5,18.3,0.0,,,,,,
2011-03-12,14.8,8.4,20.4,0.0,,,,,,
2011-03-13,15.7,11.0,21.4,0.0,,,,,,
2011-03-14,17.9,8.0,23.5,0.0,,,,,,
2011-03-15,23.6,13.8,36.0,0.0,,,,,,
2011-03-16,13.9,10.8,16.6,31.0,,,,,,
2011-03-18,13.6,9.5,17.0,4.1,,,,,,
2011-03-19,13.5,9.0,15.5,2.0,,,,,,
2011-03-20,13.9,7.7,16.4,0.0,,,,,,
2011-03-21,13.2,8.1,15.5,5.1,,,,,,
2011-03-22,14.7,10.0,18.0,0.0,,,,,,
2011-03-23,13.6,9.2,17.0,0.0,,,,,,
2011-03-24,16.1,7.5,21.3,,,,,,,
2011-03-25,15.5,10.4,19.3,0.0,,,,,,
2011-03-26,16.9,10.3,21.0,0.0,,,,,,
2011-03-27,17.7,10.0,22.0,0.0,,,,,,
2011-03-28,15.2,8.8,20.7,4.1,,,,,,
2011-03-29,14.8,8.9,18.3,0.0,,,,,,
2011-03-30,14.9,10.0,18.6,0.0,,,,,,
2011-03-31,15.6,11.0,18.3,3.0,,,,,,
2011-04-01,14.9,8.1,18.3,6.1,,,,,,
2011-04-02,15.9,9.4,20.1,0.0,,,,,,
2011-04-03,18.8,11.5,23.5,0.0,,,,,,
2011-04-04,18.9,11.8,23.0,0.0,,,,,,
2011-04-05,16.7,10.4,19.6,0.0,,,,,,
2011-04-06,16.3,9.6,20.3,0.0,,,,,,
2011-04-07,17.7,10.0,21.6,0.0,,,,,,
2011-04-08,17.5,10.6,22.5,0.0,,,,,,
2011-04-09,17.8,8.1,23.3,0.0,,,,,,
2011-04-11,17.7,10.8,21.0,0.0,,,,,,
2011-04-12,17.2,11.0,20.3,0.0,,,,,,
2011-04-13,16.2,10.6,19.7,0.0,,,,,,
2011-04-14,16.0,9.4,20.4,0.0,,,,,,
2011-04-15,16.4,10.0,20.5,0.0,,,,,,
2011-04-16,15.4,11.0,17.7,0.0,,,,,,
2011-04-17,14.7,8.4,18.6,1.0,,,,,,
2011-04-18,15.4,7.4,20.4,0.0,,,,,,
2011-04-19,18.4,11.9,23.0,0.0,,,,,,
2011-04-20,18.9,12.2,23.6,1.0,,,,,,
2011-04-21,17.8,12.4,20.7,0.0,,,,,,
2011-04-22,17.8,12.1,24.1,2.0,,,,,,
2011-04-24,18.6,12.0,22.0,0.0,,,,,,
2011-04-25,16.8,13.0,19.6,0.0,,,,,,
2011-04-26,15.5,12.0,18.0,4.1,,,,,,
2011-04-27,15.4,9.6,19.7,6.1,,,,,,
2011-04-28,18.1,10.8,23.0,0.0,,,,,,
2011-04-29,20.9,,31.1,0.0,,,,,,
2011-04-30,18.3,12.5,22.5,0.0,,,,,,
2011-05-01,17.5,12.0,20.0,0.0,,,,,,
2011-05-02,21.1,13.0,33.0,0.0,,,,,,
2011-05-03,18.3,14.4,22.3,,,,,,,
2011-05-04,18.5,,20.6,,,,,,,
2011-05-05,19.4,13.0,23.0,0.0,,,,,,
2011-05-06,19.2,12.5,22.6,0.0,,,,,,
2011-05-07,19.9,14.3,24.7,0.0,,,,,,
2011-05-08,17.9,14.3,20.4,0.0,,,,,,
2011-05-09,17.7,11.0,22.0,7.1,,,,,,
2011-05-10,18.6,13.0,22.5,0.0,,,,,,
2011-05-11,17.7,10.1,22.4,0.0,,,,,,
2011-05-12,19.4,11.4,25.1,0.0,,,,,,
2011-05-13,21.1,12.2,25.5,0.0,,,,,,
2011-05-14,22.4,14.0,26.3,0.0,,,,,,
2011-05-15,19.2,13.1,23.4,0.0,,,,,,
2011-05-17,17.3,13.5,22.5,0.0,,,,,,
2011-05-18,18.6,14.2,22.0,0.0,,,,,,
2011-05-19,19.1,13.5,22.4,0.0,,,,,,
2011-05-20,17.8,13.6,20.2,2.0,,,,,,
2011-05-21,15.1,11.5,17.0,8.9,,,,,,
2011-05-22,18.1,12.5,21.3,9.9,,,,,,
2011-05-23,17.6,13.4,20.5,3.0,,,,,,
2011-05-25,19.7,12.8,23.0,0.0,,,,,,
2011-05-26,21.2,13.0,27.3,0.0,,,,,,
2011-05-27,20.7,14.3,26.4,0.0,,,,,,
2011-05-28,19.3,13.5,24.6,0.0,,,,,,
2011-05-29,20.3,13.0,24.5,0.0,,,,,,
2011-06-02,19.8,13.2,23.6,0.0,,,,,,
2011-06-03,20.1,13.2,23.5,0.0,,,,,,
2011-06-05,20.3,13.6,25.3,0.0,,,,,,
2011-06-06,20.9,14.3,25.7,5.1,,,,,,
2011-06-07,20.5,14.3,24.7,1.0,,,,,,
2011-06-08,22.0,15.0,27.5,0.0,,,,,,
2011-06-21,24.3,17.4,27.5,0.0,,,,,,
2011-06-22,26.3,18.0,30.0,0.0,,,,,,
2011-06-23,24.9,15.0,31.0,0.0,,,,,,
2011-06-24,24.8,17.4,28.1,0.0,,,,,,
2011-06-25,23.3,17.4,27.3,0.0,,,,,,
2011-06-26,23.6,15.0,28.0,0.0,,,,,,
2011-06-27,25.7,,30.0,0.0,,,,,,
2011-06-28,26.6,17.1,32.6,0.0,,,,,,
2011-06-29,24.7,17.0,28.8,0.0,,,,,,
2011-06-30,23.6,17.0,29.0,0.0,,,,,,
2011-07-02,24.5,17.0,28.0,0.0,,,,,,
2011-07-03,24.8,17.0,30.0,0.0,,,,,,
2011-07-04,27.2,19.0,33.0,0.0,,,,,,
2011-07-05,26.2,18.0,30.0,0.0,,,,,,
2011-07-06,25.4,19.0,29.3,0.0,,,,,,
2011-07-07,30.5,19.2,39.0,0.0,,,,,,
2011-07-09,26.2,19.0,33.0,,,,,,,
2011-07-10,28.0,19.0,36.8,0.0,,,,,,
2011-07-11,31.7,22.0,39.0,0.0,,,,,,
2011-07-12,32.8,20.0,39.5,0.0,,,,,,
2011-07-13,30.3,20.3,39.0,0.0,,,,,,
2011-07-16,25.6,19.2,29.0,0.0,,,,,,
2011-07-18,26.9,20.3,31.0,0.0,,,,,,
2011-07-19,27.1,20.0,31.0,0.0,,,,,,
2011-07-20,26.0,20.0,30.0,0.0,,,,,,
2011-07-21,26.0,19.5,28.5,0.0,,,,,,
2011-07-23,25.4,20.0,28.2,0.0,,,,,,
2011-07-24,25.6,17.0,29.0,0.0,,,,,,
2011-07-25,25.4,19.2,28.2,0.0,,,,,,
2011-07-26,24.8,17.8,28.5,0.0,,,,,,
2011-07-27,26.3,17.1,30.0,0.0,,,,,,
2011-07-28,26.1,19.6,29.0,0.0,,,,,,
2011-07-30,25.6,21.5,28.8,0.0,,,,,,
2011-08-02,25.6,16.8,30.7,0.0,,,,,,
2011-08-03,25.9,17.2,32.2,0.0,,,,,,
2011-08-06,27.0,19.6,30.8,0.0,,,,,,
2011-08-07,26.9,19.9,31.3,0.0,,,,,,
2011-08-09,25.8,19.4,30.3,0.0,,,,,,
2011-08-10,23.9,18.6,27.4,0.0,,,,,,
2011-08-13,25.2,18.1,30.3,0.0,,,,,,
2011-08-15,25.4,18.7,29.2,0.0,,,,,,
2011-08-16,25.6,19.3,29.4,0.0,,,,,,
2011-08-17,26.2,18.3,31.6,0.0,,,,,,
2011-08-18,28.3,19.6,34.2,0.0,,,,,,
2011-08-20,28.2,21.3,33.1,0.0,,,,,,
2011-08-22,27.0,19.4,32.2,0.0,,,,,,
2011-08-23,27.3,20.2,30.8,0.0,,,,,,
2011-08-24,26.6,21.8,30.8,0.0,,,,,,
2011-08-25,27.7,21.5,33.5,0.0,,,,,,
2011-08-27,26.2,20.8,30.1,0.0,,,,,,
2011-08-28,25.8,19.8,29.1,0.0,,,,,,
2011-08-29,25.6,19.4,28.9,0.0,,,,,,
2011-08-30,26.1,19.6,31.8,0.0,,,,,,
2011-08-31,26.2,18.0,31.0,0.0,,,,,,
2011-09-01,33.4,23.0,38.0,0.0,,,,,,
2011-09-03,26.2,23.0,30.2,0.0,,,,,,
2011-09-04,25.0,21.2,27.5,1.0,,,,,,
2011-09-05,24.5,22.0,27.8,0.0,,,,,,
2011-09-07,24.5,17.8,28.1,0.0,,,,,,
2011-09-08,24.5,18.1,27.8,0.0,,,,,,
2011-09-10,26.3,18.6,30.4,0.0,,,,,,
2011-09-11,25.8,19.8,29.2,0.0,,,,,,
2011-09-12,25.2,19.1,29.4,0.0,,,,,,
2011-09-13,24.9,18.6,27.9,0.0,,,,,,
2011-09-14,25.0,17.3,28.8,0.0,,,,,,
2011-09-17,24.9,19.5,28.6,0.0,,,,,,
2011-09-18,22.2,18.6,28.0,0.0,,,,,,
2011-09-20,25.7,,27.3,0.0,,,,,,
2011-09-21,24.2,17.4,27.6,0.0,,,,,,
2011-09-23,24.4,19.0,27.3,0.0,,,,,,
2011-09-24,25.6,19.1,28.2,0.0,,,,,,
2011-09-25,25.3,19.1,27.7,3.0,,,,,,
2011-09-26,24.8,18.0,28.7,0.0,,,,,,
2011-09-27,24.3,18.5,27.5,0.0,,,,,,
2011-09-28,24.7,18.6,27.0,8.9,,,,,,
2011-09-29,24.3,18.3,27.0,0.0,,,,,,
2011-09-30,24.1,18.0,28.0,0.0,,,,,,
2011-10-01,25.4,18.5,29.0,0.0,,,,,,
2011-10-03,24.6,18.9,27.2,0.0,,,,,,
2011-10-04,23.8,,28.5,0.0,,,,,,
2011-10-05,23.7,17.3,27.3,0.0,,,,,,
2011-10-06,25.1,18.8,28.3,0.0,,,,,,
2011-10-08,22.1,17.1,25.0,3.0,,,,,,
2011-10-09,20.3,17.5,22.5,9.9,,,,,,
2011-10-10,23.8,16.8,28.5,15.0,,,,,,
2011-10-11,24.2,18.7,26.5,1.0,,,,,,
2011-10-13,23.7,17.8,28.0,0.0,,,,,,
2011-10-14,23.4,17.3,28.8,0.0,,,,,,
2011-10-15,22.6,14.3,26.1,11.9,,,,,,
2011-10-16,20.0,17.0,23.0,0.0,,,,,,
2011-10-17,19.9,16.4,23.8,1.0,,,,,,
2011-10-18,22.9,14.8,26.6,0.0,,,,,,
2011-10-19,25.2,15.2,29.8,0.0,,,,,,
2011-10-20,21.4,14.0,26.0,0.0,,,,,,
2011-10-21,19.1,13.5,22.6,1.0,,,,,,
2011-10-22,22.4,15.4,25.5,0.0,,,,,,
2011-10-23,22.7,16.5,26.1,0.0,,,,,,
2011-10-24,22.1,14.5,28.0,0.0,,,,,,
2011-10-25,22.2,15.3,26.3,0.0,,,,,,
2011-10-26,21.8,16.3,24.6,7.9,,,,,,
2011-10-27,21.9,16.3,25.5,0.0,,,,,,
2011-10-28,23.1,16.2,26.8,0.0,,,,,,
2011-10-29,21.7,15.8,25.3,0.0,,,,,,
2011-10-31,19.0,14.4,21.4,13.0,,,,,,
2011-11-01,18.3,14.8,21.3,3.0,,,,,,
2011-11-02,18.7,,21.3,0.0,,,,,,
2011-11-08,21.4,,23.9,0.0,,,,,,
2011-11-09,21.0,15.3,23.6,0.0,,,,,,
2011-11-10,17.8,13.5,21.6,0.0,,,,,,
2011-11-11,20.5,,22.5,,,,,,,
2011-11-12,18.7,11.6,23.1,0.0,,,,,,
2011-11-14,20.1,,21.6,,,,,,,
2011-11-15,19.3,13.0,24.0,0.0,,,,,,
2011-11-16,16.3,13.1,18.3,7.9,,,,,,
2011-11-17,18.4,13.0,23.0,9.9,,,,,,
2011-11-18,18.6,12.2,21.5,3.0,,,,,,
2011-11-19,18.4,13.1,20.9,0.0,,,,,,
2011-11-20,19.9,12.4,24.9,0.0,,,,,,
2011-11-21,18.4,12.7,21.9,0.0,,,,,,
2011-11-22,18.7,12.5,22.8,2.0,,,,,,
2011-11-23,16.2,12.2,18.8,4.1,,,,,,
2011-11-24,17.4,13.5,19.8,34.0,,,,,,
2011-11-25,16.3,13.0,18.5,7.1,,,,,,
2011-11-26,16.8,12.8,19.5,2.0,,,,,,
2011-11-27,17.6,13.0,20.5,0.0,,,,,,
2011-11-28,18.1,13.4,23.0,0.0,,,,,,
2011-11-29,15.7,13.5,17.5,0.0,,,,,,
2011-11-30,15.7,12.2,18.3,4.1,,,,,,
2011-12-01,17.4,11.4,21.1,7.9,,,,,,
2011-12-02,17.5,9.4,22.0,0.0,,,,,,
2011-12-03,16.5,12.0,21.0,0.0,,,,,,
2011-12-04,17.1,12.0,21.0,0.0,,,,,,
2011-12-05,17.1,10.8,20.2,0.0,,,,,,
2011-12-06,16.3,12.2,19.0,0.0,,,,,,
2011-12-07,16.0,11.9,18.0,2.0,,,,,,
2011-12-08,15.8,12.0,19.0,3.0,,,,,,
2011-12-09,15.3,8.1,20.0,0.0,,,,,,
2011-12-10,15.3,9.1,18.7,0.0,,,,,,
2011-12-11,15.0,10.3,17.8,0.0,,,,,,
2011-12-12,15.1,11.5,19.6,0.0,,,,,,
2011-12-13,14.5,10.8,18.0,3.0,,,,,,
2011-12-14,15.3,10.8,19.2,1.0,,,,,,
2011-12-15,15.7,9.5,19.1,0.0,,,,,,
2011-12-16,14.4,10.0,17.8,2.0,,,,,,
2011-12-17,13.9,11.1,16.6,1.0,,,,,,
2011-12-18,9.8,5.4,12.8,25.9,,,,,,
2011-12-19,12.1,9.0,13.5,25.9,,,,,,
2011-12-20,11.1,8.2,14.0,7.1,,,,,,
2011-12-21,12.0,10.3,13.7,18.0,,,,,,
2011-12-22,12.9,10.2,15.8,11.9,,,,,,
2011-12-23,12.5,8.4,15.8,13.0,,,,,,
2011-12-24,13.8,8.3,16.5,5.1,,,,,,
2011-12-25,13.5,10.4,15.8,0.0,,,,,,
2011-12-26,13.5,8.3,15.5,6.1,,,,,,
2011-12-27,11.4,7.3,14.5,15.0,,,,,,
2011-12-28,12.5,8.8,15.3,5.1,,,,,,
2011-12-30,12.5,8.8,14.8,11.9,,,,,,
2011-12-31,12.9,7.8,16.3,22.1,,,,,,
2012-01-01,12.8,7.3,15.8,10.9,,,,,,
2012-01-02,14.2,7.1,19.3,0.0,,,,,,
2012-01-03,12.8,9.4,15.7,11.9,,,,,,
2012-01-04,13.2,8.2,16.0,7.9,,,,,,
2012-01-05,13.7,10.4,15.8,0.0,,,,,,
2012-01-06,13.9,10.3,16.7,0.0,,,,,,
2012-01-07,12.8,9.1,14.7,0.5,,,,,,
2012-01-09,12.2,,15.0,5.1,,,,,,
2012-01-10,12.7,9.1,16.4,0.0,,,,,,
2012-01-11,12.5,5.6,16.8,0.0,,,,,,
2012-01-12,14.3,,16.5,,,,,,,
2012-01-13,13.2,8.2,17.0,0.0,,,,,,
2012-01-14,10.6,3.4,14.4,0.0,,,,,,
2012-01-15,12.1,6.3,15.3,1.0,,,,,,
2012-01-16,12.3,8.0,16.0,,,,,,,
2012-01-17,12.1,7.0,15.0,0.0,,,,,,
2012-01-18,11.3,5.1,14.6,0.0,,,,,,
2012-01-20,11.1,5.3,15.0,0.0,,,,,,
2012-01-21,10.8,6.5,13.5,0.0,,,,,,
2012-01-22,12.4,6.2,16.5,1.0,,,,,,
2012-01-23,13.2,6.1,17.4,0.0,,,,,,
2012-01-24,14.2,11.9,16.6,4.1,,,,,,
2012-01-25,14.2,10.8,17.0,5.1,,,,,,
2012-01-26,12.9,5.8,16.8,9.9,,,,,,
2012-01-27,13.6,7.5,17.6,0.0,,,,,,
2012-01-28,13.0,6.2,16.8,0.0,,,,,,
2012-01-29,10.7,8.3,13.0,5.1,,,,,,
2012-01-31,9.8,5.8,12.6,16.0,,,,,,
2012-02-01,9.7,6.8,12.0,6.1,,,,,,
2012-02-02,11.4,5.0,16.0,0.0,,,,,,
2012-02-03,9.9,7.9,11.5,0.0,,,,,,
2012-02-04,5.4,2.1,6.9,16.0,,,,,,
2012-02-05,5.2,,7.3,0.0,,,,,,
2012-02-06,5.2,2.3,7.3,29.0,,,,,,
2012-02-08,4.9,2.3,6.7,14.0,,,,,,
2012-02-11,7.1,,8.6,13.0,,,,,,
2012-02-12,6.3,4.5,7.9,16.0,,,,,,
2012-02-13,6.7,3.2,10.6,7.9,,,,,,
2012-02-14,6.1,3.2,8.3,9.9,,,,,,
2012-02-15,7.2,4.1,10.2,7.9,,,,,,
2012-02-16,7.7,,11.9,14.0,,,,,,
2012-02-19,11.8,5.1,15.7,0.0,,,,,,
2012-02-20,10.2,5.4,14.1,0.0,,,,,,
2012-02-21,10.9,7.4,13.0,1.0,,,,,,
2012-02-22,9.2,4.9,12.5,11.9,,,,,,
2012-02-23,10.9,6.3,13.8,31.0,,,,,,
2012-02-24,11.6,5.6,15.7,20.1,,,,,,
2012-02-25,12.3,7.3,16.3,0.0,,,,,,
2012-02-26,11.4,7.3,15.0,0.0,,,,,,
2012-02-27,12.6,9.1,15.8,3.0,,,,,,
2012-02-28,11.4,5.1,15.7,0.0,,,,,,
2012-02-29,13.4,7.3,18.5,0.0,,,,,,
2012-03-01,13.4,8.2,17.5,0.0,,,,,,
2012-03-02,12.2,5.1,17.3,0.0,,,,,,
2012-03-03,12.5,7.1,16.3,0.0,,,,,,
2012-03-04,12.9,8.2,16.0,0.0,,,,,,
2012-03-05,11.6,8.4,14.6,2.0,,,,,,
2012-03-06,11.8,7.8,14.4,2.0,,,,,,
2012-03-07,12.1,,14.3,0.0,,,,,,
2012-03-08,10.8,7.5,13.8,5.1,,,,,,
2012-03-09,11.8,7.5,14.3,1.0,,,,,,
2012-03-10,11.6,6.4,14.5,17.0,,,,,,
2012-03-11,11.6,6.6,14.6,26.9,,,,,,
2012-03-12,12.7,8.0,14.9,0.0,,,,,,
2012-03-13,12.8,7.8,16.0,0.0,,,,,,
2012-03-14,13.9,7.9,17.9,0.0,,,,,,
2012-03-15,14.4,8.2,18.8,0.0,,,,,,
2012-03-16,14.7,7.9,20.8,0.0,,,,,,
2012-03-17,15.6,10.5,20.2,0.0,,,,,,
2012-03-18,19.2,10.2,27.5,0.0,,,,,,
2012-03-19,15.2,11.6,17.9,0.0,,,,,,
2012-03-20,17.2,10.2,24.2,0.0,,,,,,
2012-03-21,18.4,10.9,24.4,0.0,,,,,,
2012-03-22,17.5,10.0,23.0,0.0,,,,,,
2012-03-23,19.6,12.8,24.0,0.0,,,,,,
2012-03-24,15.0,10.3,20.0,0.0,,,,,,
2012-03-25,13.9,8.4,17.3,0.0,,,,,,
2012-03-26,14.8,9.2,19.0,0.0,,,,,,
2012-03-27,15.8,12.0,18.5,0.0,,,,,,
2012-03-29,18.8,10.8,24.7,0.0,,,,,,
2012-03-30,14.5,11.0,17.5,3.0,,,,,,
2012-03-31,16.2,10.8,19.5,4.1,,,,,,
2012-04-01,17.3,9.3,23.3,0.0,,,,,,
2012-04-02,17.1,10.1,22.3,0.0,,,,,,
2012-04-03,15.8,11.8,19.5,0.0,,,,,,
2012-04-04,18.4,12.0,22.5,0.0,,,,,,
2012-04-05,16.3,8.6,21.3,13.0,,,,,,
2012-04-06,16.1,10.1,20.3,0.0,,,,,,
2012-04-07,15.3,11.0,18.0,7.1,,,,,,
2012-04-08,15.9,12.0,18.5,0.0,,,,,,
2012-04-09,14.9,9.4,17.7,1.0,,,,,,
2012-04-11,19.1,12.2,23.8,0.0,,,,,,
2012-04-12,17.5,12.2,22.5,0.0,,,,,,
2012-04-13,13.8,8.9,16.7,4.1,,,,,,
2012-04-14,14.9,8.9,18.3,18.0,,,,,,
2012-04-15,16.4,11.3,19.3,8.9,,,,,,
2012-04-16,13.9,9.2,20.3,6.1,,,,,,
2012-04-17,12.6,8.6,14.4,22.1,,,,,,
2012-04-18,16.5,12.0,20.8,16.0,,,,,,
2012-04-19,15.3,10.3,19.7,0.0,,,,,,
2012-04-20,15.9,10.7,19.0,0.0,,,,,,
2012-04-21,17.1,10.5,21.8,0.0,,,,,,
2012-04-22,17.2,12.0,23.3,0.0,,,,,,
2012-04-24,17.6,11.8,22.7,0.0,,,,,,
2012-04-26,25.9,14.0,37.8,0.0,,,,,,
2012-04-27,25.7,17.0,31.6,0.0,,,,,,
2012-04-28,27.0,14.2,33.6,0.0,,,,,,
2012-04-29,19.6,13.5,23.6,0.0,,,,,,
2012-04-30,18.3,13.0,22.0,0.0,,,,,,
2012-05-01,17.8,10.1,22.7,0.0,,,,,,
2012-05-02,16.6,9.7,20.7,0.0,,,,,,
2012-05-03,19.6,12.5,24.0,0.0,,,,,,
2012-05-04,19.7,12.0,24.8,0.0,,,,,,
2012-05-08,21.5,,23.3,,,,,,,
2012-05-09,19.3,11.7,25.5,0.0,,,,,,
2012-05-10,21.8,11.6,27.1,0.0,,,,,,
2012-05-11,19.7,13.0,23.0,0.0,,,,,,
2012-05-12,21.3,13.0,26.0,0.0,,,,,,
2012-05-13,20.8,13.1,25.1,0.0,,,,,,
2012-05-14,19.0,13.3,22.9,0.0,,,,,,
2012-05-15,19.6,13.0,23.4,0.0,,,,,,
2012-05-16,19.4,12.8,23.0,0.0,,,,,,
2012-05-17,18.7,13.6,22.5,0.0,,,,,,
2012-05-18,21.6,14.1,26.1,0.0,,,,,,
2012-05-19,23.9,15.5,27.8,1.0,,,,,,
2012-05-20,17.9,13.8,22.5,0.0,,,,,,
2012-05-21,17.3,13.4,21.9,0.0,,,,,,
2012-05-22,18.8,14.1,22.4,1.0,,,,,,
2012-05-23,18.3,12.2,22.5,0.0,,,,,,
2012-05-24,18.2,13.4,22.0,0.0,,,,,,
2012-05-25,20.5,15.1,24.1,0.0,,,,,,
2012-05-26,19.6,13.6,23.4,0.0,,,,,,
2012-05-27,21.6,13.0,26.0,0.0,,,,,,
2012-05-28,19.4,14.0,23.0,0.0,,,,,,
2012-05-29,21.1,14.9,25.7,0.0,,,,,,
2012-05-30,21.2,14.4,25.5,0.0,,,,,,
2012-05-31,22.1,14.6,26.0,0.0,,,,,,
2012-06-01,21.8,14.2,25.3,0.0,,,,,,
2012-06-02,22.3,14.7,27.1,0.0,,,,,,
2012-06-04,19.8,13.2,23.5,0.0,,,,,,
2012-06-05,20.8,13.8,26.0,0.0,,,,,,
2012-06-06,23.0,13.8,28.9,0.0,,,,,,
2012-06-07,26.6,17.1,32.3,0.0,,,,,,
2012-06-08,30.4,18.5,39.5,0.0,,,,,,
2012-06-10,23.4,17.1,27.3,0.0,,,,,,
2012-06-11,24.8,17.1,28.5,0.0,,,,,,
2012-06-12,24.8,20.3,28.3,0.0,,,,,,
2012-06-13,23.2,17.4,26.0,0.0,,,,,,
2012-06-14,24.0,15.8,29.6,0.0,,,,,,
2012-06-16,23.9,19.3,27.0,0.0,,,,,,
2012-06-17,24.4,19.3,28.0,0.0,,,,,,
2012-06-18,25.6,20.1,28.6,0.0,,,,,,
2012-06-19,27.7,21.4,31.9,0.0,,,,,,
2012-06-21,25.2,22.0,28.0,0.0,,,,,,
2012-06-22,25.6,19.6,28.7,0.0,,,,,,
2012-06-23,26.3,20.1,30.4,,,,,,,
2012-06-24,26.3,21.8,29.5,0.0,,,,,,
2012-06-25,26.1,20.0,29.3,0.0,,,,,,
2012-06-26,27.2,19.6,30.2,0.0,,,,,,
2012-06-27,27.1,19.6,30.8,0.0,,,,,,
2012-06-28,26.2,20.0,29.5,0.0,,,,,,
2012-06-29,29.3,20.3,35.8,0.0,,,,,,
2012-06-30,30.5,24.6,34.1,0.0,,,,,,
2012-07-01,26.8,21.0,33.0,0.0,,,,,,
2012-07-02,26.7,20.0,29.0,0.0,,,,,,
2012-07-03,26.5,21.0,28.8,0.0,,,,,,
2012-07-04,26.4,19.9,29.0,0.0,,,,,,
2012-07-05,25.9,19.6,28.5,0.0,,,,,,
2012-07-07,27.9,21.0,33.0,0.0,,,,,,
2012-07-09,27.9,23.8,30.8,0.0,,,,,,
2012-07-10,30.1,24.2,35.5,0.0,,,,,,
2012-07-11,30.2,26.5,34.0,0.0,,,,,,
2012-07-12,28.5,23.4,33.7,0.0,,,,,,
2012-07-14,32.8,23.4,40.0,0.0,,,,,,
2012-07-15,28.2,25.0,31.0,0.0,,,,,,
2012-07-16,26.5,22.2,28.6,0.0,,,,,,
2012-07-18,25.8,22.0,27.9,0.0,,,,,,
2012-07-21,26.8,21.7,29.6,0.0,,,,,,
2012-07-22,26.7,23.0,28.2,0.0,,,,,,
2012-07-23,25.6,21.8,27.6,0.0,,,,,,
2012-07-24,25.6,21.0,27.5,2.0,,,,,,
2012-07-25,26.4,21.2,29.0,0.0,,,,,,
2012-07-26,26.9,22.8,30.8,0.0,,,,,,
2012-07-28,27.1,22.7,31.5,0.0,,,,,,
2012-07-30,26.7,22.0,30.0,0.0,,,,,,
2012-07-31,25.6,20.6,29.4,0.0,,,,,,
2012-08-01,28.2,23.1,32.8,0.0,,,,,,
2012-08-02,28.6,19.9,36.7,0.0,,,,,,
2012-08-04,28.2,22.9,31.5,0.0,,,,,,
2012-08-05,29.6,22.1,36.1,0.0,,,,,,
2012-08-06,28.9,22.6,34.3,0.0,,,,,,
2012-08-07,28.2,22.6,31.9,0.0,,,,,,
2012-08-08,28.7,22.1,32.4,0.0,,,,,,
2012-08-09,27.7,21.6,32.6,0.0,,,,,,
2012-08-11,27.1,19.9,31.4,0.0,,,,,,
2012-08-12,27.8,20.3,32.4,0.0,,,,,,
2012-08-13,27.8,22.4,31.5,0.0,,,,,,
2012-08-16,28.7,21.8,33.1,0.0,,,,,,
2012-08-19,28.4,22.1,32.9,0.0,,,,,,
2012-08-21,27.8,21.4,31.6,0.0,,,,,,
2012-08-22,28.6,22.4,32.8,0.0,,,,,,
2012-08-23,28.0,21.8,31.8,0.0,,,,,,
2012-08-25,29.0,23.3,33.3,0.0,,,,,,
2012-08-26,26.6,21.2,30.3,0.0,,,,,,
2012-08-27,26.7,20.1,30.1,0.0,,,,,,
2012-08-28,26.8,20.8,31.2,0.0,,,,,,
2012-08-29,27.4,21.4,33.4,0.0,,,,,,
2012-08-30,29.3,21.2,34.4,0.0,,,,,,
2012-09-01,24.9,18.5,27.5,20.1,,,,,,
2012-09-02,19.5,16.0,21.0,24.9,,,,,,
2012-09-03,20.7,,22.8,0.0,,,,,,
2012-09-04,21.5,17.6,24.6,7.9,,,,,,
2012-09-05,22.9,18.2,26.6,0.0,,,,,,
2012-09-06,23.3,17.8,26.0,0.0,,,,,,
2012-09-08,26.1,20.4,30.4,0.0,,,,,,
2012-09-09,26.2,20.3,29.7,0.0,,,,,,
2012-09-11,27.6,21.6,32.8,0.0,,,,,,
2012-09-15,22.1,18.1,24.2,7.1,,,,,,
2012-09-16,22.3,18.4,24.8,0.0,,,,,,
2012-09-18,25.3,19.4,28.5,0.0,,,,,,
2012-09-19,23.8,18.2,26.9,0.0,,,,,,
2012-09-20,24.2,18.9,27.0,0.0,,,,,,
2012-09-21,25.6,19.3,29.4,0.0,,,,,,
2012-09-22,30.7,19.4,39.0,0.0,,,,,,
2012-09-23,28.8,19.2,33.0,0.0,,,,,,
2012-09-24,26.3,22.0,31.3,0.0,,,,,,
2012-09-25,28.4,24.1,31.6,0.0,,,,,,
2012-09-26,28.3,24.1,33.6,1.0,,,,,,
2012-09-27,25.1,19.2,28.0,0.0,,,,,,
2012-09-28,28.7,20.4,35.0,0.0,,,,,,
2012-10-01,23.6,18.6,26.5,4.1,,,,,,
2012-10-03,23.7,15.5,26.8,0.0,,,,,,
2012-10-04,23.7,14.3,27.7,0.0,,,,,,
2012-10-05,23.3,,27.2,0.0,,,,,,
2012-10-06,24.8,18.8,28.4,0.0,,,,,,
2012-10-08,23.2,16.8,25.9,0.0,,,,,,
2012-10-09,23.6,17.5,28.8,0.0,,,,,,
2012-10-10,23.9,16.7,27.7,0.0,,,,,,
2012-10-11,24.7,17.1,28.4,0.0,,,,,,
2012-10-12,26.3,,28.5,,,,,,,
2012-10-13,23.3,17.0,28.0,7.1,,,,,,
2012-10-14,22.5,18.2,26.7,0.0,,,,,,
2012-10-15,18.9,,22.6,3.0,,,,,,
2012-10-16,19.6,14.2,24.4,8.9,,,,,,
2012-10-17,20.2,12.8,25.5,0.0,,,,,,
2012-10-23,22.8,17.3,26.6,7.1,,,,,,
2012-10-24,20.2,15.8,24.2,0.0,,,,,,
2012-10-25,20.5,15.0,23.8,4.1,,,,,,
2012-10-26,20.2,17.0,23.0,0.0,,,,,,
2012-10-27,21.3,14.4,24.7,0.0,,,,,,
2012-10-30,18.2,15.0,20.5,2.0,,,,,,
2012-10-31,19.1,,22.8,1.0,,,,,,
2012-11-01,20.2,14.1,24.6,0.3,,,,,,
2012-11-05,22.8,17.2,27.0,0.0,,,,,,
2012-11-06,22.3,16.4,25.0,0.0,,,,,,
2012-11-07,18.4,16.2,20.3,3.0,,,,,,
2012-11-08,19.7,15.5,22.5,0.0,,,,,,
2012-11-09,21.7,15.9,25.7,0.0,,,,,,
2012-11-10,20.7,17.3,23.8,0.0,,,,,,
2012-11-11,18.2,16.5,20.0,0.0,,,,,,
2012-11-13,22.8,16.3,27.4,0.0,,,,,,
2012-11-14,16.7,13.0,19.0,20.1,,,,,,
2012-11-17,19.2,13.4,23.6,0.0,,,,,,
2012-11-18,18.8,15.6,21.3,0.0,,,,,,
2012-11-19,17.2,14.3,20.0,0.0,,,,,,
2012-11-20,17.0,14.0,19.7,19.1,,,,,,
2012-11-21,17.2,,20.6,13.0,,,,,,
2012-11-22,16.2,11.2,19.0,0.0,,,,,,
2012-11-24,18.4,13.1,22.7,0.0,,,,,,
2012-11-25,17.4,12.9,21.6,0.0,,,,,,
2012-11-26,17.6,9.6,22.8,0.0,,,,,,
2012-11-27,16.9,12.0,21.3,0.0,,,,,,
2012-11-28,14.9,9.4,17.9,6.1,,,,,,
2012-11-29,13.8,9.4,16.5,0.0,,,,,,
2012-11-30,11.8,6.5,15.8,0.0,,,,,,
2012-12-02,10.2,5.1,13.4,0.0,,,,,,
2012-12-03,12.0,6.6,14.5,11.9,,,,,,
2012-12-05,13.2,11.0,16.0,5.1,,,,,,
2012-12-06,11.3,6.3,14.3,14.0,,,,,,
2012-12-07,12.8,9.4,15.4,13.0,,,,,,
2012-12-08,11.6,9.7,14.0,3.0,,,,,,
2012-12-12,11.8,8.8,13.8,4.1,,,,,,
2012-12-13,13.2,7.0,17.0,0.0,,,,,,
2012-12-15,14.1,6.9,21.7,0.0,,,,,,
2012-12-16,14.9,9.0,19.0,0.0,,,,,,
2012-12-17,16.1,12.0,19.2,0.0,,,,,,
2012-12-18,14.3,10.1,18.1,6.1,,,,,,
2012-12-20,14.2,8.7,18.3,0.0,,,,,,
2012-12-21,13.6,8.0,17.6,0.0,,,,,,
2012-12-22,15.4,,17.5,9.9,,,,,,
2012-12-23,15.1,7.4,19.8,1.0,,,,,,
2012-12-24,14.8,9.5,18.6,0.0,,,,,,
2012-12-25,15.8,11.7,19.0,0.0,,,,,,
2012-12-26,15.2,10.1,20.7,0.0,,,,,,
2012-12-27,13.7,9.4,16.7,0.0,,,,,,
2012-12-28,15.2,11.7,17.8,0.0,,,,,,
2012-12-29,14.7,11.5,16.7,0.0,,,,,,
2012-12-30,13.7,8.1,17.8,0.0,,,,,,
2012-12-31,13.1,8.9,16.1,2.0,,,,,,
2013-01-01,13.8,9.0,16.8,0.0,,,,,,
2013-01-02,13.0,8.0,16.0,0.0,,,,,,
2013-01-04,12.5,9.8,14.4,5.1,,,,,,
2013-01-05,12.4,8.3,15.8,7.1,,,,,,
2013-01-06,13.1,9.4,16.0,0.0,,,,,,
2013-01-07,13.3,8.1,17.4,0.0,,,,,,
2013-01-08,14.3,10.1,18.4,0.0,,,,,,
2013-01-09,12.1,7.0,16.0,0.0,,,,,,
2013-01-10,11.9,7.5,14.2,0.0,,,,,,
2013-01-12,14.8,10.4,17.2,3.0,,,,,,
2013-01-13,13.4,9.2,17.5,0.0,,,,,,
2013-01-14,11.8,8.2,14.0,2.0,,,,,,
2013-01-19,17.9,11.9,22.4,5.1,,,,,,
2013-01-20,15.4,,16.5,0.0,,,,,,
2013-01-21,12.3,,14.0,,,,,,,
2013-01-22,12.2,8.0,15.0,7.1,,,,,,
2013-01-23,10.7,,15.6,0.0,,,,,,
2013-01-24,7.8,5.1,8.6,7.9,,,,,,
2013-01-25,8.5,5.0,11.0,23.1,,,,,,
2013-01-27,10.7,5.1,14.3,3.0,,,,,,
2013-01-28,11.4,7.1,14.2,0.0,,,,,,
2013-01-30,16.0,10.5,20.0,,,,,,,
2013-02-01,15.8,10.0,21.7,0.0,,,,,,
2013-02-02,13.9,7.0,20.6,3.0,,,,,,
2013-02-03,11.4,8.3,13.3,9.9,,,,,,
2013-02-04,11.3,6.3,13.6,10.9,,,,,,
2013-02-05,12.1,8.4,14.8,5.1,,,,,,
2013-02-06,12.9,,15.5,0.0,,,,,,
2013-02-07,10.0,6.6,12.3,23.1,,,,,,
2013-02-08,9.3,5.1,12.8,14.0,,,,,,
2013-02-17,11.5,4.4,15.5,0.0,,,,,,
2013-02-18,11.2,6.0,15.0,0.0,,,,,,
2013-02-19,13.8,,16.2,,,,,,,
2013-02-20,13.9,7.9,18.3,0.0,,,,,,
2013-02-21,11.9,8.4,14.3,7.9,,,,,,
2013-02-22,14.1,8.3,17.5,0.0,,,,,,
2013-02-23,14.1,8.3,17.6,0.0,,,,,,
2013-02-24,8.7,5.9,11.3,5.1,,,,,,
2013-02-25,9.2,3.8,12.2,2.0,,,,,,
2013-02-26,11.7,5.0,14.9,3.0,,,,,,
2013-02-27,11.2,6.0,15.0,1.0,,,,,,
2013-02-28,13.6,10.4,16.3,0.0,,,,,,
2013-03-01,9.8,,11.6,0.0,,,,,,
2013-03-02,12.4,,15.0,,,,,,,
2013-03-03,14.3,,16.6,,,,,,,
2013-03-04,16.3,10.1,22.9,0.0,,,,,,
2013-03-05,18.1,,19.6,,,,,,,
2013-03-06,17.2,12.5,20.3,4.1,,,,,,
2013-03-07,17.1,12.0,20.5,7.9,,,,,,
2013-03-08,18.3,14.0,21.5,0.0,,,,,,
2013-03-09,17.1,12.3,20.0,0.0,,,,,,
2013-03-11,15.8,9.3,19.3,0.0,,,,,,
2013-03-13,12.9,10.1,15.6,1.0,,,,,,
2013-03-14,9.8,8.0,12.0,9.9,,,,,,
2013-03-15,9.1,6.0,11.5,24.9,,,,,,
2013-03-16,13.7,,17.2,0.0,,,,,,
2013-03-17,18.2,9.1,27.4,0.0,,,,,,
2013-03-18,20.2,13.0,25.0,0.0,,,,,,
2013-03-19,14.7,7.0,19.5,0.0,,,,,,
2013-03-20,16.9,12.2,21.3,0.0,,,,,,
2013-03-22,15.0,6.2,21.0,0.0,,,,,,
2013-03-23,14.7,10.2,18.0,0.0,,,,,,
2013-03-24,14.4,9.2,19.0,0.0,,,,,,
2013-03-25,14.7,11.8,16.5,6.1,,,,,,
2013-03-26,13.8,7.5,18.4,1.0,,,,,,
2013-03-27,16.2,9.4,22.0,0.0,,,,,,
2013-03-30,16.3,8.3,21.5,0.0,,,,,,
2013-04-01,15.9,10.2,20.0,3.0,,,,,,
2013-04-02,14.9,10.4,18.5,4.1,,,,,,
2013-04-03,15.1,7.3,20.0,1.0,,,,,,
2013-04-04,16.2,12.5,21.0,0.0,,,,,,
2013-04-06,15.1,12.2,18.2,4.1,,,,,,
2013-04-07,10.9,6.7,13.0,9.9,,,,,,
2013-04-10,16.7,10.3,21.5,0.0,,,,,,
2013-04-13,16.2,10.8,19.7,0.0,,,,,,
2013-04-14,16.6,10.7,22.0,0.0,,,,,,
2013-04-16,16.8,13.5,20.0,0.0,,,,,,
2013-04-17,15.7,10.5,21.0,0.0,,,,,,
2013-04-18,17.1,10.3,22.0,0.0,,,,,,
2013-04-20,16.2,13.0,19.0,0.0,,,,,,
2013-04-21,14.8,11.0,18.6,6.1,,,,,,
2013-04-22,13.9,8.0,19.3,0.0,,,,,,
2013-04-24,15.1,12.0,18.5,5.1,,,,,,
2013-04-27,17.8,12.2,22.8,1.0,,,,,,
2013-04-28,19.5,11.8,26.0,0.0,,,,,,
2013-04-29,19.8,15.3,26.0,4.1,,,,,,
2013-05-01,16.6,13.7,18.5,0.0,,,,,,
2013-05-05,16.7,12.4,19.6,0.0,,,,,,
2013-05-06,16.4,10.1,22.0,1.0,,,,,,
2013-05-07,20.4,13.2,25.2,0.0,,,,,,
2013-05-12,17.8,12.2,21.0,0.0,,,,,,
2013-05-14,16.7,12.0,21.8,0.0,,,,,,
2013-05-15,20.5,13.8,27.0,2.0,,,,,,
2013-05-18,18.0,13.3,23.0,0.0,,,,,,
2013-05-21,18.3,13.3,22.8,0.0,,,,,,
2013-05-27,22.2,15.0,26.8,0.0,,,,,,
2013-05-28,18.6,13.6,21.0,0.0,,,,,,
2013-05-29,18.9,14.0,23.0,0.0,,,,,,
2013-06-01,18.9,14.0,22.2,0.0,,,,,,
2013-06-03,18.2,12.2,23.2,0.0,,,,,,
2013-06-04,19.0,12.8,24.5,0.0,,,,,,
2013-06-09,19.7,14.0,24.8,0.0,,,,,,
2013-06-10,20.9,15.0,25.0,0.0,,,,,,
2013-06-11,19.7,14.0,24.5,0.0,,,,,,
2013-06-13,22.5,15.0,27.7,0.0,,,,,,
2013-06-15,22.4,15.0,27.6,0.0,,,,,,
2013-06-16,24.4,15.0,28.5,0.0,,,,,,
2013-06-17,27.7,17.5,33.0,0.0,,,,,,
2013-06-18,27.6,17.6,34.8,0.0,,,,,,
2013-06-19,23.3,16.4,26.0,0.0,,,,,,
2013-06-22,22.3,17.9,26.9,0.0,,,,,,
2013-06-23,22.8,18.0,26.5,0.0,,,,,,
2013-06-25,21.1,14.8,25.9,,,,,,,
2013-06-26,21.7,15.0,25.5,0.0,,,,,,
2013-06-29,22.2,17.5,25.7,0.0,,,,,,
2013-06-30,23.2,16.6,26.1,0.0,,,,,,
2013-07-02,24.5,19.0,27.5,0.0,,,,,,
2013-07-03,24.4,18.0,27.0,0.0,,,,,,
2013-07-04,25.8,19.0,28.2,0.0,,,,,,
2013-07-07,24.4,17.0,28.5,0.0,,,,,,
2013-07-08,24.7,17.0,29.5,0.0,,,,,,
2013-07-09,25.4,18.5,29.2,0.0,,,,,,
2013-07-10,25.0,17.2,29.5,0.0,,,,,,
2013-07-13,25.6,19.5,29.8,0.0,,,,,,
2013-07-14,25.7,19.5,29.6,4.1,,,,,,
2013-07-15,25.8,19.9,31.0,0.0,,,,,,
2013-07-16,26.7,18.6,32.0,0.0,,,,,,
2013-07-17,28.7,19.0,33.0,0.0,,,,,,
2013-07-21,27.9,23.0,30.7,0.0,,,,,,
2013-07-22,30.1,24.0,33.5,0.0,,,,,,
2013-07-23,28.5,22.2,31.6,0.0,,,,,,
2013-07-24,29.7,,33.8,0.0,,,,,,
2013-07-27,30.9,19.9,36.0,0.0,,,,,,
2013-07-28,30.7,22.2,36.2,0.0,,,,,,
2013-07-29,30.6,25.3,33.4,0.0,,,,,,
2013-07-31,26.6,17.9,29.3,0.0,,,,,,
2013-08-01,26.5,19.2,31.0,0.0,,,,,,
2013-08-04,27.9,19.8,32.5,0.0,,,,,,
2013-08-05,26.8,19.6,33.5,0.0,,,,,,
2013-08-06,30.1,18.8,34.5,0.0,,,,,,
2013-08-10,27.7,20.0,32.3,0.0,,,,,,
2013-08-11,26.0,20.7,30.0,0.0,,,,,,
2013-08-14,26.9,20.0,31.8,0.0,,,,,,
2013-08-15,27.6,19.8,31.5,0.0,,,,,,
2013-08-27,27.2,24.0,30.2,3.0,,,,,,
2013-08-28,26.6,20.0,31.6,2.0,,,,,,
2013-08-31,21.4,19.9,22.8,0.0,,,,,,
2013-09-01,23.7,18.2,28.2,9.9,,,,,,
2013-09-02,24.8,19.7,29.2,0.0,,,,,,
2013-09-03,24.3,18.2,28.5,4.1,,,,,,
2013-09-04,23.9,19.6,27.5,6.1,,,,,,
2013-09-07,27.1,19.0,31.8,0.0,,,,,,
2013-09-08,26.5,19.5,32.0,0.0,,,,,,
2013-09-10,26.2,20.0,30.5,6.1,,,,,,
2013-09-14,24.8,18.0,30.0,0.0,,,,,,
2013-09-15,24.9,19.2,29.6,0.0,,,,,,
2013-09-16,26.5,18.5,30.9,0.0,,,,,,
2013-09-17,24.3,18.0,28.0,0.0,,,,,,
2013-09-18,25.3,20.0,31.2,0.0,,,,,,
2013-09-19,23.1,17.2,27.8,0.0,,,,,,
2013-09-21,23.8,17.5,29.8,0.0,,,,,,
2013-09-22,24.1,17.5,29.2,0.0,,,,,,
2013-09-23,22.8,16.0,29.8,0.0,,,,,,
2013-09-24,24.2,16.5,28.3,0.0,,,,,,
2013-09-25,24.3,18.0,29.5,0.0,,,,,,
2013-09-28,25.7,17.0,32.2,0.0,,,,,,
2013-09-29,25.3,18.4,30.0,0.0,,,,,,
2013-09-30,24.8,20.1,29.3,0.0,,,,,,
2013-10-06,22.9,19.0,26.0,7.1,,,,,,
2013-10-07,22.3,16.8,27.5,3.0,,,,,,
2013-10-08,22.3,15.5,28.0,0.0,,,,,,
2013-10-09,21.9,16.2,25.5,0.0,,,,,,
2013-10-12,24.1,18.3,27.5,0.0,,,,,,
2013-10-13,24.2,19.2,27.5,0.0,,,,,,
2013-10-14,24.3,19.0,27.6,0.0,,,,,,
2013-10-15,23.4,18.0,28.0,0.0,,,,,,
2013-10-16,24.1,19.0,28.5,0.0,,,,,,
2013-10-17,22.9,17.0,27.0,0.0,,,,,,
2013-10-20,25.1,15.3,28.2,0.0,,,,,,
2013-10-21,22.9,17.2,27.5,0.0,,,,,,
2013-10-23,26.0,19.2,31.8,0.0,,,,,,
2013-10-24,23.9,18.0,29.0,0.0,,,,,,
2013-10-26,25.7,19.2,31.8,0.0,,,,,,
2013-12-15,12.1,8.8,14.6,0.0,,,,,,
2013-12-16,11.4,6.8,14.8,0.0,,,,,,
2013-12-17,11.6,5.8,15.3,0.0,,,,,,
2013-12-18,13.1,7.5,17.5,0.0,,,,,,
2013-12-21,12.8,7.5,16.8,0.0,,,,,,
2013-12-22,13.5,10.0,15.5,4.1,,,,,,
2013-12-23,14.2,10.0,16.5,7.1,,,,,,
2013-12-24,11.4,7.0,16.0,0.0,,,,,,
2013-12-25,14.9,7.3,19.0,0.0,,,,,,
2013-12-28,14.2,8.3,18.2,0.0,,,,,,
2013-12-29,13.6,11.4,16.0,0.0,,,,,,
2013-12-30,11.9,10.0,14.7,0.0,,,,,,
2013-12-31,11.5,9.0,14.0,3.0,,,,,,
2014-01-01,11.6,7.0,16.3,0.0,,,,,,
2014-01-02,11.2,6.7,15.5,0.0,,,,,,
2014-01-04,13.7,8.5,18.0,0.0,,,,,,
2014-01-05,15.3,12.4,17.3,0.0,,,,,,
2014-01-06,14.8,10.5,16.8,0.0,,,,,,
2014-01-07,13.4,6.8,18.8,0.0,,,,,,
2014-01-08,13.9,7.0,17.5,0.0,,,,,,
2014-01-11,12.8,7.5,18.3,0.0,,,,,,
2014-01-12,14.2,10.0,17.5,0.0,,,,,,
2014-01-13,14.1,10.3,16.8,11.9,,,,,,
2014-01-14,12.9,11.2,15.0,7.9,,,,,,
2014-01-15,12.9,10.0,15.5,9.9,,,,,,
2014-01-16,12.3,7.0,16.0,2.0,,,,,,
2014-01-18,12.6,9.2,17.0,0.0,,,,,,
2014-01-19,14.0,8.2,17.5,0.0,,,,,,
2014-01-20,13.4,,17.5,0.0,,,,,,
2014-01-21,11.8,,15.0,4.1,,,,,,
2014-01-22,12.5,7.0,16.6,4.1,,,,,,
2014-01-23,12.6,9.2,16.0,0.0,,,,,,
2014-01-25,13.0,10.0,15.5,7.1,,,,,,
2014-01-26,14.3,11.0,16.5,5.1,,,,,,
2014-01-27,13.2,11.5,15.2,2.0,,,,,,
2014-01-28,11.2,8.4,14.5,8.9,,,,,,
2014-02-01,11.4,7.3,14.8,9.9,,,,,,
2014-02-03,11.7,6.0,17.0,0.0,,,,,,
2014-02-05,11.3,5.3,16.2,0.0,,,,,,
2014-02-09,14.3,8.3,17.5,0.0,,,,,,
2014-02-11,11.9,8.5,15.8,6.1,,,,,,
2014-02-16,17.0,11.2,22.9,0.0,,,,,,
2014-02-18,16.1,10.2,20.2,0.0,,,,,,
2014-02-19,15.4,10.2,19.9,0.0,,,,,,
2014-03-01,11.4,8.0,14.0,3.0,,,,,,
2014-03-02,12.1,8.0,14.5,8.9,,,,,,
2014-03-03,11.8,7.0,15.0,0.0,,,,,,
2014-03-04,11.6,9.0,14.8,6.1,,,,,,
2014-03-06,12.4,8.3,15.2,0.0,,,,,,
2014-03-08,12.1,8.8,15.8,4.1,,,,,,
2014-03-09,13.1,8.7,16.5,0.0,,,,,,
2014-03-10,12.6,9.7,16.2,0.0,,,,,,
2014-03-11,13.3,8.5,17.5,7.9,,,,,,
2014-03-12,11.7,7.3,16.5,0.0,,,,,,
2014-03-15,13.6,11.2,16.2,5.1,,,,,,
2014-03-16,14.2,10.2,17.4,0.0,,,,,,
2014-03-17,15.3,11.2,18.7,0.0,,,,,,
2014-03-18,13.9,7.0,18.4,0.0,,,,,,
2014-03-19,14.1,10.0,18.3,0.0,,,,,,
2014-03-22,15.4,11.3,19.3,0.0,,,,,,
2014-03-23,15.2,12.0,18.3,0.0,,,,,,
2014-03-24,13.5,9.0,17.3,1.0,,,,,,
2014-03-29,13.7,8.5,18.2,0.0,,,,,,
2014-03-31,14.2,11.1,17.8,2.0,,,,,,
2014-04-01,13.8,7.0,18.4,2.0,,,,,,
2014-04-02,17.6,12.2,22.3,0.0,,,,,,
2014-04-05,15.7,13.0,17.8,6.1,,,,,,
2014-04-07,15.8,9.5,20.5,0.0,,,,,,
2014-04-09,16.3,10.0,22.0,0.0,,,,,,
2014-04-13,17.9,13.2,22.0,0.0,,,,,,
2014-04-21,18.3,11.0,24.0,0.0,,,,,,
2014-04-22,17.3,11.5,22.4,0.0,,,,,,
2014-05-20,19.4,13.0,24.4,0.0,,,,,,
2014-05-21,26.8,16.2,37.5,0.0,,,,,,
2014-05-28,18.3,,23.0,0.0,,,,,,
2014-05-29,18.7,12.2,22.8,0.0,,,,,,
2014-05-31,18.4,12.2,23.2,0.0,,,,,,
2014-06-02,19.7,15.5,22.8,0.0,,,,,,
2014-06-04,20.1,13.5,25.0,0.0,,,,,,
2014-06-07,27.0,16.3,33.0,0.0,,,,,,
2014-06-09,23.4,14.4,29.4,0.0,,,,,,
2014-06-10,23.3,15.5,28.7,0.0,,,,,,
2014-06-11,24.2,16.7,29.0,0.0,,,,,,
2014-06-14,24.9,18.8,29.5,0.0,,,,,,
2014-06-15,24.2,17.7,29.5,0.0,,,,,,
2014-06-16,24.0,19.0,26.5,0.0,,,,,,
2014-06-17,23.4,15.5,26.6,0.0,,,,,,
2014-06-18,22.7,16.0,27.4,0.0,,,,,,
2014-06-21,25.1,16.7,31.0,0.0,,,,,,
2014-06-22,25.2,20.2,29.6,0.0,,,,,,
2014-06-24,25.3,22.2,26.8,0.0,,,,,,
2014-06-29,29.3,21.8,36.2,0.0,,,,,,
2014-06-30,24.3,18.0,27.0,0.0,,,,,,
2014-07-01,24.5,18.2,27.5,0.0,,,,,,
2014-07-02,26.3,18.0,33.4,0.0,,,,,,
2014-07-05,24.1,17.4,28.2,0.0,,,,,,
2014-07-07,25.8,21.1,28.0,0.0,,,,,,
2014-07-09,24.0,18.5,27.2,0.0,,,,,,
2014-07-20,31.3,23.0,36.0,0.0,,,,,,
2014-07-21,25.5,20.5,28.5,0.0,,,,,,
2014-07-23,24.4,16.1,28.0,0.0,,,,,,
2014-07-27,26.6,20.9,30.0,0.0,,,,,,
2014-07-28,25.7,18.0,31.2,0.0,,,,,,
2014-07-29,27.2,19.7,31.6,0.0,,,,,,
2014-08-02,27.7,20.0,35.8,0.0,,,,,,
2014-08-03,26.7,21.4,30.0,0.0,,,,,,
2014-08-09,31.0,20.0,43.5,0.0,,,,,,
2014-08-10,34.3,21.6,42.0,0.0,,,,,,
2014-08-11,26.8,21.5,30.0,0.0,,,,,,
2014-08-12,26.7,21.1,29.8,0.0,,,,,,
2014-08-13,26.9,21.2,30.8,0.0,,,,,,
2025-07-13,27.0,23.9,29.4,0.0,,,12.4,,1014.6,
2025-07-14,26.6,23.9,29.4,0.0,,,14.7,,1018.1,
2025-07-15,27.6,24.4,31.1,0.0,,,14.1,,1016.2,
2025-07-16,27.0,25.1,28.9,0.0,,,25.7,,1016.5,
2025-07-17,26.5,23.3,29.2,0.0,,,26.0,,1015.2,
2025-07-18,26.5,23.0,29.8,0.0,,,15.2,,1013.5,
2025-07-19,28.9,22.8,36.3,0.0,,,15.1,,1010.4,
2025-07-20,27.3,23.4,30.5,0.0,,,9.8,,1009.9,
2025-07-21,28.3,24.1,36.6,0.0,,,11.5,,1010.0,
2025-07-22,26.6,24.1,28.9,0.0,,,12.8,,1014.9,
2025-07-23,27.3,23.5,31.7,0.0,,,12.9,,1012.0,
2025-07-24,27.8,24.6,32.4,0.0,,,16.9,,1009.0,
2025-07-25,27.1,25.2,28.8,0.9,,,23.4,,1010.5,
2025-07-26,25.8,24.2,27.9,0.3,,,23.6,,1016.2,
2025-07-27,25.7,23.5,27.5,0.4,,,27.0,,1016.7,
2025-07-28,25.0,21.3,27.6,0.0,,,20.2,,1014.2,
2025-07-29,25.5,24.2,26.8,0.0,,,33.0,,1015.5,
2025-07-30,24.9,22.9,27.6,0.0,,,29.1,,1017.3,
2025-07-31,24.7,22.2,27.0,0.0,,,15.6,,1018.2,
2025-08-01,24.3,20.9,27.0,0.0,,,14.9,,1014.3,
2025-08-02,24.6,22.1,27.0,0.0,,,12.1,,1013.8,
2025-08-03,24.5,21.3,27.0,0.0,,,11.5,,1016.5,
2025-08-04,24.3,22.5,26.2,0.0,,,15.8,,1020.0,
2025-08-05,23.8,20.6,26.2,0.0,,,10.6,,1019.8,
2025-08-06,24.0,21.2,26.7,0.0,,,10.5,,1019.2,
2025-08-07,24.4,20.3,27.7,0.0,,,10.4,,1018.2,
2025-08-08,25.4,20.8,29.2,0.0,,,15.0,,1017.4,
2025-08-09,26.4,22.1,30.5,0.0,,,20.1,,1016.8,
2025-08-10,25.3,22.6,27.7,0.0,,,13.5,,1017.9,
2025-08-11,24.9,22.0,27.4,0.0,,,11.1,,1016.7,
2025-08-12,24.6,21.1,27.4,0.0,,,11.6,,1015.7,
2025-08-13,25.3,22.0,28.1,0.0,,,10.8,,1015.0,
2025-08-14,25.3,21.9,28.4,0.0,,,10.0,,1015.8,
2025-08-15,25.6,22.3,28.2,0.0,,,10.4,,1017.3,
2025-08-16,26.3,23.8,28.7,0.4,,,23.6,,1015.9,
2025-08-17,26.7,23.9,29.0,0.0,,,24.7,,1013.1,
2025-08-18,26.2,23.5,28.8,1.0,,,15.6,,1013.0,
2025-08-19,26.7,21.6,31.4,0.0,,,13.6,,1011.9,
2025-08-20,27.8,24.7,31.2,0.0,,,17.9,,1009.1,
2025-08-21,26.0,23.2,28.6,0.1,,,14.7,,1011.1,
2025-08-22,25.5,23.9,27.4,0.6,,,13.8,,1014.8,
2025-08-23,24.7,21.7,27.1,0.0,,,9.4,,1015.9,
2025-08-24,24.9,21.0,28.2,0.0,,,15.9,,1016.0,
2025-08-25,25.6,21.6,29.2,0.0,,,12.1,,1016.3,
2025-08-26,28.1,23.9,32.2,0.0,,,12.0,,1013.1,
2025-08-27,31.4,25.0,37.6,0.0,,,14.0,,1009.4,
2025-08-28,28.6,26.3,31.2,0.0,,,17.0,,1008.8,
2025-08-29,25.9,24.5,27.8,1.6,,,13.2,,1011.6,
2025-08-31,25.5,,,,,,18.1,,1013.5,
2025-09-01,26.8,23.0,32.9,0.0,,,15.7,,1011.0,
2025-09-11,24.2,21.8,26.8,1.7,,,18.5,,1018.0,
2025-09-12,24.2,21.8,26.7,0.0,,,11.7,,1020.2,
2025-09-13,25.0,20.1,29.9,0.0,,,15.8,,1018.6,
2025-09-14,25.2,20.3,30.2,0.0,,,10.1,,1017.8,
2025-09-15,24.7,22.4,27.3,0.0,,,12.3,,1020.2,
2025-09-16,24.6,20.3,28.2,0.0,,,10.4,,1019.7,
2025-09-17,24.7,22.2,27.4,0.0,,,13.2,,1021.5,
2025-09-18,24.4,22.5,26.5,0.0,,,13.4,,1022.2,
2025-09-19,24.4,19.8,28.0,0.0,,,22.0,,1022.2,
2025-09-20,27.6,23.4,31.9,0.0,,,22.0,,1018.8,
2025-09-21,26.7,23.2,30.6,0.0,,,14.3,,1013.8,
2025-09-22,25.1,22.9,28.9,4.1,,,15.3,,1013.1,
2025-09-23,23.9,21.5,27.4,8.3,,,13.0,,1013.3,
2025-09-24,22.4,20.6,24.3,7.1,,,17.8,,1017.5,
2025-09-25,22.1,19.3,25.8,0.6,,,18.8,,1017.9,
2025-09-26,21.6,19.0,24.5,8.2,,,10.5,,1017.6,
2025-09-27,21.2,19.1,23.4,13.8,,,18.7,,1018.4,
2025-09-28,22.0,19.2,25.1,0.0,,,13.7,,1017.8,
2025-09-29,21.4,17.2,25.7,0.0,,,16.1,,1016.8,
2025-09-30,22.4,18.6,26.8,0.0,,,11.1,,1016.9,
2025-10-01,21.4,19.3,23.9,12.9,,,25.2,,1017.8,
2025-10-02,20.8,18.5,23.5,5.4,,,25.2,,1018.8,
2025-10-03,19.9,17.7,22.4,2.9,,,14.2,,1021.1,
2025-10-04,20.8,18.1,24.4,0.1,,,16.0,,1020.0,
2025-10-05,21.0,16.4,25.0,0.3,,,17.1,,1017.9,
2025-10-06,21.7,20.6,22.7,0.5,,,33.8,,1021.4,
2025-10-07,20.6,18.1,22.6,0.0,,,18.6,,1022.7,
2025-10-08,20.2,16.4,23.8,0.0,,,13.6,,1020.6,
2025-10-09,20.2,16.9,23.5,0.0,,,11.2,,1019.0,
2025-10-10,20.8,17.4,24.0,0.0,,,14.1,,1020.7,
2025-10-11,21.3,19.0,24.9,0.0,,,10.4,,1022.0,
2025-10-12,22.3,18.7,26.9,0.0,,,15.2,,1020.9,
2025-10-13,21.7,17.4,26.0,0.0,,,10.8,,1018.0,
2025-10-14,21.4,17.8,26.2,0.0,,,8.7,,1016.1,
2025-10-15,19.6,17.1,23.3,4.1,,,15.3,,1015.2,
2025-10-16,19.4,17.9,21.6,6.1,,,18.3,,1015.4,
2025-10-17,19.6,17.4,22.3,0.0,,,12.9,,1017.3,
2025-10-18,19.2,17.4,21.4,7.1,,,11.6,,1018.4,
2025-10-19,18.8,17.2,20.7,3.8,,,9.5,,1018.7,
2025-10-20,19.5,15.8,24.7,0.0,,,10.1,,1013.8,
2025-10-21,20.7,17.0,25.1,0.0,,,20.4,,1011.7,
2025-10-22,21.2,18.5,25.6,0.9,,,22.4,,1013.2,
2025-10-23,23.0,19.9,26.5,0.9,,,29.3,,1014.1,
2025-10-24,20.8,18.2,23.4,1.2,,,13.0,,1017.3,
2025-10-25,21.5,17.3,26.6,0.0,,,8.5,,1014.6,
2025-10-26,21.0,17.0,24.4,0.2,,,12.5,,1012.2,
2025-10-27,19.8,18.1,21.4,2.3,,,28.8,,1019.3,
2025-10-28,18.9,16.4,21.7,0.0,,,18.8,,1020.4,
2025-10-29,19.7,15.8,25.8,0.0,,,15.8,,1015.8,
2025-10-30,21.0,18.1,24.4,0.0,,,12.9,,1013.2,
2025-10-31,19.3,17.3,22.0,2.9,,,22.3,,1018.3,
2025-11-01,18.8,15.1,23.5,0.0,,,12.5,,1020.4,
2025-11-02,19.2,14.5,23.9,0.1,,,18.2,,1019.4,
2025-11-03,19.4,17.9,21.5,10.8,,,23.5,,1022.3,
2025-11-04,18.3,15.8,21.2,0.0,,,13.2,,1023.8,
2025-11-05,18.4,14.5,22.4,0.0,,,15.8,,1020.0,
2025-11-06,19.9,15.7,24.7,0.5,,,19.6,,1013.1,
2025-11-07,17.7,15.8,19.9,9.1,,,30.5,,1014.6,
2025-11-08,17.5,15.2,20.9,3.9,,,18.9,,1012.4,
2025-11-09,16.0,14.8,17.9,33.6,,,35.8,,1013.5,
2025-11-10,16.8,14.0,20.2,5.6,,,17.0,,1019.1,
2025-11-11,16.0,12.4,20.6,0.0,,,10.4,,1020.0,
2025-11-12,17.1,12.8,23.0,0.0,,,13.5,,1019.8,
2025-11-13,17.4,13.3,24.0,0.0,,,14.9,,1019.8,
2025-11-14,18.1,13.2,24.8,0.0,,,13.8,,1017.5,
2025-11-15,18.0,12.4,23.8,0.0,,,14.0,,1016.8,
2025-11-16,18.2,14.0,24.7,0.0,,,13.3,,1013.2,
2025-11-17,17.7,14.9,20.6,0.0,,,12.6,,1013.8,
2025-11-18,16.1,14.2,18.2,4.0,,,21.2,,1014.1,
2025-11-19,15.4,13.7,17.8,3.4,,,21.9,,1014.8,
2025-11-20,14.4,11.1,17.8,1.7,,,23.1,,1012.3,
2025-11-21,12.5,8.7,15.0,16.3,,,42.0,,1014.0,
2025-11-22,9.6,7.9,11.2,20.5,,,49.4,,1020.8,
2025-11-23,12.5,9.8,16.2,1.8,,,26.3,,1024.5,
2025-11-24,13.5,9.6,19.5,0.0,,,15.0,,1017.3,
2025-11-25,15.5,13.2,19.7,8.2,,,30.6,,1010.2,
2025-11-26,11.3,9.6,12.5,20.3,,,37.5,,1012.7,
2025-11-27,10.3,9.0,11.5,10.5,,,43.8,,1013.6,
2025-11-28,11.1,9.6,13.1,43.7,,,35.8,,1017.2,
2025-11-29,12.8,9.7,16.4,8.7,,,23.4,,1018.7,
2025-11-30,12.1,8.6,17.4,0.0,,,9.8,,1016.4,
2025-12-01,12.6,9.6,17.2,0.0,,,11.4,,1017.9,
2025-12-02,12.4,9.4,16.4,0.0,,,10.3,,1016.6,
2025-12-03,13.1,9.0,18.8,3.7,,,19.0,,1012.0,
2025-12-04,12.3,10.7,14.9,16.5,,,40.2,,1013.6,
2025-12-05,12.2,10.9,14.5,34.8,,,40.6,,1012.0,
2025-12-06,15.8,14.3,18.0,0.6,,,39.7,,1019.6,
2025-12-07,16.0,14.1,18.9,0.0,,,29.9,,1021.6,
2025-12-08,15.3,12.3,19.6,0.0,,,13.0,,1023.7,
2025-12-09,13.9,10.7,18.2,0.0,,,10.1,,1023.7,
2025-12-10,13.1,10.2,16.9,0.0,,,8.7,,1022.5,
2025-12-11,12.7,9.6,17.4,0.0,,,11.8,,1021.6,
2025-12-12,13.1,9.6,17.8,0.0,,,13.7,,1019.6,
2025-12-13,14.1,10.2,18.0,0.0,,,12.5,,1022.2,
2025-12-14,15.2,11.5,18.9,0.0,,,16.7,,1023.2,
2025-12-15,15.9,14.3,17.5,4.8,,,24.6,,1018.3,
2025-12-16,15.4,11.6,19.3,0.0,,,12.9,,1013.5,
2025-12-17,14.1,10.7,18.5,0.0,,,13.9,,1018.7,
2025-12-18,15.0,12.0,17.7,0.9,,,14.1,,1022.5,
2025-12-19,16.1,14.6,17.6,7.6,,,20.2,,1019.4,
2025-12-20,14.2,11.6,17.1,0.0,,,9.9,,1013.0,
2025-12-21,13.5,12.4,15.1,5.0,,,19.7,,1010.7,
2025-12-22,13.3,10.0,18.2,1.0,,,17.1,,1008.1,
2025-12-23,11.3,8.8,14.0,0.0,,,25.9,,1009.5,
2025-12-24,11.5,9.1,15.4,0.0,,,19.4,,1008.0,
2025-12-25,13.1,9.0,17.6,0.0,,,15.2,,1010.4,
2025-12-26,13.4,9.9,16.7,2.4,,,15.0,,1012.7,
2025-12-27,11.7,9.4,14.9,0.0,,,10.3,,1017.8,
2025-12-28,11.5,8.1,16.5,0.0,,,10.1,,1018.8,
2025-12-29,11.9,8.6,16.4,0.0,,,11.7,,1018.3,
2025-12-30,11.6,9.8,14.6,2.8,,,25.7,,1017.7,
2025-12-31,11.8,10.3,14.4,5.9,,,26.0,,1017.6,
2026-01-01,11.8,9.2,15.5,0.0,,,17.4,,1019.4,
2026-01-02,12.5,8.5,18.3,0.0,,,11.9,,1014.7,
2026-01-03,14.0,10.1,19.9,0.0,,,12.9,,1009.4,
2026-01-04,14.4,12.2,16.9,1.3,,,17.9,,1004.4,
2026-01-05,13.4,10.7,17.0,0.0,,,17.4,,1002.9,
2026-01-06,12.6,11.0,13.7,9.5,,,25.4,,1005.4,
2026-01-07,10.5,8.5,12.3,7.3,,,41.3,,1015.9,
2026-01-08,11.8,8.8,15.0,0.0,,,41.7,,1025.5,
2026-01-09,13.3,10.4,16.8,0.0,,,31.8,,1021.5,
2026-01-10,13.0,11.1,14.8,4.5,,,49.9,,1017.9,
2026-01-11,12.9,10.8,14.5,5.7,,,47.3,,1022.8,
2026-01-12,12.7,10.6,15.2,0.0,,,17.3,,1027.0,
2026-01-13,11.2,7.1,17.0,0.0,,,12.1,,1022.4,
2026-01-14,10.6,6.5,16.1,0.0,,,9.3,,1020.4,
2026-01-15,10.4,6.4,15.0,0.0,,,9.5,,1019.1,
2026-01-16,11.3,8.9,13.5,7.1,,,19.1,,1015.2,
2026-01-17,13.6,11.0,17.2,0.4,,,18.2,,1013.5,
2026-01-18,13.3,9.7,16.8,0.0,,,16.2,,1011.3,
2026-01-19,12.2,9.8,14.3,3.9,,,15.5,,1006.7,
2026-01-20,11.6,10.6,12.4,13.9,,,21.5,,1001.4,
2026-01-21,12.0,10.6,13.7,10.2,,,24.4,,1003.2,
2026-01-22,12.1,10.0,15.8,2.0,,,24.8,,1001.9,
2026-01-23,13.5,10.8,17.2,3.1,,,25.8,,1004.4,
2026-01-24,12.5,10.2,17.4,9.2,,,23.0,,1004.5,
2026-01-25,10.3,8.2,12.2,9.1,,,33.7,,1007.9,
2026-01-26,11.3,9.6,12.7,27.7,,,47.0,,1007.5,
2026-01-27,14.0,9.7,19.4,1.7,,,18.9,,1010.3,
2026-01-28,15.1,12.8,18.1,9.4,,,27.5,,1003.7,
2026-01-29,14.1,12.2,16.6,9.1,,,40.0,,1005.7,
2026-01-30,15.0,11.6,17.2,22.7,,,42.3,,1008.1,
2026-01-31,11.8,10.2,13.4,13.2,,,46.1,,1001.4,
2026-02-01,13.0,11.1,15.4,18.9,,,45.3,,1012.5,
2026-02-02,14.1,8.8,19.5,0.0,,,16.5,,1008.8,
2026-02-03,13.8,10.9,15.7,5.1,,,20.2,,1006.9,
2026-02-04,13.0,9.7,15.6,2.4,,,30.5,,1000.9,
2026-02-05,14.9,13.0,19.0,3.2,,,18.0,,1001.8,
2026-02-06,15.8,12.8,18.7,0.0,,,31.6,,1006.5,
2026-02-07,12.8,10.0,15.4,3.1,,,24.6,,1012.8,
2026-02-08,12.2,9.2,17.4,1.1,,,24.4,,1009.6,
2026-02-09,12.8,10.7,15.2,2.3,,,40.8,,1010.3,
2026-02-10,14.1,11.7,16.9,5.6,,,26.2,,1011.2,
2026-02-14,13.2,,,,,,39.5,,998.9,
2026-02-15,13.0,11.8,14.1,10.9,,,59.4,,1013.4,
2026-02-16,14.5,11.8,16.7,0.0,,,46.2,,1018.8,
2026-02-17,15.0,13.1,16.0,4.1,,,39.6,,1018.9,
2026-02-18,14.2,11.4,18.1,0.0,,,13.5,,1019.5,
2026-02-19,14.1,11.2,17.7,0.6,,,37.3,,1015.7,
2026-02-20,13.4,11.3,15.3,0.7,,,44.8,,1022.4,
2026-02-21,13.9,12.2,15.0,2.7,,,44.9,,1028.0,
2026-02-22,13.0,9.3,16.3,1.1,,,19.0,,1029.9,
2026-02-23,12.4,7.2,19.0,0.0,,,7.8,,1025.8,
2026-02-24,13.2,9.8,18.1,0.0,,,7.9,,1022.6,
2026-02-25,13.4,9.1,18.3,0.0,,,12.2,,1021.5,
2026-02-26,13.8,9.1,18.2,0.0,,,8.7,,1024.3,
2026-02-27,12.7,10.0,15.4,0.0,,,9.0,,1024.2,
2026-02-28,13.0,9.6,17.1,0.0,,,9.5,,1021.1,
2026-03-01,13.0,10.4,15.9,0.0,,,9.4,,1022.7,
2026-03-02,16.1,11.1,20.8,0.0,,,18.0,,1019.8,
2026-03-03,18.4,16.6,21.2,0.0,,,25.5,,1017.4,
2026-03-04,19.1,14.4,23.1,0.0,,,27.2,,1017.1,
2026-03-05,18.3,15.9,20.3,4.8,,,30.1,,1013.3,
2026-03-06,15.0,11.8,18.0,0.0,,,16.1,,1014.5,
2026-03-07,14.5,11.9,17.3,1.3,,,15.6,,1020.1,
2026-03-08,15.2,10.6,19.6,0.0,,,14.2,,1021.2,
2026-03-09,14.3,11.4,17.8,1.7,,,10.7,,1021.3,
2026-03-10,14.8,11.6,18.7,0.0,,,18.1,,1020.5,
2026-03-11,14.4,11.1,17.8,0.0,,,16.6,,1022.5,
2026-03-12,14.3,12.7,16.9,2.3,,,17.6,,1024.2,
2026-03-13,13.4,11.4,15.4,1.3,,,21.7,,1020.0,
2026-03-14,14.4,9.7,19.1,1.0,,,14.7,,1009.2,
2026-03-15,11.3,9.2,12.7,16.5,,,35.5,,1003.7,
2026-03-16,11.9,9.5,14.7,30.8,,,29.6,,1009.6,
2026-03-17,14.4,12.8,15.8,2.5,,,34.8,,1014.1,
2026-03-18,13.5,11.2,16.6,0.0,,,16.8,,1012.3,
2026-03-19,12.5,9.3,15.4,0.0,,,25.5,,1013.2,
2026-03-20,12.7,9.3,15.5,0.0,,,17.9,,1013.0,
2026-03-21,13.2,9.8,16.3,0.4,,,24.4,,1010.3,
2026-03-22,13.6,12.1,15.7,0.2,,,8.6,,1010.6,
2026-03-23,13.2,11.0,15.4,1.1,,,12.7,,1014.0,
2026-03-24,12.7,10.6,15.2,4.2,,,18.8,,1020.8,
2026-03-25,12.8,9.7,15.6,0.0,,,16.1,,1020.0,
2026-03-26,12.1,9.0,14.0,0.9,,,34.5,,1013.0,
2026-03-27,12.3,11.3,13.3,0.9,,,53.2,,1012.5,
2026-03-28,12.5,10.7,14.3,0.5,,,36.1,,1016.6,
2026-03-29,11.9,10.8,13.1,11.4,,,30.7,,1014.0,
2026-03-30,12.3,9.4,14.7,2.2,,,24.1,,1017.1,
2026-03-31,12.7,11.8,14.4,12.9,,,53.4,,1010.6,
2026-04-01,11.6,10.5,13.1,16.9,,,48.7,,1006.9,
2026-04-02,11.5,9.5,14.0,17.3,,,47.5,,1007.6,
2026-04-03,12.8,9.9,15.6,13.2,,,38.3,,1014.8,
2026-04-04,13.8,11.5,16.0,1.3,,,30.9,,1023.0,
2026-04-05,13.4,10.6,16.8,0.1,,,12.6,,1027.0,
2026-04-06,13.9,8.0,18.8,0.0,,,13.7,,1026.2,
2026-04-07,17.4,13.0,23.4,0.0,,,13.5,,1022.5,
2026-04-08,16.6,11.9,21.4,0.0,,,9.1,,1020.6,
2026-04-09,17.0,13.5,21.5,0.0,,,8.6,,1019.4,
2026-04-10,16.6,11.2,21.5,0.0,,,7.7,,1017.6,
2026-04-11,18.6,12.5,24.8,0.0,,,15.3,,1011.4,
2026-04-12,19.1,15.3,22.8,0.6,,,22.5,,1001.6,
2026-04-13,16.4,14.7,18.6,0.8,,,28.9,,1004.4,
2026-04-14,14.2,13.2,14.9,27.2,,,35.5,,1012.3,
2026-04-15,14.2,12.2,15.3,35.6,,,45.8,,1015.5,
2026-04-16,15.6,14.4,17.2,39.6,,,37.0,,1018.6,
2026-04-17,15.5,13.6,17.8,0.0,,,23.6,,1019.9,
2026-04-18,15.4,12.3,19.0,0.0,,,14.7,,1019.6,
2026-04-19,15.7,12.2,18.9,0.0,,,10.9,,1018.8,
2026-04-20,16.3,12.4,19.8,0.0,,,9.8,,1014.5,
2026-04-21,17.0,13.5,20.9,0.0,,,10.3,,1011.5,
2026-04-22,16.9,13.9,20.4,0.0,,,7.1,,1012.3,
2026-04-23,16.7,15.0,19.1,0.0,,,25.6,,1016.9,
2026-04-24,17.0,13.7,20.9,0.0,,,26.9,,1016.7,
2026-04-25,16.1,12.4,19.3,0.0,,,12.7,,1016.5,
2026-04-26,16.5,13.7,18.7,0.0,,,10.4,,1018.1,
2026-04-27,18.0,15.2,21.1,0.0,,,12.8,,1016.2,
2026-04-28,20.1,14.8,25.0,0.0,,,14.5,,1011.7,
2026-04-29,21.9,19.6,26.2,0.0,,,15.5,,1010.0,
2026-04-30,18.6,16.6,20.8,0.0,,,14.2,,1014.6,
2026-05-01,17.5,15.7,19.6,0.0,,,26.4,,1018.3,
2026-05-02,16.1,13.5,18.2,0.0,,,26.5,,1022.1,
2026-05-05,19.2,16.3,22.6,0.0,,,10.2,,1013.2,
2026-05-06,17.9,16.8,18.9,5.3,,,13.4,,1011.2,
2026-05-07,17.4,15.5,19.2,4.4,,,18.0,,1010.2,
2026-05-08,17.6,15.9,19.9,0.4,,,18.7,,1013.1,
2026-05-09,22.1,16.6,29.1,1.4,,,26.5,,1010.5,
2026-05-10,18.9,16.3,21.2,0.0,,,16.5,,1016.2,
2026-05-11,18.6,15.7,23.4,0.0,,,15.9,,1014.8,
2026-05-12,18.3,16.1,20.7,0.0,,,10.6,,1016.2,
2026-05-13,18.7,16.6,21.6,0.0,,,27.0,,1015.4,
2026-05-14,18.7,15.4,21.1,0.0,,,14.4,,1011.6,
2026-05-15,19.3,16.8,21.9,1.2,,,14.5,,1006.1,
2026-05-16,17.0,15.9,18.3,3.4,,,25.7,,1013.5,
2026-05-17,16.8,14.8,18.5,0.4,,,11.9,,1017.5,
2026-05-18,16.7,13.1,19.1,0.0,,,12.3,,1018.8,
2026-05-19,17.7,14.0,20.3,0.0,,,7.0,,1022.2,
2026-05-20,19.2,16.6,21.7,0.0,,,7.2,,1024.0,
2026-05-21,19.0,15.1,21.9,0.0,,,9.4,,1024.5,
2026-05-22,19.4,16.4,21.9,0.0,,,10.2,,1024.6,
2026-05-23,19.4,15.7,22.6,0.0,,,7.9,,1023.7,
2026-05-24,20.1,17.2,22.4,0.0,,,13.0,,1023.6,
2026-05-25,20.1,16.7,23.0,0.0,,,13.3,,1025.8,
2026-05-26,20.0,16.0,23.4,0.0,,,12.8,,1025.2,
2026-05-27,20.3,17.3,23.6,0.0,,,8.5,,1021.8,
2026-05-28,19.9,16.7,22.8,0.0,,,7.6,,1019.6,
2026-05-29,20.7,16.9,23.3,0.0,,,7.7,,1019.8,
2026-05-30,21.4,18.2,23.6,0.0,,,8.7,,1018.7,
2026-05-31,21.9,19.3,23.8,0.0,,,9.8,,1017.9,
2026-06-01,21.8,19.1,23.9,0.0,,,9.8,,1017.4,
2026-06-02,23.8,18.3,28.0,0.0,,,11.2,,1013.8,
2026-06-03,23.4,20.6,25.7,0.0,,,18.6,,1014.5,
2026-06-04,21.4,18.5,23.4,0.0,,,13.7,,1013.9,
2026-06-05,22.1,20.3,23.9,0.0,,,11.8,,1013.3,
2026-06-06,22.3,20.0,24.0,0.0,,,9.0,,1017.4,
2026-06-07,23.0,20.2,25.3,0.0,,,14.5,,1020.0,
2026-06-08,24.0,21.6,26.4,3.8,,,10.9,,1017.6,
2026-06-09,24.5,21.2,27.6,0.0,,,7.7,,1014.3,
2026-06-10,23.8,22.2,26.2,0.0,,,16.7,,1014.7,
2026-06-11,22.6,21.1,24.1,0.0,,,20.7,,1020.3,
2026-06-12,21.8,19.2,23.9,0.0,,,25.6,,1023.1,
2026-06-13,21.6,18.1,23.9,0.0,,,15.7,,1021.3,
2026-06-14,25.3,20.8,29.0,0.0,,,13.2,,1014.6,
2026-06-15,24.1,22.3,25.8,0.9,,,14.6,,1013.2,
2026-06-16,23.1,21.1,24.9,0.0,,,9.0,,1017.1,
2026-06-17,23.3,20.6,26.2,0.0,,,14.6,,1018.5,
2026-06-18,25.3,21.5,28.4,0.0,,,16.8,,1016.7,
2026-06-19,26.7,23.9,29.1,0.0,,,22.6,,1015.2,
2026-06-20,27.1,23.6,29.4,0.0,,,21.4,,1016.9,
2026-06-21,27.5,24.9,29.4,0.0,,,20.6,,1020.4,
2026-06-22,26.0,23.5,28.7,0.0,,,12.3,,1019.6,
2026-06-23,25.0,22.9,26.8,0.0,,,8.8,,1016.0,
2026-06-24,26.3,23.2,28.9,0.0,,,11.6,,1014.0,
2026-06-25,25.9,23.2,28.5,0.0,,,10.1,,1014.5,
2026-06-26,25.3,23.0,27.5,0.0,,,12.2,,1017.1,
2026-06-27,26.1,22.4,28.9,0.0,,,17.1,,1017.4,
2026-06-28,26.3,23.0,28.3,0.0,,,16.6,,1017.6,
2026-06-29,25.9,23.4,27.7,0.0,,,11.1,,1017.1,
2026-06-30,25.6,22.5,27.4,0.0,,,14.6,,1017.9,
2026-07-01,25.9,24.2,27.4,0.0,,,24.5,,1017.5,
2026-07-02,25.5,23.8,27.2,0.2,,,38.0,,1016.8,
2026-07-03,25.0,22.8,26.5,1.4,,,33.3,,1017.7,
2026-07-04,25.0,23.1,26.4,0.0,,,26.9,,1021.1,
2026-07-05,24.7,22.8,26.5,0.0,,,16.2,,1020.5,
2026-07-06,24.3,21.3,26.6,0.0,,,10.0,,1019.2,
2026-07-07,25.4,22.2,29.0,0.0,,,10.1,,1019.1,
2026-07-08,25.5,22.5,28.7,0.0,,,10.1,,1017.2,
2026-07-09,27.1,23.4,30.9,0.0,,,9.3,,1012.2,
2026-07-10,28.5,24.2,31.9,0.0,,,15.0,,1010.3,
2026-07-11,29.3,26.7,33.0,0.0,,,12.6,,1011.1,
2026-07-12,28.4,25.4,32.2,0.0,,,12.1,,1012.9,
2026-07-13,28.7,24.7,32.4,0.0,,,17.0,,1014.2,
2026-07-14,30.2,26.1,36.0,0.0,,,11.7,,1015.7,
2026-07-15,29.0,25.2,32.4,0.0,,,9.0,,1016.8,
2026-07-16,30.5,26.2,35.1,0.0,,,11.6,,1016.4,
2026-07-17,31.0,27.9,37.9,0.0,,,9.2,,1014.4,
2026-07-18,30.2,26.3,33.2,0.0,,,10.0,,1013.6,
2026-07-19,32.2,28.2,38.7,0.0,,,8.8,,1012.8,
2026-07-20,30.8,26.9,34.9,0.0,,,10.0,,1014.5,
2026-07-21,32.8,26.7,37.6,0.0,,,11.8,,1013.9,
