time,tavg,tmin,tmax,prcp,snow,wdir,wspd,wpgt,pres,tsun
1996-01-09,18.1,15.0,24.0,,,,,,,
1996-02-01,17.4,14.4,20.8,2.0,,,,,,
1996-03-06,15.3,12.0,17.0,,,,,,,
1996-03-10,13.8,12.5,14.5,4.1,,,,,,
1996-04-08,16.5,,18.7,,,,,,,
1996-04-20,17.4,,17.9,,,,,,,
1996-04-22,20.3,17.1,22.5,,,,,,,
1996-04-23,17.6,,18.5,,,,,,,
1996-04-26,16.2,,16.8,,,,,,,
1996-04-30,19.9,,21.5,,,,,,,
1996-06-03,20.0,,21.1,,,,,,,
1996-06-06,20.5,18.9,21.4,,,,,,,
1996-07-10,22.0,,23.0,,,,,,,
1996-08-02,24.6,22.6,25.3,,,,,,,
1996-08-24,25.9,,30.0,,,,,,,
1996-08-28,27.8,,38.0,,,,,,,
1996-10-05,19.0,15.0,22.0,,,,,,,
1996-10-11,18.6,15.0,20.4,,,,,,,
1996-10-24,18.1,15.0,19.5,,,,,,,
1996-11-06,18.2,15.7,20.0,,,,,,,
1997-05-01,17.7,,18.6,,,,,,,
1997-06-22,24.7,22.3,26.8,,,,,,,
1997-11-03,22.3,17.2,29.2,,,,,,,
1997-12-05,11.6,,13.6,8.9,,,,,,
1998-10-10,18.6,,19.5,,,,,,,
2001-05-26,23.9,,28.0,,,,,,,
2001-05-29,20.3,,21.3,,,,,,,
2001-05-30,20.2,19.0,21.6,,,,,,,
2001-05-31,20.3,19.3,21.2,,,,,,,
2001-06-01,20.6,20.0,21.6,,,,,,,
2001-06-02,20.1,17.8,21.8,,,,,,,
2001-06-03,24.7,22.0,26.5,,,,,,,
2001-06-05,20.9,19.7,21.5,,,,,,,
2001-06-06,21.6,20.6,22.2,,,,,,,
2001-06-07,21.8,21.2,22.8,,,,,,,
2001-06-12,20.0,,20.2,,,,,,,
2001-06-13,21.0,17.9,23.9,,,,,,,
2001-06-15,24.3,,25.4,,,,,,,
2001-06-16,25.4,23.6,28.5,,,,,,,
2001-06-17,22.1,21.0,24.0,,,,,,,
2001-06-18,21.9,21.3,22.6,,,,,,,
2001-06-19,21.9,21.7,22.6,,,,,,,
2001-06-20,20.9,20.5,21.8,,,,,,,
2001-06-21,21.4,20.3,22.0,,,,,,,
2001-06-22,21.8,19.3,26.7,,,,,,,
2001-06-23,22.7,21.8,25.0,,,,,,,
2001-06-24,24.0,23.5,25.2,,,,,,,
2001-06-25,23.5,22.6,24.3,,,,,,,
2001-06-26,26.7,23.3,30.0,,,,,,,
2001-06-27,27.5,23.3,29.6,,,,,,,
2001-06-28,23.1,,25.2,,,,,,,
2001-07-02,22.5,21.2,23.4,,,,,,,
2001-07-03,22.7,21.1,23.2,,,,,,,
2001-07-04,24.8,21.7,27.8,,,,,,,
2001-07-05,25.2,23.3,27.5,,,,,,,
2001-07-07,22.4,20.4,24.3,,,,,,,
2001-07-08,23.1,21.9,24.2,,,,,,,
2001-07-11,23.9,22.3,26.2,,,,,,,
2001-07-12,23.6,23.0,24.4,,,,,,,
2001-07-13,23.7,23.0,24.4,,,,,,,
2001-07-14,30.3,24.0,35.2,,,,,,,
2001-07-15,25.8,,30.0,,,,,,,
2001-07-16,25.2,22.8,28.5,,,,,,,
2001-07-17,24.8,22.5,26.4,,,,,,,
2001-07-18,29.3,24.0,32.5,,,,,,,
2001-07-19,24.1,,26.5,,,,,,,
2001-07-20,23.0,20.0,24.5,,,,,,,
2001-07-21,23.8,23.3,24.2,,,,,,,
2001-07-22,23.8,23.0,25.2,,,,,,,
2001-07-24,23.6,22.4,24.6,,,,,,,
2001-07-25,25.0,,28.2,,,,,,,
2001-07-26,23.9,,25.0,,,,,,,
2001-07-28,24.7,,26.1,,,,,,,
2001-07-29,25.2,24.7,25.7,,,,,,,
2001-07-30,26.5,24.7,29.9,,,,,,,
2001-07-31,23.3,,26.0,,,,,,,
2001-08-01,25.9,24.0,28.8,,,,,,,
2001-08-02,27.7,24.5,33.2,,,,,,,
2001-08-03,25.6,,29.3,,,,,,,
2001-08-04,24.3,23.5,25.1,,,,,,,
2001-08-07,24.5,23.0,26.0,,,,,,,
2001-08-08,23.7,22.7,24.6,,,,,,,
2001-08-12,24.9,,25.5,,,,,,,
2001-08-13,25.4,,29.0,,,,,,,
2001-08-14,24.2,,26.2,,,,,,,
2001-08-16,27.1,24.4,31.0,,,,,,,
2001-08-20,25.7,,28.8,,,,,,,
2001-08-21,25.5,24.4,26.4,,,,,,,
2001-08-23,25.3,23.5,27.3,,,,,,,
2001-08-24,27.4,24.5,32.6,,,,,,,
2001-08-25,25.4,,27.2,,,,,,,
2001-08-26,25.4,24.5,26.0,,,,,,,
2001-08-27,25.7,24.5,26.7,,,,,,,
2001-08-29,26.8,24.2,28.3,,,,,,,
2001-08-31,24.8,,27.2,,,,,,,
2001-09-01,23.8,21.5,25.5,,,,,,,
2001-09-02,24.9,24.5,26.9,,,,,,,
2001-09-03,25.0,23.5,27.2,,,,,,,
2001-09-04,24.4,,26.2,,,,,,,
2001-09-05,24.4,23.0,27.2,,,,,,,
2001-09-06,24.3,23.5,25.6,,,,,,,
2001-09-07,23.8,22.5,26.5,,,,,,,
2001-09-08,23.7,22.0,24.8,,,,,,,
2001-09-09,24.5,23.3,25.2,,,,,,,
2001-09-10,23.1,21.6,24.2,,,,,,,
2001-09-11,23.4,21.4,24.8,,,,,,,
2001-09-12,22.7,20.0,24.2,,,,,,,
2001-09-13,23.0,20.0,24.6,,,,,,,
2001-09-14,24.1,22.6,25.7,,,,,,,
2001-09-15,24.2,22.8,25.2,,,,,,,
2001-09-16,23.6,23.3,24.3,,,,,,,
2001-09-17,23.3,22.0,24.4,,,,,,,
2001-09-18,23.9,,25.4,,,,,,,
2001-09-19,21.7,,23.1,,,,,,,
2001-09-20,23.1,21.2,23.8,,,,,,,
2001-09-21,23.6,23.0,24.2,,,,,,,
2001-09-23,24.1,20.2,28.2,2.0,,,,,,
2001-09-25,21.8,20.3,23.0,,,,,,,
2001-09-26,22.3,20.4,22.8,,,,,,,
2001-09-27,22.5,21.6,24.2,2.0,,,,,,
2001-09-28,22.7,22.2,23.8,0.0,,,,,,
2001-09-29,22.3,20.4,23.5,,,,,,,
2001-09-30,23.0,21.6,24.3,,,,,,,
2001-10-01,23.0,20.2,24.8,,,,,,,
2001-10-02,23.1,21.8,25.8,,,,,,,
2001-10-05,24.2,,25.0,,,,,,,
2001-10-06,23.7,22.2,25.7,,,,,,,
2001-10-08,20.9,19.3,22.6,,,,,,,
2001-10-09,21.6,19.2,23.2,,,,,,,
2001-10-11,27.3,23.9,30.0,0.0,,,,,,
2001-10-12,22.8,,28.3,0.8,,,,,,
2001-10-13,21.0,20.0,22.2,0.0,,,,,,
2001-10-14,21.2,19.4,22.4,,,,,,,
2001-10-15,21.0,19.5,21.7,,,,,,,
2001-10-16,21.6,20.0,23.4,,,,,,,
2001-10-17,22.7,21.0,25.4,,,,,,,
2001-10-18,21.4,20.3,22.5,,,,,,,
2001-10-19,22.0,19.8,26.4,,,,,,,
2001-10-20,21.7,,23.4,,,,,,,
2001-10-21,20.8,18.4,24.2,,,,,,,
2001-10-22,21.1,19.2,24.2,,,,,,,
2001-10-23,20.9,19.8,22.0,,,,,,,
2001-10-24,21.2,19.2,21.8,,,,,,,
2001-10-26,20.2,18.4,21.6,,,,,,,
2001-10-27,20.8,18.0,23.0,,,,,,,
2001-10-28,22.4,,27.2,,,,,,,
2001-10-29,23.3,22.0,27.5,,,,,,,
2001-10-31,22.4,,22.8,,,,,,,
2001-11-01,21.3,20.3,21.4,,,,,,,
2001-11-02,19.7,19.0,20.3,,,,,,,
2001-11-03,19.2,17.2,20.2,,,,,,,
2001-11-09,16.8,,22.0,,,,,,,
2001-11-11,12.5,9.2,14.0,27.9,,,,,,
2001-11-12,12.5,,16.8,5.1,,,,,,
2001-11-13,16.8,15.5,18.8,3.0,,,,,,
2001-11-14,12.2,,16.5,0.0,,,,,,
2001-11-15,12.3,8.0,14.8,21.1,,,,,,
2001-11-16,13.4,,16.0,0.0,,,,,,
2001-11-18,14.8,12.5,17.0,,,,,,,
2001-11-19,15.3,13.8,16.4,,,,,,,
2001-11-21,14.2,,16.6,0.8,,,,,,
2001-11-22,16.3,14.5,18.0,0.8,,,,,,
2001-11-23,17.6,,18.5,0.0,,,,,,
2001-11-24,16.4,,17.0,,,,,,,
2001-11-26,15.1,12.1,16.6,,,,,,,
2001-11-28,14.6,12.8,18.2,,,,,,,
2001-12-01,14.4,10.1,18.2,,,,,,,
2001-12-03,14.3,10.8,16.5,,,,,,,
2001-12-04,12.8,10.0,16.2,,,,,,,
2001-12-05,13.3,,17.8,,,,,,,
2001-12-06,15.7,13.2,19.5,,,,,,,
2001-12-07,14.7,11.7,17.5,,,,,,,
2001-12-08,14.5,11.8,16.3,,,,,,,
2001-12-09,14.1,11.3,16.3,,,,,,,
2001-12-10,13.0,10.0,16.2,,,,,,,
2001-12-11,13.4,10.4,15.0,,,,,,,
2001-12-12,13.1,,14.3,,,,,,,
2001-12-13,13.8,11.0,16.2,,,,,,,
2001-12-14,17.2,12.0,19.9,,,,,,,
2001-12-17,12.4,9.3,15.2,,,,,,,
2001-12-18,12.7,10.2,14.3,0.5,,,,,,
2001-12-19,11.7,10.0,13.2,,,,,,,
2001-12-20,12.7,11.8,13.6,,,,,,,
2001-12-21,11.8,1.0,14.2,,,,,,,
2001-12-22,12.9,10.0,14.8,,,,,,,
2001-12-23,18.6,11.8,22.8,,,,,,,
2001-12-25,11.9,,13.5,,,,,,,
2001-12-26,13.6,9.0,17.0,,,,,,,
2001-12-27,13.4,10.3,15.0,,,,,,,
2001-12-28,12.2,8.5,16.6,,,,,,,
2001-12-29,12.2,7.3,16.6,,,,,,,
2001-12-31,15.3,11.0,21.2,,,,,,,
2002-01-03,13.3,11.0,16.0,,,,,,,
2002-01-04,15.1,14.0,17.5,1.0,,,,,,
2002-01-05,14.4,11.3,16.2,0.0,,,,,,
2002-01-06,12.6,10.5,15.2,,,,,,,
2002-01-07,11.8,8.3,17.0,,,,,,,
2002-01-08,13.3,9.3,17.0,,,,,,,
2002-01-09,13.2,10.5,15.0,,,,,,,
2002-01-10,12.0,9.0,15.3,,,,,,,
2002-01-11,13.3,10.8,15.2,,,,,,,
2002-01-12,13.1,10.8,16.3,,,,,,,
2002-01-13,12.1,9.0,16.2,,,,,,,
2002-01-14,14.1,12.0,16.2,,,,,,,
2002-01-15,12.8,,16.3,,,,,,,
2002-01-16,13.3,11.4,14.6,,,,,,,
2002-01-17,11.9,7.2,17.2,,,,,,,
2002-01-18,12.1,8.3,15.5,,,,,,,
2002-01-19,11.6,8.0,25.8,,,,,,,
2002-01-20,12.4,9.2,16.4,,,,,,,
2002-01-21,13.4,9.8,15.7,,,,,,,
2002-01-23,16.4,,19.5,,,,,,,
2002-01-26,14.0,11.5,17.2,,,,,,,
2002-01-27,13.3,,17.8,,,,,,,
2002-01-28,13.6,,18.0,,,,,,,
2002-01-29,12.4,8.5,14.9,,,,,,,
2002-01-31,15.1,10.7,18.8,,,,,,,
2002-02-01,14.3,9.8,19.0,,,,,,,
2002-02-02,13.6,12.0,17.2,,,,,,,
2002-02-03,12.8,9.2,15.0,,,,,,,
2002-02-04,15.2,12.4,16.3,,,,,,,
2002-02-05,14.9,11.7,18.4,,,,,,,
2002-02-06,15.8,,17.0,,,,,,,
2002-02-07,15.3,14.5,16.7,,,,,,,
2002-02-08,13.3,10.0,15.5,,,,,,,
2002-02-09,12.8,9.2,16.3,,,,,,,
2002-02-10,13.8,9.0,16.2,,,,,,,
2002-02-11,14.9,11.0,19.9,,,,,,,
2002-02-12,15.7,14.0,20.0,,,,,,,
2002-02-13,14.3,12.0,15.6,,,,,,,
2002-02-14,12.8,10.0,15.2,,,,,,,
2002-02-15,14.4,12.5,15.2,,,,,,,
2002-02-16,12.9,10.3,14.7,,,,,,,
2002-02-17,14.2,12.0,15.0,,,,,,,
2002-02-18,13.6,,14.4,,,,,,,
2002-02-19,13.9,,14.8,2.0,,,,,,
2002-02-20,13.0,11.2,15.8,0.5,,,,,,
2002-02-21,15.3,,17.4,0.0,,,,,,
2002-02-22,14.6,11.8,16.0,,,,,,,
2002-02-24,14.4,9.8,17.1,,,,,,,
2002-02-25,16.3,,18.4,,,,,,,
2002-02-26,16.1,12.0,20.5,,,,,,,
2002-02-27,15.7,10.3,19.3,,,,,,,
2002-02-28,15.7,10.8,19.3,,,,,,,
2002-03-01,16.0,13.3,19.7,,,,,,,
2002-03-03,14.6,12.2,15.7,,,,,,,
2002-03-04,14.3,12.8,17.3,0.5,,,,,,
2002-03-05,14.7,12.0,17.0,0.0,,,,,,
2002-03-06,12.3,,13.5,3.0,,,,,,
2002-03-07,11.9,9.5,13.6,20.1,,,,,,
2002-03-09,14.6,11.2,16.2,32.0,,,,,,
2002-03-14,17.1,12.8,20.5,,,,,,,
2002-03-15,15.7,13.5,18.0,,,,,,,
2002-03-16,14.6,,17.5,,,,,,,
2002-03-17,15.9,12.8,18.0,,,,,,,
2002-03-18,18.7,,20.5,,,,,,,
2002-03-20,16.2,12.6,19.2,,,,,,,
2002-03-21,16.0,12.9,18.5,,,,,,,
2002-03-22,17.7,15.0,19.2,,,,,,,
2002-03-23,17.8,15.0,19.8,,,,,,,
2002-03-24,15.7,,17.5,,,,,,,
2002-03-25,15.8,13.4,17.8,,,,,,,
2002-03-26,16.1,,16.7,,,,,,,
2002-03-27,15.2,12.9,15.8,,,,,,,
2002-03-28,16.4,15.2,18.0,,,,,,,
2002-03-29,15.3,14.0,16.3,0.8,,,,,,
2002-03-30,15.3,13.8,17.5,0.0,,,,,,
2002-03-31,15.2,14.5,15.8,,,,,,,
2002-04-01,15.3,14.2,16.3,,,,,,,
2002-04-03,16.7,,19.8,0.5,,,,,,
2002-04-04,14.8,13.5,16.0,0.0,,,,,,
2002-04-05,17.0,13.3,19.5,4.1,,,,,,
2002-04-06,16.9,14.2,22.0,0.0,,,,,,
2002-04-07,14.7,11.3,17.5,2.0,,,,,,
2002-04-08,16.3,15.0,17.0,0.0,,,,,,
2002-04-10,15.8,15.0,17.2,0.0,,,,,,
2002-04-12,13.6,10.0,16.7,5.1,,,,,,
2002-04-13,17.3,,19.2,0.0,,,,,,
2002-04-14,16.3,13.8,18.6,9.9,,,,,,
2002-04-15,15.8,12.2,17.8,0.0,,,,,,
2002-04-18,16.2,13.3,18.0,,,,,,,
2002-04-19,16.0,14.6,16.8,,,,,,,
2002-04-21,17.7,14.0,20.5,,,,,,,
2002-04-22,16.2,14.2,17.1,,,,,,,
2002-04-23,16.7,13.8,18.2,,,,,,,
2002-04-27,21.6,17.8,28.5,,,,,,,
2002-04-28,18.8,17.8,21.7,,,,,,,
2002-04-29,19.9,,23.3,,,,,,,
2002-05-01,19.9,18.0,23.6,,,,,,,
2002-05-03,17.6,17.0,19.9,,,,,,,
2002-05-04,17.7,,18.6,,,,,,,
2002-05-05,17.3,13.0,21.9,,,,,,,
2002-05-08,18.1,14.4,20.5,14.0,,,,,,
2002-05-13,18.2,15.5,20.0,,,,,,,
2002-05-14,19.9,18.0,21.8,,,,,,,
2002-05-15,18.7,18.2,20.0,,,,,,,
2002-05-16,19.1,18.2,20.4,,,,,,,
2002-05-17,21.8,18.9,26.1,,,,,,,
2002-05-18,20.0,18.0,23.0,,,,,,,
2002-05-19,18.2,15.6,19.8,,,,,,,
2002-05-20,18.6,17.0,19.3,,,,,,,
2002-05-22,23.5,19.0,26.6,,,,,,,
2002-05-24,19.3,17.3,21.0,,,,,,,
2002-05-25,22.8,17.5,28.5,,,,,,,
2002-05-28,19.8,,20.6,,,,,,,
2002-05-29,19.8,,20.3,,,,,,,
2002-05-30,19.5,18.8,20.8,,,,,,,
2002-06-01,21.4,19.8,24.4,,,,,,,
2002-06-02,20.3,19.4,20.7,,,,,,,
2002-06-05,24.2,,26.0,,,,,,,
2002-06-06,21.3,18.2,23.5,,,,,,,
2002-06-07,21.4,19.8,23.8,,,,,,,
2002-06-08,21.3,,23.6,,,,,,,
2002-06-09,20.4,17.3,22.6,,,,,,,
2002-06-10,21.2,17.0,24.5,,,,,,,
2002-06-11,20.7,19.7,22.0,2.3,,,,,,
2002-06-12,20.2,19.2,21.0,0.0,,,,,,
2002-06-13,20.2,19.8,20.4,,,,,,,
2002-06-14,19.8,19.4,20.5,,,,,,,
2002-06-16,20.1,,21.3,,,,,,,
2002-06-17,20.9,,21.5,,,,,,,
2002-06-20,21.0,20.3,22.3,,,,,,,
2002-06-21,21.9,21.3,22.5,,,,,,,
2002-06-22,21.7,21.0,22.2,,,,,,,
2002-06-23,21.9,21.0,22.7,,,,,,,
2002-06-24,23.7,21.8,29.2,,,,,,,
2002-06-25,23.4,21.7,24.2,,,,,,,
2002-06-26,23.3,22.7,26.5,,,,,,,
2002-06-27,22.4,,23.5,,,,,,,
2002-06-28,24.2,22.4,26.3,,,,,,,
2002-06-29,23.0,22.3,24.0,,,,,,,
2002-06-30,22.7,,23.4,2.0,,,,,,
2002-07-01,22.1,21.4,23.0,0.0,,,,,,
2002-07-02,22.4,20.0,23.5,,,,,,,
2002-07-08,23.2,,24.2,,,,,,,
2002-07-12,24.0,22.6,25.2,,,,,,,
2002-07-13,24.3,22.4,25.3,,,,,,,
2002-07-14,23.4,22.5,24.6,,,,,,,
2002-07-17,22.9,21.7,24.4,,,,,,,
2002-07-26,25.5,23.0,28.4,,,,,,,
2002-07-28,24.2,23.0,26.0,,,,,,,
2002-08-01,23.9,22.0,25.2,,,,,,,
2002-08-02,25.3,24.5,26.0,,,,,,,
2002-08-04,25.9,24.5,28.5,,,,,,,
2002-08-07,25.8,,30.0,,,,,,,
2002-08-09,23.2,,28.0,,,,,,,
2002-08-10,30.0,,31.2,,,,,,,
2002-08-11,25.4,,26.3,,,,,,,
2002-08-12,26.3,,28.0,,,,,,,
2002-08-13,26.6,,27.3,,,,,,,
2002-08-14,25.3,25.0,26.1,,,,,,,
2002-08-15,25.2,24.0,26.1,,,,,,,
2002-08-16,24.2,23.0,26.0,,,,,,,
2002-08-17,27.3,22.5,37.0,,,,,,,
2002-08-18,25.3,24.5,26.0,,,,,,,
2002-08-19,25.2,,26.0,,,,,,,
2002-08-21,26.0,24.9,27.8,,,,,,,
2002-08-22,26.5,,28.0,,,,,,,
2002-08-23,25.3,24.6,26.0,,,,,,,
2002-08-24,24.6,22.0,25.7,11.9,,,,,,
2002-08-25,24.2,22.0,25.2,0.0,,,,,,
2002-08-26,24.1,21.6,26.9,,,,,,,
2002-08-27,23.8,20.5,26.3,,,,,,,
2002-08-28,23.9,22.0,26.4,,,,,,,
2002-08-29,24.4,22.5,25.7,,,,,,,
2002-08-30,25.1,24.3,27.2,,,,,,,
2002-09-01,24.3,22.5,25.4,,,,,,,
2002-09-02,25.6,22.8,29.0,,,,,,,
2002-09-04,24.5,,27.1,0.0,,,,,,
2002-09-07,23.2,20.2,25.5,,,,,,,
2002-09-10,23.9,,26.2,,,,,,,
2002-09-11,22.9,21.0,25.2,,,,,,,
2002-09-12,22.9,22.0,24.2,,,,,,,
2002-09-13,22.8,21.0,24.0,,,,,,,
2002-09-15,23.9,23.3,24.5,,,,,,,
2002-09-16,24.4,,26.3,,,,,,,
2002-09-17,23.9,,24.7,,,,,,,
2002-09-18,24.5,22.8,25.9,,,,,,,
2002-09-19,23.7,21.5,24.8,,,,,,,
2002-09-20,24.7,23.4,27.2,,,,,,,
2002-09-21,25.5,,27.0,,,,,,,
2002-09-22,24.3,21.7,26.8,,,,,,,
2002-09-23,24.7,22.5,25.8,,,,,,,
2002-09-25,22.8,21.0,25.2,,,,,,,
2002-09-26,21.5,20.0,22.5,,,,,,,
2002-09-27,21.7,20.0,22.3,,,,,,,
2002-09-28,22.5,19.8,26.2,,,,,,,
2002-09-29,23.3,20.8,27.0,,,,,,,
2002-09-30,22.1,20.5,25.2,,,,,,,
2002-10-01,21.6,20.8,23.6,,,,,,,
2002-10-02,22.0,21.4,23.2,,,,,,,
2002-10-03,21.9,21.3,23.2,,,,,,,
2002-10-04,21.4,20.2,22.2,,,,,,,
2002-10-05,20.5,20.0,21.2,,,,,,,
2002-10-06,20.7,,21.3,,,,,,,
2002-10-07,21.0,18.8,22.3,,,,,,,
2002-10-08,22.2,20.0,25.0,,,,,,,
2002-10-09,21.1,18.3,24.5,3.0,,,,,,
2002-10-10,18.3,,20.0,0.0,,,,,,
2002-10-11,20.4,18.6,22.3,,,,,,,
2002-10-12,21.8,18.3,24.3,,,,,,,
2002-10-13,21.2,18.5,23.8,,,,,,,
2002-10-14,20.5,18.5,24.2,,,,,,,
2002-10-15,20.1,16.8,21.6,,,,,,,
2002-10-16,21.4,18.5,23.2,,,,,,,
2002-10-17,21.6,20.0,23.2,,,,,,,
2002-10-18,19.8,18.0,22.0,,,,,,,
2002-10-19,20.4,19.9,21.2,,,,,,,
2002-10-20,20.8,19.4,22.6,0.0,,,,,,
2002-10-21,22.9,21.0,25.0,,,,,,,
2002-10-22,22.8,20.5,25.5,,,,,,,
2002-10-23,21.1,18.2,24.0,,,,,,,
2002-10-24,19.6,16.6,20.9,,,,,,,
2002-10-25,18.8,15.5,21.5,0.0,,,,,,
2002-10-27,18.6,16.2,20.2,,,,,,,
2002-10-28,18.9,17.0,20.5,,,,,,,
2002-10-29,18.3,16.5,20.2,,,,,,,
2002-10-31,21.6,19.5,24.2,,,,,,,
2002-11-02,18.3,14.5,19.9,,,,,,,
2002-11-03,21.7,17.3,25.0,,,,,,,
2002-11-04,20.7,19.0,23.2,,,,,,,
2002-11-05,17.2,,19.6,0.0,,,,,,
2002-11-06,17.6,13.8,20.8,0.0,,,,,,
2002-11-07,18.7,17.0,25.0,,,,,,,
2002-11-08,17.3,12.4,21.9,0.0,,,,,,
2002-11-09,21.0,14.5,24.7,,,,,,,
2002-11-10,22.4,,25.0,,,,,,,
2002-11-11,22.8,17.0,28.2,,,,,,,
2002-11-12,18.9,15.2,21.3,,,,,,,
2002-11-13,19.3,17.0,21.2,,,,,,,
2002-11-14,22.1,17.0,25.2,,,,,,,
2002-11-15,15.4,,16.2,,,,,,,
2002-11-16,16.2,12.8,19.8,7.9,,,,,,
2002-11-17,14.6,,18.0,0.8,,,,,,
2002-11-18,15.8,14.0,17.4,8.9,,,,,,
2002-11-19,16.1,12.4,20.7,1.0,,,,,,
2002-11-20,15.1,13.3,18.7,3.0,,,,,,
2002-11-21,20.1,13.5,24.5,0.5,,,,,,
2002-11-23,20.4,15.8,23.7,,,,,,,
2002-11-24,17.4,,20.2,,,,,,,
2002-11-25,13.9,13.0,15.0,,,,,,,
2002-11-27,19.2,,23.0,,,,,,,
2002-11-28,20.7,18.0,24.8,0.0,,,,,,
2002-12-01,17.4,16.7,19.2,,,,,,,
2002-12-03,17.2,16.0,19.5,,,,,,,
2002-12-05,16.3,,18.0,,,,,,,
2002-12-07,13.0,9.0,17.0,,,,,,,
2002-12-08,14.1,11.5,16.5,,,,,,,
2002-12-10,16.2,,20.0,,,,,,,
2002-12-11,15.3,13.9,17.4,0.5,,,,,,
2002-12-12,14.7,13.0,16.2,0.0,,,,,,
2002-12-14,19.3,16.6,22.4,,,,,,,
2002-12-16,16.0,14.5,20.7,,,,,,,
2002-12-17,17.1,13.5,23.2,,,,,,,
2002-12-19,17.1,16.1,18.3,,,,,,,
2002-12-20,15.0,10.0,17.3,,,,,,,
2002-12-22,15.8,13.2,19.8,,,,,,,
2002-12-23,15.8,9.0,19.7,0.0,,,,,,
2002-12-24,20.2,16.1,22.4,,,,,,,
2002-12-25,18.6,15.0,22.2,,,,,,,
2002-12-26,17.4,13.6,19.8,,,,,,,
2002-12-27,16.3,,21.2,,,,,,,
2002-12-28,16.4,,18.0,,,,,,,
2002-12-29,15.2,,18.5,,,,,,,
2002-12-30,15.6,10.4,19.2,,,,,,,
2002-12-31,17.2,16.0,19.2,,,,,,,
2003-01-01,16.7,11.8,18.8,,,,,,,
2003-01-02,16.9,11.5,19.8,,,,,,,
2003-01-03,17.3,13.8,22.0,,,,,,,
2003-01-04,17.0,13.0,21.8,,,,,,,
2003-01-05,17.5,15.5,21.5,,,,,,,
2003-01-06,15.1,,16.5,0.5,,,,,,
2003-01-07,14.0,11.0,17.0,0.3,,,,,,
2003-01-17,13.4,10.4,15.0,13.0,,,,,,
2003-01-26,12.1,8.5,16.0,,,,,,,
2003-01-30,12.6,12.0,13.3,0.0,,,,,,
2003-01-31,11.2,,13.4,1.0,,,,,,
2003-02-01,8.8,,9.8,,,,,,,
2003-02-03,11.6,7.0,16.2,0.0,,,,,,
2003-02-04,17.3,11.2,20.8,,,,,,,
2003-02-06,13.8,12.5,15.2,,,,,,,
2003-02-07,13.2,10.0,16.0,,,,,,,
2003-02-09,12.8,11.7,14.0,5.1,,,,,,
2003-02-10,13.3,10.0,17.0,0.8,,,,,,
2003-02-13,12.0,,14.0,,,,,,,
2003-02-14,13.4,,15.0,,,,,,,
2003-02-15,10.9,10.2,11.9,,,,,,,
2003-02-17,11.5,10.3,13.5,2.0,,,,,,
2003-02-19,12.7,8.0,16.4,6.1,,,,,,
2003-02-21,13.7,10.6,16.2,7.9,,,,,,
2003-02-25,19.5,,21.0,,,,,,,
2003-02-26,15.4,11.5,19.7,4.1,,,,,,
2003-02-28,15.5,2.6,17.2,0.0,,,,,,
2003-03-01,15.4,12.0,22.0,,,,,,,
2003-03-02,16.3,13.0,20.0,,,,,,,
2003-03-03,18.6,15.0,22.0,,,,,,,
2003-03-04,17.0,15.0,19.0,,,,,,,
2003-03-05,17.9,,25.2,0.0,,,,,,
2003-03-06,15.9,,16.7,,,,,,,
2003-03-07,15.1,14.3,16.0,,,,,,,
2003-03-08,15.2,14.4,16.0,,,,,,,
2003-03-09,15.0,13.8,15.5,,,,,,,
2003-03-10,14.9,13.9,15.8,,,,,,,
2003-03-11,15.1,12.3,16.7,,,,,,,
2003-03-12,14.6,13.8,15.2,,,,,,,
2003-03-13,18.1,15.0,25.2,0.0,,,,,,
2003-03-14,15.1,14.5,15.7,,,,,,,
2003-03-15,15.0,13.3,16.0,,,,,,,
2003-03-16,15.0,14.0,16.3,,,,,,,
2003-03-17,12.9,12.0,14.6,0.0,,,,,,
2003-03-18,14.6,,15.2,,,,,,,
2003-03-19,14.0,,14.5,,,,,,,
2003-03-20,13.7,11.6,15.0,,,,,,,
2003-03-23,15.4,,16.4,,,,,,,
2003-03-24,14.3,12.5,15.4,,,,,,,
2003-03-25,14.7,12.5,15.5,0.0,,,,,,
2003-03-26,15.3,13.0,19.8,,,,,,,
2003-03-27,16.2,3.2,25.0,0.0,,,,,,
2003-03-28,18.8,15.9,21.3,3.0,,,,,,
2003-03-29,16.5,15.3,17.2,3.0,,,,,,
2003-03-31,16.3,15.2,19.0,,,,,,,
2003-04-01,15.3,13.5,17.0,,,,,,,
2003-04-02,16.1,11.5,20.8,,,,,,,
2003-04-03,14.8,,15.4,0.0,,,,,,
2003-04-04,13.2,9.5,14.8,,,,,,,
2003-04-05,13.5,11.5,14.7,,,,,,,
2003-04-06,14.1,11.0,15.5,,,,,,,
2003-04-08,15.4,15.0,15.8,,,,,,,
2003-04-09,15.3,,15.6,,,,,,,
2003-04-10,18.4,13.9,20.0,,,,,,,
2003-04-11,17.1,14.7,19.8,,,,,,,
2003-04-12,17.1,15.0,18.6,,,,,,,
2003-04-13,17.8,16.2,19.5,,,,,,,
2003-04-14,17.0,16.0,19.5,,,,,,,
2003-04-17,15.8,15.0,16.2,,,,,,,
2003-04-18,16.3,14.5,18.0,0.0,,,,,,
2003-04-19,17.0,14.8,19.0,10.9,,,,,,
2003-04-20,18.2,13.0,22.2,1.0,,,,,,
2003-04-23,17.6,14.0,20.2,,,,,,,
2003-04-24,18.4,15.3,20.0,,,,,,,
2003-04-25,17.3,15.4,18.5,,,,,,,
2003-04-26,20.7,16.5,25.2,,,,,,,
2003-04-27,20.1,,21.8,,,,,,,
2003-04-29,18.8,16.8,19.6,,,,,,,
2003-05-01,18.2,,19.7,,,,,,,
2003-05-03,17.9,17.8,18.8,,,,,,,
2003-05-04,17.6,17.0,18.3,0.0,,,,,,
2003-05-06,16.3,,18.4,3.0,,,,,,
2003-05-07,18.7,13.8,21.8,2.0,,,,,,
2003-05-09,16.3,,17.5,,,,,,,
2003-05-10,18.7,14.2,21.5,,,,,,,
2003-05-11,19.5,18.0,21.3,,,,,,,
2003-05-12,18.2,17.8,18.7,,,,,,,
2003-05-13,18.5,17.0,19.8,,,,,,,
2003-05-15,18.3,,20.5,,,,,,,
2003-05-16,18.4,17.7,18.7,,,,,,,
2003-05-17,19.2,,19.8,,,,,,,
2003-05-18,22.6,19.0,24.5,,,,,,,
2003-05-19,20.2,,22.4,,,,,,,
2003-05-20,20.0,18.1,21.4,,,,,,,
2003-05-21,19.5,19.0,20.8,,,,,,,
2003-05-25,19.3,,21.2,,,,,,,
2003-05-29,18.5,,20.2,,,,,,,
2003-05-31,20.4,19.8,21.0,,,,,,,
2003-06-01,21.8,19.8,23.8,5.1,,,,,,
2003-06-02,21.6,19.2,24.0,0.0,,,,,,
2003-06-03,21.1,19.8,22.4,,,,,,,
2003-06-04,21.3,20.5,23.2,,,,,,,
2003-06-07,21.3,21.0,22.8,,,,,,,
2003-06-08,21.7,20.8,22.0,,,,,,,
2003-06-11,22.5,,24.2,,,,,,,
2003-06-15,26.9,23.2,32.0,,,,,,,
2003-06-16,24.2,23.6,27.5,,,,,,,
2003-06-17,23.4,21.6,25.2,,,,,,,
2003-06-18,23.6,22.0,24.4,,,,,,,
2003-06-19,24.3,,25.5,,,,,,,
2003-06-20,22.6,22.2,23.3,,,,,,,
2003-06-21,22.0,,23.3,,,,,,,
2003-06-22,23.8,22.8,24.2,,,,,,,
2003-06-23,24.0,23.3,25.0,,,,,,,
2003-06-24,25.7,22.0,27.3,,,,,,,
2003-06-25,26.0,,28.0,,,,,,,
2003-06-26,27.7,25.5,29.5,0.0,,,,,,
2003-06-27,26.8,14.4,29.9,,,,,,,
2003-06-28,26.8,,33.3,,,,,,,
2003-06-30,26.9,23.0,29.0,,,,,,,
2003-07-01,26.0,24.2,29.1,0.0,,,,,,
2003-07-02,26.7,25.2,29.4,,,,,,,
2003-07-03,25.8,,29.0,,,,,,,
2003-07-04,23.5,22.2,24.4,,,,,,,
2003-07-05,24.1,23.6,24.7,,,,,,,
2003-07-06,24.0,,25.2,,,,,,,
2003-07-07,24.3,24.0,25.0,,,,,,,
2003-07-08,24.5,24.0,25.0,,,,,,,
2003-07-09,24.6,23.8,25.2,,,,,,,
2003-07-10,25.0,24.2,26.1,,,,,,,
2003-07-11,25.4,24.0,28.0,,,,,,,
2003-07-12,26.8,25.0,28.0,,,,,,,
2003-07-14,25.4,24.2,26.8,,,,,,,
2003-07-16,24.9,,25.7,,,,,,,
2003-07-17,25.8,25.2,27.0,,,,,,,
2003-07-19,25.8,24.5,30.0,,,,,,,
2003-07-20,25.3,25.0,27.0,,,,,,,
2003-07-21,26.4,25.6,28.0,,,,,,,
2003-07-23,28.0,26.0,29.8,,,,,,,
2003-07-24,27.3,,29.5,,,,,,,
2003-07-25,26.3,25.4,27.5,,,,,,,
2003-07-26,27.0,24.8,29.8,,,,,,,
2003-07-27,30.3,26.2,34.2,,,,,,,
2003-07-28,27.9,,31.0,,,,,,,
2003-07-30,27.9,25.0,32.0,,,,,,,
2003-07-31,26.4,25.5,27.2,,,,,,,
2003-08-02,26.4,25.0,28.0,,,,,,,
2003-08-04,25.4,24.2,26.2,,,,,,,
2003-08-05,26.1,25.0,27.0,,,,,,,
2003-08-06,26.0,25.5,26.8,,,,,,,
2003-08-07,25.8,25.5,26.7,,,,,,,
2003-08-08,26.6,,28.8,,,,,,,
2003-08-09,26.9,25.2,30.2,,,,,,,
2003-08-10,26.5,25.8,27.3,,,,,,,
2003-08-11,26.3,25.0,27.2,,,,,,,
2003-08-12,26.5,25.0,27.7,,,,,,,
2003-08-13,27.2,,27.8,,,,,,,
2003-08-14,26.5,25.8,28.2,,,,,,,
2003-08-15,28.1,25.4,29.8,,,,,,,
2003-08-16,30.2,,32.3,,,,,,,
2003-08-17,26.9,,28.2,,,,,,,
2003-08-18,26.5,24.6,28.4,,,,,,,
2003-08-24,27.4,,27.8,,,,,,,
2003-08-25,27.2,24.5,29.2,,,,,,,
2003-08-26,26.0,23.5,28.5,,,,,,,
2003-08-28,27.0,25.0,29.0,,,,,,,
2003-08-29,25.6,,27.0,,,,,,,
2003-08-30,25.2,23.5,27.2,,,,,,,
2003-09-01,27.4,,30.0,,,,,,,
2003-09-02,24.8,23.5,25.7,,,,,,,
2003-09-03,23.7,22.2,25.3,,,,,,,
2003-09-05,27.2,,29.5,,,,,,,
2003-09-07,25.6,25.3,26.2,,,,,,,
2003-09-08,28.4,,30.6,,,,,,,
2003-09-11,24.4,22.8,26.2,,,,,,,
2003-09-13,24.5,22.5,26.0,,,,,,,
2003-09-14,22.9,20.2,24.1,,,,,,,
2003-09-15,23.0,22.4,23.8,,,,,,,
2003-09-21,22.5,22.0,23.3,,,,,,,
2003-09-22,23.3,21.5,24.9,,,,,,,
2003-09-23,22.6,21.5,24.8,,,,,,,
2003-09-24,22.7,22.0,24.0,,,,,,,
2003-09-25,23.1,21.5,26.0,,,,,,,
2003-09-26,23.3,,25.8,,,,,,,
2003-09-27,23.7,21.5,28.0,,,,,,,
2003-09-28,23.6,21.5,26.4,,,,,,,
2003-09-29,24.5,23.2,27.2,,,,,,,
2003-09-30,23.2,22.0,25.0,,,,,,,
2003-10-01,23.8,22.5,25.6,,,,,,,
2003-10-02,24.2,22.6,26.2,,,,,,,
2003-10-03,23.3,22.2,25.0,,,,,,,
2003-10-04,22.8,21.8,23.2,,,,,,,
2003-10-05,22.2,21.5,22.8,,,,,,,
2003-10-06,22.7,,24.0,,,,,,,
2003-10-07,22.2,,23.0,,,,,,,
2003-10-09,21.4,19.2,22.8,,,,,,,
2003-10-10,21.8,,22.3,,,,,,,
2003-10-11,21.2,19.0,23.0,,,,,,,
2003-10-12,22.4,21.2,23.6,,,,,,,
2003-10-13,21.7,20.0,22.8,,,,,,,
2003-10-14,22.3,,24.0,,,,,,,
2003-10-15,21.3,18.6,22.8,,,,,,,
2003-10-16,20.6,18.2,21.8,,,,,,,
2003-10-17,19.0,18.0,20.3,5.1,,,,,,
2003-10-18,20.6,17.5,23.2,8.9,,,,,,
2003-10-20,21.9,19.8,23.5,,,,,,,
2003-10-21,20.7,18.8,24.2,,,,,,,
2003-10-22,21.4,19.5,23.0,3.0,,,,,,
2003-10-23,20.2,19.7,21.2,0.5,,,,,,
2003-10-24,19.2,18.2,21.2,0.0,,,,,,
2003-10-25,18.5,14.4,22.4,4.1,,,,,,
2003-10-26,21.1,19.3,23.8,1.0,,,,,,
2003-10-27,20.3,17.0,25.3,0.0,,,,,,
2003-10-28,21.7,,25.5,,,,,,,
2003-10-29,21.7,18.3,24.0,,,,,,,
2003-10-30,19.7,,21.0,,,,,,,
2003-10-31,20.0,16.0,25.5,,,,,,,
2003-11-01,17.9,16.0,19.6,2.0,,,,,,
2003-11-02,18.1,13.5,21.0,0.0,,,,,,
2003-11-03,17.2,13.7,20.2,,,,,,,
2003-11-07,18.1,16.5,20.8,,,,,,,
2003-11-08,19.7,,21.6,,,,,,,
2003-11-09,20.0,16.0,23.5,,,,,,,
2003-11-11,18.1,16.9,19.4,2.0,,,,,,
2003-11-13,17.2,13.5,20.0,,,,,,,
2003-11-19,17.7,15.2,20.8,0.0,,,,,,
2003-11-20,16.3,14.0,18.5,,,,,,,
2003-11-21,17.9,15.2,20.2,19.1,,,,,,
2003-11-22,20.4,15.3,23.8,0.0,,,,,,
2003-11-27,16.7,12.2,19.7,,,,,,,
2003-11-30,14.9,11.8,18.6,,,,,,,
2003-12-01,15.2,,17.8,0.0,,,,,,
2003-12-02,11.4,10.8,13.0,6.1,,,,,,
2003-12-03,11.0,,12.8,0.0,,,,,,
2003-12-04,14.0,,16.2,13.0,,,,,,
2003-12-06,16.0,12.0,20.0,0.0,,,,,,
2003-12-07,17.7,15.1,19.5,0.0,,,,,,
2003-12-08,16.2,14.6,18.0,,,,,,,
2003-12-09,14.9,14.4,16.2,5.1,,,,,,
2003-12-10,12.9,12.0,15.0,24.9,,,,,,
2003-12-11,14.3,13.8,14.9,6.1,,,,,,
2003-12-12,15.3,11.8,16.3,0.0,,,,,,
2003-12-14,14.8,12.0,17.2,,,,,,,
2003-12-15,16.2,14.0,18.6,0.0,,,,,,
2003-12-16,15.0,12.8,17.0,0.0,,,,,,
2003-12-17,15.6,13.4,19.2,0.0,,,,,,
2003-12-18,14.5,11.0,18.0,0.0,,,,,,
2003-12-19,15.1,13.2,16.6,0.0,,,,,,
2003-12-20,16.8,12.5,20.1,0.0,,,,,,
2003-12-21,14.5,12.2,17.0,0.0,,,,,,
2003-12-22,15.9,13.7,17.8,0.0,,,,,,
2003-12-23,12.5,,14.3,0.0,,,,,,
2003-12-26,12.4,8.5,15.8,0.0,,,,,,
2003-12-27,15.8,10.2,19.5,0.0,,,,,,
2003-12-28,16.6,,18.2,0.0,,,,,,
2003-12-29,14.2,11.8,16.2,0.0,,,,,,
2003-12-30,15.3,13.5,17.0,0.0,,,,,,
2004-01-03,14.2,,15.2,0.0,,,,,,
2004-01-04,11.8,8.0,16.2,0.0,,,,,,
2004-01-05,13.4,8.5,17.2,0.0,,,,,,
2004-01-06,12.3,,17.0,0.0,,,,,,
2004-01-07,12.4,8.0,15.7,0.0,,,,,,
2004-01-08,17.8,11.2,21.2,0.0,,,,,,
2004-01-09,17.3,12.8,21.1,0.0,,,,,,
2004-01-10,16.6,13.4,19.2,0.0,,,,,,
2004-01-11,15.3,11.8,19.0,0.0,,,,,,
2004-01-12,14.1,13.0,18.5,0.0,,,,,,
2004-01-13,14.6,11.4,18.1,0.0,,,,,,
2004-01-14,15.9,,18.0,,,,,,,
2004-01-15,13.8,11.8,18.6,0.0,,,,,,
2004-01-16,14.9,13.5,18.0,0.0,,,,,,
2004-01-17,14.9,11.0,20.0,0.0,,,,,,
2004-01-19,10.6,,12.2,1.0,,,,,,
2004-01-23,14.6,9.8,18.0,0.0,,,,,,
2004-01-24,14.9,11.8,18.2,0.0,,,,,,
2004-01-25,15.4,12.8,17.2,0.0,,,,,,
2004-01-26,16.3,12.8,19.7,0.0,,,,,,
2004-01-27,16.9,14.0,19.2,0.0,,,,,,
2004-01-28,14.4,,18.2,0.0,,,,,,
2004-01-29,13.9,10.0,16.2,11.9,,,,,,
2004-02-02,15.5,,19.0,0.0,,,,,,
2004-02-03,14.9,12.2,19.0,0.0,,,,,,
2004-02-04,15.1,14.0,15.7,0.0,,,,,,
2004-02-05,14.8,14.0,15.8,0.0,,,,,,
2004-02-06,14.2,,15.0,0.0,,,,,,
2004-02-07,13.5,,16.7,,,,,,,
2004-02-08,14.7,14.0,15.2,0.0,,,,,,
2004-02-09,14.6,14.0,16.2,0.0,,,,,,
2004-02-10,14.6,12.0,16.2,0.0,,,,,,
2004-02-11,14.2,,15.0,,,,,,,
2004-02-15,14.4,12.0,16.0,7.1,,,,,,
2004-02-16,16.3,,18.0,0.0,,,,,,
2004-02-17,13.9,11.5,15.2,0.0,,,,,,
2004-02-19,14.4,12.0,15.2,0.0,,,,,,
2004-02-20,16.7,14.0,21.2,0.0,,,,,,
2004-02-21,19.7,15.0,25.2,0.8,,,,,,
2004-02-22,15.4,12.0,18.0,0.0,,,,,,
2004-02-24,15.2,14.0,16.5,0.0,,,,,,
2004-02-25,16.7,14.8,20.8,0.0,,,,,,
2004-02-26,15.7,13.0,18.5,0.0,,,,,,
2004-02-28,12.9,,14.2,0.0,,,,,,
2004-02-29,12.1,8.9,15.0,0.5,,,,,,
2004-03-01,10.8,,12.4,0.0,,,,,,
2004-03-02,7.0,5.0,8.0,2.0,,,,,,
2004-03-07,15.7,,17.0,0.0,,,,,,
2007-09-22,22.7,21.8,23.4,7.1,,,,,,
2007-09-23,22.1,20.0,22.9,0.0,,,,,,
2007-09-24,22.4,20.5,23.2,0.0,,,,,,
2007-09-25,22.6,20.5,25.5,0.0,,,,,,
2007-09-26,22.5,20.2,25.2,0.0,,,,,,
2007-09-27,22.8,21.0,24.8,0.0,,,,,,
2007-09-28,22.7,20.2,24.6,0.0,,,,,,
2007-09-29,22.4,20.4,23.3,1.0,,,,,,
2007-09-30,22.9,19.4,26.0,0.0,,,,,,
2007-10-01,23.2,20.5,24.1,0.0,,,,,,
2007-10-02,23.5,23.2,24.2,0.0,,,,,,
2007-10-03,21.6,,22.6,0.0,,,,,,
2007-10-04,21.4,18.5,23.4,19.1,,,,,,
2007-10-05,21.4,18.8,22.8,0.0,,,,,,
2007-10-06,21.8,17.5,23.5,0.0,,,,,,
2007-10-07,21.8,17.5,23.5,0.0,,,,,,
2007-10-08,21.7,18.8,24.6,0.0,,,,,,
2007-10-09,22.3,20.5,23.7,0.0,,,,,,
2007-10-10,22.1,21.2,22.8,0.0,,,,,,
2007-10-11,21.2,18.6,22.6,0.0,,,,,,
2007-10-12,19.8,18.1,20.5,0.0,,,,,,
2007-10-13,20.4,17.2,21.9,0.0,,,,,,
2007-10-14,21.3,17.3,23.9,0.0,,,,,,
2007-10-15,21.1,19.5,22.1,0.0,,,,,,
2007-10-16,21.4,,25.0,2.0,,,,,,
2007-10-17,20.7,20.0,21.3,,,,,,,
2007-10-18,20.4,18.3,21.3,0.0,,,,,,
2007-10-19,20.8,17.6,22.0,0.5,,,,,,
2007-10-20,20.2,18.8,21.6,0.0,,,,,,
2007-10-21,19.4,18.0,21.0,0.0,,,,,,
2007-10-22,20.0,15.6,22.6,0.0,,,,,,
2007-10-23,21.9,17.9,25.3,0.0,,,,,,
2007-10-24,20.9,18.0,24.0,0.0,,,,,,
2007-10-25,19.0,,20.0,1.0,,,,,,
2007-10-26,18.2,15.1,21.8,0.0,,,,,,
2007-10-27,18.9,15.5,20.5,0.0,,,,,,
2007-10-28,19.6,17.5,21.0,0.0,,,,,,
2007-10-29,17.3,16.5,19.2,37.1,,,,,,
2007-10-30,18.8,15.5,22.0,11.9,,,,,,
2007-10-31,16.3,,17.7,17.0,,,,,,
2007-11-01,17.1,14.5,19.0,0.0,,,,,,
2007-11-02,18.1,15.5,20.2,0.0,,,,,,
2007-11-03,17.6,13.4,19.9,0.0,,,,,,
2007-11-04,17.7,15.2,19.2,0.0,,,,,,
2007-11-05,17.8,14.8,19.8,0.0,,,,,,
2007-11-06,18.2,16.2,20.3,0.0,,,,,,
2007-11-07,18.2,15.6,19.2,0.0,,,,,,
2007-11-08,16.3,13.0,18.5,0.0,,,,,,
2007-11-09,16.2,12.0,18.2,0.0,,,,,,
2007-11-10,17.2,15.0,19.3,0.0,,,,,,
2007-11-11,16.8,14.5,19.2,0.0,,,,,,
2007-11-12,15.4,11.6,17.6,0.0,,,,,,
2007-11-13,17.0,14.8,19.1,0.0,,,,,,
2007-11-14,16.9,14.0,18.8,0.0,,,,,,
2007-11-15,16.7,14.5,18.2,0.0,,,,,,
2007-11-16,14.6,12.0,17.2,0.0,,,,,,
2007-11-17,13.6,9.3,17.7,0.0,,,,,,
2007-11-18,15.0,11.0,19.4,0.0,,,,,,
2007-11-19,17.9,12.5,21.6,0.0,,,,,,
2007-11-20,24.7,17.0,26.5,0.0,,,,,,
2007-11-21,20.7,18.0,24.8,0.0,,,,,,
2007-11-24,15.7,13.0,17.5,2.0,,,,,,
2007-11-25,14.9,,16.3,2.0,,,,,,
2007-11-26,13.5,,15.2,10.9,,,,,,
2007-11-27,14.3,12.5,15.6,58.9,,,,,,
2007-11-28,13.2,11.0,15.8,31.0,,,,,,
2007-11-29,15.5,12.0,17.4,37.1,,,,,,
2007-11-30,14.8,11.2,18.6,0.0,,,,,,
2007-12-01,14.6,10.8,17.5,0.0,,,,,,
2007-12-02,15.5,13.0,18.0,0.0,,,,,,
2007-12-03,15.6,12.5,18.8,0.0,,,,,,
2007-12-04,16.0,13.0,18.8,0.0,,,,,,
2007-12-05,14.1,,16.6,0.0,,,,,,
2007-12-06,15.0,10.0,17.8,0.0,,,,,,
2007-12-07,15.8,11.5,19.6,0.0,,,,,,
2007-12-08,16.7,12.5,20.3,0.0,,,,,,
2007-12-09,17.9,13.0,22.0,0.0,,,,,,
2007-12-10,17.3,,18.7,0.0,,,,,,
2007-12-11,14.3,11.0,16.3,50.0,,,,,,
2007-12-12,12.6,8.2,16.1,0.0,,,,,,
2007-12-13,13.3,,15.3,0.0,,,,,,
2007-12-14,12.6,10.0,15.2,0.0,,,,,,
2007-12-15,11.1,,14.2,0.0,,,,,,
2007-12-16,11.0,8.0,13.4,0.0,,,,,,
2007-12-19,16.4,11.7,21.2,0.0,,,,,,
2007-12-20,17.1,,21.0,0.0,,,,,,
2007-12-21,16.9,16.0,19.2,0.0,,,,,,
2007-12-22,16.2,,17.3,0.0,,,,,,
2007-12-23,15.3,13.8,16.8,0.0,,,,,,
2007-12-24,14.1,,15.4,10.9,,,,,,
2007-12-25,14.6,13.0,15.2,15.0,,,,,,
2007-12-26,13.6,,16.6,0.0,,,,,,
2007-12-27,13.2,10.6,16.0,0.0,,,,,,
2007-12-28,12.8,11.6,17.2,0.0,,,,,,
2007-12-29,12.4,10.2,14.2,0.0,,,,,,
2007-12-30,12.6,9.0,14.5,0.0,,,,,,
2007-12-31,11.7,7.0,16.1,0.0,,,,,,
2008-01-01,11.7,8.6,16.3,0.0,,,,,,
2008-01-02,14.4,9.0,18.4,0.0,,,,,,
2008-01-03,15.6,,20.0,0.0,,,,,,
2008-01-04,10.9,,12.1,4.1,,,,,,
2008-01-05,14.5,10.8,16.4,5.1,,,,,,
2008-01-06,14.7,11.0,17.0,0.0,,,,,,
2008-01-07,14.1,11.0,16.2,0.0,,,,,,
2008-01-08,14.5,12.2,17.5,0.0,,,,,,
2008-01-09,15.3,,16.2,0.0,,,,,,
2008-01-10,14.6,,16.0,0.0,,,,,,
2008-01-11,13.3,,16.4,0.0,,,,,,
2008-01-13,12.8,9.8,15.3,1.0,,,,,,
2008-01-14,16.3,13.2,20.6,0.0,,,,,,
2008-01-15,15.1,13.0,18.2,0.0,,,,,,
2008-01-16,16.1,12.0,19.3,0.0,,,,,,
2008-01-17,16.4,13.5,18.9,0.0,,,,,,
2008-01-18,14.3,,17.0,0.0,,,,,,
2008-01-19,15.3,13.2,17.4,0.0,,,,,,
2008-01-20,16.5,14.3,19.0,0.0,,,,,,
2008-01-21,13.5,9.8,15.4,0.0,,,,,,
2008-01-22,13.5,,16.0,0.0,,,,,,
2008-01-23,11.9,,15.2,0.0,,,,,,
2008-01-24,13.6,10.8,15.2,0.0,,,,,,
2008-01-25,12.9,9.5,15.0,0.0,,,,,,
2008-01-26,12.4,10.0,14.3,0.0,,,,,,
2008-01-27,13.2,10.6,15.0,0.0,,,,,,
2008-01-28,13.4,,15.5,0.0,,,,,,
2008-01-29,12.9,8.5,15.7,0.0,,,,,,
2008-01-30,13.2,10.0,15.6,0.0,,,,,,
2008-01-31,12.4,9.0,14.8,0.0,,,,,,
2008-02-01,12.3,9.0,15.0,0.0,,,,,,
2008-02-02,14.3,12.5,15.3,0.0,,,,,,
2008-02-03,13.0,9.0,15.5,0.0,,,,,,
2008-02-04,17.1,13.0,20.6,0.0,,,,,,
2008-02-05,14.6,12.0,17.3,0.0,,,,,,
2008-02-06,14.7,11.1,17.0,0.0,,,,,,
2008-02-07,14.1,12.5,15.2,0.0,,,,,,
2008-02-08,14.4,12.8,16.2,0.0,,,,,,
2008-02-09,13.8,11.5,15.8,0.0,,,,,,
2008-02-10,13.4,11.0,15.2,0.0,,,,,,
2008-02-11,12.6,10.0,14.9,0.0,,,,,,
2008-02-12,13.4,11.8,14.6,0.0,,,,,,
2008-02-13,13.4,10.8,16.0,0.0,,,,,,
2008-02-14,17.5,13.0,21.0,0.0,,,,,,
2008-02-15,14.4,,15.2,4.1,,,,,,
2008-02-16,14.7,14.3,15.6,0.5,,,,,,
2008-02-17,15.2,11.5,19.2,0.0,,,,,,
2008-02-18,15.9,15.2,18.4,0.0,,,,,,
2008-02-19,17.4,14.7,21.0,4.1,,,,,,
2008-02-20,16.2,14.5,17.2,0.0,,,,,,
2008-02-21,15.1,14.0,16.2,0.0,,,,,,
2008-02-22,15.6,,16.4,0.0,,,,,,
2008-02-23,15.7,15.2,16.2,0.0,,,,,,
2008-02-24,18.3,15.0,22.5,4.1,,,,,,
2008-02-25,17.1,16.0,18.2,0.0,,,,,,
2008-02-26,15.2,12.8,16.3,0.0,,,,,,
2008-02-27,15.6,15.3,17.4,0.0,,,,,,
2008-02-28,14.6,12.7,16.6,0.0,,,,,,
2008-02-29,16.3,14.4,17.6,0.0,,,,,,
2008-03-01,14.9,12.5,18.0,0.0,,,,,,
2008-03-02,16.2,12.0,19.2,0.0,,,,,,
2008-03-03,17.1,14.5,20.6,0.0,,,,,,
2008-03-04,15.2,13.5,16.7,0.0,,,,,,
2008-03-05,11.1,10.4,12.2,0.0,,,,,,
2008-03-06,9.5,,10.6,3.0,,,,,,
2008-03-07,12.5,5.2,16.5,0.0,,,,,,
2008-03-08,16.6,13.0,18.8,0.0,,,,,,
2008-03-09,15.9,11.6,18.7,0.0,,,,,,
2008-03-10,16.2,13.5,18.6,0.0,,,,,,
2008-03-11,18.2,15.0,20.0,0.0,,,,,,
2008-03-12,17.1,13.9,20.5,0.0,,,,,,
2008-03-13,17.7,15.1,22.3,0.0,,,,,,
2008-03-14,14.9,14.2,15.5,0.0,,,,,,
2008-03-15,16.9,14.0,21.5,0.0,,,,,,
2008-03-16,18.3,15.0,21.0,0.0,,,,,,
2008-03-17,16.3,12.2,20.2,0.0,,,,,,
2008-03-18,17.7,15.5,19.5,0.0,,,,,,
2008-03-19,15.2,13.0,18.5,0.0,,,,,,
2008-03-20,15.8,14.5,17.4,0.0,,,,,,
2008-03-21,13.9,12.0,15.0,0.0,,,,,,
2008-03-22,16.9,10.5,19.9,0.0,,,,,,
2008-03-23,12.2,,14.1,2.0,,,,,,
2008-03-24,14.7,10.2,16.0,6.1,,,,,,
2008-03-25,15.1,9.0,18.0,0.0,,,,,,
2008-03-26,17.4,8.0,20.1,0.0,,,,,,
2008-03-27,17.2,15.0,18.9,0.0,,,,,,
2008-03-28,17.0,15.0,19.1,0.0,,,,,,
2008-03-29,17.7,14.9,19.8,0.0,,,,,,
2008-03-30,17.6,13.3,20.0,0.0,,,,,,
2008-03-31,16.9,15.9,18.1,0.0,,,,,,
2008-04-01,16.4,14.9,17.3,0.0,,,,,,
2008-04-02,15.1,12.0,16.4,0.0,,,,,,
2008-04-03,16.9,14.0,19.0,0.0,,,,,,
2008-04-04,15.9,14.0,17.2,0.0,,,,,,
2008-04-05,16.4,14.2,18.0,0.0,,,,,,
2008-04-06,18.4,13.8,22.0,0.0,,,,,,
2008-04-07,19.8,16.5,21.3,0.0,,,,,,
2008-04-08,19.0,18.0,21.6,1.0,,,,,,
2008-04-09,21.2,18.0,26.9,0.0,,,,,,
2008-04-10,21.1,18.2,27.4,0.0,,,,,,
2008-04-11,17.2,15.5,18.4,1.0,,,,,,
2008-04-12,16.1,15.0,17.2,0.0,,,,,,
2008-04-13,16.9,12.9,18.5,0.0,,,,,,
2008-04-14,16.3,11.0,20.5,0.0,,,,,,
2008-04-15,16.3,14.8,18.3,0.0,,,,,,
2008-04-16,15.8,15.0,17.0,0.0,,,,,,
2008-04-17,20.0,15.1,25.4,0.0,,,,,,
2008-04-18,19.3,14.9,25.2,0.0,,,,,,
2008-04-19,17.6,14.5,21.8,0.0,,,,,,
2008-04-20,17.1,,19.2,0.0,,,,,,
2008-04-21,18.1,14.0,19.9,0.0,,,,,,
2008-04-22,18.3,14.5,21.0,0.0,,,,,,
2008-04-23,17.6,15.0,19.4,0.0,,,,,,
2008-04-24,19.1,15.8,20.5,0.0,,,,,,
2008-04-27,17.7,17.0,18.2,0.0,,,,,,
2008-04-28,16.3,13.2,17.8,0.0,,,,,,
2008-04-29,19.2,17.5,21.1,0.0,,,,,,
2008-04-30,19.6,17.0,21.1,0.0,,,,,,
2008-05-01,17.9,16.0,19.9,0.0,,,,,,
2008-05-02,20.1,,21.2,0.0,,,,,,
2008-05-03,17.7,17.0,18.4,0.5,,,,,,
2008-05-04,17.8,17.2,18.4,0.0,,,,,,
2008-05-05,18.4,18.0,19.2,0.0,,,,,,
2008-05-06,17.9,16.8,18.6,0.0,,,,,,
2008-05-07,18.9,18.0,20.0,0.0,,,,,,
2008-05-08,18.5,,19.0,3.0,,,,,,
2008-05-09,18.5,18.0,20.0,0.0,,,,,,
2008-05-10,18.3,14.5,20.2,0.5,,,,,,
2008-05-11,18.5,16.8,20.1,0.0,,,,,,
2008-05-12,18.1,16.4,20.1,6.1,,,,,,
2008-05-13,18.3,16.0,20.6,0.0,,,,,,
2008-05-15,18.9,17.8,19.5,1.0,,,,,,
2008-05-16,19.3,18.0,20.0,0.0,,,,,,
2008-05-17,20.6,16.8,22.3,0.0,,,,,,
2008-05-18,19.7,18.0,21.0,0.0,,,,,,
2008-05-20,20.4,16.9,23.0,0.0,,,,,,
2008-05-21,19.3,,21.0,0.0,,,,,,
2008-05-22,20.5,18.2,24.0,0.0,,,,,,
2008-05-23,20.8,18.8,22.4,,,,,,,
2008-05-24,21.4,20.0,23.3,0.0,,,,,,
2008-05-25,18.9,17.8,20.0,0.0,,,,,,
2008-05-26,19.6,18.8,20.2,0.0,,,,,,
2008-05-27,20.3,17.8,22.4,0.0,,,,,,
2008-05-28,19.9,16.0,21.7,0.0,,,,,,
2008-05-29,20.9,18.8,23.0,0.0,,,,,,
2008-05-30,19.6,18.5,21.2,0.0,,,,,,
2008-05-31,18.3,18.0,19.4,0.0,,,,,,
2008-06-01,20.3,16.5,22.0,0.0,,,,,,
2008-06-02,20.3,18.0,22.2,0.0,,,,,,
2008-06-03,19.3,18.5,21.2,0.0,,,,,,
2008-06-04,19.2,17.0,20.6,0.0,,,,,,
2008-06-05,21.3,18.5,23.4,0.0,,,,,,
2008-06-06,20.5,19.8,21.6,0.0,,,,,,
2008-06-07,19.8,19.0,20.4,0.0,,,,,,
2008-06-08,20.7,18.5,22.8,0.0,,,,,,
2008-06-09,20.0,19.2,21.0,0.0,,,,,,
2008-06-10,19.7,19.0,20.2,0.0,,,,,,
2008-06-11,20.3,,21.2,0.0,,,,,,
2008-06-13,21.9,20.0,23.5,0.0,,,,,,
2008-06-14,22.1,18.2,24.5,0.0,,,,,,
2008-06-17,22.9,,25.0,,,,,,,
2008-06-19,21.2,21.0,22.0,0.0,,,,,,
2008-06-20,21.4,20.5,22.4,0.0,,,,,,
2008-06-21,21.7,21.0,22.4,0.0,,,,,,
2008-06-22,22.1,21.5,23.0,0.0,,,,,,
2008-06-23,23.1,22.2,24.0,0.0,,,,,,
2008-06-24,23.4,22.0,24.4,0.0,,,,,,
2008-06-25,23.4,22.0,24.9,0.0,,,,,,
2008-06-26,23.9,22.0,26.0,0.0,,,,,,
2008-06-27,23.1,22.6,24.2,0.0,,,,,,
2008-06-28,23.9,23.0,25.2,0.0,,,,,,
2008-06-29,23.7,22.8,24.8,0.0,,,,,,
2008-06-30,23.2,22.6,23.8,0.0,,,,,,
2008-07-01,23.9,23.0,24.6,0.0,,,,,,
2008-07-02,25.3,21.8,29.0,0.0,,,,,,
2008-07-03,29.3,26.0,31.7,0.0,,,,,,
2008-07-04,24.5,23.0,26.2,0.0,,,,,,
2008-07-05,24.9,,25.2,0.0,,,,,,
2008-07-06,28.8,25.0,32.0,0.0,,,,,,
2008-07-07,26.2,24.8,28.6,0.0,,,,,,
2008-07-08,24.3,22.6,25.8,0.0,,,,,,
2008-07-09,25.2,24.8,25.6,0.0,,,,,,
2008-07-10,24.9,24.3,26.0,,,,,,,
2008-07-11,26.0,24.0,28.3,0.0,,,,,,
2008-07-12,27.8,23.4,30.2,0.0,,,,,,
2008-07-13,24.6,,25.5,0.0,,,,,,
2008-07-14,24.7,,25.7,0.0,,,,,,
2008-07-15,23.2,23.0,23.8,0.0,,,,,,
2008-07-16,23.1,22.2,24.4,0.5,,,,,,
2008-07-17,24.3,23.0,25.0,7.9,,,,,,
2008-07-18,23.3,22.6,24.2,0.0,,,,,,
2008-07-19,23.7,23.2,24.6,0.0,,,,,,
2008-07-20,24.4,23.0,25.2,0.0,,,,,,
2008-07-21,24.6,23.8,25.2,0.0,,,,,,
2008-07-22,24.4,23.8,25.0,0.0,,,,,,
2008-07-23,24.8,22.8,27.8,0.0,,,,,,
2008-07-24,25.0,,25.8,0.0,,,,,,
2008-07-25,27.6,25.5,30.3,0.0,,,,,,
2008-07-26,27.9,24.2,31.0,0.0,,,,,,
2008-07-28,25.6,24.0,27.3,0.0,,,,,,
2008-07-29,25.5,23.5,26.8,0.0,,,,,,
2008-07-30,25.6,24.4,26.1,0.0,,,,,,
2008-07-31,25.9,25.2,26.2,0.0,,,,,,
2008-08-02,25.6,24.5,26.2,0.0,,,,,,
2008-08-03,25.9,25.2,27.0,0.0,,,,,,
2008-08-04,25.5,24.2,26.4,0.0,,,,,,
2008-08-05,25.8,25.0,26.6,0.0,,,,,,
2008-08-06,24.9,24.0,26.2,0.0,,,,,,
2008-08-07,28.1,24.8,35.3,0.0,,,,,,
2008-08-08,27.0,,31.4,0.0,,,,,,
2008-08-09,25.3,23.5,26.3,0.0,,,,,,
2008-08-10,25.0,23.5,26.0,0.0,,,,,,
2008-08-11,25.3,24.0,26.2,0.0,,,,,,
2008-08-12,29.4,25.0,33.0,0.0,,,,,,
2008-08-13,27.3,,30.2,0.0,,,,,,
2008-08-14,26.3,25.0,28.3,0.0,,,,,,
2008-08-15,26.5,24.0,27.8,0.0,,,,,,
2008-08-16,24.9,23.5,27.2,0.0,,,,,,
2008-08-17,25.7,24.0,28.2,0.0,,,,,,
2008-08-18,25.8,25.0,27.0,0.0,,,,,,
2008-08-19,26.0,24.5,27.1,0.0,,,,,,
2008-08-20,26.1,23.0,28.1,0.0,,,,,,
2008-08-21,25.7,24.0,26.3,0.0,,,,,,
2008-08-22,25.5,24.5,26.3,0.0,,,,,,
2008-08-24,26.0,24.6,26.6,0.0,,,,,,
2008-08-25,23.3,,26.3,0.0,,,,,,
2008-08-26,25.7,25.0,26.3,0.0,,,,,,
2008-08-27,24.5,23.9,25.1,0.0,,,,,,
2008-08-28,23.7,22.4,24.5,0.0,,,,,,
2008-08-29,22.8,22.0,24.2,0.0,,,,,,
2008-08-30,24.3,23.8,25.2,0.0,,,,,,
2008-09-01,25.3,24.0,27.8,0.0,,,,,,
2008-09-02,24.3,22.0,25.2,0.0,,,,,,
2008-09-03,25.3,22.0,27.2,0.0,,,,,,
2008-09-04,31.1,25.8,35.4,0.0,,,,,,
2008-09-05,26.4,24.0,28.1,0.0,,,,,,
2008-09-07,23.8,23.0,25.2,0.0,,,,,,
2008-09-09,26.2,24.5,29.4,0.0,,,,,,
2008-09-10,24.7,24.0,27.0,0.0,,,,,,
2008-09-11,25.0,23.5,28.1,0.0,,,,,,
2008-09-12,25.6,23.0,28.0,0.0,,,,,,
2008-09-13,24.0,,24.8,0.0,,,,,,
2008-09-14,23.2,22.0,24.8,0.0,,,,,,
2008-09-15,23.3,21.0,25.3,0.0,,,,,,
2008-09-16,23.5,20.0,25.8,0.0,,,,,,
2008-09-17,23.8,23.0,25.1,0.0,,,,,,
2008-09-18,24.2,20.8,26.8,0.0,,,,,,
2008-09-19,24.4,23.3,25.9,0.0,,,,,,
2008-09-20,23.8,23.0,25.0,0.8,,,,,,
2008-09-21,24.3,23.0,25.5,0.0,,,,,,
2008-09-22,25.1,24.0,25.8,0.0,,,,,,
2008-09-24,24.1,21.9,25.9,0.0,,,,,,
2008-09-25,23.1,20.5,24.0,0.0,,,,,,
2008-09-26,21.7,,23.3,0.0,,,,,,
2008-09-28,22.3,19.4,24.0,1.0,,,,,,
2008-09-29,21.3,,23.2,0.0,,,,,,
2008-09-30,20.8,17.4,22.2,11.9,,,,,,
2008-10-01,21.3,20.0,22.4,2.0,,,,,,
2008-10-03,22.7,18.2,25.6,0.0,,,,,,
2008-10-04,21.0,17.0,22.8,0.0,,,,,,
2008-10-05,21.2,18.9,24.8,0.0,,,,,,
2008-10-06,21.3,20.0,22.0,0.0,,,,,,
2008-10-07,21.1,19.0,22.1,0.0,,,,,,
2008-10-08,21.9,18.9,23.5,0.0,,,,,,
2008-10-09,19.2,17.0,20.6,0.0,,,,,,
2008-10-10,24.6,20.0,27.1,0.0,,,,,,
2008-10-11,28.6,,31.1,0.0,,,,,,
2008-10-12,24.1,19.5,31.9,0.0,,,,,,
2008-10-13,23.7,18.1,27.0,0.0,,,,,,
2008-10-14,21.6,21.0,22.8,0.0,,,,,,
2008-10-15,21.1,20.8,22.4,4.1,,,,,,
2008-10-16,20.7,19.5,21.6,0.0,,,,,,
2008-10-17,21.8,18.0,24.9,0.0,,,,,,
2008-10-18,20.8,18.0,23.0,0.0,,,,,,
2008-10-19,20.9,19.0,22.2,0.5,,,,,,
2008-10-20,24.1,20.4,27.1,4.1,,,,,,
2008-10-21,20.8,19.5,22.0,0.0,,,,,,
2008-10-22,20.8,18.5,22.3,0.0,,,,,,
2008-10-23,21.7,20.0,24.1,0.0,,,,,,
2008-10-24,21.4,20.5,23.0,0.0,,,,,,
2008-10-25,20.1,19.0,20.8,5.1,,,,,,
2008-10-26,20.7,17.5,22.0,3.0,,,,,,
2008-10-27,20.4,,22.2,0.0,,,,,,
2008-10-28,20.1,,23.5,0.0,,,,,,
2008-10-29,15.8,14.0,18.0,7.1,,,,,,
2008-10-30,16.1,12.8,19.0,8.9,,,,,,
2008-10-31,18.6,13.8,22.8,0.0,,,,,,
2008-11-01,18.4,16.2,20.3,0.0,,,,,,
2008-11-03,16.8,14.0,18.5,0.0,,,,,,
2008-11-04,14.8,12.6,17.5,7.1,,,,,,
2008-11-05,15.9,14.0,16.8,7.1,,,,,,
2008-11-06,17.6,15.1,20.5,10.9,,,,,,
2008-11-07,16.7,14.2,19.4,0.0,,,,,,
2008-11-08,16.3,13.0,19.5,0.0,,,,,,
2008-11-09,16.6,12.0,19.0,0.0,,,,,,
2008-11-10,16.9,14.0,19.0,0.0,,,,,,
2008-11-11,16.6,13.0,18.8,0.0,,,,,,
2008-11-12,17.9,15.2,20.1,0.0,,,,,,
2008-11-13,16.4,,17.2,4.1,,,,,,
2008-11-14,14.3,11.5,16.5,0.0,,,,,,
2008-11-15,14.9,12.0,18.0,0.0,,,,,,
2008-11-16,15.8,13.0,18.8,0.0,,,,,,
2008-11-17,15.7,13.4,18.0,0.0,,,,,,
2008-11-18,14.5,10.2,18.8,0.0,,,,,,
2008-11-19,15.2,12.6,18.0,0.0,,,,,,
2008-11-20,15.3,11.0,20.0,0.0,,,,,,
2008-11-21,17.3,14.5,20.2,0.0,,,,,,
2008-11-22,15.8,13.0,18.6,0.0,,,,,,
2008-11-23,15.7,13.5,18.2,0.0,,,,,,
2008-11-25,14.2,,15.8,0.0,,,,,,
2008-11-26,11.6,8.0,13.3,6.1,,,,,,
2008-11-27,13.2,12.2,14.3,0.0,,,,,,
2008-11-28,12.9,10.0,15.2,14.0,,,,,,
2008-11-29,13.7,12.0,16.5,2.0,,,,,,
2008-11-30,12.8,10.6,14.4,2.0,,,,,,
2008-12-01,11.6,10.0,13.8,14.0,,,,,,
2008-12-02,9.9,7.8,13.2,21.1,,,,,,
2008-12-05,16.3,13.1,18.8,3.0,,,,,,
2008-12-06,17.1,14.2,20.6,0.0,,,,,,
2008-12-07,15.8,12.5,18.4,0.0,,,,,,
2008-12-08,16.2,14.2,19.0,0.0,,,,,,
2008-12-09,14.3,13.5,18.0,1.0,,,,,,
2008-12-10,11.1,,13.0,5.1,,,,,,
2008-12-11,13.2,9.0,14.7,11.9,,,,,,
2008-12-12,12.6,10.0,15.3,0.0,,,,,,
2008-12-13,12.0,10.0,14.2,17.0,,,,,,
2008-12-14,13.7,12.4,14.3,2.0,,,,,,
2008-12-15,7.3,,9.0,13.0,,,,,,
2008-12-16,9.7,7.0,12.0,8.9,,,,,,
2008-12-17,14.5,12.5,16.4,4.1,,,,,,
2008-12-18,14.8,14.0,17.4,0.0,,,,,,
2008-12-19,12.7,,15.8,0.0,,,,,,
2008-12-20,13.7,11.0,16.8,0.0,,,,,,
2008-12-21,14.2,,16.2,0.0,,,,,,
2008-12-22,13.7,,17.0,0.0,,,,,,
2008-12-23,12.3,9.4,17.5,0.0,,,,,,
2008-12-24,13.5,10.3,16.9,0.0,,,,,,
2008-12-25,12.8,10.5,15.0,0.0,,,,,,
2008-12-26,14.5,,16.6,,,,,,,
2008-12-27,13.6,10.3,16.2,0.0,,,,,,
2008-12-28,13.6,13.0,14.8,0.0,,,,,,
2008-12-29,14.2,12.1,16.3,7.9,,,,,,
2008-12-30,15.6,12.5,19.2,0.0,,,,,,
2008-12-31,15.6,12.8,18.4,0.0,,,,,,
2009-01-01,13.8,13.0,14.8,2.0,,,,,,
2009-01-02,15.3,13.2,18.8,5.1,,,,,,
2009-01-03,16.5,,18.2,0.5,,,,,,
2009-01-04,13.4,,14.8,4.1,,,,,,
2009-01-05,13.1,11.2,16.2,7.1,,,,,,
2009-01-06,12.4,,13.8,0.5,,,,,,
2009-01-07,10.3,10.0,11.5,7.9,,,,,,
2009-01-08,10.7,9.0,12.0,6.1,,,,,,
2009-01-09,9.8,,10.4,0.3,,,,,,
2009-01-10,10.3,7.5,14.5,4.1,,,,,,
2009-01-11,12.3,9.1,15.0,2.0,,,,,,
2009-01-13,14.1,12.5,16.0,0.0,,,,,,
2009-01-14,13.4,12.0,15.3,3.0,,,,,,
2009-01-15,13.8,10.0,18.0,0.0,,,,,,
2009-01-16,13.7,12.0,14.8,0.0,,,,,,
2009-01-17,11.7,,14.4,0.0,,,,,,
2009-01-18,12.8,10.0,14.8,0.0,,,,,,
2009-01-19,13.9,10.0,18.0,0.0,,,,,,
2009-01-20,14.3,,15.5,0.0,,,,,,
2009-01-21,11.3,,12.2,0.8,,,,,,
2009-01-22,14.3,12.0,16.0,0.0,,,,,,
2009-01-23,19.4,15.5,20.6,0.0,,,,,,
2009-01-24,17.3,,19.2,0.0,,,,,,
2009-01-25,15.6,13.5,17.8,0.0,,,,,,
2009-01-26,13.1,12.0,14.6,2.0,,,,,,
2009-01-27,14.2,12.6,16.0,2.0,,,,,,
2009-01-28,15.3,13.5,17.2,0.0,,,,,,
2009-01-29,14.6,12.0,16.6,0.0,,,,,,
2009-01-30,14.2,10.4,19.2,0.0,,,,,,
2009-01-31,14.6,12.5,16.3,0.0,,,,,,
2009-02-01,12.1,10.5,15.2,0.0,,,,,,
2009-02-02,15.5,12.5,19.7,1.0,,,,,,
2009-02-03,14.8,12.5,16.3,2.0,,,,,,
2009-02-04,15.7,13.8,18.0,1.0,,,,,,
2009-02-05,16.3,12.8,19.2,0.0,,,,,,
2009-02-06,13.0,,15.2,0.0,,,,,,
2009-02-07,12.5,9.8,15.9,7.9,,,,,,
2009-02-08,13.2,9.8,15.6,0.8,,,,,,
2009-02-09,15.2,12.5,20.0,0.0,,,,,,
2009-02-10,16.9,12.5,19.6,0.0,,,,,,
2009-02-11,14.8,,16.0,0.0,,,,,,
2009-02-12,12.8,10.5,15.0,0.0,,,,,,
2009-02-13,12.3,10.0,14.6,0.0,,,,,,
2009-02-14,13.0,11.2,14.6,0.0,,,,,,
2009-02-15,13.7,9.9,14.9,0.0,,,,,,
2009-02-16,11.8,9.4,13.3,0.0,,,,,,
2009-02-17,12.2,,12.6,0.0,,,,,,
2009-02-18,11.9,9.0,14.3,0.0,,,,,,
2009-02-19,13.0,9.0,15.4,0.0,,,,,,
2009-02-20,13.1,11.0,15.2,0.0,,,,,,
2009-02-21,12.3,,13.7,0.0,,,,,,
2009-02-22,12.1,9.5,13.7,0.0,,,,,,
2009-02-23,12.9,9.0,15.0,0.0,,,,,,
2009-02-24,12.7,9.3,15.1,0.0,,,,,,
2009-02-25,12.9,9.5,15.2,0.0,,,,,,
2009-02-26,14.1,10.5,17.3,0.0,,,,,,
2009-02-27,16.8,13.2,20.0,0.0,,,,,,
2009-02-28,16.2,14.2,22.5,0.3,,,,,,
2009-03-01,17.5,15.0,20.6,0.0,,,,,,
2009-03-03,15.5,13.6,18.2,0.0,,,,,,
2009-03-04,14.5,,16.6,0.0,,,,,,
2009-03-05,15.7,14.5,17.2,1.0,,,,,,
2009-03-06,14.7,13.6,16.2,0.0,,,,,,
2009-03-07,18.2,15.0,20.4,0.0,,,,,,
2009-03-08,15.6,13.2,17.0,0.0,,,,,,
2009-03-09,14.2,,15.2,0.0,,,,,,
2009-03-10,14.3,,14.8,,,,,,,
2009-03-11,14.6,14.0,16.0,0.0,,,,,,
2009-03-12,14.6,13.0,16.1,0.0,,,,,,
2009-03-13,13.9,11.6,14.9,0.0,,,,,,
2009-03-14,14.3,13.5,15.2,0.0,,,,,,
2009-03-15,14.2,13.0,15.4,0.0,,,,,,
2009-03-16,15.3,15.0,16.8,0.0,,,,,,
2009-03-17,14.5,12.5,15.0,0.0,,,,,,
2009-03-18,14.1,11.3,15.3,0.0,,,,,,
2009-03-19,14.9,13.5,16.5,0.0,,,,,,
2009-03-20,14.4,13.5,15.4,0.0,,,,,,
2009-03-21,14.7,12.9,15.7,0.0,,,,,,
2009-03-22,14.2,11.9,15.5,0.0,,,,,,
2009-03-23,14.2,9.3,16.8,0.0,,,,,,
2009-03-24,15.2,12.3,17.0,0.0,,,,,,
2009-03-25,15.8,9.9,20.0,0.0,,,,,,
2009-03-26,16.4,13.4,19.8,0.0,,,,,,
2009-03-27,16.1,13.7,17.9,0.0,,,,,,
2009-03-28,17.3,15.0,19.4,0.0,,,,,,
2009-03-29,15.9,13.4,18.2,0.0,,,,,,
2009-03-30,13.3,9.5,16.0,0.8,,,,,,
2009-03-31,12.4,11.0,13.4,24.9,,,,,,
2009-04-01,16.0,12.9,18.8,2.0,,,,,,
2009-04-02,15.9,9.0,18.9,0.0,,,,,,
2009-04-03,15.8,14.0,17.0,0.0,,,,,,
2009-04-04,15.1,13.2,17.3,0.0,,,,,,
2009-04-05,16.2,12.5,18.0,0.0,,,,,,
2009-04-06,16.0,14.5,18.0,0.0,,,,,,
2009-04-07,17.6,,20.2,0.0,,,,,,
2009-04-08,16.9,15.2,19.1,3.0,,,,,,
2009-04-09,16.3,13.0,18.9,0.0,,,,,,
2009-04-10,16.8,13.5,19.7,0.0,,,,,,
2009-04-11,14.8,,16.3,0.0,,,,,,
2009-04-12,16.8,14.9,18.6,0.0,,,,,,
2009-04-13,17.7,14.0,19.9,0.0,,,,,,
2009-04-14,16.7,12.0,18.8,0.0,,,,,,
2009-04-15,15.7,15.0,18.6,0.0,,,,,,
2009-04-16,16.2,12.5,19.0,0.0,,,,,,
2009-04-17,17.2,13.5,19.4,0.0,,,,,,
2009-04-18,15.3,14.0,16.7,1.0,,,,,,
2009-04-19,13.9,,16.3,0.5,,,,,,
2009-04-20,15.9,10.0,19.5,25.9,,,,,,
2009-04-21,17.5,15.4,20.0,0.0,,,,,,
2009-04-22,16.8,14.2,18.5,,,,,,,
2009-04-23,19.1,15.3,21.2,0.0,,,,,,
2009-04-24,20.4,14.8,29.0,0.0,,,,,,
2009-04-25,20.2,17.0,24.9,0.0,,,,,,
2009-04-26,16.1,14.0,17.7,0.0,,,,,,
2009-04-27,17.1,15.0,18.8,0.5,,,,,,
2009-04-28,18.2,13.5,21.0,0.0,,,,,,
2009-04-29,18.7,13.9,21.9,0.0,,,,,,
2009-04-30,18.8,15.0,21.3,0.0,,,,,,
2009-05-01,17.2,,18.8,0.0,,,,,,
2009-05-02,16.6,15.0,17.4,0.0,,,,,,
2009-05-03,18.3,15.0,20.0,0.0,,,,,,
2009-05-04,18.0,,20.2,0.0,,,,,,
2009-05-05,17.3,,18.3,0.0,,,,,,
2009-05-06,17.7,16.0,19.1,0.0,,,,,,
2009-05-07,17.6,15.0,19.0,0.0,,,,,,
2009-05-08,18.9,17.0,20.5,0.0,,,,,,
2009-05-09,19.3,18.0,21.2,0.0,,,,,,
2009-05-10,22.2,19.0,27.9,0.0,,,,,,
2009-05-11,18.6,17.8,20.5,0.0,,,,,,
2009-05-12,20.1,17.8,21.2,0.0,,,,,,
2009-05-13,19.8,18.0,21.0,0.0,,,,,,
2009-05-14,19.9,18.0,22.0,0.0,,,,,,
2009-05-15,19.1,18.0,20.2,0.0,,,,,,
2009-05-16,19.5,16.0,23.5,0.0,,,,,,
2009-05-17,18.6,17.0,19.8,0.0,,,,,,
2009-05-18,20.1,19.0,21.2,0.0,,,,,,
2009-05-20,20.2,19.0,21.5,0.0,,,,,,
2009-05-21,19.8,19.0,21.8,0.0,,,,,,
2009-05-22,21.1,20.2,23.2,0.0,,,,,,
2009-05-23,22.6,19.1,24.0,0.0,,,,,,
2009-05-24,19.7,17.5,20.8,0.0,,,,,,
2009-05-25,19.6,17.0,21.0,0.0,,,,,,
2009-05-26,20.8,18.0,23.0,0.0,,,,,,
2009-05-27,19.8,,20.6,0.0,,,,,,
2009-05-28,19.6,19.2,20.5,0.0,,,,,,
2009-05-29,19.1,19.0,19.5,0.0,,,,,,
2009-05-30,19.2,18.4,21.6,0.5,,,,,,
2009-05-31,19.9,,21.0,5.1,,,,,,
2009-06-01,20.3,,22.0,0.0,,,,,,
2009-06-02,21.2,20.5,22.4,0.0,,,,,,
2009-06-03,20.7,19.6,22.2,0.0,,,,,,
2009-06-04,21.8,20.0,24.0,0.0,,,,,,
2009-06-05,24.1,20.0,25.5,0.0,,,,,,
2009-06-06,22.7,19.5,24.4,0.0,,,,,,
2009-06-07,20.2,19.0,22.0,0.0,,,,,,
2009-06-08,22.6,18.2,24.3,0.0,,,,,,
2009-06-09,22.6,20.0,25.2,0.0,,,,,,
2009-06-10,21.2,19.5,24.0,0.0,,,,,,
2009-06-11,21.4,21.0,22.2,0.0,,,,,,
2009-06-12,21.2,,22.0,0.0,,,,,,
2009-06-13,21.3,20.5,22.5,0.0,,,,,,
2009-06-14,23.7,,31.0,0.0,,,,,,
2009-06-15,23.9,23.0,26.0,0.0,,,,,,
2009-06-16,23.3,,24.8,0.0,,,,,,
2009-06-17,22.3,21.5,23.2,0.0,,,,,,
2009-06-19,22.6,22.0,23.6,0.0,,,,,,
2009-06-21,22.9,22.1,23.5,0.0,,,,,,
2009-06-22,22.5,21.7,23.8,0.0,,,,,,
2009-06-23,23.3,22.5,24.5,0.0,,,,,,
2009-06-24,26.3,23.0,28.5,0.0,,,,,,
2009-06-25,28.1,24.0,29.5,0.0,,,,,,
2009-06-26,24.9,22.4,27.0,0.0,,,,,,
2009-06-28,24.1,22.6,25.0,0.0,,,,,,
2009-06-29,25.2,23.2,26.3,0.0,,,,,,
2009-07-01,24.3,22.8,25.4,0.0,,,,,,
2009-07-02,23.8,22.2,26.0,0.0,,,,,,
2009-07-03,27.9,25.2,31.8,0.0,,,,,,
2009-07-04,28.7,26.5,33.1,0.0,,,,,,
2009-07-05,27.3,25.8,31.0,0.0,,,,,,
2009-07-06,29.2,26.0,32.2,0.0,,,,,,
2009-07-07,26.1,,28.2,0.0,,,,,,
2009-07-08,24.1,,25.4,0.0,,,,,,
2009-07-09,23.8,23.0,24.6,0.0,,,,,,
2009-07-10,24.4,23.0,26.0,0.0,,,,,,
2009-07-11,24.5,23.5,25.2,0.0,,,,,,
2009-07-12,24.8,23.7,25.9,0.0,,,,,,
2009-07-14,28.2,24.0,30.8,0.0,,,,,,
2009-07-15,25.6,24.0,28.5,0.0,,,,,,
2009-07-16,24.8,23.2,26.2,0.0,,,,,,
2009-07-17,30.9,25.0,33.8,0.0,,,,,,
2009-07-18,24.5,24.0,25.2,0.0,,,,,,
2009-07-19,24.2,23.1,25.5,0.0,,,,,,
2009-07-20,24.1,23.2,25.2,0.0,,,,,,
2009-07-21,24.8,23.0,29.4,0.0,,,,,,
2009-07-22,27.8,24.8,32.4,0.0,,,,,,
2009-07-23,28.0,27.0,32.2,0.0,,,,,,
2009-07-24,28.8,26.2,30.8,0.0,,,,,,
2009-07-25,26.7,,30.5,0.0,,,,,,
2009-07-26,24.9,23.8,25.5,0.0,,,,,,
2009-07-27,24.1,23.5,25.8,0.0,,,,,,
2009-07-28,25.4,23.8,26.2,0.0,,,,,,
2009-07-29,24.8,23.5,25.6,0.0,,,,,,
2009-07-30,27.7,22.5,31.5,0.0,,,,,,
2009-07-31,25.4,23.8,26.8,0.0,,,,,,
2009-08-01,26.1,23.0,29.0,0.0,,,,,,
2009-08-02,26.2,24.9,29.1,0.0,,,,,,
2009-08-03,25.2,22.5,27.0,0.0,,,,,,
2009-08-04,25.3,24.5,26.0,0.0,,,,,,
2009-08-05,25.1,24.0,26.0,0.0,,,,,,
2009-08-06,25.9,25.0,27.0,0.0,,,,,,
2009-08-07,28.2,26.0,31.4,0.0,,,,,,
2009-08-09,24.8,23.2,26.2,0.0,,,,,,
2009-08-10,27.0,25.8,29.6,0.0,,,,,,
2009-08-12,25.2,24.5,26.3,0.0,,,,,,
2009-08-13,24.4,22.8,25.8,0.0,,,,,,
2009-08-14,24.2,23.5,25.2,0.0,,,,,,
2009-08-15,24.7,23.8,25.4,0.0,,,,,,
2009-08-16,24.9,24.5,25.8,0.0,,,,,,
2009-08-17,24.9,24.2,25.3,0.0,,,,,,
2009-08-18,24.3,,26.3,0.0,,,,,,
2009-08-19,25.7,25.0,27.0,0.0,,,,,,
2009-08-20,25.7,24.5,26.6,0.0,,,,,,
2009-08-21,25.2,25.0,26.4,0.0,,,,,,
2009-08-22,24.8,24.2,26.0,0.0,,,,,,
2009-08-23,25.1,24.6,26.0,0.0,,,,,,
2009-08-24,24.6,23.5,25.5,0.0,,,,,,
2009-08-25,29.0,24.0,31.8,0.0,,,,,,
2009-08-26,25.3,23.0,27.5,0.0,,,,,,
2009-08-27,25.3,24.2,26.2,0.0,,,,,,
2009-08-28,25.7,25.0,26.5,0.0,,,,,,
2009-08-30,26.6,24.0,28.3,0.0,,,,,,
2009-08-31,27.5,25.5,32.2,0.0,,,,,,
2009-09-01,25.7,24.5,27.0,0.0,,,,,,
2009-09-02,26.3,25.0,28.0,0.0,,,,,,
2009-09-03,27.4,24.8,30.4,0.0,,,,,,
2009-09-04,26.6,23.9,28.0,0.0,,,,,,
2009-09-05,23.3,,27.0,0.0,,,,,,
2009-09-06,24.8,24.5,26.2,0.0,,,,,,
2009-09-07,23.4,22.0,24.2,0.0,,,,,,
2009-09-08,23.4,22.2,24.2,0.0,,,,,,
2009-09-09,22.9,22.0,24.2,0.0,,,,,,
2009-09-10,22.7,21.0,23.4,0.0,,,,,,
2009-09-11,22.7,,23.6,0.0,,,,,,
2009-09-12,23.5,23.0,24.0,0.0,,,,,,
2009-09-13,23.8,21.0,27.0,0.0,,,,,,
2009-09-14,24.0,22.0,25.3,0.0,,,,,,
2009-09-15,23.2,20.0,25.0,2.0,,,,,,
2009-09-16,22.4,19.8,24.5,4.1,,,,,,
2009-09-17,22.6,21.5,24.7,0.0,,,,,,
2009-09-18,22.3,20.4,24.1,0.0,,,,,,
2009-09-19,23.0,20.5,25.5,2.0,,,,,,
2009-09-20,22.2,19.5,23.8,0.0,,,,,,
2009-09-21,21.9,19.2,23.5,0.0,,,,,,
2009-09-22,21.1,19.5,22.5,0.0,,,,,,
2009-09-23,21.2,20.3,22.7,9.9,,,,,,
2009-09-25,22.8,19.5,24.2,0.0,,,,,,
2009-09-26,24.2,22.2,27.0,0.0,,,,,,
2009-09-27,21.6,20.2,23.0,2.0,,,,,,
2009-09-28,20.9,19.5,23.0,3.0,,,,,,
2009-09-29,21.6,19.0,23.2,6.1,,,,,,
2009-09-30,22.6,20.8,23.6,0.5,,,,,,
2009-10-01,22.4,20.0,24.0,0.0,,,,,,
2009-10-02,24.0,20.0,26.0,0.0,,,,,,
2009-10-03,24.3,19.4,27.1,0.0,,,,,,
2009-10-04,24.2,20.0,27.3,0.0,,,,,,
2009-10-06,23.6,22.2,25.0,0.0,,,,,,
2009-10-07,22.5,18.5,23.3,0.0,,,,,,
2009-10-08,24.3,20.9,26.7,0.0,,,,,,
2009-10-09,23.3,21.6,25.2,0.0,,,,,,
2009-10-10,22.4,20.5,23.0,0.0,,,,,,
2009-10-11,22.9,20.0,24.0,0.0,,,,,,
2009-10-12,22.7,19.9,23.8,0.0,,,,,,
2009-10-13,22.8,20.0,24.2,0.0,,,,,,
2009-10-14,22.1,20.0,23.4,0.0,,,,,,
2009-10-15,20.8,17.5,22.2,0.0,,,,,,
2009-10-17,20.6,17.4,23.0,0.0,,,,,,
2009-10-18,20.3,17.2,25.8,0.0,,,,,,
2009-10-19,19.8,17.5,21.4,0.0,,,,,,
2009-10-20,20.3,17.0,22.6,0.0,,,,,,
2009-10-21,20.6,18.5,22.0,5.1,,,,,,
2009-10-22,22.8,18.8,27.0,0.3,,,,,,
2009-10-24,19.4,16.8,21.5,0.0,,,,,,
2009-10-25,20.7,17.8,22.8,0.0,,,,,,
2009-10-26,21.5,18.8,26.0,0.0,,,,,,
2009-10-27,21.2,19.0,24.2,0.0,,,,,,
2009-10-28,19.8,18.0,22.8,0.0,,,,,,
2009-10-29,19.4,18.8,20.0,0.0,,,,,,
2009-10-30,19.8,16.8,21.6,0.0,,,,,,
2009-10-31,20.3,17.0,22.0,0.0,,,,,,
2009-11-01,19.2,17.5,21.0,0.0,,,,,,
2009-11-02,22.9,17.0,26.7,0.0,,,,,,
2009-11-03,22.0,20.7,23.4,0.0,,,,,,
2009-11-04,21.9,18.5,24.6,0.0,,,,,,
2009-11-05,20.3,,21.7,0.0,,,,,,
2009-11-06,18.6,17.8,20.2,0.0,,,,,,
2009-11-07,20.7,17.8,22.6,0.0,,,,,,
2009-11-08,17.8,,18.7,0.0,,,,,,
2009-11-09,18.3,16.8,18.8,0.0,,,,,,
2009-11-10,19.0,17.9,20.0,0.0,,,,,,
2009-11-11,18.8,16.0,21.0,0.0,,,,,,
2009-11-12,17.2,13.0,21.2,0.0,,,,,,
2009-11-13,17.1,13.5,20.3,0.0,,,,,,
2009-11-14,22.8,18.6,25.5,0.0,,,,,,
2009-11-15,24.6,20.2,30.2,0.0,,,,,,
2009-11-16,24.0,21.0,29.2,0.0,,,,,,
2009-11-17,24.8,21.0,30.3,0.0,,,,,,
2009-11-18,20.1,19.0,23.5,0.0,,,,,,
2009-11-19,19.1,18.0,20.8,0.0,,,,,,
2009-11-20,18.5,,20.2,0.0,,,,,,
2009-11-21,17.7,16.0,19.3,0.0,,,,,,
2009-11-22,18.1,14.0,25.0,0.0,,,,,,
2009-11-23,17.8,16.3,20.0,0.0,,,,,,
2009-11-24,17.9,14.0,21.0,0.0,,,,,,
2009-11-25,16.3,11.9,19.9,0.0,,,,,,
2009-11-27,18.3,16.0,19.8,0.0,,,,,,
2009-11-28,16.7,14.5,24.1,0.0,,,,,,
2009-11-29,19.1,14.0,24.1,0.0,,,,,,
2009-11-30,15.0,13.5,16.5,10.9,,,,,,
2009-12-01,15.3,13.8,17.6,5.1,,,,,,
2009-12-02,16.3,11.0,19.9,0.0,,,,,,
2009-12-03,17.5,14.0,19.5,0.0,,,,,,
2009-12-04,16.2,,18.4,0.8,,,,,,
2009-12-05,15.3,12.0,20.0,0.0,,,,,,
2009-12-06,14.3,10.5,17.1,0.0,,,,,,
2009-12-07,14.3,9.5,17.6,0.0,,,,,,
2009-12-08,15.9,12.0,19.4,0.0,,,,,,
2009-12-09,16.4,14.0,19.1,0.0,,,,,,
2009-12-10,15.7,9.9,17.5,0.0,,,,,,
2009-12-11,14.8,12.2,17.1,0.0,,,,,,
2009-12-12,13.3,12.0,15.2,0.0,,,,,,
2009-12-13,13.4,10.2,16.0,0.0,,,,,,
2009-12-14,12.7,,14.2,3.0,,,,,,
2009-12-15,13.2,11.0,14.5,1.0,,,,,,
2009-12-16,15.2,10.8,19.0,0.0,,,,,,
2009-12-17,19.0,16.0,21.1,0.0,,,,,,
2009-12-18,17.2,14.8,20.0,0.0,,,,,,
2009-12-19,13.0,,17.3,2.0,,,,,,
2009-12-20,12.2,9.9,14.1,11.9,,,,,,
2009-12-21,20.6,10.6,24.2,2.0,,,,,,
2009-12-22,20.1,,22.2,0.0,,,,,,
2009-12-23,20.7,14.4,24.7,0.0,,,,,,
2009-12-24,20.7,,25.7,0.0,,,,,,
2009-12-25,19.3,18.1,21.2,0.0,,,,,,
2009-12-26,21.5,17.0,24.9,0.0,,,,,,
2009-12-27,16.2,,19.0,0.0,,,,,,
2009-12-28,15.4,10.5,20.3,0.0,,,,,,
2009-12-29,20.4,12.1,27.0,0.0,,,,,,
2009-12-30,19.5,15.0,25.8,0.0,,,,,,
2010-01-01,15.9,15.0,17.0,7.1,,,,,,
2010-01-02,16.0,14.2,19.8,0.0,,,,,,
2010-01-03,14.2,12.0,16.2,0.0,,,,,,
2010-01-04,18.3,12.8,23.7,0.0,,,,,,
2010-01-05,17.0,15.0,19.2,1.0,,,,,,
2010-01-06,16.1,15.0,17.3,0.3,,,,,,
2010-01-07,16.7,,20.1,0.0,,,,,,
2010-01-08,10.7,10.0,12.2,5.1,,,,,,
2010-01-09,10.8,9.0,12.5,7.1,,,,,,
2010-01-10,11.8,,13.3,0.0,,,,,,
2010-01-11,14.9,12.1,17.0,0.3,,,,,,
2010-01-12,16.3,,17.8,0.0,,,,,,
2010-01-13,16.7,,18.4,1.0,,,,,,
2010-01-14,18.1,,20.4,3.0,,,,,,
2010-01-15,15.8,15.0,17.0,0.0,,,,,,
2010-01-16,14.1,,17.5,0.0,,,,,,
2010-01-18,15.7,13.2,19.2,0.0,,,,,,
2010-01-19,15.9,,18.6,0.0,,,,,,
2010-01-20,17.7,15.0,19.8,0.0,,,,,,
2010-01-21,15.3,13.0,16.8,0.0,,,,,,
2010-01-22,14.3,11.0,16.4,0.0,,,,,,
2010-01-23,14.0,,15.8,0.0,,,,,,
2010-01-24,13.4,13.0,14.8,3.0,,,,,,
2010-01-26,12.7,11.0,14.4,62.0,,,,,,
2010-01-27,12.6,,13.6,7.9,,,,,,
2010-01-28,12.2,10.0,13.2,5.1,,,,,,
2010-01-29,14.4,11.0,16.5,0.5,,,,,,
2010-01-30,14.8,14.0,16.1,0.0,,,,,,
2010-01-31,13.3,,15.2,0.0,,,,,,
2010-02-01,14.1,13.0,15.0,0.0,,,,,,
2010-02-02,12.5,9.5,15.0,0.0,,,,,,
2010-02-03,13.2,11.0,15.7,0.0,,,,,,
2010-02-05,18.4,15.0,21.4,0.0,,,,,,
2010-02-06,16.8,14.5,20.3,0.0,,,,,,
2010-02-07,14.2,10.6,19.3,0.0,,,,,,
2010-02-08,16.0,14.8,17.3,0.0,,,,,,
2010-02-09,14.9,,17.2,7.9,,,,,,
2010-02-10,15.7,,17.0,0.5,,,,,,
2010-02-11,12.8,,16.3,0.5,,,,,,
2010-02-12,10.7,9.0,12.3,8.9,,,,,,
2010-02-13,11.7,9.0,14.2,1.0,,,,,,
2010-02-14,11.9,11.0,13.0,2.0,,,,,,
2010-02-15,14.2,11.4,19.0,0.0,,,,,,
2010-02-16,17.8,14.2,21.3,1.0,,,,,,
2010-02-17,16.6,13.8,21.0,0.0,,,,,,
2010-02-18,16.5,12.9,22.0,0.0,,,,,,
2010-02-19,15.4,14.0,17.0,0.8,,,,,,
2010-02-20,14.2,,16.7,3.0,,,,,,
2010-02-21,13.9,11.0,18.8,0.0,,,,,,
2010-02-22,19.2,15.1,24.1,1.0,,,,,,
2010-02-23,18.4,15.0,22.2,0.0,,,,,,
2010-02-24,19.0,14.5,24.0,0.0,,,,,,
2010-02-25,17.1,14.0,19.3,0.0,,,,,,
2010-02-26,18.9,18.0,21.7,0.0,,,,,,
2010-02-27,24.9,17.5,32.0,0.0,,,,,,
2010-02-28,17.3,15.9,18.9,0.0,,,,,,
2010-03-01,16.2,14.5,19.0,0.5,,,,,,
2010-03-02,16.8,15.4,19.0,0.0,,,,,,
2010-03-03,17.3,15.0,21.0,11.9,,,,,,
2010-03-04,18.1,14.2,20.6,0.0,,,,,,
2010-03-05,15.6,14.0,17.6,0.0,,,,,,
2010-03-06,15.2,,16.0,0.0,,,,,,
2010-03-07,14.1,13.2,14.8,7.9,,,,,,
2010-03-08,17.2,14.8,19.0,1.0,,,,,,
2010-03-09,8.4,,9.5,24.9,,,,,,
2010-03-10,12.7,7.9,15.1,7.1,,,,,,
2010-03-11,13.6,10.0,15.6,0.0,,,,,,
2010-03-12,13.4,,15.2,1.0,,,,,,
2010-03-13,11.8,10.8,13.3,8.9,,,,,,
2010-03-14,12.5,10.3,13.7,3.0,,,,,,
2010-03-15,12.8,9.4,15.0,0.0,,,,,,
2010-03-16,15.4,11.8,19.3,0.0,,,,,,
2010-03-17,16.3,14.5,18.8,0.0,,,,,,
2010-03-18,16.2,14.0,19.0,0.0,,,,,,
2010-03-19,16.9,15.0,21.0,0.0,,,,,,
2010-03-21,17.3,,18.0,0.0,,,,,,
2010-03-22,16.3,15.5,17.8,0.0,,,,,,
2010-03-23,17.4,14.0,20.5,0.0,,,,,,
2010-03-24,16.3,14.4,16.7,0.0,,,,,,
2010-03-25,17.7,14.6,22.1,0.0,,,,,,
2010-03-26,17.6,15.0,20.0,0.0,,,,,,
2010-03-27,17.3,15.9,18.2,0.0,,,,,,
2010-03-28,16.5,13.7,18.6,0.0,,,,,,
2010-03-29,17.2,14.5,20.1,0.0,,,,,,
2010-03-30,18.3,15.9,20.7,0.0,,,,,,
2010-03-31,16.6,14.2,19.4,0.0,,,,,,
2010-04-01,15.7,12.0,19.2,0.0,,,,,,
2010-04-02,14.6,11.2,17.3,0.0,,,,,,
2010-04-03,15.6,12.6,16.8,0.0,,,,,,
2010-04-04,16.9,15.7,18.4,0.0,,,,,,
2010-04-05,16.2,15.0,18.2,0.0,,,,,,
2010-04-06,16.3,16.0,18.2,0.0,,,,,,
2010-04-07,16.7,14.5,18.6,0.0,,,,,,
2010-04-08,15.8,14.5,16.9,0.0,,,,,,
2010-04-09,14.7,13.0,18.0,0.0,,,,,,
2010-04-10,15.6,14.0,16.7,0.0,,,,,,
2010-04-11,16.1,15.2,16.6,0.0,,,,,,
2010-04-12,16.4,15.5,17.1,0.8,,,,,,
2010-04-13,17.8,16.0,20.0,0.0,,,,,,
2010-04-14,16.8,16.0,17.5,0.0,,,,,,
2010-04-15,16.5,,18.5,0.0,,,,,,
2010-04-16,16.7,15.0,17.4,0.0,,,,,,
2010-04-17,16.4,15.6,17.3,0.0,,,,,,
2010-04-18,16.2,13.5,17.3,0.0,,,,,,
2010-04-19,17.6,16.0,20.0,0.0,,,,,,
2010-04-20,18.2,17.4,21.1,0.0,,,,,,
2010-04-21,17.4,17.0,18.8,0.0,,,,,,
2010-04-22,18.1,17.0,20.5,0.0,,,,,,
2010-04-23,19.8,16.5,21.2,0.0,,,,,,
2010-04-24,18.8,17.0,22.0,0.0,,,,,,
2010-04-25,18.0,16.8,19.3,0.0,,,,,,
2010-04-26,17.7,17.0,18.2,0.0,,,,,,
2010-04-27,17.4,15.4,19.0,0.0,,,,,,
2010-04-28,20.1,16.5,23.5,0.0,,,,,,
2010-04-29,20.1,19.2,22.0,0.0,,,,,,
2010-04-30,18.7,18.4,19.4,0.0,,,,,,
2010-05-01,22.0,18.2,24.0,26.9,,,,,,
2010-05-02,19.7,17.9,22.0,0.0,,,,,,
2010-05-04,15.7,,18.0,0.0,,,,,,
2010-05-05,17.2,16.0,19.0,5.1,,,,,,
2010-05-06,17.4,13.5,19.0,0.0,,,,,,
2010-05-09,19.5,17.0,21.0,0.0,,,,,,
2010-05-10,20.7,18.8,22.3,0.0,,,,,,
2010-05-11,20.2,18.0,22.0,0.0,,,,,,
2010-05-12,19.7,,22.0,0.0,,,,,,
2010-05-14,17.2,15.5,18.5,0.0,,,,,,
2010-05-15,18.9,17.0,20.5,6.1,,,,,,
2010-05-16,17.4,15.2,19.2,0.0,,,,,,
2010-05-17,19.0,17.0,21.3,0.0,,,,,,
2010-05-18,18.6,18.0,19.0,0.0,,,,,,
2010-05-19,18.2,16.8,20.2,0.0,,,,,,
2010-05-20,20.2,17.8,22.0,0.0,,,,,,
2010-05-21,19.1,18.0,20.8,0.0,,,,,,
2010-05-22,18.9,18.0,20.0,0.0,,,,,,
2010-05-23,18.5,17.5,19.8,0.0,,,,,,
2010-05-24,19.8,18.0,21.6,0.0,,,,,,
2010-05-25,20.4,18.4,22.6,0.0,,,,,,
2010-05-26,20.3,17.5,21.2,0.0,,,,,,
2010-05-27,23.3,20.0,24.2,0.0,,,,,,
2010-05-28,21.0,19.4,22.5,0.0,,,,,,
2010-05-29,19.8,19.0,20.4,0.0,,,,,,
2010-05-30,21.5,19.0,22.8,0.0,,,,,,
2010-05-31,23.2,21.0,24.5,0.0,,,,,,
2010-06-02,25.0,23.8,26.8,0.0,,,,,,
2010-06-03,22.7,21.8,25.6,0.0,,,,,,
2010-06-04,23.8,,25.0,0.0,,,,,,
2010-06-05,23.7,21.5,27.0,0.0,,,,,,
2010-06-06,22.4,,24.6,0.0,,,,,,
2010-06-07,21.9,20.0,23.0,0.0,,,,,,
2010-06-08,24.6,20.3,27.8,0.0,,,,,,
2010-06-09,21.8,21.0,24.2,0.0,,,,,,
2010-06-10,22.2,20.0,23.5,0.0,,,,,,
2010-06-11,21.8,20.0,23.5,0.0,,,,,,
2010-06-12,19.3,,22.4,0.0,,,,,,
2010-06-13,20.0,18.0,21.2,0.0,,,,,,
2010-06-14,19.4,17.0,21.3,4.1,,,,,,
2010-06-15,21.1,18.4,22.6,0.0,,,,,,
2010-06-16,20.7,19.5,21.6,0.0,,,,,,
2010-06-17,21.4,20.5,22.2,0.0,,,,,,
2010-06-18,21.1,,22.2,0.0,,,,,,
2010-06-19,22.8,19.8,24.5,0.0,,,,,,
2010-06-20,22.4,19.2,24.2,0.0,,,,,,
2010-06-21,21.2,20.5,22.4,0.0,,,,,,
2010-06-22,21.0,19.0,22.3,0.0,,,,,,
2010-06-23,22.8,20.0,24.4,0.0,,,,,,
2010-06-24,22.1,20.5,23.2,0.0,,,,,,
2010-06-25,21.5,20.8,22.2,0.0,,,,,,
2010-06-26,21.4,20.0,22.4,0.0,,,,,,
2010-06-27,21.4,20.0,22.8,0.0,,,,,,
2010-06-28,22.0,21.0,22.8,0.0,,,,,,
2010-06-29,21.9,21.5,23.5,0.0,,,,,,
2010-06-30,22.3,20.5,23.4,2.0,,,,,,
2010-07-01,22.6,21.4,24.1,0.0,,,,,,
2010-07-02,23.3,22.5,24.2,0.0,,,,,,
2010-07-03,22.5,22.0,23.3,0.0,,,,,,
2010-07-04,23.4,22.0,25.0,0.0,,,,,,
2010-07-05,23.2,,24.3,0.0,,,,,,
2010-07-06,23.1,22.0,25.1,0.0,,,,,,
2010-07-07,23.1,21.6,25.2,0.0,,,,,,
2010-07-08,23.8,,26.3,0.0,,,,,,
2010-07-09,23.3,22.8,24.0,0.0,,,,,,
2010-07-11,24.1,23.0,25.2,0.0,,,,,,
2010-07-12,23.9,22.9,24.9,0.0,,,,,,
2010-07-13,27.2,22.1,29.7,0.0,,,,,,
2010-07-14,27.6,25.0,29.9,0.0,,,,,,
2010-07-15,25.3,,28.6,0.0,,,,,,
2010-07-16,24.7,22.9,25.5,0.0,,,,,,
2010-07-17,25.4,23.9,26.5,0.0,,,,,,
2010-07-18,25.2,25.0,25.8,0.0,,,,,,
2010-07-19,25.2,25.0,26.7,0.0,,,,,,
2010-07-20,24.8,23.4,25.8,0.0,,,,,,
2010-07-21,26.4,22.9,28.1,0.0,,,,,,
2010-07-22,26.4,,29.8,0.0,,,,,,
2010-07-23,26.0,25.5,27.3,0.0,,,,,,
2010-07-24,25.8,,26.2,0.0,,,,,,
2010-07-25,25.3,24.4,26.0,0.0,,,,,,
2010-07-26,25.4,24.0,26.5,0.0,,,,,,
2010-07-27,24.7,24.2,26.2,0.0,,,,,,
2010-07-28,24.3,22.5,25.2,0.0,,,,,,
2010-07-29,24.1,22.5,24.8,0.0,,,,,,
2010-07-30,25.0,23.8,26.0,0.0,,,,,,
2010-07-31,25.1,24.0,25.8,0.0,,,,,,
2010-08-01,25.2,24.0,25.8,0.0,,,,,,
2010-08-02,25.3,24.4,26.0,0.0,,,,,,
2010-08-03,25.3,24.0,26.2,0.0,,,,,,
2010-08-04,24.8,24.0,25.2,0.0,,,,,,
2010-08-05,25.8,23.0,27.8,0.0,,,,,,
2010-08-06,25.6,,26.2,0.0,,,,,,
2010-08-07,23.7,22.5,24.5,0.0,,,,,,
2010-08-08,23.7,23.0,24.6,0.0,,,,,,
2010-08-09,24.8,23.8,25.5,0.0,,,,,,
2010-08-10,25.0,24.0,25.8,0.0,,,,,,
2010-08-11,26.1,24.2,27.8,0.0,,,,,,
2010-08-12,28.3,,30.5,0.0,,,,,,
2010-08-13,26.2,25.5,27.2,0.0,,,,,,
2010-08-14,25.4,24.6,26.0,0.0,,,,,,
2010-08-15,25.1,23.5,26.3,0.0,,,,,,
2010-08-16,25.9,25.0,26.8,0.0,,,,,,
2010-08-17,25.4,24.6,26.0,0.0,,,,,,
2010-08-18,25.6,24.5,26.7,0.0,,,,,,
2010-08-19,25.0,22.1,26.2,6.1,,,,,,
2010-08-20,25.4,23.5,26.3,0.0,,,,,,
2010-08-21,25.7,25.5,26.2,0.0,,,,,,
2010-08-22,25.4,25.0,26.8,0.0,,,,,,
2010-08-23,25.5,24.5,26.6,0.0,,,,,,
2010-08-24,29.3,26.4,31.5,0.0,,,,,,
2010-08-25,27.2,24.3,30.0,0.0,,,,,,
2010-08-26,26.2,25.0,27.1,0.0,,,,,,
2010-08-27,26.3,25.0,28.0,0.0,,,,,,
2010-08-28,27.9,26.8,29.2,0.0,,,,,,
2010-08-29,26.4,26.0,27.6,0.0,,,,,,
2010-08-30,26.1,25.0,27.1,0.0,,,,,,
2010-08-31,25.1,24.2,26.3,0.0,,,,,,
2010-09-01,23.7,22.2,26.3,0.0,,,,,,
2010-09-02,24.9,22.8,25.9,0.0,,,,,,
2010-09-03,24.8,22.0,26.0,0.0,,,,,,
2010-09-04,24.5,22.4,25.7,0.0,,,,,,
2010-09-05,24.9,24.0,25.5,0.0,,,,,,
2010-09-06,24.4,22.4,25.4,0.0,,,,,,
2010-09-07,28.0,22.7,30.2,0.0,,,,,,
2010-09-08,26.3,22.0,29.1,0.0,,,,,,
2010-09-09,24.2,21.3,25.6,0.0,,,,,,
2010-09-10,24.6,23.0,26.0,0.0,,,,,,
2010-09-11,24.9,23.0,26.5,0.0,,,,,,
2010-09-12,24.4,21.9,26.6,0.0,,,,,,
2010-09-13,24.2,22.9,25.5,0.0,,,,,,
2010-09-14,23.4,21.8,24.6,0.0,,,,,,
2010-09-15,24.5,22.0,26.0,0.0,,,,,,
2010-09-16,24.2,21.0,26.1,0.0,,,,,,
2010-09-18,23.8,22.8,25.5,10.9,,,,,,
2010-09-19,24.3,23.6,26.3,0.0,,,,,,
2010-09-20,24.4,,25.8,0.0,,,,,,
2010-09-21,24.3,23.5,25.4,2.0,,,,,,
2010-09-22,24.2,22.0,25.0,0.0,,,,,,
2010-09-23,24.1,22.8,24.8,0.0,,,,,,
2010-09-24,25.5,23.9,26.2,0.8,,,,,,
2010-09-25,24.5,21.7,26.3,0.0,,,,,,
2010-09-26,23.6,22.2,25.2,0.0,,,,,,
2010-09-27,21.8,19.0,22.7,0.0,,,,,,
2010-09-28,22.7,19.5,24.4,0.0,,,,,,
2010-09-29,21.7,18.5,23.2,0.0,,,,,,
2010-09-30,23.1,20.8,25.2,0.0,,,,,,
2010-10-01,22.1,19.0,23.2,0.0,,,,,,
2010-10-02,22.5,20.0,24.0,0.0,,,,,,
2010-10-03,23.1,20.5,27.0,0.0,,,,,,
2010-10-04,23.8,21.0,28.1,0.0,,,,,,
2010-10-05,21.8,19.8,23.0,0.0,,,,,,
2010-10-06,22.4,21.0,23.5,0.0,,,,,,
2010-10-07,22.7,,24.0,0.0,,,,,,
2010-10-08,22.3,21.0,24.2,0.0,,,,,,
2010-10-09,22.6,21.2,23.8,0.0,,,,,,
2010-10-10,20.8,19.0,24.0,13.0,,,,,,
2010-10-11,19.3,17.2,21.5,14.0,,,,,,
2010-10-12,19.6,17.7,21.1,0.0,,,,,,
2010-10-13,21.7,19.0,23.4,4.1,,,,,,
2010-10-14,20.6,18.2,23.0,0.0,,,,,,
2010-10-15,20.3,18.0,23.2,0.0,,,,,,
2010-10-16,20.4,16.6,22.8,0.0,,,,,,
2010-10-17,20.3,17.0,22.8,0.0,,,,,,
2010-10-18,18.6,16.5,21.2,0.0,,,,,,
2010-10-19,18.6,15.3,22.0,0.0,,,,,,
2010-10-20,18.6,15.2,20.2,0.0,,,,,,
2010-10-21,19.3,16.0,21.0,0.0,,,,,,
2010-10-22,18.8,16.0,20.5,0.0,,,,,,
2010-10-23,19.9,19.0,21.0,0.0,,,,,,
2010-10-24,19.5,18.3,20.4,3.0,,,,,,
2010-10-25,20.5,17.4,23.2,0.0,,,,,,
2010-10-27,17.7,13.0,23.0,0.0,,,,,,
2010-10-28,18.2,14.2,20.8,0.0,,,,,,
2010-10-29,18.4,14.0,21.0,0.0,,,,,,
2010-10-30,19.9,18.0,21.0,0.0,,,,,,
2010-10-31,19.7,18.2,22.8,0.0,,,,,,
2010-11-01,18.5,17.5,20.0,1.0,,,,,,
2010-11-02,19.0,17.8,20.0,0.0,,,,,,
2010-11-03,17.0,13.5,19.6,0.0,,,,,,
2010-11-04,18.1,14.5,20.5,0.0,,,,,,
2010-11-05,18.3,16.5,19.2,0.0,,,,,,
2010-11-06,17.1,15.5,19.2,0.0,,,,,,
2010-11-07,18.7,15.5,21.7,4.1,,,,,,
2010-11-08,18.4,,21.7,0.0,,,,,,
2010-11-09,20.4,19.0,22.0,0.0,,,,,,
2010-11-10,18.0,16.0,19.8,3.0,,,,,,
2010-11-11,18.1,15.5,20.0,0.0,,,,,,
2010-11-12,16.9,13.6,19.5,0.0,,,,,,
2010-11-13,16.9,12.6,20.5,0.0,,,,,,
2010-11-14,16.9,14.0,19.6,0.0,,,,,,
2010-11-15,17.4,12.4,19.6,,,,,,,
2010-11-16,15.8,12.6,17.6,0.0,,,,,,
2010-11-17,15.6,10.4,18.8,0.0,,,,,,
2010-11-18,17.6,,20.0,0.0,,,,,,
2010-11-19,14.7,9.0,17.1,0.0,,,,,,
2010-11-20,16.6,12.2,20.2,0.0,,,,,,
2010-11-21,17.1,,18.4,0.0,,,,,,
2010-11-22,16.9,16.4,18.0,0.0,,,,,,
2010-11-23,16.2,14.5,17.6,0.0,,,,,,
2010-11-24,17.0,14.4,18.5,0.0,,,,,,
2010-11-25,19.1,16.8,21.0,0.0,,,,,,
2010-11-26,16.1,,16.8,0.0,,,,,,
2010-11-27,15.9,,16.8,0.0,,,,,,
2010-11-28,15.7,13.5,18.0,6.1,,,,,,
2010-11-29,14.4,12.5,16.3,3.0,,,,,,
2010-11-30,18.5,16.0,22.0,0.5,,,,,,
2010-12-01,14.2,,17.2,4.1,,,,,,
2010-12-02,14.1,12.0,16.2,6.1,,,,,,
2010-12-03,13.5,13.2,15.0,6.1,,,,,,
2010-12-04,11.4,8.2,14.4,3.0,,,,,,
2010-12-05,14.2,9.5,17.0,0.0,,,,,,
2010-12-06,21.9,11.2,26.8,0.0,,,,,,
2010-12-07,21.8,,26.0,0.0,,,,,,
2010-12-08,20.6,17.2,24.8,0.0,,,,,,
2010-12-09,22.1,18.1,27.0,0.0,,,,,,
2010-12-10,17.3,,18.2,0.0,,,,,,
2010-12-11,15.4,14.0,18.8,0.0,,,,,,
2010-12-12,15.3,13.5,16.5,0.0,,,,,,
2010-12-13,15.7,14.0,17.0,0.0,,,,,,
2010-12-14,15.0,13.5,16.7,0.0,,,,,,
2010-12-15,13.3,,15.5,0.0,,,,,,
2010-12-16,9.7,7.0,12.0,0.0,,,,,,
2010-12-17,9.1,4.8,12.2,0.0,,,,,,
2010-12-18,15.3,10.2,18.8,0.0,,,,,,
2010-12-19,20.1,18.0,23.8,0.0,,,,,,
2010-12-20,15.8,,19.0,0.0,,,,,,
2010-12-21,20.5,16.0,23.8,0.0,,,,,,
2010-12-22,18.0,,20.2,0.0,,,,,,
2010-12-23,16.6,14.0,18.2,0.5,,,,,,
2010-12-25,12.4,,14.6,0.0,,,,,,
2010-12-26,12.0,,13.0,1.0,,,,,,
2010-12-27,11.7,6.5,14.0,0.8,,,,,,
2010-12-28,12.9,8.4,17.5,0.0,,,,,,
2010-12-29,13.2,10.0,15.2,0.0,,,,,,
2010-12-30,13.6,,16.2,0.0,,,,,,
2010-12-31,16.0,11.5,21.0,0.0,,,,,,
2011-01-01,16.7,13.4,20.0,0.0,,,,,,
2011-01-02,15.4,14.3,16.3,0.0,,,,,,
2011-01-03,15.4,13.5,18.0,0.8,,,,,,
2011-01-04,13.9,10.5,18.0,0.0,,,,,,
2011-01-05,14.5,10.0,17.7,0.0,,,,,,
2011-01-06,16.2,,21.0,0.0,,,,,,
2011-01-07,20.7,15.0,25.0,0.0,,,,,,
2011-01-08,17.3,13.3,21.2,0.0,,,,,,
2011-01-09,16.2,14.2,19.8,0.0,,,,,,
2011-01-10,14.1,,17.2,2.0,,,,,,
2011-01-11,14.0,10.4,18.0,3.0,,,,,,
2011-01-12,16.2,13.2,19.2,0.0,,,,,,
2011-01-13,14.6,9.8,18.4,0.0,,,,,,
2011-01-14,15.6,,17.8,0.0,,,,,,
2011-01-15,13.2,,16.0,0.0,,,,,,
2011-01-16,14.4,13.0,16.3,0.0,,,,,,
2011-01-17,14.2,13.2,16.0,0.0,,,,,,
2011-01-18,14.2,12.8,15.9,0.0,,,,,,
2011-01-19,14.1,,15.1,0.0,,,,,,
2011-01-20,14.4,13.5,15.8,0.0,,,,,,
2011-01-21,12.2,10.2,15.0,0.0,,,,,,
2011-01-22,9.4,7.0,11.2,0.0,,,,,,
2011-01-23,9.6,8.0,11.2,0.0,,,,,,
2011-01-24,11.8,8.8,14.7,0.0,,,,,,
2011-01-26,12.3,10.5,14.0,0.0,,,,,,
2011-01-27,13.4,12.0,16.9,2.0,,,,,,
2011-01-28,15.7,11.3,20.8,0.8,,,,,,
2011-01-29,13.7,12.5,16.0,3.0,,,,,,
2011-01-30,12.9,,17.1,3.0,,,,,,
2011-01-31,11.0,9.5,12.2,10.9,,,,,,
2011-02-01,10.4,8.0,13.1,0.0,,,,,,
2011-02-02,10.6,8.5,13.2,6.1,,,,,,
2011-02-03,13.2,9.8,14.4,3.0,,,,,,
2011-02-04,11.4,7.4,14.2,0.0,,,,,,
2011-02-05,12.6,8.0,17.8,0.0,,,,,,
2011-02-06,12.9,10.0,16.8,0.0,,,,,,
2011-02-07,12.3,,15.1,0.0,,,,,,
2011-02-08,12.2,8.7,14.3,0.0,,,,,,
2011-02-09,12.1,8.5,15.3,0.0,,,,,,
2011-02-10,13.3,11.0,16.0,0.0,,,,,,
2011-02-11,13.1,10.0,14.8,0.0,,,,,,
2011-02-12,12.6,9.0,15.2,0.0,,,,,,
2011-02-14,14.8,,16.4,2.0,,,,,,
2011-02-15,15.4,12.0,18.0,0.0,,,,,,
2011-02-16,15.7,,19.6,4.1,,,,,,
2011-02-17,14.2,11.5,16.8,9.9,,,,,,
2011-02-18,15.5,14.0,17.8,0.0,,,,,,
2011-02-19,14.8,11.5,18.0,0.0,,,,,,
2011-02-20,15.8,,17.7,0.0,,,,,,
2011-02-21,17.0,,19.0,0.5,,,,,,
2011-02-22,17.3,15.8,19.4,0.0,,,,,,
2011-02-23,16.1,13.5,18.1,0.0,,,,,,
2011-02-24,15.8,12.5,19.0,0.0,,,,,,
2011-02-25,14.3,10.5,16.0,0.0,,,,,,
2011-02-26,16.2,11.5,21.0,0.0,,,,,,
2011-02-27,15.6,,19.0,0.0,,,,,,
2011-02-28,11.9,9.8,14.6,0.0,,,,,,
2011-03-01,11.4,9.5,14.2,0.0,,,,,,
2011-03-02,10.7,8.0,12.5,2.0,,,,,,
2011-03-03,11.5,8.0,13.7,0.0,,,,,,
2011-03-04,13.1,8.8,16.0,0.0,,,,,,
2011-03-05,14.2,10.0,17.5,0.0,,,,,,
2011-03-06,15.5,15.0,16.6,0.0,,,,,,
2011-03-07,15.1,15.0,16.2,0.0,,,,,,
2011-03-08,16.5,14.0,18.0,0.0,,,,,,
2011-03-09,16.5,15.5,18.4,0.0,,,,,,
2011-03-10,15.7,15.2,16.0,0.0,,,,,,
2011-03-11,18.1,15.0,23.0,0.0,,,,,,
2011-03-12,16.0,12.0,18.8,0.5,,,,,,
2011-03-13,16.1,13.4,19.8,3.0,,,,,,
2011-03-14,19.1,15.0,26.2,0.0,,,,,,
2011-03-15,15.4,14.0,17.9,0.0,,,,,,
2011-03-16,16.0,12.5,18.0,0.0,,,,,,
2011-03-18,15.5,13.2,17.8,0.0,,,,,,
2011-03-19,15.3,11.0,18.1,0.0,,,,,,
2011-03-20,15.7,13.1,18.5,0.0,,,,,,
2011-03-21,14.9,14.0,16.2,0.0,,,,,,
2011-03-22,14.6,,15.5,0.0,,,,,,
2011-03-23,18.9,12.0,24.7,1.0,,,,,,
2011-03-24,22.2,16.0,24.6,0.0,,,,,,
2011-03-25,16.8,15.0,20.0,0.0,,,,,,
2011-03-26,15.9,,16.4,,,,,,,
2011-03-27,18.6,13.3,22.0,0.0,,,,,,
2011-03-28,17.7,14.5,20.0,0.0,,,,,,
2011-03-29,17.8,14.2,20.2,0.0,,,,,,
2011-03-30,17.8,15.8,21.0,0.0,,,,,,
2011-03-31,17.4,15.0,19.2,0.0,,,,,,
2011-04-01,19.9,17.2,22.2,0.0,,,,,,
2011-04-02,17.4,16.3,18.8,0.0,,,,,,
2011-04-03,18.1,16.6,20.2,0.0,,,,,,
2011-04-04,17.3,16.8,18.3,0.0,,,,,,
2011-04-05,17.2,16.6,18.0,0.0,,,,,,
2011-04-06,19.3,16.8,22.0,0.0,,,,,,
2011-04-07,16.8,16.2,17.0,0.0,,,,,,
2011-04-08,15.7,14.3,16.4,0.0,,,,,,
2011-04-09,16.9,14.5,20.2,0.0,,,,,,
2011-04-11,17.2,17.0,18.0,0.0,,,,,,
2011-04-12,16.9,16.0,17.6,0.0,,,,,,
2011-04-13,17.5,15.0,18.5,0.0,,,,,,
2011-04-14,18.3,,19.5,0.0,,,,,,
2011-04-15,17.3,16.4,18.6,0.0,,,,,,
2011-04-16,16.8,15.8,18.5,0.0,,,,,,
2011-04-17,16.2,15.2,16.6,0.0,,,,,,
2011-04-18,16.5,,17.0,0.0,,,,,,
2011-04-19,16.9,16.0,17.6,0.0,,,,,,
2011-04-20,16.4,15.8,16.9,0.0,,,,,,
2011-04-21,17.0,16.3,17.9,1.0,,,,,,
2011-04-22,17.3,,19.4,0.3,,,,,,
2011-04-23,17.3,14.0,19.3,2.0,,,,,,
2011-04-24,14.9,14.2,15.2,7.1,,,,,,
2011-04-25,16.0,14.8,17.0,15.0,,,,,,
2011-04-26,17.2,14.2,18.6,6.1,,,,,,
2011-04-27,20.1,16.2,23.6,0.0,,,,,,
2011-04-28,18.9,18.0,20.2,0.0,,,,,,
2011-04-29,17.5,,18.2,0.0,,,,,,
2011-04-30,18.6,15.6,21.5,2.0,,,,,,
2011-05-01,19.2,16.7,21.1,0.0,,,,,,
2011-05-02,16.5,13.8,18.2,7.1,,,,,,
2011-05-03,19.9,16.0,21.8,0.0,,,,,,
2011-05-04,18.9,15.5,22.2,0.0,,,,,,
2011-05-06,18.6,17.0,20.2,0.0,,,,,,
2011-05-07,20.8,19.0,22.2,0.0,,,,,,
2011-05-08,19.2,16.1,20.9,0.0,,,,,,
2011-05-09,19.2,17.5,22.5,0.0,,,,,,
2011-05-10,18.3,17.2,19.2,0.0,,,,,,
2011-05-11,18.7,17.2,19.8,0.0,,,,,,
2011-05-12,18.9,17.5,20.0,0.0,,,,,,
2011-05-13,18.8,17.6,19.5,0.0,,,,,,
2011-05-14,18.8,17.2,19.3,0.0,,,,,,
2011-05-15,18.8,18.2,19.2,0.0,,,,,,
2011-05-16,18.7,17.5,19.3,0.0,,,,,,
2011-05-17,17.6,,19.3,2.0,,,,,,
2011-05-18,17.9,,18.6,3.0,,,,,,
2011-05-19,18.2,,19.2,8.9,,,,,,
2011-05-20,18.3,17.6,19.0,0.0,,,,,,
2011-05-21,19.1,17.1,19.9,4.1,,,,,,
2011-05-22,19.2,15.8,20.5,0.0,,,,,,
2011-05-24,22.8,18.6,25.0,0.0,,,,,,
2011-05-26,21.6,19.5,24.8,0.0,,,,,,
2011-05-27,23.3,21.2,29.8,0.0,,,,,,
2011-05-28,25.5,21.5,31.7,0.0,,,,,,
2011-05-29,23.1,20.6,28.1,0.0,,,,,,
2011-05-30,23.2,21.2,25.0,0.0,,,,,,
2011-06-01,21.1,20.0,23.3,0.0,,,,,,
2011-06-02,20.1,19.6,20.4,0.0,,,,,,
2011-06-03,19.1,18.0,19.7,0.0,,,,,,
2011-06-04,19.1,17.0,19.7,0.0,,,,,,
2011-06-05,19.9,18.2,21.2,0.0,,,,,,
2011-06-06,20.7,19.0,23.4,0.0,,,,,,
2011-06-07,22.5,20.0,24.2,0.0,,,,,,
2011-06-08,21.4,18.8,24.2,0.0,,,,,,
2011-06-09,20.2,18.9,21.4,0.0,,,,,,
2011-06-10,22.5,20.0,23.4,0.0,,,,,,
2011-06-11,21.2,18.8,22.5,0.0,,,,,,
2011-06-12,21.8,19.0,24.0,0.0,,,,,,
2011-06-13,21.4,19.8,22.8,0.0,,,,,,
2011-06-14,23.4,21.0,27.7,0.0,,,,,,
2011-06-15,22.4,20.0,24.0,0.0,,,,,,
2011-06-16,23.1,20.0,25.2,0.0,,,,,,
2011-06-17,25.0,22.8,26.5,0.0,,,,,,
2011-06-20,23.0,22.7,23.6,0.0,,,,,,
2011-06-21,23.1,22.0,23.9,0.0,,,,,,
2011-06-22,23.7,22.8,24.4,0.0,,,,,,
2011-06-23,23.9,22.2,25.2,0.0,,,,,,
2011-06-24,23.7,,24.2,0.0,,,,,,
2011-06-25,23.1,21.8,24.3,0.0,,,,,,
2011-06-26,23.8,21.8,24.6,0.0,,,,,,
2011-06-27,22.8,21.8,24.2,0.0,,,,,,
2011-06-28,23.6,21.0,25.6,0.0,,,,,,
2011-06-29,23.1,21.3,25.5,0.0,,,,,,
2011-06-30,24.4,22.5,25.2,0.0,,,,,,
2011-07-01,23.4,23.0,24.2,0.0,,,,,,
2011-07-02,24.4,22.0,26.3,0.0,,,,,,
2011-07-03,28.6,24.0,31.2,0.0,,,,,,
2011-07-04,24.5,23.8,25.6,0.0,,,,,,
2011-07-05,23.0,20.2,24.2,0.0,,,,,,
2011-07-06,24.8,22.0,26.6,0.0,,,,,,
2011-07-07,29.6,24.0,33.6,0.0,,,,,,
2011-07-08,25.2,,28.0,0.0,,,,,,
2011-07-09,24.8,23.2,26.0,0.0,,,,,,
2011-07-10,25.3,24.1,26.2,0.0,,,,,,
2011-07-11,25.1,24.0,28.3,0.0,,,,,,
2011-07-12,25.9,24.0,29.6,0.0,,,,,,
2011-07-13,26.3,,28.0,0.0,,,,,,
2011-07-14,24.1,22.5,25.3,0.0,,,,,,
2011-07-15,24.8,23.8,26.2,0.0,,,,,,
2011-07-16,24.4,23.8,25.3,0.0,,,,,,
2011-07-17,27.9,23.5,32.3,0.0,,,,,,
2011-07-20,24.4,23.0,26.0,0.0,,,,,,
2011-07-21,24.1,23.8,24.8,0.0,,,,,,
2011-07-22,23.9,,24.4,0.0,,,,,,
2011-07-23,24.3,23.0,24.8,0.0,,,,,,
2011-07-24,25.2,24.0,26.2,0.0,,,,,,
2011-07-25,24.0,21.4,25.5,0.0,,,,,,
2011-07-26,27.6,24.6,30.7,0.0,,,,,,
2011-07-27,25.9,,26.8,0.0,,,,,,
2011-07-28,24.1,24.0,24.4,0.0,,,,,,
2011-07-29,24.2,23.2,24.8,0.0,,,,,,
2011-07-30,24.3,22.2,25.2,0.0,,,,,,
2011-07-31,25.8,22.4,27.0,0.0,,,,,,
2011-08-01,26.3,22.5,31.1,0.0,,,,,,
2011-08-02,25.3,,26.8,0.0,,,,,,
2011-08-03,24.9,23.1,26.0,0.0,,,,,,
2011-08-04,25.6,24.0,26.4,0.0,,,,,,
2011-08-05,25.2,23.5,25.8,0.0,,,,,,
2011-08-06,27.9,24.1,32.0,0.0,,,,,,
2011-08-07,27.7,25.8,32.0,0.0,,,,,,
2011-08-08,28.3,,32.2,0.0,,,,,,
2011-08-09,25.5,,26.2,0.0,,,,,,
2011-08-10,23.2,22.8,24.8,0.0,,,,,,
2011-08-11,22.1,21.2,23.3,0.0,,,,,,
2011-08-12,22.4,,24.2,0.0,,,,,,
2011-08-13,24.6,23.0,25.8,0.0,,,,,,
2011-08-14,25.7,23.0,27.0,0.0,,,,,,
2011-08-15,26.7,24.2,28.1,0.0,,,,,,
2011-08-16,25.5,24.4,26.4,0.0,,,,,,
2011-08-17,26.0,23.3,29.8,0.0,,,,,,
2011-08-18,26.1,25.0,28.0,0.0,,,,,,
2011-08-19,26.2,25.7,26.8,0.0,,,,,,
2011-08-20,25.5,25.0,26.1,0.0,,,,,,
2011-08-21,25.2,23.8,26.4,0.0,,,,,,
2011-08-22,26.1,24.5,27.5,0.0,,,,,,
2011-08-23,26.1,24.0,28.3,0.0,,,,,,
2011-08-24,26.3,25.0,28.1,0.0,,,,,,
2011-08-25,27.2,24.8,30.1,0.0,,,,,,
2011-08-26,28.6,25.0,31.0,0.0,,,,,,
2011-08-27,26.2,24.8,27.6,0.0,,,,,,
2011-08-28,25.8,25.0,26.4,0.0,,,,,,
2011-08-29,25.9,24.5,27.0,0.0,,,,,,
2011-08-30,26.9,24.4,28.6,0.0,,,,,,
2011-08-31,27.2,24.0,29.0,0.0,,,,,,
2011-09-01,25.9,23.4,27.8,0.0,,,,,,
2011-09-02,24.2,22.8,26.0,0.0,,,,,,
2011-09-03,23.3,20.2,24.9,4.1,,,,,,
2011-09-04,23.8,20.0,26.2,0.0,,,,,,
2011-09-05,23.8,20.0,25.4,0.0,,,,,,
2011-09-06,24.7,22.4,25.5,0.0,,,,,,
2011-09-07,24.4,23.5,25.0,0.0,,,,,,
2011-09-08,23.6,21.3,24.6,0.0,,,,,,
2011-09-09,23.8,20.4,26.2,0.0,,,,,,
2011-09-10,23.9,21.0,25.2,0.0,,,,,,
2011-09-11,25.3,21.0,27.5,0.0,,,,,,
2011-09-12,24.5,22.0,26.5,0.0,,,,,,
2011-09-13,24.7,22.9,25.2,0.0,,,,,,
2011-09-14,24.4,23.0,25.2,0.0,,,,,,
2011-09-15,23.9,23.1,24.6,0.0,,,,,,
2011-09-16,24.7,24.0,25.4,0.0,,,,,,
2011-09-17,24.4,23.8,25.4,0.0,,,,,,
2011-09-19,24.3,23.8,25.5,0.0,,,,,,
2011-09-20,23.7,23.0,24.6,0.0,,,,,,
2011-09-21,23.6,22.4,24.2,0.0,,,,,,
2011-09-22,24.0,22.9,26.0,0.0,,,,,,
2011-09-23,22.8,21.0,24.2,0.0,,,,,,
2011-09-24,23.1,21.5,23.8,0.0,,,,,,
2011-09-25,23.1,19.8,24.4,0.0,,,,,,
2011-09-26,23.6,22.8,24.6,0.0,,,,,,
2011-09-27,22.8,,23.5,0.0,,,,,,
2011-09-28,22.1,22.0,23.3,0.0,,,,,,
2011-09-29,22.3,21.0,24.8,0.0,,,,,,
2011-09-30,22.0,,23.1,0.0,,,,,,
2011-10-01,22.7,21.2,24.0,0.0,,,,,,
2011-10-02,21.7,,23.1,0.0,,,,,,
2011-10-03,22.4,21.2,23.1,0.0,,,,,,
2011-10-04,21.9,19.5,23.2,0.0,,,,,,
2011-10-05,21.7,19.5,22.8,0.0,,,,,,
2011-10-06,22.3,20.2,23.3,0.0,,,,,,
2011-10-07,21.4,17.5,23.0,0.0,,,,,,
2011-10-08,22.4,20.2,23.4,0.0,,,,,,
2011-10-09,21.1,16.9,23.0,0.0,,,,,,
2011-10-10,22.9,19.8,26.0,0.0,,,,,,
2011-10-11,22.5,20.4,25.0,0.0,,,,,,
2011-10-12,22.3,18.6,24.8,0.0,,,,,,
2011-10-13,21.6,19.2,23.0,0.0,,,,,,
2011-10-14,20.8,18.0,22.2,0.0,,,,,,
2011-10-15,22.0,19.9,22.8,0.0,,,,,,
2011-10-16,21.4,18.2,22.5,0.0,,,,,,
2011-10-18,20.1,17.6,21.2,0.0,,,,,,
2011-10-19,21.3,18.0,22.5,0.0,,,,,,
2011-10-20,21.0,17.8,23.2,0.0,,,,,,
2011-10-21,20.3,17.8,22.2,0.0,,,,,,
2011-10-22,20.7,19.3,21.4,0.0,,,,,,
2011-10-23,21.4,18.8,23.1,0.0,,,,,,
2011-10-24,23.8,17.9,27.9,0.0,,,,,,
2011-10-25,21.0,19.2,22.2,0.0,,,,,,
2011-10-26,21.3,16.8,24.6,0.0,,,,,,
2011-10-27,20.6,17.0,24.4,0.0,,,,,,
2011-10-28,18.6,16.4,20.0,1.0,,,,,,
2011-10-29,18.8,16.5,20.3,7.9,,,,,,
2011-10-30,21.0,18.5,21.3,31.0,,,,,,
2011-10-31,20.1,18.2,22.0,3.0,,,,,,
2011-11-01,20.3,17.5,24.9,0.0,,,,,,
2011-11-02,20.4,18.5,24.8,0.0,,,,,,
2011-11-03,22.2,19.2,26.5,0.0,,,,,,
2011-11-04,18.0,,22.0,0.0,,,,,,
2011-11-05,16.1,12.8,19.2,10.9,,,,,,
2011-11-06,18.3,16.9,19.2,0.0,,,,,,
2011-11-07,16.6,13.6,19.2,0.0,,,,,,
2011-11-08,16.9,14.0,20.0,0.0,,,,,,
2011-11-09,16.5,13.0,19.2,0.0,,,,,,
2011-11-10,16.3,13.2,18.7,0.0,,,,,,
2011-11-11,18.1,15.0,22.0,0.0,,,,,,
2011-11-12,22.6,18.3,27.2,0.0,,,,,,
2011-11-13,22.7,19.4,27.2,0.0,,,,,,
2011-11-14,21.3,,24.0,,,,,,,
2011-11-15,16.8,,18.2,2.0,,,,,,
2011-11-16,17.3,16.5,18.6,5.1,,,,,,
2011-11-17,17.2,13.5,19.0,0.0,,,,,,
2011-11-18,16.6,,18.3,0.0,,,,,,
2011-11-19,18.7,,22.7,0.3,,,,,,
2011-11-20,20.0,16.0,21.2,0.0,,,,,,
2011-11-21,16.3,14.5,17.8,1.0,,,,,,
2011-11-22,17.6,,18.7,8.9,,,,,,
2011-11-23,15.5,13.0,18.2,0.0,,,,,,
2011-11-24,16.1,13.0,18.0,0.0,,,,,,
2011-11-25,17.2,15.2,19.4,0.0,,,,,,
2011-11-26,17.4,17.0,18.2,5.1,,,,,,
2011-11-27,16.3,,18.2,0.0,,,,,,
2011-11-28,15.9,,16.5,43.9,,,,,,
2011-11-29,16.1,14.0,18.5,6.1,,,,,,
2011-11-30,16.6,13.3,19.0,0.0,,,,,,
2011-12-01,16.9,15.2,20.0,0.0,,,,,,
2011-12-02,16.9,12.7,21.0,0.0,,,,,,
2011-12-03,13.2,11.0,16.0,5.1,,,,,,
2011-12-04,14.0,10.2,16.8,0.0,,,,,,
2011-12-05,15.1,12.0,17.0,0.0,,,,,,
2011-12-06,15.6,12.4,19.0,0.0,,,,,,
2011-12-07,15.3,11.8,19.9,0.0,,,,,,
2011-12-08,14.4,,17.5,0.0,,,,,,
2011-12-09,12.9,9.4,15.6,0.0,,,,,,
2011-12-10,16.0,11.4,19.4,0.0,,,,,,
2011-12-11,16.7,12.8,20.4,0.0,,,,,,
2011-12-12,16.2,14.0,17.6,0.0,,,,,,
2011-12-13,16.0,,18.2,0.0,,,,,,
2011-12-14,16.4,13.0,20.6,0.0,,,,,,
2011-12-15,17.3,14.0,20.4,0.0,,,,,,
2011-12-16,15.6,11.6,19.1,0.0,,,,,,
2011-12-17,17.3,15.2,19.5,,,,,,,
2011-12-18,13.4,,15.0,0.0,,,,,,
2011-12-19,13.1,,15.2,0.0,,,,,,
2011-12-20,12.8,7.4,16.5,0.0,,,,,,
2011-12-21,13.8,9.0,18.7,0.0,,,,,,
2011-12-22,14.7,10.0,20.0,0.0,,,,,,
2011-12-23,13.9,10.5,17.6,0.0,,,,,,
2011-12-24,13.3,8.0,17.0,0.0,,,,,,
2011-12-25,14.6,11.5,17.0,0.0,,,,,,
2011-12-26,13.4,10.4,15.3,0.0,,,,,,
2011-12-27,12.3,11.1,15.2,0.0,,,,,,
2011-12-28,12.2,9.5,15.8,19.1,,,,,,
2011-12-29,13.9,10.8,15.3,3.0,,,,,,
2011-12-30,12.8,9.0,16.5,7.9,,,,,,
2011-12-31,13.8,9.8,17.8,0.0,,,,,,
2012-01-01,14.0,10.6,17.0,0.0,,,,,,
2012-01-02,14.8,11.5,18.0,0.0,,,,,,
2012-01-03,14.1,11.5,16.0,0.0,,,,,,
2012-01-04,12.7,9.5,16.3,0.0,,,,,,
2012-01-05,13.0,9.0,16.0,0.0,,,,,,
2012-01-06,15.5,11.2,18.0,0.0,,,,,,
2012-01-07,14.5,11.5,18.0,0.0,,,,,,
2012-01-08,12.9,10.0,17.5,0.0,,,,,,
2012-01-09,12.4,8.5,15.8,0.0,,,,,,
2012-01-10,12.5,,16.8,0.0,,,,,,
2012-01-11,13.2,,16.0,0.0,,,,,,
2012-01-12,12.9,9.0,17.8,0.0,,,,,,
2012-01-13,13.0,9.5,15.8,0.0,,,,,,
2012-01-14,13.3,9.7,19.2,0.0,,,,,,
2012-01-15,14.0,11.5,15.9,0.0,,,,,,
2012-01-16,12.3,10.5,14.8,5.1,,,,,,
2012-01-17,11.7,8.5,15.2,30.0,,,,,,
2012-01-18,14.4,,15.2,0.0,,,,,,
2012-01-19,12.8,9.1,15.3,0.0,,,,,,
2012-01-20,12.4,7.9,15.9,0.0,,,,,,
2012-01-21,10.8,7.5,13.8,0.0,,,,,,
2012-01-22,11.2,8.0,13.9,0.0,,,,,,
2012-01-23,11.9,8.0,15.0,0.0,,,,,,
2012-01-24,12.8,7.4,17.5,0.0,,,,,,
2012-01-25,12.1,,14.4,0.0,,,,,,
2012-01-26,13.1,11.0,15.5,0.0,,,,,,
2012-01-27,12.6,9.0,14.9,0.0,,,,,,
2012-01-28,12.0,10.5,14.5,0.0,,,,,,
2012-01-29,12.2,11.5,14.0,13.0,,,,,,
2012-01-31,10.8,6.0,14.2,0.0,,,,,,
2012-02-01,13.9,8.4,20.3,0.0,,,,,,
2012-02-02,12.1,,13.8,0.0,,,,,,
2012-02-04,7.3,7.0,8.4,0.0,,,,,,
2012-02-05,9.7,8.0,11.4,1.0,,,,,,
2012-02-06,13.9,4.6,15.9,0.8,,,,,,
2012-02-07,14.7,,16.0,0.0,,,,,,
2012-02-08,10.0,,11.3,0.5,,,,,,
2012-02-09,9.4,,11.5,0.0,,,,,,
2012-02-10,10.5,7.5,13.0,0.0,,,,,,
2012-02-11,11.1,8.2,13.0,0.0,,,,,,
2012-02-12,9.6,7.9,12.2,0.5,,,,,,
2012-02-13,8.3,3.9,10.9,0.0,,,,,,
2012-02-14,10.0,4.6,13.3,0.0,,,,,,
2012-02-15,10.0,6.2,12.8,3.0,,,,,,
2012-02-16,10.7,5.8,13.5,0.0,,,,,,
2012-02-18,12.5,10.0,14.6,0.0,,,,,,
2012-02-19,11.3,9.4,14.0,0.0,,,,,,
2012-02-21,11.9,9.5,14.5,0.0,,,,,,
2012-02-22,10.8,7.0,13.8,0.0,,,,,,
2012-02-24,13.3,9.2,16.3,0.0,,,,,,
2012-02-25,13.1,9.2,15.8,0.0,,,,,,
2012-02-26,17.6,12.6,20.8,0.0,,,,,,
2012-02-27,15.0,11.5,18.6,0.0,,,,,,
2012-02-28,13.6,11.0,15.6,0.0,,,,,,
2012-02-29,14.2,12.6,15.2,0.0,,,,,,
2012-03-01,13.3,10.0,16.8,0.0,,,,,,
2012-03-02,14.3,13.0,15.3,0.0,,,,,,
2012-03-03,14.2,10.0,17.0,0.0,,,,,,
2012-03-04,15.1,10.5,18.2,0.0,,,,,,
2012-03-05,15.6,13.7,18.2,0.0,,,,,,
2012-03-06,14.4,13.5,16.0,0.0,,,,,,
2012-03-07,12.8,10.3,14.7,0.0,,,,,,
2012-03-08,13.8,9.4,17.4,0.0,,,,,,
2012-03-09,12.3,11.0,14.9,0.0,,,,,,
2012-03-10,12.9,10.7,14.9,4.1,,,,,,
2012-03-11,12.9,7.4,15.8,1.0,,,,,,
2012-03-12,13.8,8.8,17.3,0.0,,,,,,
2012-03-13,15.2,11.4,18.9,0.0,,,,,,
2012-03-14,15.4,11.7,18.8,0.0,,,,,,
2012-03-15,14.4,12.2,16.8,0.0,,,,,,
2012-03-16,15.3,,16.3,0.0,,,,,,
2012-03-17,16.0,11.6,18.6,0.0,,,,,,
2012-03-18,17.5,13.3,21.1,0.0,,,,,,
2012-03-19,15.8,13.1,17.8,0.0,,,,,,
2012-03-20,14.6,,17.4,0.0,,,,,,
2012-03-21,13.8,11.6,15.8,0.0,,,,,,
2012-03-22,15.1,12.3,16.4,0.0,,,,,,
2012-03-23,16.3,13.2,20.7,0.0,,,,,,
2012-03-24,14.6,,15.4,0.0,,,,,,
2012-03-25,14.8,14.0,15.2,0.3,,,,,,
2012-03-26,14.3,13.8,15.3,0.8,,,,,,
2012-03-27,15.3,14.8,15.8,19.1,,,,,,
2012-03-28,15.7,15.2,16.7,0.0,,,,,,
2012-03-29,15.3,14.9,15.6,0.0,,,,,,
2012-03-30,16.0,14.6,17.8,0.0,,,,,,
2012-03-31,16.6,14.9,18.2,0.0,,,,,,
2012-04-01,17.4,14.3,18.8,0.0,,,,,,
2012-04-02,16.3,14.8,18.3,0.0,,,,,,
2012-04-03,16.7,12.7,20.2,0.3,,,,,,
2012-04-04,17.2,13.4,19.2,0.0,,,,,,
2012-04-05,15.1,,17.0,0.0,,,,,,
2012-04-06,14.8,11.7,17.2,4.1,,,,,,
2012-04-07,15.8,11.6,19.2,0.0,,,,,,
2012-04-08,16.3,11.8,18.5,0.0,,,,,,
2012-04-09,17.8,13.6,20.3,0.0,,,,,,
2012-04-10,20.3,17.1,23.2,0.0,,,,,,
2012-04-11,18.2,15.4,20.4,0.0,,,,,,
2012-04-12,15.1,14.4,16.4,0.0,,,,,,
2012-04-13,15.7,,16.6,7.1,,,,,,
2012-04-14,17.0,,18.8,6.1,,,,,,
2012-04-16,15.6,14.7,16.7,4.1,,,,,,
2012-04-17,15.7,12.2,19.6,0.0,,,,,,
2012-04-18,18.8,13.3,20.6,0.0,,,,,,
2012-04-19,16.8,15.2,18.2,0.0,,,,,,
2012-04-20,18.2,15.9,21.4,0.0,,,,,,
2012-04-21,19.2,,21.9,0.0,,,,,,
2012-04-22,21.3,19.2,23.7,0.0,,,,,,
2012-04-23,19.5,,21.7,0.0,,,,,,
2012-04-24,19.6,16.4,21.9,0.0,,,,,,
2012-04-25,18.2,14.2,20.7,0.0,,,,,,
2012-04-26,18.3,14.1,20.2,0.0,,,,,,
2012-04-27,19.2,16.1,21.8,0.0,,,,,,
2012-04-28,17.0,,20.8,0.0,,,,,,
2012-04-29,16.9,12.4,19.8,0.3,,,,,,
2012-04-30,16.8,13.5,18.7,0.5,,,,,,
2012-05-01,16.7,12.8,18.4,0.0,,,,,,
2012-05-02,17.2,,18.3,0.0,,,,,,
2012-05-03,18.3,13.8,19.8,0.0,,,,,,
2012-05-04,19.7,15.7,21.5,0.0,,,,,,
2012-05-05,19.3,15.8,22.1,0.0,,,,,,
2012-05-06,19.8,17.2,21.4,0.5,,,,,,
2012-05-08,20.4,,21.8,0.0,,,,,,
2012-05-09,21.3,17.0,24.2,0.0,,,,,,
2012-05-11,18.9,17.8,19.9,0.0,,,,,,
2012-05-12,19.2,16.1,20.9,0.0,,,,,,
2012-05-13,19.4,15.8,21.3,0.0,,,,,,
2012-05-14,21.4,19.0,23.4,0.0,,,,,,
2012-05-15,20.5,18.1,21.7,0.0,,,,,,
2012-05-16,20.3,18.5,21.3,0.0,,,,,,
2012-05-17,19.8,18.6,21.0,0.0,,,,,,
2012-05-18,20.4,18.3,22.4,0.0,,,,,,
2012-05-19,21.6,19.1,23.5,0.0,,,,,,
2012-05-20,19.3,17.9,20.7,0.0,,,,,,
2012-05-21,18.7,16.2,21.3,0.0,,,,,,
2012-05-22,19.5,14.8,21.2,0.0,,,,,,
2012-05-23,20.5,15.3,22.2,0.0,,,,,,
2012-05-24,21.8,20.2,24.7,0.0,,,,,,
2012-05-25,21.1,19.7,22.1,0.0,,,,,,
2012-05-26,20.3,18.2,21.4,0.0,,,,,,
2012-05-27,21.9,18.2,23.3,0.0,,,,,,
2012-05-28,20.3,19.1,21.9,0.0,,,,,,
2012-05-29,21.3,19.4,22.7,0.0,,,,,,
2012-05-30,20.9,19.1,22.7,0.0,,,,,,
2012-05-31,21.6,20.4,23.9,0.0,,,,,,
2012-06-01,23.1,20.0,24.4,0.0,,,,,,
2012-06-02,22.4,19.7,23.9,0.0,,,,,,
2012-06-03,22.8,20.6,25.7,0.0,,,,,,
2012-06-04,23.8,20.4,25.5,0.0,,,,,,
2012-06-05,22.0,19.7,23.3,0.0,,,,,,
2012-06-06,21.9,19.4,24.9,0.0,,,,,,
2012-06-07,26.3,22.2,31.5,0.0,,,,,,
2012-06-08,25.8,22.1,27.8,0.0,,,,,,
2012-06-09,23.0,20.0,26.2,0.0,,,,,,
2012-06-10,26.1,19.8,30.7,0.0,,,,,,
2012-06-11,29.4,24.0,32.4,0.0,,,,,,
2012-06-12,23.8,21.9,27.3,0.0,,,,,,
2012-06-13,22.3,19.6,23.7,0.0,,,,,,
2012-06-14,21.7,20.9,22.2,0.0,,,,,,
2012-06-15,22.4,20.6,23.6,0.0,,,,,,
2012-06-16,22.9,20.3,24.1,0.0,,,,,,
2012-06-17,22.9,20.1,24.1,0.0,,,,,,
2012-06-18,23.1,21.7,24.7,0.0,,,,,,
2012-06-19,24.7,22.1,26.7,0.0,,,,,,
2012-06-20,24.7,21.6,26.9,0.0,,,,,,
2012-06-21,26.9,22.4,29.7,0.0,,,,,,
2012-06-22,25.6,23.6,28.5,0.0,,,,,,
2012-06-23,23.9,22.7,25.1,0.0,,,,,,
2012-06-24,24.1,22.7,25.3,0.0,,,,,,
2012-06-25,23.8,22.0,25.9,0.0,,,,,,
2012-06-26,24.9,22.0,26.0,0.0,,,,,,
2012-06-27,25.1,23.0,26.3,0.0,,,,,,
2012-06-28,28.1,24.2,29.4,0.0,,,,,,
2012-06-29,30.6,24.8,34.8,0.0,,,,,,
2012-06-30,28.8,25.4,31.3,0.0,,,,,,
2012-07-01,25.7,22.8,28.6,0.0,,,,,,
2012-07-02,24.9,21.2,26.8,0.0,,,,,,
2012-07-03,24.1,22.7,25.6,0.0,,,,,,
2012-07-04,23.9,22.8,25.5,0.0,,,,,,
2012-07-05,30.2,22.3,33.3,0.0,,,,,,
2012-07-06,25.5,24.3,28.2,0.0,,,,,,
2012-07-07,24.8,22.9,25.9,0.0,,,,,,
2012-07-08,25.1,22.8,28.6,0.0,,,,,,
2012-07-09,26.8,24.0,28.7,0.0,,,,,,
2012-07-10,26.2,23.6,29.4,0.0,,,,,,
2012-07-11,26.7,,28.6,0.0,,,,,,
2012-07-12,25.8,24.3,27.2,0.0,,,,,,
2012-07-13,25.8,,27.7,0.0,,,,,,
2012-07-14,29.9,24.0,36.6,0.0,,,,,,
2012-07-15,25.9,23.6,28.2,0.0,,,,,,
2012-07-16,24.6,23.8,25.3,0.0,,,,,,
2012-07-17,23.6,21.7,24.7,,,,,,,
2012-07-18,24.2,21.8,25.6,0.0,,,,,,
2012-07-19,24.2,21.2,25.7,0.0,,,,,,
2012-07-20,24.7,20.8,26.5,0.0,,,,,,
2012-07-21,28.3,24.5,30.8,0.0,,,,,,
2012-07-22,26.0,23.6,27.4,0.0,,,,,,
2012-07-23,26.1,23.7,27.1,0.0,,,,,,
2012-07-24,25.7,22.7,27.3,0.0,,,,,,
2012-07-25,26.0,23.4,29.2,0.0,,,,,,
2012-07-26,26.2,24.0,28.4,0.0,,,,,,
2012-07-27,25.7,23.5,26.8,2.0,,,,,,
2012-07-28,24.7,22.0,26.6,0.0,,,,,,
2012-07-29,26.8,,28.1,,,,,,,
2012-07-30,25.6,22.9,27.3,0.0,,,,,,
2012-08-01,26.5,23.8,29.7,0.0,,,,,,
2012-08-02,30.9,25.2,33.1,0.0,,,,,,
2012-08-03,27.2,25.4,28.4,0.0,,,,,,
2012-08-04,26.3,24.0,27.9,0.0,,,,,,
2012-08-05,29.9,25.5,32.3,0.0,,,,,,
2012-08-06,26.9,24.9,29.1,0.0,,,,,,
2012-08-07,26.8,23.9,28.8,0.0,,,,,,
2012-08-08,26.3,23.4,27.3,0.0,,,,,,
2012-08-09,26.6,24.5,31.6,0.0,,,,,,
2012-08-10,26.0,24.1,27.9,0.0,,,,,,
2012-08-11,26.9,23.3,31.5,0.0,,,,,,
2012-08-12,33.3,27.7,38.1,0.0,,,,,,
2012-08-13,28.8,26.7,31.2,0.0,,,,,,
2012-08-15,27.4,24.4,31.3,0.0,,,,,,
2012-08-16,27.7,24.7,29.8,0.0,,,,,,
2012-08-17,27.0,24.7,30.3,0.0,,,,,,
2012-08-18,26.9,25.1,29.2,0.0,,,,,,
2012-08-19,27.3,25.4,28.6,0.0,,,,,,
2012-08-20,27.1,25.5,28.3,0.0,,,,,,
2012-08-21,27.1,24.8,28.3,0.0,,,,,,
2012-08-22,26.7,24.7,28.1,0.0,,,,,,
2012-08-23,27.1,24.1,28.8,0.0,,,,,,
2012-08-24,30.2,24.1,33.6,0.0,,,,,,
2012-08-25,30.9,26.2,33.5,0.0,,,,,,
2012-08-26,27.9,25.1,31.6,0.0,,,,,,
2012-08-27,26.3,23.6,27.8,0.0,,,,,,
2012-08-28,26.1,24.2,27.5,0.0,,,,,,
2012-08-29,26.3,24.3,28.0,0.0,,,,,,
2012-08-30,28.8,24.7,32.0,0.0,,,,,,
2012-08-31,25.5,23.7,28.7,0.0,,,,,,
2012-09-01,25.2,23.0,27.3,0.0,,,,,,
2012-09-02,23.8,22.3,25.4,0.0,,,,,,
2012-09-03,22.2,19.2,25.6,0.0,,,,,,
2012-09-04,23.2,20.3,25.9,0.0,,,,,,
2012-09-05,23.3,21.3,25.4,0.0,,,,,,
2012-09-06,23.3,22.2,24.9,0.0,,,,,,
2012-09-07,23.9,22.0,25.2,0.0,,,,,,
2012-09-08,25.0,23.0,26.9,0.0,,,,,,
2012-09-09,24.5,23.1,26.5,0.0,,,,,,
2012-09-10,24.5,21.1,26.6,0.0,,,,,,
2012-09-11,24.7,21.2,27.4,0.0,,,,,,
2012-09-12,24.7,22.0,26.6,0.0,,,,,,
2012-09-13,25.7,22.3,28.1,0.0,,,,,,
2012-09-14,24.1,21.4,26.1,0.0,,,,,,
2012-09-15,25.1,20.8,28.7,0.0,,,,,,
2012-09-16,25.2,22.2,27.3,0.0,,,,,,
2012-09-17,24.2,20.1,25.9,0.0,,,,,,
2012-09-18,25.5,21.6,27.1,0.0,,,,,,
2012-09-19,25.2,24.1,27.3,0.0,,,,,,
2012-09-20,24.9,22.9,26.2,0.0,,,,,,
2012-09-21,24.3,21.3,26.3,0.0,,,,,,
2012-09-22,25.2,23.3,26.8,0.0,,,,,,
2012-09-23,24.7,22.9,28.3,0.0,,,,,,
2012-09-24,24.7,,25.7,0.0,,,,,,
2012-09-25,24.3,22.5,26.2,0.0,,,,,,
2012-09-26,23.9,19.9,26.3,0.0,,,,,,
2012-09-27,23.2,21.0,26.2,0.0,,,,,,
2012-09-28,22.3,,26.6,0.3,,,,,,
2012-09-29,22.1,18.2,25.5,0.3,,,,,,
2012-09-30,21.7,19.1,23.9,0.0,,,,,,
2012-10-01,21.6,18.0,23.9,0.0,,,,,,
2012-10-02,22.5,18.4,24.3,0.0,,,,,,
2012-10-03,23.0,18.9,24.8,0.0,,,,,,
2012-10-04,22.6,19.5,24.3,0.0,,,,,,
2012-10-05,22.9,21.2,24.8,0.0,,,,,,
2012-10-06,22.7,20.6,25.2,0.0,,,,,,
2012-10-07,22.6,,24.3,0.0,,,,,,
2012-10-08,21.6,19.2,24.3,0.0,,,,,,
2012-10-09,22.4,19.2,25.0,0.0,,,,,,
2012-10-10,22.1,19.6,24.4,0.0,,,,,,
2012-10-11,26.3,21.1,29.3,0.0,,,,,,
2012-10-12,24.3,22.3,26.7,0.0,,,,,,
2012-10-13,22.4,19.2,24.7,0.0,,,,,,
2012-10-14,22.1,16.8,24.8,0.0,,,,,,
2012-10-15,21.3,20.3,23.2,0.0,,,,,,
2012-10-16,20.8,16.1,23.4,8.9,,,,,,
2012-10-17,21.2,18.3,23.2,0.0,,,,,,
2012-10-18,31.9,21.1,34.2,0.0,,,,,,
2012-10-19,20.4,,27.6,0.0,,,,,,
2012-10-20,17.3,,19.3,5.1,,,,,,
2012-10-21,18.7,14.4,22.4,2.0,,,,,,
2012-10-22,21.1,16.1,24.0,0.0,,,,,,
2012-10-23,21.2,18.8,23.6,0.0,,,,,,
2012-10-24,21.6,18.5,25.9,0.0,,,,,,
2012-10-25,20.8,19.0,24.9,0.0,,,,,,
2012-10-26,23.2,18.3,26.0,0.0,,,,,,
2012-10-27,21.3,19.5,23.3,0.0,,,,,,
2012-10-28,15.8,14.8,17.2,30.0,,,,,,
2012-10-29,16.7,12.6,19.9,0.0,,,,,,
2012-10-30,18.7,15.8,21.3,0.0,,,,,,
2012-10-31,19.0,16.6,20.9,7.1,,,,,,
2012-11-01,19.7,15.6,24.1,0.5,,,,,,
2012-11-02,21.1,18.4,23.8,0.0,,,,,,
2012-11-03,26.1,19.7,30.3,0.0,,,,,,
2012-11-04,27.1,20.7,31.6,0.0,,,,,,
2012-11-05,22.1,,24.6,0.0,,,,,,
2012-11-06,18.5,17.5,20.3,5.1,,,,,,
2012-11-07,19.2,18.0,19.6,3.0,,,,,,
2012-11-08,19.2,18.1,20.3,0.0,,,,,,
2012-11-09,18.8,18.0,20.6,0.0,,,,,,
2012-11-10,17.6,16.0,19.8,5.1,,,,,,
2012-11-11,14.1,,16.9,0.5,,,,,,
2012-11-13,15.7,,16.9,5.1,,,,,,
2012-11-14,17.1,14.5,19.3,6.1,,,,,,
2012-11-15,17.1,14.3,19.9,0.3,,,,,,
2012-11-16,17.1,14.1,20.4,0.0,,,,,,
2012-11-17,17.3,15.5,19.4,0.0,,,,,,
2012-11-18,17.8,15.0,20.3,0.5,,,,,,
2012-11-19,16.8,15.1,19.9,3.0,,,,,,
2012-11-20,17.0,13.2,21.3,0.0,,,,,,
2012-11-21,16.9,,19.3,0.0,,,,,,
2012-11-22,17.4,14.6,19.9,0.0,,,,,,
2012-11-23,16.9,13.9,19.7,0.0,,,,,,
2012-11-24,15.6,,19.3,0.0,,,,,,
2012-11-25,17.6,14.3,21.8,0.0,,,,,,
2012-11-26,17.6,14.0,19.3,0.0,,,,,,
2012-11-27,14.9,14.4,16.7,3.0,,,,,,
2012-11-28,13.2,10.0,15.3,8.9,,,,,,
2012-11-29,13.8,10.0,16.1,1.0,,,,,,
2012-11-30,10.8,,14.0,0.0,,,,,,
2012-12-02,10.9,,13.2,6.1,,,,,,
2012-12-03,13.3,10.5,15.7,6.1,,,,,,
2012-12-04,13.9,9.0,16.8,0.0,,,,,,
2012-12-05,15.6,12.2,17.3,0.0,,,,,,
2012-12-06,14.4,10.5,17.1,0.0,,,,,,
2012-12-07,14.8,13.1,16.7,0.0,,,,,,
2012-12-08,15.8,13.6,17.0,11.9,,,,,,
2012-12-09,13.9,11.3,17.2,16.0,,,,,,
2012-12-10,12.5,8.9,18.0,0.0,,,,,,
2012-12-11,15.6,13.4,17.3,0.0,,,,,,
2012-12-12,14.5,11.9,17.0,0.0,,,,,,
2012-12-13,14.5,,18.0,0.0,,,,,,
2012-12-14,16.8,12.7,20.2,0.0,,,,,,
2012-12-15,18.5,15.3,21.7,0.0,,,,,,
2012-12-16,18.7,14.6,20.9,0.0,,,,,,
2012-12-17,17.9,15.8,20.0,0.0,,,,,,
2012-12-18,16.3,13.8,18.6,0.0,,,,,,
2012-12-19,15.4,11.7,19.6,0.0,,,,,,
2012-12-20,17.6,11.9,21.3,0.0,,,,,,
2012-12-21,17.9,13.9,21.2,0.0,,,,,,
2012-12-22,16.8,13.2,20.6,0.0,,,,,,
2012-12-23,16.5,13.2,19.8,0.0,,,,,,
2012-12-24,13.1,10.6,16.0,0.0,,,,,,
2012-12-25,15.8,11.6,21.2,0.0,,,,,,
2012-12-26,15.8,12.9,17.3,3.0,,,,,,
2012-12-27,14.7,12.3,17.8,0.0,,,,,,
2012-12-28,13.6,,18.1,0.0,,,,,,
2012-12-29,13.0,7.6,18.6,0.0,,,,,,
2012-12-30,15.4,12.9,16.4,0.0,,,,,,
2012-12-31,12.7,9.1,16.7,0.0,,,,,,
2013-01-01,13.6,10.4,14.8,0.0,,,,,,
2013-01-02,13.3,11.3,15.9,1.0,,,,,,
2013-01-03,12.9,11.7,14.7,0.0,,,,,,
2013-01-04,12.6,9.1,16.2,4.1,,,,,,
2013-01-05,12.8,7.8,17.3,0.0,,,,,,
2013-01-06,14.7,10.5,18.6,0.0,,,,,,
2013-01-07,14.3,10.7,18.4,0.0,,,,,,
2013-01-08,15.3,11.3,19.5,0.0,,,,,,
2013-01-09,13.7,9.3,18.3,0.0,,,,,,
2013-01-10,14.4,10.7,19.2,0.0,,,,,,
2013-01-11,14.9,,18.2,0.0,,,,,,
2013-01-12,15.6,11.8,18.0,0.0,,,,,,
2013-01-13,13.7,,15.8,0.0,,,,,,
2013-01-14,13.1,8.4,15.1,2.0,,,,,,
2013-01-15,13.3,9.6,15.3,0.0,,,,,,
2013-01-16,15.1,13.8,15.8,0.0,,,,,,
2013-01-17,16.4,14.2,17.5,2.0,,,,,,
2013-01-18,18.4,16.2,19.7,0.3,,,,,,
2013-01-19,15.7,,21.4,0.0,,,,,,
2013-01-20,13.8,12.4,14.7,6.1,,,,,,
2013-01-21,14.8,12.9,16.4,2.0,,,,,,
2013-01-22,14.3,13.2,15.8,0.0,,,,,,
2013-01-23,12.8,11.1,14.1,2.0,,,,,,
2013-01-24,15.8,13.8,17.3,0.5,,,,,,
2013-01-25,14.8,,15.9,0.0,,,,,,
2013-01-27,16.1,13.2,19.4,0.0,,,,,,
2013-01-28,16.8,,18.9,0.0,,,,,,
2013-01-29,14.7,9.4,19.8,0.0,,,,,,
2013-01-30,15.3,10.3,18.2,0.0,,,,,,
2013-02-01,16.3,10.8,21.4,0.0,,,,,,
2013-02-02,15.9,,17.2,0.3,,,,,,
2013-02-03,12.9,,13.3,0.0,,,,,,
2013-02-04,11.8,6.7,15.9,0.0,,,,,,
2013-02-05,12.7,7.2,18.2,0.0,,,,,,
2013-02-06,15.4,13.3,17.2,0.0,,,,,,
2013-02-07,13.5,,14.6,0.0,,,,,,
2013-02-08,11.9,7.5,14.9,0.0,,,,,,
2013-02-09,11.8,,14.3,0.0,,,,,,
2013-02-10,13.1,8.8,18.0,0.0,,,,,,
2013-02-11,13.6,,15.3,0.0,,,,,,
2013-02-12,12.8,11.4,15.1,3.0,,,,,,
2013-02-13,14.2,10.9,16.2,0.0,,,,,,
2013-02-14,14.3,10.8,18.3,0.0,,,,,,
2013-02-15,14.9,12.4,17.7,0.0,,,,,,
2013-02-16,13.6,10.9,15.4,0.0,,,,,,
2013-02-17,12.7,9.1,16.1,0.0,,,,,,
2013-02-19,15.9,14.1,18.1,0.0,,,,,,
2013-02-20,14.2,,15.6,0.0,,,,,,
2013-02-21,15.5,11.6,18.3,1.0,,,,,,
2013-02-22,18.3,14.6,20.3,0.0,,,,,,
2013-02-23,14.3,12.5,15.0,3.0,,,,,,
2013-02-24,12.0,,14.2,4.1,,,,,,
2013-02-25,10.7,8.4,12.9,8.9,,,,,,
2013-02-26,10.4,6.4,13.4,0.0,,,,,,
2013-02-27,11.8,7.7,14.5,0.0,,,,,,
2013-02-28,13.1,11.1,15.8,0.0,,,,,,
2013-03-01,12.6,8.8,13.7,9.9,,,,,,
2013-03-02,13.1,7.9,15.8,1.0,,,,,,
2013-03-03,14.6,12.6,16.8,0.0,,,,,,
2013-03-04,17.8,13.4,20.7,0.0,,,,,,
2013-03-05,15.5,13.8,16.7,7.1,,,,,,
2013-03-06,18.5,15.2,21.9,7.9,,,,,,
2013-03-07,18.2,15.8,19.9,0.0,,,,,,
2013-03-08,19.3,17.6,21.1,0.0,,,,,,
2013-03-09,18.4,15.3,22.3,0.0,,,,,,
2013-03-10,16.7,13.2,19.0,,,,,,,
2013-03-11,16.3,14.3,17.7,0.0,,,,,,
2013-03-12,16.2,,18.8,0.0,,,,,,
2013-03-13,14.1,,17.4,2.0,,,,,,
2013-03-14,13.4,12.5,14.7,0.0,,,,,,
2013-03-15,14.1,9.2,16.7,0.0,,,,,,
2013-03-16,14.2,10.9,16.9,0.0,,,,,,
2013-03-17,21.4,16.9,24.5,0.0,,,,,,
2013-03-18,19.2,16.6,21.5,0.8,,,,,,
2013-03-19,17.7,14.9,20.2,0.0,,,,,,
2013-03-20,16.2,,18.1,0.5,,,,,,
2013-03-21,16.1,11.1,19.9,0.0,,,,,,
2013-03-22,17.4,12.8,21.2,0.0,,,,,,
2013-03-23,14.1,,16.2,0.0,,,,,,
2013-03-24,15.6,11.2,16.8,6.1,,,,,,
2013-03-25,16.4,14.5,18.6,0.0,,,,,,
2013-03-26,17.9,13.3,20.6,0.0,,,,,,
2013-03-27,18.8,14.7,22.6,0.0,,,,,,
2013-03-28,17.7,14.4,19.8,1.0,,,,,,
2013-03-29,18.9,14.4,22.9,0.0,,,,,,
2013-03-30,20.2,17.2,21.9,0.0,,,,,,
2013-03-31,19.6,15.6,22.5,0.0,,,,,,
2013-04-01,18.3,16.0,20.8,0.3,,,,,,
2013-04-02,17.6,15.2,19.8,0.0,,,,,,
2013-04-03,17.6,12.8,23.8,0.0,,,,,,
2013-04-04,16.5,14.8,18.8,0.0,,,,,,
2013-04-05,17.1,13.1,20.8,7.1,,,,,,
2013-04-06,12.4,10.2,15.2,6.1,,,,,,
2013-04-07,15.0,12.1,17.2,,,,,,,
2013-04-08,15.8,11.1,18.7,0.0,,,,,,
2013-04-09,18.6,12.7,22.1,0.0,,,,,,
2013-04-10,18.7,15.8,21.5,0.0,,,,,,
2013-04-11,19.3,14.6,22.1,0.0,,,,,,
2013-04-12,18.6,15.7,21.6,0.0,,,,,,
2013-04-13,17.9,15.7,19.9,0.8,,,,,,
2013-04-14,16.4,15.6,17.1,0.0,,,,,,
2013-04-15,16.9,15.8,18.1,0.0,,,,,,
2013-04-16,16.2,15.6,16.9,0.3,,,,,,
2013-04-17,16.2,15.0,17.4,0.0,,,,,,
2013-04-18,15.8,15.1,17.1,0.0,,,,,,
2013-04-19,16.7,15.8,18.1,0.0,,,,,,
2013-04-20,16.8,16.5,17.7,0.0,,,,,,
2013-04-21,17.2,,18.7,0.0,,,,,,
2013-04-22,17.3,14.0,18.9,0.0,,,,,,
2013-04-23,16.2,14.9,17.1,0.0,,,,,,
2013-04-24,15.8,,17.1,0.0,,,,,,
2013-04-25,14.3,14.0,14.8,14.0,,,,,,
2013-04-26,17.3,,19.3,97.0,,,,,,
2013-04-27,20.4,15.4,22.5,0.0,,,,,,
2013-04-28,16.2,,18.4,0.0,,,,,,
2013-04-29,14.7,10.4,17.3,3.0,,,,,,
2013-04-30,15.9,12.3,19.2,0.0,,,,,,
2015-11-25,16.3,11.1,18.1,0.0,,,,,,
2015-11-28,16.1,11.6,19.5,0.0,,,,,,
2015-12-01,16.9,,19.3,,,,,,,
2015-12-02,15.8,10.9,18.3,0.0,,,,,,
2015-12-04,15.2,12.2,19.3,0.0,,,,,,
2015-12-05,15.5,,18.8,,,,,,,
2015-12-09,16.1,12.7,18.8,0.0,,,,,,
2015-12-13,15.8,11.7,18.4,0.0,,,,,,
2015-12-14,15.3,11.5,19.2,0.0,,,,,,
2015-12-17,17.1,,20.2,0.0,,,,,,
2015-12-18,15.8,,19.3,0.0,,,,,,
2015-12-21,15.6,11.2,18.3,0.0,,,,,,
2015-12-22,16.2,13.3,19.1,0.0,,,,,,
2015-12-25,14.6,11.7,17.8,0.0,,,,,,
2015-12-26,15.5,12.7,18.8,0.0,,,,,,
2015-12-29,17.4,10.7,20.4,0.0,,,,,,
2015-12-30,17.2,14.3,20.2,0.0,,,,,,
2016-01-02,18.0,12.7,22.2,0.0,,,,,,
2016-01-03,18.5,15.0,20.9,0.0,,,,,,
2016-01-06,15.1,13.3,16.2,0.0,,,,,,
2016-01-07,16.4,11.7,20.7,0.0,,,,,,
2016-01-10,16.2,13.4,20.2,0.0,,,,,,
2016-01-11,18.6,13.4,22.0,0.0,,,,,,
2016-01-14,15.3,11.7,18.1,0.0,,,,,,
2016-01-15,16.6,,19.3,0.0,,,,,,
2016-01-18,13.5,7.4,18.7,0.0,,,,,,
2016-01-19,15.5,,17.6,0.0,,,,,,
2016-01-22,15.1,11.1,18.7,0.0,,,,,,
2016-01-23,15.9,13.4,19.4,0.0,,,,,,
2016-01-26,14.7,12.4,16.7,0.0,,,,,,
2016-01-30,15.5,,16.8,0.0,,,,,,
2016-01-31,15.3,12.0,18.9,2.0,,,,,,
2016-02-03,14.9,11.3,17.4,0.0,,,,,,
2016-02-07,17.1,14.6,18.9,0.0,,,,,,
2016-02-08,16.8,14.1,19.3,0.0,,,,,,
2016-02-11,19.3,17.8,21.3,0.0,,,,,,
2016-02-15,13.7,11.9,15.3,0.5,,,,,,
2016-02-16,10.1,,12.5,3.0,,,,,,
2016-02-19,15.1,12.7,17.4,0.0,,,,,,
2016-02-20,15.8,,17.2,,,,,,,
2016-02-23,17.5,15.1,19.9,0.0,,,,,,
2016-02-24,16.5,11.9,19.3,0.0,,,,,,
2016-02-27,10.9,,12.4,3.0,,,,,,
2016-02-28,11.9,6.3,13.7,1.0,,,,,,
2016-03-02,16.3,10.1,21.2,0.0,,,,,,
2016-03-03,17.1,12.9,18.9,0.0,,,,,,
2016-03-06,14.1,11.3,14.9,2.0,,,,,,
2016-03-07,12.3,10.0,14.5,0.0,,,,,,
2016-03-10,13.8,10.8,15.1,5.1,,,,,,
2016-03-11,13.8,9.4,16.6,0.0,,,,,,
2016-03-14,14.8,10.9,18.8,0.0,,,,,,
2016-03-15,15.2,11.0,17.3,0.0,,,,,,
2016-03-17,16.5,,18.8,,,,,,,
2016-03-18,15.2,11.6,17.2,0.0,,,,,,
2016-03-19,14.7,,17.4,0.0,,,,,,
2016-03-21,14.6,12.8,16.6,0.0,,,,,,
2016-03-22,13.5,,15.1,2.0,,,,,,
2016-03-23,15.1,12.6,17.4,42.9,,,,,,
2016-03-24,15.8,12.2,17.2,0.0,,,,,,
2016-03-25,17.7,11.7,21.0,0.0,,,,,,
2016-03-26,18.2,12.3,22.2,0.0,,,,,,
2016-03-27,18.1,14.0,21.2,0.0,,,,,,
2016-03-29,17.5,13.2,19.4,0.0,,,,,,
2016-03-30,17.2,13.9,20.2,0.0,,,,,,
2016-03-31,17.7,15.6,18.9,0.0,,,,,,
2016-04-01,16.0,14.5,17.1,0.0,,,,,,
2016-04-02,14.8,10.8,18.9,0.0,,,,,,
2016-04-03,16.7,14.1,18.4,0.0,,,,,,
2016-04-04,16.3,13.6,19.2,0.0,,,,,,
2016-04-05,14.9,13.4,16.2,4.1,,,,,,
2016-04-06,14.9,13.4,15.7,16.0,,,,,,
2016-04-07,16.8,14.4,18.5,3.0,,,,,,
2016-04-08,17.0,,22.3,0.0,,,,,,
2016-04-09,17.4,11.1,20.3,0.0,,,,,,
2016-04-10,17.4,11.7,20.3,0.0,,,,,,
2016-04-11,17.3,13.8,19.2,0.0,,,,,,
2016-04-12,18.1,14.5,20.2,0.0,,,,,,
2016-04-13,18.4,15.7,20.2,0.0,,,,,,
2016-04-14,18.0,14.7,20.1,0.0,,,,,,
2016-04-16,19.9,15.6,22.4,0.0,,,,,,
2016-04-17,19.8,17.7,21.8,0.0,,,,,,
2016-04-18,19.1,17.4,22.3,0.0,,,,,,
2016-04-19,18.7,16.8,20.4,0.0,,,,,,
2016-04-20,16.7,15.1,18.1,2.0,,,,,,
2016-04-21,17.4,14.5,19.2,0.0,,,,,,
2016-04-22,18.4,16.4,19.5,0.0,,,,,,
2016-04-24,19.5,14.7,20.6,0.0,,,,,,
2016-04-25,19.0,15.4,21.4,0.0,,,,,,
2016-04-26,19.0,14.9,20.3,0.0,,,,,,
2016-04-27,18.8,15.3,20.7,0.0,,,,,,
2016-04-28,20.2,17.9,23.1,0.0,,,,,,
2016-04-29,18.3,17.2,19.3,0.0,,,,,,
2016-04-30,18.6,17.0,19.9,0.0,,,,,,
2016-05-01,17.9,16.2,19.6,0.0,,,,,,
2016-05-02,16.4,14.0,18.8,0.0,,,,,,
2016-05-03,19.4,15.3,21.8,0.0,,,,,,
2016-05-04,18.6,16.4,19.9,0.0,,,,,,
2016-05-05,18.4,17.1,20.1,0.0,,,,,,
2016-05-06,17.1,,18.1,0.0,,,,,,
2016-05-07,19.0,15.7,21.2,5.1,,,,,,
2016-05-08,19.3,17.6,20.8,0.0,,,,,,
2016-05-09,19.0,17.4,20.8,0.0,,,,,,
2016-05-10,19.7,17.4,23.1,0.0,,,,,,
2016-05-11,18.2,15.1,20.1,5.1,,,,,,
2016-05-12,19.3,16.2,21.6,0.3,,,,,,
2016-05-13,18.9,16.5,20.4,0.0,,,,,,
2016-05-14,19.4,16.8,21.3,0.0,,,,,,
2016-05-15,19.8,16.3,22.4,0.0,,,,,,
2016-05-16,20.1,16.0,21.8,0.0,,,,,,
2016-05-17,21.1,16.4,24.3,0.0,,,,,,
2016-05-18,19.3,18.5,20.4,0.0,,,,,,
2016-05-19,20.2,15.8,21.9,0.0,,,,,,
2016-05-20,21.0,18.5,22.7,0.0,,,,,,
2016-05-21,21.1,17.4,24.4,0.0,,,,,,
2016-05-22,22.6,18.1,27.0,0.0,,,,,,
2016-05-23,21.3,,23.7,0.0,,,,,,
2016-05-24,20.0,18.0,20.8,0.0,,,,,,
2016-05-25,22.3,18.4,24.1,0.0,,,,,,
2016-05-26,21.9,19.2,23.5,0.0,,,,,,
2016-05-27,22.2,19.2,23.9,0.0,,,,,,
2016-05-28,23.9,20.8,25.9,0.0,,,,,,
2016-05-29,21.8,18.4,22.9,0.0,,,,,,
2016-05-30,21.0,17.9,22.7,0.0,,,,,,
2016-05-31,21.2,17.7,22.5,0.0,,,,,,
2016-06-01,22.1,17.9,24.6,0.0,,,,,,
2016-06-02,23.9,21.9,26.3,0.0,,,,,,
2016-06-03,22.9,19.8,24.9,0.0,,,,,,
2016-06-04,24.3,21.0,26.2,0.0,,,,,,
2016-06-05,22.0,19.0,23.1,0.0,,,,,,
2016-06-06,22.1,18.7,23.7,0.0,,,,,,
2016-06-07,21.8,19.6,23.1,0.0,,,,,,
2016-06-08,22.4,19.3,23.4,0.0,,,,,,
2016-06-09,22.3,20.3,23.7,0.0,,,,,,
2016-06-10,27.6,20.7,31.6,0.0,,,,,,
2016-06-11,25.3,22.7,28.4,0.0,,,,,,
2016-06-12,23.5,19.5,25.0,0.0,,,,,,
2016-06-13,29.3,19.9,33.6,0.0,,,,,,
2016-06-14,30.2,27.3,32.7,0.0,,,,,,
2016-06-15,26.3,,28.6,0.0,,,,,,
2016-06-16,22.1,20.1,23.6,0.0,,,,,,
2016-06-17,21.7,18.3,24.6,0.0,,,,,,
2016-06-18,22.5,19.0,23.8,0.0,,,,,,
2016-06-19,22.4,20.4,23.4,0.0,,,,,,
2016-06-20,22.8,20.1,25.6,0.0,,,,,,
2016-06-21,22.4,19.4,24.1,0.0,,,,,,
2016-06-22,22.6,19.6,23.7,0.0,,,,,,
2016-06-23,22.8,20.8,23.7,0.0,,,,,,
2016-06-24,22.2,20.3,23.7,0.0,,,,,,
2016-06-25,22.8,20.8,23.4,0.0,,,,,,
2016-06-26,25.0,20.9,30.7,0.5,,,,,,
2016-06-27,23.5,22.1,24.1,0.3,,,,,,
2016-06-28,22.8,21.9,23.3,0.0,,,,,,
2016-06-29,23.3,22.6,27.3,2.0,,,,,,
2016-06-30,23.3,20.9,24.3,0.0,,,,,,
2016-07-01,23.8,19.6,25.6,0.0,,,,,,
2016-07-02,24.5,,26.0,0.0,,,,,,
2016-07-03,23.6,22.4,24.3,0.0,,,,,,
2016-07-04,25.6,23.3,28.3,0.0,,,,,,
2016-07-05,23.4,22.0,24.8,0.0,,,,,,
2016-07-06,23.8,22.2,24.7,0.0,,,,,,
2016-07-07,23.8,22.7,25.9,0.0,,,,,,
2016-07-08,24.0,22.4,25.5,0.0,,,,,,
2016-07-09,24.3,22.3,25.8,0.0,,,,,,
2016-07-10,24.3,22.6,25.6,0.0,,,,,,
2016-07-11,24.2,22.1,25.6,0.0,,,,,,
2016-07-12,25.5,22.3,27.7,0.0,,,,,,
2016-07-13,25.8,24.3,27.6,0.0,,,,,,
2016-07-14,24.5,22.5,25.5,0.0,,,,,,
2016-07-15,23.7,22.6,25.4,0.0,,,,,,
2016-07-16,22.4,20.2,23.9,0.0,,,,,,
2016-07-17,22.2,20.1,23.3,0.0,,,,,,
2016-07-18,22.9,20.6,27.4,0.0,,,,,,
2016-07-19,22.7,21.2,23.8,0.0,,,,,,
2016-07-20,23.2,21.5,24.6,0.0,,,,,,
2016-07-21,24.1,21.6,26.4,0.0,,,,,,
2016-07-22,29.1,23.7,33.5,0.0,,,,,,
2016-07-23,24.6,21.7,26.5,0.0,,,,,,
2016-07-24,24.5,22.5,26.1,0.0,,,,,,
2016-07-25,25.6,21.6,28.3,0.0,,,,,,
2016-07-26,26.2,22.5,30.7,0.0,,,,,,
2016-07-27,24.7,22.7,26.1,0.0,,,,,,
2016-07-28,25.2,23.0,26.5,0.0,,,,,,
2016-07-29,25.6,23.7,26.4,0.0,,,,,,
2016-07-30,25.9,23.5,27.1,0.0,,,,,,
2016-07-31,29.7,25.7,36.3,0.0,,,,,,
2016-08-01,28.2,26.4,35.3,0.0,,,,,,
2016-08-02,25.4,23.9,26.4,0.0,,,,,,
2016-08-03,26.1,23.8,27.1,0.0,,,,,,
2016-08-04,26.4,23.9,27.8,0.0,,,,,,
2016-08-05,28.5,,31.9,0.0,,,,,,
2016-08-06,25.9,24.6,27.6,0.0,,,,,,
2016-08-07,24.3,22.6,25.6,0.0,,,,,,
2016-08-08,24.3,22.3,25.6,0.0,,,,,,
2016-08-09,24.3,21.5,25.7,0.0,,,,,,
2016-08-10,25.1,23.2,26.4,0.0,,,,,,
2016-08-11,24.2,22.9,25.2,0.0,,,,,,
2016-08-12,23.4,22.2,25.2,0.0,,,,,,
2016-08-13,22.9,20.8,24.1,0.0,,,,,,
2016-08-14,23.4,21.0,24.7,0.0,,,,,,
2016-08-15,23.8,22.4,24.9,0.0,,,,,,
2016-08-16,25.7,23.7,27.7,0.0,,,,,,
2016-08-17,25.6,23.6,28.4,0.0,,,,,,
2016-08-18,28.1,22.7,30.3,0.0,,,,,,
2016-08-19,27.8,25.2,31.6,0.0,,,,,,
2016-08-20,29.1,26.1,32.4,0.0,,,,,,
2016-08-21,26.6,25.3,28.9,0.0,,,,,,
2016-08-22,25.5,24.4,27.3,0.0,,,,,,
2016-08-23,24.9,23.2,26.6,0.0,,,,,,
2016-08-24,24.4,22.8,25.8,0.0,,,,,,
2016-08-25,24.2,22.7,25.5,0.0,,,,,,
2016-08-26,24.8,23.6,26.3,0.0,,,,,,
2016-08-27,25.4,22.9,26.6,0.0,,,,,,
2016-08-28,24.9,21.2,26.2,0.0,,,,,,
2016-08-29,25.5,22.1,26.9,0.0,,,,,,
2016-08-30,25.5,23.0,27.2,0.0,,,,,,
2016-08-31,25.5,23.8,27.2,0.0,,,,,,
2016-09-01,25.2,24.2,26.8,7.9,,,,,,
2016-09-02,24.9,23.8,26.2,0.0,,,,,,
2016-09-03,25.7,23.2,26.9,0.0,,,,,,
2016-09-04,26.7,22.9,28.8,0.0,,,,,,
2016-09-05,27.4,24.4,29.9,0.0,,,,,,
2016-09-06,27.1,25.1,32.1,0.0,,,,,,
2016-09-07,26.8,23.2,27.9,0.0,,,,,,
2016-09-08,26.3,23.7,28.3,0.0,,,,,,
2016-09-09,26.0,22.6,28.2,0.0,,,,,,
2016-09-10,26.3,21.1,28.1,0.0,,,,,,
2016-09-11,25.9,22.8,28.2,0.0,,,,,,
2016-09-12,27.4,24.0,28.8,0.0,,,,,,
2016-09-13,26.4,24.2,28.4,0.0,,,,,,
2016-09-14,24.3,23.6,25.6,0.0,,,,,,
2016-09-15,23.2,19.9,24.8,0.0,,,,,,
2016-09-16,23.7,18.9,25.8,0.0,,,,,,
2016-09-17,24.4,20.1,27.3,0.0,,,,,,
2016-09-18,24.8,21.5,27.5,0.0,,,,,,
2016-09-19,24.2,20.8,26.8,0.0,,,,,,
2016-09-20,22.6,20.3,24.7,0.3,,,,,,
2016-09-21,26.1,21.3,29.7,0.0,,,,,,
2016-09-22,23.1,21.8,25.7,0.0,,,,,,
2016-09-23,23.7,19.6,25.3,0.8,,,,,,
2016-09-24,24.8,22.1,26.6,0.0,,,,,,
2016-09-25,24.2,22.0,27.4,0.0,,,,,,
2016-09-26,25.0,21.8,27.6,0.0,,,,,,
2016-09-27,24.6,23.3,26.3,0.0,,,,,,
2016-09-28,23.2,,25.6,0.0,,,,,,
2016-09-29,24.0,20.9,27.3,0.0,,,,,,
2016-09-30,24.4,22.1,26.9,0.0,,,,,,
2016-10-01,23.6,21.1,25.3,0.0,,,,,,
2016-10-03,24.3,20.7,26.5,0.0,,,,,,
2016-10-04,24.1,21.3,25.8,0.0,,,,,,
2016-10-05,23.8,22.2,25.8,0.3,,,,,,
2016-10-06,23.6,21.4,25.3,0.0,,,,,,
2016-10-07,23.2,19.2,25.0,0.0,,,,,,
2016-10-08,24.4,20.7,27.1,0.0,,,,,,
2016-10-09,23.5,21.3,25.3,0.0,,,,,,
2016-10-10,22.3,19.0,24.8,0.0,,,,,,
2016-10-11,21.8,18.2,23.9,0.0,,,,,,
2016-10-12,21.1,17.7,24.1,0.0,,,,,,
2016-10-13,20.3,,22.5,0.0,,,,,,
2016-10-14,21.7,18.1,24.7,0.3,,,,,,
2016-10-15,21.8,18.9,24.9,0.0,,,,,,
2016-10-16,21.9,18.9,24.1,0.0,,,,,,
2016-10-17,21.8,18.8,24.2,0.0,,,,,,
2016-10-18,22.2,19.8,24.0,0.0,,,,,,
2016-10-19,22.7,21.0,23.9,0.0,,,,,,
2016-10-20,22.8,20.8,24.3,0.0,,,,,,
2016-10-21,22.9,21.0,24.9,0.0,,,,,,
2016-10-22,22.4,21.1,23.3,0.0,,,,,,
2016-10-23,23.1,19.8,25.6,0.0,,,,,,
2016-10-24,23.4,22.0,29.2,0.0,,,,,,
2016-10-25,27.1,,32.8,0.0,,,,,,
2016-10-26,25.8,,31.6,0.0,,,,,,
2016-10-27,23.1,21.1,24.6,0.0,,,,,,
2016-10-28,22.1,21.2,23.4,0.0,,,,,,
2016-10-29,20.8,19.0,22.5,0.0,,,,,,
2016-10-30,20.1,16.9,22.8,0.0,,,,,,
2016-10-31,20.1,16.1,22.6,0.0,,,,,,
2016-11-01,19.8,15.7,22.5,0.0,,,,,,
2016-11-02,19.4,15.3,22.8,0.0,,,,,,
2016-11-03,22.3,18.1,27.4,0.0,,,,,,
2016-11-04,21.3,20.3,23.7,0.0,,,,,,
2016-11-05,22.0,20.6,24.7,0.0,,,,,,
2016-11-06,21.3,,22.3,0.0,,,,,,
2016-11-07,17.3,,18.3,0.0,,,,,,
2016-11-08,15.4,10.9,17.6,11.9,,,,,,
2016-11-09,16.7,12.4,19.6,0.5,,,,,,
2016-11-10,17.9,14.7,21.1,0.0,,,,,,
2016-11-11,17.2,13.3,19.4,0.0,,,,,,
2016-11-12,16.7,12.7,19.5,0.0,,,,,,
2016-11-13,16.6,12.9,19.3,0.0,,,,,,
2016-11-14,17.5,13.3,20.3,0.0,,,,,,
2016-11-15,16.1,,17.6,2.0,,,,,,
2016-11-16,17.1,14.8,17.6,34.0,,,,,,
2016-11-17,16.9,,18.3,0.3,,,,,,
2016-11-18,16.4,12.3,18.9,0.0,,,,,,
2016-11-19,17.4,11.9,21.8,0.0,,,,,,
2016-11-20,17.7,13.7,21.3,0.0,,,,,,
2016-11-21,20.2,15.4,24.4,0.0,,,,,,
2016-11-22,19.5,15.7,27.0,0.0,,,,,,
2016-11-23,15.1,11.9,17.8,11.9,,,,,,
2016-11-24,13.8,,17.0,4.1,,,,,,
2016-11-25,15.3,10.5,20.5,7.1,,,,,,
2016-11-26,18.6,14.4,21.4,0.0,,,,,,
2016-11-27,17.0,14.2,19.8,0.0,,,,,,
2016-11-28,15.1,14.5,16.8,0.0,,,,,,
2016-11-29,16.0,12.6,18.6,4.1,,,,,,
2016-11-30,17.7,14.5,20.7,0.0,,,,,,
2016-12-01,18.3,16.7,21.2,0.0,,,,,,
2016-12-02,16.2,,18.6,0.0,,,,,,
2016-12-03,16.8,15.0,19.4,0.0,,,,,,
2016-12-04,17.7,16.7,18.3,0.8,,,,,,
2016-12-05,17.3,15.1,20.7,0.8,,,,,,
2016-12-06,17.2,15.1,17.9,0.5,,,,,,
2016-12-07,17.7,16.7,18.4,7.9,,,,,,
2016-12-08,17.8,16.8,18.9,0.0,,,,,,
2016-12-09,16.7,,19.2,7.1,,,,,,
2016-12-10,17.0,14.2,19.8,0.0,,,,,,
2016-12-11,15.1,,18.3,0.0,,,,,,
2016-12-12,15.6,13.2,17.2,0.0,,,,,,
2016-12-13,15.7,12.5,18.3,0.0,,,,,,
2016-12-14,15.2,11.8,18.2,0.0,,,,,,
2016-12-15,14.1,12.6,15.9,4.1,,,,,,
2016-12-16,14.1,12.2,15.8,0.3,,,,,,
2016-12-17,14.3,11.8,16.8,0.0,,,,,,
2016-12-18,16.3,13.8,19.2,0.0,,,,,,
2016-12-19,13.2,11.7,15.1,7.9,,,,,,
2016-12-20,15.1,13.4,17.1,19.1,,,,,,
2016-12-21,15.2,,16.4,3.0,,,,,,
2016-12-22,16.2,13.3,17.2,0.0,,,,,,
2016-12-23,15.7,14.4,18.3,0.5,,,,,,
2016-12-24,15.0,12.6,18.2,0.0,,,,,,
2016-12-25,14.7,,18.9,0.0,,,,,,
2016-12-26,13.8,10.7,18.4,0.0,,,,,,
2016-12-27,14.5,10.3,17.7,0.0,,,,,,
2016-12-28,15.4,13.3,17.5,0.0,,,,,,
2016-12-29,15.6,12.9,19.7,0.0,,,,,,
2016-12-30,14.5,12.2,17.9,0.0,,,,,,
2016-12-31,13.4,10.6,16.4,0.0,,,,,,
2017-01-01,11.9,8.5,16.5,0.0,,,,,,
2017-01-02,13.1,8.2,17.9,0.0,,,,,,
2017-01-03,13.5,9.2,18.2,0.0,,,,,,
2017-01-04,15.9,11.8,19.8,0.0,,,,,,
2017-01-05,15.4,11.8,18.7,0.0,,,,,,
2017-01-06,14.3,,17.4,0.0,,,,,,
2017-01-07,13.2,10.5,16.8,0.0,,,,,,
2017-01-08,12.6,8.0,17.7,0.0,,,,,,
2017-01-09,12.2,8.6,15.3,0.0,,,,,,
2017-01-10,13.9,9.1,17.0,0.0,,,,,,
2017-01-11,15.7,,17.2,0.0,,,,,,
2017-01-12,14.3,10.9,17.4,2.0,,,,,,
2017-01-13,15.6,10.6,20.0,0.0,,,,,,
2017-01-14,13.3,,15.3,3.0,,,,,,
2017-01-16,15.2,14.1,16.4,0.0,,,,,,
2017-01-17,14.6,,17.8,0.0,,,,,,
2017-01-18,8.3,,10.2,4.1,,,,,,
2017-01-20,8.9,,9.9,1.0,,,,,,
2017-01-21,11.8,9.9,13.2,9.9,,,,,,
2017-01-22,13.8,,15.3,23.1,,,,,,
2017-01-23,12.4,10.2,15.0,6.1,,,,,,
2017-01-24,14.9,11.4,16.3,0.0,,,,,,
2017-01-25,13.6,10.1,17.3,0.0,,,,,,
2017-01-26,13.5,8.3,17.7,0.0,,,,,,
2017-01-27,15.8,,19.0,0.0,,,,,,
2017-01-28,14.9,14.6,15.7,2.0,,,,,,
2017-01-29,14.2,10.7,17.2,0.0,,,,,,
2017-01-30,13.8,9.8,17.2,0.0,,,,,,
2017-01-31,15.2,9.1,18.3,0.0,,,,,,
2021-11-10,16.1,12.4,17.9,0.0,,,,,,
2021-11-12,16.5,12.2,18.4,0.0,,,,,,
2021-12-01,14.3,11.0,16.9,0.0,,,,,,
2021-12-02,12.2,,15.8,1.0,,,,,,
2021-12-03,15.2,14.6,16.6,27.9,,,,,,
2021-12-04,14.0,9.2,16.9,0.0,,,12.0,,1024.2,
2021-12-05,16.7,13.2,17.4,0.0,,,19.1,,1021.4,
2021-12-06,15.8,15.0,17.2,0.0,,,11.2,,1025.1,
2021-12-07,15.6,11.9,18.7,0.0,,,8.9,,1022.5,
2021-12-08,16.9,14.7,19.4,0.0,,,23.2,,1018.6,
2021-12-09,15.1,14.1,15.9,0.5,,,16.9,,1023.2,
2021-12-10,15.9,12.7,17.9,0.0,,,20.1,,1021.0,
2021-12-11,16.9,15.8,18.4,0.0,,,11.4,,1022.3,
2021-12-12,14.7,11.6,17.8,0.0,,,7.2,,1025.3,
2021-12-13,16.3,13.3,19.8,0.0,,,8.6,,1024.6,
2021-12-14,14.7,6.4,16.6,0.0,,,7.4,,1023.3,
2021-12-15,13.8,11.3,15.6,0.0,,,8.7,,1023.1,
2021-12-16,13.5,10.8,16.3,0.0,,,9.4,,1024.0,
2021-12-17,14.4,6.8,16.1,0.0,,,10.7,,1024.4,
2021-12-18,13.6,10.0,15.3,0.0,,,6.3,,1024.8,
2021-12-19,14.7,12.1,16.7,0.0,,,7.8,,1023.4,
2021-12-20,13.4,9.8,15.9,0.0,,,4.9,,1022.8,
2021-12-21,15.1,11.5,18.3,0.0,,,7.0,,1020.4,
2021-12-22,15.6,12.7,17.8,0.0,,,7.5,,1020.4,
2021-12-23,15.3,14.1,17.1,7.1,,,5.5,,1020.8,
2021-12-24,16.2,9.9,20.1,0.0,,,7.4,,1015.8,
2021-12-25,14.9,11.0,19.5,0.6,,,12.5,,1012.4,
2021-12-26,17.9,15.8,19.8,0.0,,,18.9,,1015.2,
2021-12-27,19.2,16.2,22.0,0.0,,,17.0,,1019.0,
2021-12-28,18.8,16.8,20.9,0.0,,,14.7,,1023.1,
2021-12-29,16.8,14.4,18.8,0.0,,,7.0,,1023.9,
2021-12-30,14.4,13.1,19.2,0.0,,,5.9,,1023.5,
2021-12-31,12.3,8.9,13.3,0.0,,,6.0,,1026.4,
2022-01-01,12.7,9.7,14.5,0.0,,,4.6,,1028.0,
2022-01-02,11.8,10.3,13.2,0.0,,,5.2,,1028.7,
2022-01-03,11.6,5.0,14.6,0.0,,,4.9,,1026.2,
2022-01-04,13.6,6.6,21.6,0.0,,,11.0,,1018.7,
2022-01-05,14.6,11.1,16.3,0.0,,,16.8,,1019.1,
2022-01-06,12.5,10.8,13.7,7.9,,,8.1,,1018.1,
2022-01-07,12.2,8.9,14.2,0.0,,,6.2,,1025.0,
2022-01-08,12.5,8.3,15.1,0.0,,,8.0,,1028.4,
2022-01-09,15.4,9.5,19.3,0.0,,,12.1,,1023.4,
2022-01-10,16.1,12.9,18.8,0.0,,,11.6,,1019.6,
2022-01-11,14.3,8.0,16.3,0.0,,,8.8,,1022.2,
2022-01-12,11.8,4.3,14.3,0.0,,,10.9,,1027.4,
2022-01-13,12.0,4.3,14.0,0.0,,,10.9,,1030.8,
2022-01-14,12.8,9.2,16.0,0.0,,,9.6,,1029.7,
2022-01-15,12.0,9.2,13.9,0.0,,,7.0,,1027.2,
2022-01-16,11.7,7.4,14.1,0.0,,,6.1,,1029.7,
2022-01-17,12.0,9.4,14.1,0.0,,,7.3,,1031.4,
2022-01-18,11.6,1.0,13.9,0.0,,,6.4,,1030.0,
2022-01-19,11.2,6.3,13.9,0.0,,,7.0,,1029.3,
2022-01-20,11.7,7.9,13.9,0.0,,,6.2,,1026.4,
2022-01-21,11.8,9.1,13.9,2.0,,,5.8,,1024.4,
2022-01-22,12.7,9.2,15.2,0.0,,,9.4,,1026.9,
2022-01-23,11.9,2.8,13.8,0.0,,,8.6,,1024.8,
2022-01-24,13.4,11.3,15.3,0.0,,,8.5,,1025.0,
2022-01-25,12.7,10.1,15.1,0.0,,,8.2,,1026.1,
2022-01-26,15.9,13.1,18.2,0.0,,,8.1,,1026.3,
2022-01-27,14.7,8.1,16.9,0.0,,,11.0,,1026.1,
2022-01-28,14.6,11.8,17.8,0.0,,,10.9,,1027.6,
2022-01-29,14.5,12.5,16.8,0.0,,,10.3,,1030.3,
2022-01-30,14.4,12.3,17.4,0.0,,,8.4,,1027.9,
2022-01-31,13.9,10.1,16.6,0.0,,,7.8,,1024.9,
2022-02-01,14.1,10.6,16.7,0.0,,,9.4,,1025.6,
2022-02-02,13.2,10.0,15.3,0.0,,,6.5,,1027.3,
2022-02-03,13.0,7.7,21.7,0.0,,,7.9,,1022.6,
2022-02-04,16.2,13.1,20.3,0.0,,,7.7,,1021.8,
2022-02-05,13.2,8.5,18.7,0.0,,,7.4,,1022.2,
2022-02-06,14.9,10.7,15.3,0.1,,,8.4,,1025.5,
2022-02-07,11.4,7.0,17.2,0.0,,,6.2,,1027.0,
2022-02-08,14.2,12.4,15.6,0.0,,,9.8,,1028.0,
2022-02-09,10.5,5.5,15.7,0.0,,,8.0,,1029.2,
2022-02-10,13.2,10.6,14.7,0.0,,,6.2,,1027.2,
2022-02-11,13.2,11.8,14.2,0.0,,,6.2,,1025.5,
2022-02-12,13.7,11.7,14.4,1.0,,,5.2,,1025.3,
2022-02-13,12.6,9.4,14.8,0.0,,,5.7,,1023.0,
2022-02-14,15.7,11.1,18.4,0.0,,,13.9,,1020.3,
2022-02-15,11.6,6.7,15.8,0.0,,,7.9,,1026.8,
2022-02-16,14.9,9.9,18.4,0.0,,,9.3,,1027.9,
2022-02-17,15.2,12.1,18.1,0.0,,,8.2,,1025.7,
2022-02-18,15.7,14.2,20.1,0.0,,,7.9,,1018.9,
2022-02-19,16.3,13.3,19.1,0.0,,,12.1,,1018.7,
2022-02-20,15.1,13.8,15.6,0.0,,,7.0,,1025.6,
2022-02-21,14.6,12.6,15.7,2.0,,,5.7,,1026.5,
2022-02-22,12.9,9.1,15.4,0.0,,,6.2,,1026.7,
2022-02-23,16.6,13.8,20.4,0.0,,,8.0,,1021.9,
2022-02-24,13.9,11.3,15.1,0.0,,,6.4,,1018.9,
2022-02-25,15.3,14.6,16.1,0.0,,,10.8,,1019.6,
2022-02-26,15.5,14.3,16.6,0.0,,,10.1,,1018.4,
2022-02-27,14.4,11.5,15.1,4.1,,,12.1,,1019.3,
2022-02-28,13.6,12.5,14.1,2.0,,,16.0,,1025.5,
2022-03-01,12.7,8.7,16.8,0.0,,,7.1,,1027.1,
2022-03-02,14.0,11.1,15.9,0.0,,,7.3,,1023.6,
2022-03-03,15.4,11.0,19.7,0.0,,,12.6,,1018.4,
2022-03-04,11.0,8.6,13.3,10.5,,,18.2,,1014.2,
2022-03-05,14.2,10.3,15.6,0.0,,,8.9,,1017.0,
2022-03-06,13.5,12.1,14.1,0.5,,,6.5,,1012.3,
2022-03-07,12.9,11.3,14.5,0.0,,,8.7,,1014.7,
2022-03-08,14.9,13.3,16.8,5.1,,,11.7,,1019.6,
2022-03-09,14.5,10.6,16.9,0.0,,,9.2,,1021.5,
2022-03-10,15.0,13.0,16.1,0.0,,,8.2,,1019.8,
2022-03-11,13.9,11.8,15.2,0.0,,,5.2,,1018.1,
2022-03-12,16.5,14.2,17.9,0.5,,,12.6,,1017.7,
2022-03-13,15.9,14.3,18.1,0.0,,,8.9,,1016.0,
2022-03-14,20.3,10.0,27.9,0.0,,,19.4,,1005.0,
2022-03-15,17.4,15.8,19.9,0.0,,,15.0,,1006.3,
2022-03-16,15.7,11.8,17.7,0.0,,,9.3,,1010.8,
2022-03-17,13.9,11.8,15.7,4.1,,,11.0,,1013.2,
2022-03-18,14.6,12.3,15.2,22.1,,,17.0,,1018.6,
2022-03-19,14.9,13.9,15.2,4.1,,,10.7,,1020.8,
2022-03-20,15.3,13.3,17.3,0.5,,,11.4,,1019.7,
2022-03-21,16.3,12.9,19.6,0.0,,,10.2,,1017.9,
2022-03-22,15.6,14.9,16.1,0.0,,,7.0,,1019.5,
2022-03-23,17.3,13.7,19.9,1.0,,,11.9,,1014.6,
2022-03-24,19.0,14.7,20.8,0.8,,,19.3,,1011.4,
2022-03-25,16.8,14.8,22.1,0.0,,,15.3,,1011.0,
2022-03-26,14.8,12.7,16.2,0.0,,,8.1,,1014.5,
2022-03-27,15.2,12.8,16.3,0.0,,,11.3,,1020.4,
2022-03-28,15.8,15.1,16.5,0.0,,,9.5,,1016.9,
2022-03-29,15.3,12.8,16.7,0.0,,,11.5,,1008.0,
2022-03-30,17.3,14.4,19.8,2.0,,,16.2,,1005.2,
2022-03-31,16.5,14.4,17.8,1.0,,,26.9,,1007.6,
2022-04-01,16.4,12.5,17.3,0.0,,,20.8,,1012.8,
2022-04-02,13.3,11.9,14.9,2.0,,,10.0,,1016.3,
2022-04-03,13.3,11.2,14.2,0.0,,,18.7,,1011.2,
2022-04-04,14.5,11.5,15.5,1.0,,,22.2,,1005.2,
2022-04-05,15.3,11.8,19.4,0.0,,,14.5,,1008.1,
2022-04-06,14.9,11.6,16.9,0.0,,,10.2,,1016.2,
2022-04-07,16.2,13.1,19.5,0.0,,,11.2,,1022.3,
2022-04-08,18.8,12.1,21.6,0.0,,,12.6,,1020.6,
2022-04-09,16.9,14.9,21.1,0.0,,,10.2,,1018.5,
2022-04-10,18.4,14.5,20.8,0.0,,,8.3,,1014.3,
2022-04-11,16.6,15.1,19.0,0.0,,,6.7,,1008.7,
2022-04-12,16.2,14.8,17.4,0.0,,,8.2,,1011.9,
2022-04-13,16.7,14.2,17.7,0.0,,,13.4,,1011.7,
2022-04-14,15.8,14.2,16.4,3.0,,,18.1,,1013.9,
2022-04-15,16.3,14.6,17.3,3.0,,,15.4,,1018.8,
2022-04-16,18.3,11.3,20.7,0.0,,,8.2,,1020.6,
2022-04-17,19.2,16.2,22.5,0.0,,,8.5,,1017.0,
2022-04-18,19.3,16.1,23.8,0.0,,,6.1,,1014.2,
2022-04-19,18.8,15.9,22.1,0.0,,,11.0,,1011.5,
2022-04-20,16.2,12.4,17.8,0.0,,,23.9,,1008.2,
2022-04-21,17.3,15.7,18.5,2.0,,,22.6,,1009.1,
2022-04-22,16.3,13.8,18.8,0.0,,,10.1,,1007.2,
2022-04-23,16.8,13.1,19.1,0.0,,,15.8,,1010.0,
2022-04-24,16.1,14.1,17.9,2.0,,,10.3,,1013.9,
2022-04-25,15.9,14.1,16.6,0.0,,,7.9,,1012.0,
2022-04-26,16.4,14.1,16.8,0.0,,,8.2,,1012.0,
2022-04-27,16.1,15.3,16.8,1.0,,,9.4,,1016.4,
2022-04-28,16.2,15.3,17.2,0.5,,,6.8,,1018.8,
2022-04-29,15.7,12.4,16.6,1.0,,,8.7,,1021.2,
2022-04-30,16.9,15.9,18.2,4.1,,,8.3,,1021.9,
2022-05-01,18.3,14.1,22.4,0.0,,,7.0,,1019.5,
2022-05-02,21.4,17.6,25.5,0.0,,,13.0,,1013.4,
2022-05-03,17.4,16.4,18.2,0.0,,,12.2,,1011.0,
2022-05-04,14.9,14.2,16.3,33.2,,,14.3,,1012.6,
2022-05-05,16.5,14.7,17.6,13.0,,,16.7,,1019.7,
2022-05-06,18.6,14.2,21.4,3.0,,,7.1,,1021.4,
2022-05-07,18.5,15.8,19.8,0.0,,,7.0,,1019.7,
2022-05-08,19.4,17.4,21.7,0.0,,,7.5,,1019.1,
2022-05-09,20.9,19.8,23.4,0.0,,,9.5,,1019.4,
2022-05-10,19.2,17.8,20.3,0.0,,,9.8,,1021.4,
2022-05-11,20.4,18.2,22.3,0.0,,,10.0,,1018.7,
2022-05-12,18.8,17.6,19.6,0.0,,,7.9,,1017.7,
2022-05-13,18.7,18.0,19.7,0.0,,,7.0,,1020.0,
2022-05-14,19.3,18.3,21.3,0.0,,,5.8,,1016.6,
2022-05-15,19.3,17.4,20.8,0.0,,,8.5,,1017.1,
2022-05-16,20.9,18.8,23.3,0.0,,,8.3,,1019.5,
2022-05-17,20.7,18.2,22.6,0.0,,,6.5,,1018.8,
2022-05-18,20.7,16.2,21.9,0.0,,,7.2,,1016.0,
2022-05-19,20.5,19.9,21.1,0.0,,,6.6,,1016.0,
2022-05-20,21.1,19.4,23.9,0.0,,,7.6,,1017.2,
2022-05-21,22.7,21.1,23.7,0.0,,,9.0,,1015.9,
2022-05-22,21.0,19.7,23.2,0.0,,,9.9,,1013.3,
2022-05-23,22.7,19.8,24.9,0.0,,,12.8,,1011.3,
2022-05-24,25.6,21.6,30.0,0.0,,,16.0,,1009.5,
2022-05-25,19.9,17.7,23.1,0.0,,,13.5,,1015.4,
2022-05-26,19.4,18.4,20.2,0.0,,,,,,
2022-05-27,21.6,18.4,23.3,0.0,,,,,,
2022-05-28,24.8,20.8,28.3,0.0,,,7.3,,1014.1,
2022-05-29,23.7,21.7,26.3,0.0,,,10.5,,1009.7,
2022-05-30,22.9,19.6,24.3,0.0,,,12.8,,1011.2,
2022-05-31,22.4,21.3,25.2,0.0,,,7.5,,1013.0,
2022-06-01,22.2,19.7,24.6,0.0,,,8.3,,1015.0,
2022-06-02,24.3,20.8,25.6,0.0,,,10.2,,1013.9,
2022-06-03,23.5,21.5,24.9,0.0,,,10.0,,1014.6,
2022-06-04,23.4,21.6,25.4,0.0,,,12.4,,1016.5,
2022-06-05,21.8,19.5,24.0,0.0,,,9.1,,1019.2,
2022-06-06,21.5,20.2,23.1,0.0,,,7.2,,1018.0,
2022-06-07,23.2,21.4,25.3,0.0,,,6.7,,1017.0,
2022-06-08,26.5,22.6,32.1,0.0,,,11.3,,1014.8,
2022-06-09,23.8,21.9,26.6,0.0,,,10.1,,1015.0,
2022-06-10,23.1,22.0,25.1,0.0,,,10.4,,1016.5,
2022-06-11,23.6,20.8,24.4,0.0,,,11.5,,1016.8,
2022-06-12,21.6,20.4,23.3,0.0,,,7.3,,1017.6,
2022-06-13,22.3,20.8,24.1,0.0,,,7.3,,1015.4,
2022-06-14,22.2,21.2,23.3,0.0,,,7.2,,1014.5,
2022-06-15,25.8,21.3,36.2,0.0,,,8.4,,1014.8,
2022-06-16,23.3,22.4,24.2,0.0,,,7.6,,1015.8,
2022-06-17,23.6,22.2,25.1,0.0,,,7.4,,1015.8,
2022-06-18,23.8,22.6,24.9,0.0,,,7.7,,1013.1,
2022-06-19,26.3,22.8,29.4,0.0,,,11.2,,1011.8,
2022-06-20,25.4,24.2,27.8,0.0,,,10.7,,1011.9,
2022-06-21,24.2,23.2,26.1,0.0,,,10.0,,1012.1,
2022-06-22,22.6,21.5,23.4,0.5,,,12.0,,1013.9,
2022-06-23,22.3,19.8,23.7,5.1,,,9.3,,1015.4,
2022-06-24,22.7,21.3,24.2,0.0,,,9.5,,1015.9,
2022-06-25,23.2,20.7,25.7,0.0,,,9.4,,1012.5,
2022-06-26,24.5,21.1,25.9,0.0,,,10.5,,1010.9,
2022-06-27,24.2,21.2,27.1,0.0,,,12.4,,1014.5,
2022-06-28,22.2,20.6,22.8,0.0,,,8.4,,1016.7,
2022-06-29,22.8,21.2,23.6,0.0,,,9.7,,1013.6,
2022-06-30,22.5,21.3,22.9,0.0,,,7.4,,1012.1,
2022-07-01,23.3,22.0,24.6,0.0,,,11.2,,1013.7,
2022-07-02,23.6,21.9,24.6,0.0,,,9.3,,1014.7,
2022-07-03,23.4,20.5,24.7,0.0,,,8.1,,1017.0,
2022-07-04,23.5,22.9,24.8,0.0,,,7.9,,1017.0,
2022-07-05,25.7,24.4,32.0,0.0,,,8.6,,1016.2,
2022-07-06,24.8,23.2,26.4,0.0,,,8.2,,1018.0,
2022-07-07,24.2,23.3,24.8,0.0,,,8.8,,1020.1,
2022-07-08,24.2,23.6,24.9,0.0,,,10.2,,1020.6,
2022-07-09,24.2,23.6,25.6,0.0,,,10.9,,1019.6,
2022-07-10,23.7,22.8,24.3,0.0,,,8.9,,1016.3,
2022-07-11,24.1,22.9,25.4,0.0,,,8.8,,1013.2,
2022-07-12,24.4,22.2,25.1,0.0,,,10.8,,1016.1,
2022-07-13,24.6,24.1,24.9,0.0,,,9.4,,1019.3,
2022-07-14,24.8,24.0,26.4,0.0,,,7.8,,1017.2,
2022-07-15,24.8,22.4,26.3,0.0,,,8.5,,1014.1,
2022-07-16,25.0,22.4,25.6,0.0,,,8.1,,1014.7,
2022-07-17,25.5,24.8,26.3,0.0,,,8.1,,1016.0,
2022-07-18,25.4,24.4,26.0,0.0,,,8.0,,1016.3,
2022-07-19,25.9,24.8,26.3,0.0,,,7.0,,1015.7,
2022-07-20,25.7,24.9,26.1,0.0,,,7.3,,1016.0,
2022-07-21,26.0,25.3,26.3,0.0,,,8.9,,1016.5,
2022-07-22,25.8,24.9,26.3,0.0,,,7.2,,1016.1,
2022-07-23,25.2,24.0,25.9,0.0,,,6.7,,1016.0,
2022-07-24,26.2,24.0,26.8,0.0,,,6.4,,1016.4,
2022-07-25,26.8,25.3,29.2,0.0,,,6.3,,1014.9,
2022-07-26,28.3,24.5,31.2,0.0,,,7.4,,1013.3,
2022-07-27,28.2,24.4,32.8,0.0,,,9.7,,1012.6,
2022-07-28,26.7,22.9,27.2,0.0,,,7.8,,1012.2,
2022-07-29,26.8,24.6,27.9,0.0,,,7.8,,1013.1,
2022-07-30,26.7,26.3,27.8,0.0,,,10.1,,1014.7,
2022-07-31,26.4,25.7,27.0,0.0,,,9.5,,1014.4,
2022-08-01,26.2,25.1,26.8,0.0,,,8.7,,1015.1,
2022-08-02,26.4,25.6,28.8,0.0,,,8.3,,1014.1,
2022-08-03,27.7,25.3,30.8,0.0,,,8.1,,1012.3,
2022-08-04,27.8,24.8,31.8,0.0,,,10.8,,1011.1,
2022-08-05,26.7,24.8,29.7,0.0,,,8.6,,1012.3,
2022-08-06,26.9,26.1,27.4,0.0,,,9.6,,1014.4,
2022-08-07,26.3,25.5,27.0,0.0,,,9.3,,1014.2,
2022-08-08,26.6,26.2,27.1,0.0,,,8.6,,1014.6,
2022-08-09,27.2,26.2,29.3,0.0,,,7.4,,1014.0,
2022-08-10,30.3,25.3,36.7,0.0,,,9.9,,1011.6,
2022-08-11,26.7,24.0,27.7,0.0,,,10.8,,1012.9,
2022-08-12,26.4,25.3,27.0,0.0,,,6.2,,1013.8,
2022-08-13,30.0,26.1,35.5,0.0,,,6.7,,1011.0,
2022-08-14,30.3,26.4,35.8,0.5,,,9.7,,1009.6,
2022-08-15,29.0,26.9,31.3,0.0,,,13.6,,1010.8,
2022-08-16,25.9,24.9,27.7,0.0,,,11.1,,1009.9,
2022-08-17,28.1,25.5,29.9,0.0,,,13.7,,1010.0,
2022-08-18,25.0,23.0,27.1,0.0,,,11.8,,1013.0,
2022-08-19,26.9,24.2,28.9,0.0,,,11.4,,1016.2,
2022-08-20,26.3,22.6,28.2,0.0,,,9.7,,1016.4,
2022-08-21,23.9,22.7,24.8,0.0,,,6.4,,1015.5,
2022-08-22,27.2,23.3,29.7,0.0,,,7.8,,1011.9,
2022-08-23,25.7,23.8,27.2,0.0,,,7.1,,1012.1,
2022-08-24,25.7,23.7,27.8,0.0,,,7.5,,1012.6,
2022-08-25,26.6,25.0,28.2,0.0,,,9.9,,1013.6,
2022-08-26,25.9,24.3,27.1,0.0,,,8.4,,1012.5,
2022-08-27,25.8,25.1,26.4,0.0,,,8.8,,1009.9,
2022-08-28,26.1,24.6,26.6,0.0,,,6.6,,1010.2,
2022-08-29,27.8,24.0,32.8,0.0,,,7.7,,1013.7,
2022-08-30,26.3,25.7,28.4,0.0,,,7.2,,1016.3,
2022-08-31,28.5,24.8,32.9,0.0,,,8.1,,1017.2,
2022-09-01,27.1,23.9,28.9,0.0,,,7.1,,1014.4,
2022-09-02,29.2,26.5,31.8,0.0,,,9.9,,1013.5,
2022-09-03,28.2,26.1,31.2,0.0,,,9.6,,1013.9,
2022-09-04,25.9,25.1,27.3,0.0,,,9.9,,1016.3,
2022-09-05,26.1,21.4,27.8,0.0,,,9.4,,1018.8,
2022-09-06,25.6,23.3,27.9,1.0,,,9.0,,1017.8,
2022-09-07,26.8,25.3,28.7,0.0,,,8.2,,1015.3,
2022-09-08,26.6,24.8,28.5,0.0,,,9.7,,1015.3,
2022-09-09,25.2,22.8,27.6,0.0,,,6.9,,1016.5,
2022-09-10,25.4,24.3,27.7,0.0,,,7.1,,1016.5,
2022-09-11,25.7,24.2,27.2,0.0,,,6.7,,1014.2,
2022-09-12,25.9,23.1,28.4,0.0,,,7.2,,1010.3,
2022-09-13,27.4,21.8,32.1,0.0,,,9.5,,1009.7,
2022-09-14,25.9,23.7,27.2,0.0,,,10.3,,1012.5,
2022-09-15,24.5,23.4,25.3,0.0,,,12.4,,1014.2,
2022-09-16,24.4,22.1,26.2,3.0,,,10.1,,1013.1,
2022-09-17,23.3,21.4,24.3,0.0,,,9.8,,1011.1,
2022-09-18,24.4,23.6,25.7,0.0,,,12.0,,1009.4,
2022-09-19,23.5,23.3,24.3,0.0,,,9.7,,1012.5,
2022-09-20,23.6,20.5,24.3,0.6,,,7.3,,1016.2,
2022-09-21,23.8,22.8,24.3,0.0,,,9.0,,1016.4,
2022-09-22,23.6,22.9,24.1,0.0,,,8.1,,1016.9,
2022-09-23,23.8,21.7,24.6,0.0,,,7.0,,1016.7,
2022-09-24,23.5,21.1,24.9,0.0,,,8.0,,1012.3,
2022-09-25,24.2,22.9,25.3,0.0,,,10.0,,1010.8,
2022-09-26,22.7,22.1,23.4,0.0,,,10.4,,1013.5,
2022-09-27,23.5,20.3,25.1,0.0,,,15.3,,1016.6,
2022-09-28,24.0,19.8,26.4,0.0,,,15.9,,1014.9,
2022-09-29,22.9,20.6,25.2,0.1,,,20.9,,1010.1,
2022-09-30,20.9,20.4,22.3,1.0,,,10.3,,1013.0,
2022-10-01,21.4,20.6,23.1,0.0,,,10.3,,1023.1,
2022-10-02,23.1,20.4,25.7,0.0,,,9.4,,1022.9,
2022-10-03,22.5,20.2,23.7,0.3,,,8.6,,1020.0,
2022-10-04,22.1,21.0,23.3,0.0,,,6.0,,1020.1,
2022-10-05,21.9,21.0,22.6,0.0,,,5.7,,1021.2,
2022-10-06,21.7,20.5,22.6,0.0,,,8.8,,1022.2,
2022-10-07,22.9,20.6,25.0,0.2,,,8.3,,1018.1,
2022-10-08,21.8,20.8,22.8,0.0,,,5.5,,1015.1,
2022-10-09,22.1,21.0,23.3,0.0,,,5.7,,1015.0,
2022-10-10,22.0,20.8,22.6,0.0,,,6.2,,1016.8,
2022-10-11,21.9,20.7,22.4,0.0,,,6.5,,1017.2,
2022-10-12,21.8,21.2,22.3,0.0,,,10.5,,1018.1,
2022-10-13,21.9,21.6,23.1,0.0,,,10.7,,1021.5,
2022-10-14,21.5,19.9,22.6,0.0,,,6.0,,1021.7,
2022-10-15,22.2,21.0,25.8,0.0,,,5.4,,1016.6,
2022-10-16,22.3,20.0,25.8,0.0,,,7.3,,1017.4,
2022-10-17,26.0,20.5,34.2,0.0,,,8.7,,1020.2,
2022-10-18,25.4,23.2,29.7,0.0,,,6.8,,1022.6,
2022-10-19,21.6,20.8,23.4,0.0,,,6.0,,1019.6,
2022-10-20,21.2,20.2,21.7,0.0,,,6.3,,1016.4,
2022-10-21,21.4,19.9,24.3,0.0,,,6.3,,1016.9,
2022-10-22,23.7,20.0,29.7,0.0,,,7.4,,1016.8,
2022-10-23,25.5,19.7,30.9,0.0,,,9.8,,1017.4,
2022-10-24,24.8,20.8,29.9,0.0,,,9.0,,1018.4,
2022-10-25,27.3,25.1,32.3,0.0,,,8.8,,1017.5,
2022-10-26,22.1,19.5,26.4,0.0,,,7.3,,1018.9,
2022-10-27,24.3,22.1,28.4,0.0,,,8.6,,1021.8,
2022-10-28,21.4,18.9,23.2,0.0,,,6.4,,1022.7,
2022-10-29,20.4,18.2,22.3,0.0,,,5.3,,1020.3,
2022-10-30,20.0,18.1,21.9,0.0,,,5.0,,1019.3,
2022-10-31,21.2,18.8,22.1,0.0,,,5.4,,1019.0,
2022-11-01,21.3,19.9,22.0,0.0,,,6.1,,1021.8,
2022-11-02,21.2,19.7,22.1,0.0,,,6.7,,1022.2,
2022-11-03,20.9,16.9,23.1,0.0,,,8.8,,1020.3,
2022-11-04,22.0,19.6,23.8,0.0,,,14.1,,1019.7,
2022-11-05,20.8,19.7,21.6,0.0,,,5.9,,1020.7,
2022-11-06,19.8,16.6,21.2,0.0,,,5.7,,1019.6,
2022-11-07,19.8,16.3,22.1,0.0,,,5.7,,1019.3,
2022-11-08,19.7,16.3,21.4,0.0,,,6.2,,1018.5,
2022-11-09,19.8,16.4,22.2,0.0,,,7.2,,1019.1,
2022-11-10,20.4,18.6,21.4,0.0,,,6.7,,1021.6,
2022-11-11,22.6,17.7,27.2,0.5,,,9.8,,1020.1,
2022-11-12,23.4,21.1,27.8,0.0,,,9.3,,1020.4,
2022-11-13,21.7,20.3,25.4,0.0,,,10.6,,1019.0,
2022-11-14,19.2,17.2,21.5,0.0,,,7.9,,1020.7,
2022-11-15,21.1,16.3,24.8,0.0,,,12.9,,1018.6,
2022-11-16,21.2,18.7,22.7,3.1,,,17.6,,1015.7,
2022-11-17,22.5,19.9,24.4,0.9,,,20.6,,1014.7,
2022-11-18,19.2,13.0,24.7,0.0,,,17.8,,1014.2,
2022-11-19,12.9,11.9,15.5,9.8,,,12.6,,1018.7,
2022-11-20,17.5,16.3,18.9,0.5,,,9.7,,1023.9,
2022-11-21,18.7,13.3,22.3,0.0,,,17.0,,1021.2,
2022-11-22,18.7,16.5,20.7,0.0,,,23.5,,1019.2,
2022-11-23,20.6,17.9,22.9,0.0,,,19.1,,1019.7,
2022-11-24,18.9,17.3,20.8,0.0,,,7.9,,1020.5,
2022-11-25,18.9,17.3,21.2,0.3,,,8.2,,1023.0,
2022-11-26,17.8,16.1,19.1,0.0,,,6.3,,1028.5,
2022-11-27,15.8,12.0,21.2,0.0,,,6.4,,1024.9,
2022-11-28,16.8,11.9,19.9,2.4,,,11.1,,1020.6,
2022-11-29,15.3,12.9,17.6,0.0,,,5.8,,1020.8,
2022-11-30,15.2,10.2,18.8,0.0,,,6.3,,1016.8,
2022-12-01,13.9,9.8,16.6,0.0,,,5.7,,1012.7,
2022-12-02,14.2,9.4,15.9,0.0,,,4.2,,1009.9,
2022-12-03,15.0,12.7,15.9,3.0,,,7.4,,1009.2,
2022-12-04,17.3,13.1,21.5,0.3,,,8.7,,1011.3,
2022-12-05,20.3,16.7,23.2,0.0,,,8.1,,1012.4,
2022-12-06,19.2,16.7,20.9,0.5,,,11.4,,1015.3,
2022-12-07,16.9,14.4,19.4,0.0,,,6.4,,1014.0,
2022-12-08,18.1,14.3,23.3,0.0,,,8.2,,1008.2,
2022-12-09,18.9,15.1,24.5,0.0,,,12.3,,1006.0,
2022-12-10,19.3,18.1,20.7,0.0,,,20.9,,1011.0,
2022-12-11,20.8,16.8,24.4,0.1,,,18.7,,1011.7,
2022-12-12,21.4,18.2,23.9,0.0,,,16.7,,1014.0,
2022-12-13,22.4,18.2,26.7,0.0,,,15.4,,1012.8,
2022-12-14,19.9,16.7,23.0,0.0,,,12.1,,1009.5,
2022-12-15,18.4,14.4,20.4,10.9,,,18.0,,1005.8,
2022-12-16,17.4,13.5,20.8,0.8,,,12.8,,1011.6,
2022-12-17,17.3,14.7,18.7,1.0,,,7.7,,1019.2,
2022-12-18,16.4,13.6,18.2,1.0,,,7.0,,1026.1,
2022-12-19,16.6,14.3,20.2,0.0,,,7.6,,1026.8,
2022-12-20,15.0,11.3,17.4,0.0,,,7.2,,1026.0,
2022-12-21,18.3,14.1,21.2,0.0,,,10.4,,1026.3,
2022-12-22,17.4,15.1,19.1,0.0,,,8.1,,1027.7,
2022-12-23,16.7,12.3,20.8,0.0,,,5.9,,1026.6,
2022-12-24,17.3,13.6,20.9,0.0,,,7.1,,1023.8,
2022-12-25,18.6,13.6,22.6,0.0,,,8.2,,1022.5,
2022-12-26,18.9,16.2,21.6,0.0,,,9.2,,1025.7,
2022-12-27,16.6,14.0,20.0,0.0,,,7.1,,1028.3,
2022-12-28,16.4,14.0,18.7,0.0,,,7.0,,1025.5,
2022-12-29,16.6,12.9,18.5,0.0,,,8.9,,1026.2,
2022-12-30,17.0,13.1,20.7,0.0,,,8.5,,1027.2,
2022-12-31,15.7,12.5,18.9,0.0,,,7.2,,1027.1,
2023-01-01,15.5,8.9,18.6,0.0,,,9.2,,1024.9,
2023-01-02,14.5,11.4,16.9,0.0,,,7.5,,1024.9,
2023-01-03,15.2,12.7,16.9,0.0,,,6.5,,1028.2,
2023-01-04,15.4,13.2,17.1,0.0,,,7.5,,1031.7,
2023-01-05,14.5,8.3,16.2,0.0,,,6.7,,1029.2,
2023-01-06,13.4,5.6,15.8,0.0,,,5.9,,1026.6,
2023-01-07,14.2,10.1,17.2,0.0,,,8.2,,1026.1,
2023-01-08,18.2,11.2,21.6,0.0,,,13.5,,1024.7,
2023-01-09,19.1,15.6,21.3,0.0,,,19.6,,1025.5,
2023-01-10,17.7,16.2,19.3,0.0,,,10.2,,1029.2,
2023-01-11,16.4,12.9,18.7,0.0,,,14.8,,1027.4,
2023-01-12,15.7,14.6,17.7,0.0,,,9.5,,1027.8,
2023-01-13,14.5,12.0,16.3,0.0,,,9.4,,1027.6,
2023-01-14,14.9,13.0,18.1,0.0,,,10.5,,1027.4,
2023-01-15,15.3,10.3,18.5,0.0,,,18.5,,1023.7,
2023-01-16,16.9,16.1,18.3,0.0,,,42.1,,1020.6,
2023-01-17,17.8,15.6,19.3,0.0,,,50.0,,1011.8,
2023-01-18,14.1,9.5,17.1,0.3,,,49.9,,1011.0,
2023-01-19,13.8,12.8,14.7,2.0,,,26.7,,1021.7,
2023-01-20,15.7,14.3,17.7,0.0,,,30.9,,1020.1,
2023-01-21,15.2,12.6,16.7,0.0,,,17.0,,1019.0,
2023-01-22,11.4,5.1,13.4,0.0,,,17.4,,1022.1,
2023-01-23,9.8,7.7,11.1,0.0,,,14.1,,1021.1,
2023-01-24,9.1,6.2,12.1,0.5,,,16.8,,1021.3,
2023-01-25,8.8,3.9,10.7,0.3,,,21.5,,1022.8,
2023-01-26,8.9,7.6,11.7,49.0,,,18.7,,1019.8,
2023-01-27,11.1,8.5,12.9,13.0,,,14.9,,1015.9,
2023-01-28,10.7,9.0,12.8,0.0,,,11.8,,1017.7,
2023-01-29,9.9,7.3,12.4,0.8,,,11.2,,1022.6,
2023-01-30,10.6,7.7,13.1,0.5,,,14.6,,1027.0,
2023-01-31,12.4,1.3,15.5,0.0,,,11.2,,1028.7,
2023-02-01,12.5,9.2,15.2,0.0,,,13.8,,1027.5,
2023-02-02,11.5,2.3,14.7,0.0,,,14.8,,1027.6,
2023-02-03,13.1,11.3,14.2,0.0,,,13.6,,1030.1,
2023-02-04,13.7,11.8,14.8,0.0,,,10.3,,1030.2,
2023-02-05,13.3,9.4,15.7,0.0,,,15.5,,1029.7,
2023-02-06,13.0,10.9,14.3,0.0,,,15.7,,1023.4,
2023-02-07,13.1,6.1,14.3,0.0,,,19.2,,1019.4,
2023-02-08,13.1,6.1,14.6,0.8,,,9.2,,1021.1,
2023-02-09,12.7,10.1,14.1,7.1,,,19.8,,1028.0,
2023-02-10,11.7,9.7,13.4,0.0,,,24.1,,1034.0,
2023-02-11,13.2,8.8,17.3,0.0,,,26.3,,1029.7,
2023-02-12,14.8,9.4,17.0,0.0,,,22.6,,1028.6,
2023-02-13,15.2,6.3,18.4,0.0,,,19.1,,1030.4,
2023-02-14,18.2,13.9,21.9,0.0,,,19.1,,1028.0,
2023-02-15,16.7,15.4,18.1,0.0,,,19.2,,1025.1,
2023-02-16,18.1,15.8,20.4,0.0,,,16.9,,1025.8,
2023-02-17,16.5,16.0,18.2,0.0,,,15.9,,1027.3,
2023-02-18,17.3,11.5,20.6,0.0,,,11.7,,1026.8,
2023-02-19,18.6,16.5,22.2,0.0,,,14.7,,1024.1,
2023-02-20,18.6,17.1,21.2,0.0,,,14.1,,1022.2,
2023-02-21,15.5,14.4,20.8,0.0,,,13.1,,1019.5,
2023-02-22,15.3,14.1,15.8,0.0,,,9.5,,1018.0,
2023-02-23,13.9,9.4,20.7,0.0,,,14.7,,1012.6,
2023-02-24,13.7,10.1,15.1,1.0,,,15.5,,1008.4,
2023-02-25,12.5,9.0,14.9,16.0,,,36.0,,1009.2,
2023-02-26,13.9,10.0,15.1,4.1,,,29.1,,1009.4,
2023-02-27,11.6,6.8,14.9,11.9,,,18.5,,1012.6,
2023-02-28,11.9,8.8,12.6,0.3,,,12.9,,1018.3,
2023-03-01,12.4,8.6,15.2,0.0,,,18.8,,1017.5,
2023-03-02,11.7,11.6,13.9,0.0,,,13.7,,1018.5,
2023-03-03,13.0,3.6,14.0,0.0,,,11.9,,1020.3,
2023-03-04,13.6,10.5,16.3,0.0,,,15.7,,1020.5,
2023-03-05,14.4,11.1,17.3,0.0,,,13.4,,1017.4,
2023-03-06,17.4,14.1,18.8,0.0,,,20.7,,1015.3,
2023-03-07,19.3,14.6,21.5,2.0,,,24.5,,1014.5,
2023-03-08,19.7,16.2,22.5,0.0,,,20.9,,1016.7,
2023-03-09,19.4,16.0,23.0,0.0,,,24.9,,1018.5,
2023-03-10,20.2,17.7,22.4,0.0,,,29.4,,1021.9,
2023-03-11,20.4,14.7,25.2,0.0,,,21.2,,1021.4,
2023-03-12,18.1,16.1,20.0,0.0,,,14.0,,1020.7,
2023-03-13,17.8,11.4,20.9,0.0,,,17.6,,1017.3,
2023-03-14,17.9,11.8,19.9,0.0,,,20.6,,1019.6,
2023-03-15,15.8,12.9,18.4,0.0,,,13.6,,1017.9,
2023-03-16,16.8,8.9,19.1,0.0,,,9.3,,1012.9,
2023-03-17,16.4,13.9,17.7,0.0,,,17.0,,1015.2,
2023-03-18,17.3,15.4,19.2,0.0,,,20.1,,1016.6,
2023-03-19,15.6,13.4,17.1,0.0,,,12.7,,1018.4,
2023-03-20,15.6,14.3,15.9,0.0,,,14.5,,1020.7,
2023-03-21,12.7,8.9,18.4,0.0,,,9.6,,1018.8,
2023-03-22,15.6,11.9,16.9,0.0,,,9.4,,1017.0,
2023-03-23,16.3,13.1,18.3,0.0,,,7.8,,1016.1,
2023-03-24,19.4,14.2,22.7,0.0,,,14.3,,1019.2,
2023-03-25,17.8,16.2,20.7,0.0,,,10.8,,1021.4,
2023-03-26,20.5,17.4,24.6,0.0,,,13.8,,1019.4,
2023-03-27,18.6,17.4,21.2,0.0,,,17.4,,1019.8,
2023-03-28,17.1,16.1,19.6,0.0,,,16.4,,1022.4,
2023-03-29,16.7,14.4,17.7,0.0,,,11.8,,1022.4,
2023-03-30,16.6,14.0,17.7,0.0,,,12.8,,1023.7,
2023-03-31,24.2,19.4,27.6,0.0,,,26.8,,1021.8,
2023-04-01,21.6,18.8,24.6,0.0,,,27.6,,1020.3,
2023-04-02,17.7,12.1,22.1,0.0,,,15.9,,1020.3,
2023-04-03,16.4,13.5,18.1,0.0,,,12.3,,1016.5,
2023-04-04,16.5,13.7,18.7,0.0,,,17.6,,1012.1,
2023-04-05,17.1,16.1,19.3,0.0,,,29.4,,1014.2,
2023-04-06,16.8,15.8,18.3,0.0,,,25.1,,1014.5,
2023-04-07,15.6,13.5,16.3,0.0,,,18.0,,1016.2,
2023-04-08,15.8,12.1,18.7,0.0,,,8.9,,1016.5,
2023-04-09,15.9,11.9,17.4,0.0,,,9.4,,1020.3,
2023-04-10,18.3,14.4,20.9,0.0,,,10.2,,1021.6,
2023-04-11,20.5,13.6,28.2,0.0,,,13.3,,1020.6,
2023-04-12,24.7,18.2,27.6,0.0,,,26.2,,1015.6,
2023-04-13,20.0,18.1,21.7,0.0,,,27.9,,1016.4,
2023-04-14,19.6,15.7,23.4,0.0,,,19.6,,1017.6,
2023-04-15,18.7,15.9,20.8,0.0,,,14.2,,1017.1,
2023-04-16,17.5,16.7,19.1,0.0,,,18.8,,1016.6,
2023-04-17,17.3,14.7,18.1,0.0,,,16.9,,1013.2,
2023-04-18,17.4,15.4,19.1,0.0,,,18.1,,1010.4,
2023-04-19,17.1,16.4,18.1,0.0,,,28.8,,1009.9,
2023-04-20,17.1,16.5,17.5,0.0,,,12.5,,1011.2,
2023-04-21,17.7,14.6,19.2,0.0,,,11.6,,1009.1,
2023-04-22,19.3,15.8,21.6,0.0,,,14.8,,1012.7,
2023-04-23,18.8,18.3,21.7,0.0,,,12.2,,1014.6,
2023-04-24,19.4,16.2,21.7,0.0,,,9.1,,1015.6,
2023-04-25,20.2,16.4,22.7,0.0,,,9.3,,1015.5,
2023-04-26,21.4,19.9,23.4,0.0,,,10.4,,1014.1,
2023-04-27,18.7,15.8,20.3,0.0,,,9.7,,1013.9,
2023-04-28,19.8,18.9,23.2,0.0,,,11.1,,1014.0,
2023-04-29,23.1,19.1,27.2,0.0,,,23.2,,1015.9,
2023-04-30,20.9,17.7,26.8,0.0,,,15.0,,1015.4,
2023-05-01,19.7,16.4,20.6,0.0,,,12.2,,1016.0,
2023-05-02,22.7,19.1,25.0,0.0,,,17.6,,1015.8,
2023-05-03,20.0,19.0,24.3,0.0,,,15.6,,1015.2,
2023-05-04,18.8,18.0,19.1,0.0,,,11.2,,1019.2,
2023-05-05,18.9,18.0,20.3,0.0,,,11.6,,1016.4,
2023-05-06,19.5,18.8,20.6,0.0,,,16.9,,1014.6,
2023-05-07,20.0,15.6,25.9,0.0,,,15.0,,1016.9,
2023-05-08,19.4,17.9,20.1,0.0,,,8.8,,1020.9,
2023-05-09,21.7,19.7,23.4,0.0,,,10.4,,1018.2,
2023-05-10,20.4,17.9,25.4,0.0,,,15.2,,1015.8,
2023-05-11,19.9,19.3,20.6,0.0,,,11.8,,1013.7,
2023-05-12,19.6,19.2,19.8,0.0,,,16.3,,1012.3,
2023-05-13,18.6,15.2,19.4,0.0,,,24.3,,1015.0,
2023-05-14,18.2,15.3,19.3,0.5,,,13.1,,1018.2,
2023-05-15,20.2,17.9,21.7,0.0,,,14.3,,1016.2,
2023-05-16,20.1,19.1,22.5,0.0,,,18.5,,1013.5,
2023-05-17,19.3,19.1,20.6,0.0,,,26.5,,1011.0,
2023-05-18,18.7,18.1,19.9,0.0,,,27.6,,1014.2,
2023-05-19,17.9,14.4,18.7,0.0,,,19.9,,1015.4,
2023-05-20,18.4,15.8,19.8,0.0,,,11.6,,1014.0,
2023-05-21,19.8,17.7,22.0,0.0,,,16.6,,1008.6,
2023-05-22,18.3,15.2,20.1,0.0,,,18.6,,1008.5,
2023-05-23,17.4,15.4,18.6,0.0,,,17.6,,1011.2,
2023-05-24,18.3,16.7,19.2,0.0,,,11.7,,1014.0,
2023-05-25,18.8,17.2,19.5,0.0,,,9.6,,1015.7,
2023-05-26,19.7,17.8,20.7,0.0,,,16.0,,1014.4,
2023-05-27,20.7,18.8,23.1,0.0,,,21.7,,1011.8,
2023-05-28,21.2,20.0,22.9,0.0,,,21.3,,1014.8,
2023-05-29,20.8,18.6,22.3,0.0,,,22.4,,1014.1,
2023-05-30,20.9,18.5,22.3,0.0,,,22.3,,1015.6,
2023-05-31,20.1,18.4,21.6,0.0,,,16.0,,1015.3,
2023-06-01,20.8,14.0,27.9,0.0,,,13.5,,1012.0,
2023-06-02,20.2,19.9,21.3,0.0,,,12.6,,1011.2,
2023-06-03,20.2,18.7,21.1,2.0,,,10.7,,1012.2,
2023-06-04,20.6,19.7,21.2,0.0,,,11.7,,1013.7,
2023-06-05,20.4,19.7,20.8,0.0,,,12.4,,1014.5,
2023-06-06,20.9,19.3,22.1,0.0,,,14.4,,1012.8,
2023-06-07,20.6,20.2,22.1,0.0,,,14.4,,1012.0,
2023-06-08,20.6,20.2,21.3,0.0,,,13.8,,1010.8,
2023-06-09,22.3,20.4,24.2,1.0,,,14.6,,1013.4,
2023-06-10,24.3,21.4,25.4,0.0,,,18.6,,1014.2,
2023-06-11,22.7,21.8,24.3,0.0,,,12.6,,1014.7,
2023-06-12,23.2,22.1,24.9,0.0,,,12.8,,1013.0,
2023-06-13,24.6,21.9,26.2,0.0,,,27.7,,1011.2,
2023-06-14,22.6,20.7,25.6,0.0,,,23.3,,1013.8,
2023-06-15,24.4,17.4,31.2,0.0,,,14.8,,1016.4,
2023-06-16,23.9,22.3,27.3,0.0,,,13.6,,1015.1,
2023-06-17,23.2,18.5,25.9,0.0,,,11.3,,1012.2,
2023-06-18,22.9,19.4,26.4,0.0,,,14.6,,1009.8,
2023-06-19,23.0,22.4,24.3,0.0,,,16.6,,1010.4,
2023-06-20,23.9,22.0,26.3,0.0,,,16.5,,1011.8,
2023-06-21,23.5,22.3,25.7,0.0,,,15.1,,1012.8,
2023-06-22,23.4,22.4,24.4,0.0,,,14.3,,1017.8,
2023-06-23,23.8,23.6,24.1,0.0,,,18.5,,1019.1,
2023-06-24,23.2,22.4,24.3,0.0,,,18.0,,1016.8,
2023-06-25,23.4,19.1,24.7,0.0,,,12.2,,1016.4,
2023-06-26,24.2,22.9,25.3,0.0,,,11.4,,1017.2,
2023-06-27,25.8,21.2,31.1,0.0,,,10.5,,1014.9,
2023-06-28,25.3,23.8,31.9,0.0,,,9.9,,1012.3,
2023-06-29,24.2,21.3,28.3,0.0,,,13.5,,1014.4,
2023-06-30,26.4,24.4,29.8,0.0,,,12.4,,1014.3,
2023-07-01,24.5,23.8,25.4,0.0,,,15.0,,1015.0,
2023-07-02,24.2,23.9,24.8,0.0,,,14.7,,1014.8,
2023-07-03,24.4,23.5,25.3,0.0,,,9.3,,1015.5,
2023-07-04,24.3,22.8,25.0,0.0,,,11.5,,1015.9,
2023-07-05,27.2,24.5,30.4,0.0,,,11.2,,1014.7,
2023-07-06,25.2,24.6,26.3,0.0,,,10.3,,1012.7,
2023-07-07,25.5,24.2,26.2,0.0,,,13.3,,1012.8,
2023-07-08,25.5,25.2,26.9,0.0,,,11.2,,1016.5,
2023-07-09,26.3,25.2,28.3,0.0,,,11.0,,1017.5,
2023-07-10,25.8,21.3,27.4,0.0,,,9.7,,1017.4,
2023-07-11,25.2,24.1,26.6,0.0,,,9.9,,1014.7,
2023-07-12,28.4,25.1,30.6,0.0,,,13.8,,1014.0,
2023-07-13,27.4,24.2,31.5,0.0,,,12.0,,1015.4,
2023-07-14,26.4,25.5,27.2,0.0,,,9.3,,1015.0,
2023-07-15,27.0,25.7,29.0,0.0,,,13.3,,1013.5,
2023-07-16,28.2,26.8,31.8,0.0,,,12.0,,1012.9,
2023-07-17,29.3,25.2,36.1,0.0,,,13.2,,1013.8,
2023-07-18,26.9,25.3,35.7,0.0,,,14.0,,1015.4,
2023-07-19,29.2,25.9,32.9,0.0,,,13.5,,1015.8,
2023-07-20,32.9,29.2,36.3,0.0,,,16.5,,1013.0,
2023-07-21,29.8,27.6,34.1,0.0,,,21.7,,1012.8,
2023-07-22,26.6,26.2,29.0,0.0,,,12.3,,1014.2,
2023-07-23,27.2,26.3,27.7,0.0,,,11.1,,1013.2,
2023-07-24,28.7,23.6,33.5,0.0,,,22.5,,1011.4,
2023-07-25,29.1,25.0,31.6,0.0,,,23.4,,1013.4,
2023-07-26,26.3,22.9,29.3,0.0,,,13.2,,1014.4,
2023-07-27,26.8,26.2,28.3,0.0,,,17.8,,1013.6,
2023-07-28,25.6,24.0,26.6,0.0,,,13.5,,1013.5,
2023-07-29,26.2,25.6,27.2,0.0,,,8.5,,1013.7,
2023-07-30,26.6,25.6,28.3,0.0,,,8.9,,1015.8,
2023-07-31,27.6,26.5,29.2,0.0,,,10.4,,1016.1,
2023-08-01,29.2,26.6,33.4,0.0,,,21.3,,1013.5,
2023-08-02,29.3,24.5,34.2,0.0,,,16.6,,1011.4,
2023-08-03,30.6,25.1,34.2,0.0,,,26.6,,1011.3,
2023-08-04,26.0,23.0,27.2,0.0,,,23.2,,1014.4,
2023-08-05,25.4,24.6,26.9,0.0,,,19.7,,1016.8,
2023-08-06,25.9,24.7,28.1,0.0,,,15.3,,1014.2,
2023-08-07,24.9,21.4,25.8,0.0,,,16.3,,1014.7,
2023-08-08,24.3,23.6,25.3,0.0,,,11.6,,1015.1,
2023-08-09,24.6,22.0,25.4,0.0,,,10.6,,1016.9,
2023-08-10,25.2,23.6,26.2,0.0,,,9.1,,1018.0,
2023-08-11,26.6,24.8,28.3,0.0,,,10.2,,1018.1,
2023-08-12,25.4,24.7,26.9,0.0,,,9.4,,1017.8,
2023-08-13,25.5,22.2,27.1,0.0,,,8.8,,1015.2,
2023-08-14,25.5,24.1,26.3,0.0,,,7.9,,1013.5,
2023-08-15,26.0,24.9,27.8,0.0,,,8.4,,1013.5,
2023-08-16,25.6,22.5,29.1,0.0,,,9.9,,1013.4,
2023-08-17,26.3,25.3,27.9,0.0,,,9.1,,1013.8,
2023-08-18,28.2,25.4,31.7,0.0,,,10.7,,1014.0,
2023-08-19,28.8,26.8,32.1,0.0,,,12.1,,1015.2,
2023-08-20,26.4,24.7,28.2,0.0,,,10.5,,1017.2,
2023-08-21,26.4,25.9,26.7,0.0,,,16.1,,1017.5,
2023-08-22,26.5,21.8,27.7,0.0,,,14.8,,1015.0,
2023-08-23,25.4,24.6,27.0,0.0,,,11.4,,1013.2,
2023-08-24,26.0,23.2,26.7,0.0,,,10.4,,1014.1,
2023-08-25,25.2,22.7,27.3,0.0,,,8.6,,1013.9,
2023-08-26,28.6,26.4,32.2,0.0,,,11.6,,1011.2,
2023-08-27,29.7,26.4,32.7,0.0,,,26.9,,1012.4,
2023-08-28,25.4,23.7,26.6,0.0,,,12.6,,1016.9,
2023-08-29,24.7,22.1,26.3,0.0,,,10.8,,1012.6,
2023-08-30,24.6,19.5,26.7,0.0,,,10.6,,1010.7,
2023-08-31,24.6,23.2,26.2,0.0,,,13.4,,1015.0,
2023-09-01,25.0,19.5,26.8,0.0,,,10.0,,1014.4,
2023-09-02,24.3,22.8,26.6,0.5,,,18.7,,1012.7,
2023-09-03,23.6,21.6,24.8,0.0,,,20.3,,1007.5,
2023-09-04,24.8,21.7,26.6,0.0,,,18.2,,1013.1,
2023-09-05,23.9,21.9,26.6,0.0,,,13.8,,1015.0,
2023-09-06,24.0,22.2,24.7,0.0,,,11.9,,1015.8,
2023-09-07,23.8,23.2,24.3,0.0,,,14.7,,1016.5,
2023-09-08,23.5,22.4,24.1,0.0,,,16.0,,1015.8,
2023-09-09,23.7,22.7,24.0,0.0,,,11.9,,1014.8,
2023-09-10,24.5,23.9,25.3,0.0,,,10.1,,1015.5,
2023-09-11,24.7,23.9,26.2,0.0,,,12.0,,1015.5,
2023-09-12,25.1,23.8,26.4,0.0,,,12.5,,1014.7,
2023-09-13,24.4,22.3,25.9,3.0,,,14.0,,1014.8,
2023-09-14,24.8,22.9,27.6,18.0,,,11.2,,1013.5,
2023-09-15,26.3,23.5,31.2,0.0,,,14.2,,1011.4,
2023-09-16,24.7,23.5,25.5,0.0,,,11.7,,1011.4,
2023-09-17,24.6,24.3,25.9,0.0,,,13.6,,1013.8,
2023-09-18,23.9,22.1,24.7,2.0,,,14.4,,1017.3,
2023-09-19,21.8,20.3,23.9,1.0,,,11.9,,1017.2,
2023-09-20,23.8,22.3,25.1,5.1,,,11.8,,1015.1,
2023-09-21,24.2,21.2,26.1,0.0,,,23.9,,1013.3,
2023-09-22,24.2,22.1,26.3,0.0,,,27.1,,1013.6,
2023-09-23,22.8,20.8,23.8,0.0,,,16.1,,1017.7,
2023-09-24,23.7,21.7,26.2,0.0,,,20.2,,1018.5,
2023-09-25,23.0,22.4,23.3,0.0,,,20.3,,1018.1,
2023-09-26,22.4,21.6,23.4,0.0,,,16.9,,1018.3,
2023-09-27,21.9,19.6,24.6,0.0,,,14.2,,1018.7,
2023-09-28,20.8,15.9,25.2,0.0,,,11.8,,1018.8,
2023-09-29,22.7,20.3,23.7,0.0,,,15.8,,1020.6,
2023-09-30,22.7,21.7,23.5,0.0,,,16.2,,1022.4,
2023-10-01,22.7,20.1,24.1,0.0,,,9.5,,1021.4,
2023-10-02,22.7,20.1,24.1,0.0,,,10.1,,1020.3,
2023-10-03,23.4,22.8,24.2,0.0,,,13.0,,1022.0,
2023-10-04,23.6,22.9,24.2,0.0,,,16.1,,1024.0,
2023-10-05,23.3,21.6,24.2,0.0,,,12.1,,1022.9,
2023-10-06,23.3,21.2,25.9,0.0,,,10.2,,1021.7,
2023-10-07,25.1,22.4,27.9,0.0,,,13.4,,1021.3,
2023-10-08,22.9,21.0,23.3,0.0,,,19.0,,1022.6,
2023-10-09,22.5,22.0,23.1,0.0,,,17.5,,1022.7,
2023-10-10,22.5,20.1,23.7,0.0,,,13.3,,1021.3,
2023-10-11,21.4,19.5,24.4,0.0,,,10.2,,1020.7,
2023-10-12,21.4,19.6,24.3,0.0,,,11.2,,1020.6,
2023-10-13,24.3,20.8,31.3,0.0,,,10.8,,1019.6,
2023-10-14,24.2,20.7,26.8,0.7,,,20.3,,1020.4,
2023-10-15,23.4,21.6,25.3,0.0,,,10.2,,1018.0,
2023-10-16,23.0,19.5,26.2,0.0,,,11.3,,1013.7,
2023-10-17,24.7,17.3,28.6,0.0,,,12.8,,1010.4,
2023-10-18,23.8,22.6,26.5,0.0,,,19.4,,1012.3,
2023-10-19,23.4,21.0,27.2,0.0,,,17.5,,1006.2,
2023-10-20,21.3,18.6,23.0,0.5,,,41.9,,1004.7,
2023-10-21,20.2,18.3,21.9,0.0,,,22.9,,1010.7,
2023-10-22,23.9,19.4,28.9,0.0,,,14.8,,1005.2,
2023-10-23,21.9,17.7,26.8,0.0,,,14.5,,1010.7,
2023-10-24,20.9,18.9,22.1,14.0,,,23.7,,1017.7,
2023-10-25,22.1,17.4,25.4,0.0,,,27.8,,1018.4,
2023-10-26,22.3,18.5,25.6,0.0,,,28.5,,1015.3,
2023-10-27,22.9,20.5,24.5,0.0,,,28.0,,1014.1,
2023-10-28,20.6,18.5,22.3,0.0,,,15.1,,1013.5,
2023-10-29,19.4,16.9,21.1,0.0,,,9.9,,1010.5,
2023-10-30,21.9,18.8,25.2,0.0,,,15.2,,1010.2,
2023-10-31,19.7,18.0,21.3,0.0,,,13.1,,1015.5,
2023-11-01,20.6,18.2,23.6,0.0,,,14.3,,1018.6,
2023-11-02,22.2,17.8,25.9,0.0,,,33.2,,1014.0,
2023-11-03,19.7,19.2,20.9,3.7,,,44.3,,1013.3,
2023-11-04,20.9,18.9,23.3,0.0,,,34.3,,1011.4,
2023-11-05,20.8,18.3,22.7,0.0,,,24.7,,1013.3,
2023-11-06,17.3,15.0,20.9,0.0,,,24.0,,1018.0,
2023-11-07,17.3,15.2,18.2,0.0,,,10.1,,1023.0,
2023-11-08,16.5,12.9,18.6,0.0,,,11.4,,1025.0,
2023-11-09,18.8,14.1,22.8,0.0,,,16.7,,1021.5,
2023-11-10,20.9,17.1,22.8,0.0,,,31.1,,1019.7,
2023-11-11,21.7,18.1,24.2,0.0,,,28.4,,1020.5,
2023-11-12,20.2,17.4,22.3,0.0,,,19.7,,1021.7,
2023-11-13,17.3,13.2,22.3,0.0,,,10.4,,1024.0,
2023-11-14,18.9,16.8,20.7,0.0,,,7.2,,1024.0,
2023-11-15,19.1,15.8,23.0,0.0,,,8.0,,1023.4,
2023-11-16,17.1,15.2,20.1,0.0,,,7.0,,1023.4,
2023-11-17,18.1,14.9,19.8,0.0,,,8.0,,1023.5,
2023-11-18,17.8,16.4,19.0,0.0,,,9.7,,1025.1,
2023-11-19,18.2,16.8,20.7,0.0,,,9.5,,1021.9,
2023-11-20,17.7,15.4,19.3,0.0,,,13.5,,1020.0,
2023-11-21,18.7,15.9,20.9,0.0,,,22.1,,1017.7,
2023-11-22,16.6,12.3,17.7,0.0,,,16.4,,1018.5,
2023-11-23,15.3,11.2,17.1,1.0,,,18.5,,1021.7,
2023-11-24,15.8,12.2,18.2,0.0,,,15.0,,1019.0,
2023-11-25,16.3,9.9,21.3,0.0,,,16.5,,1015.9,
2023-11-26,16.3,12.7,19.9,0.0,,,14.6,,1017.9,
2023-11-27,16.7,12.7,19.7,0.0,,,22.6,,1018.3,
2023-11-28,18.1,14.9,20.6,0.0,,,30.4,,1015.1,
2023-11-29,18.9,15.5,21.9,0.0,,,22.3,,1013.3,
2023-11-30,19.0,15.0,23.6,0.0,,,14.0,,1010.0,
2023-12-01,21.3,14.9,27.2,0.0,,,23.7,,1007.3,
2023-12-02,15.9,11.2,17.6,0.0,,,30.5,,1017.2,
2023-12-03,15.7,12.2,17.3,0.5,,,13.5,,1022.4,
2023-12-04,15.6,12.2,17.8,0.0,,,14.9,,1019.6,
2023-12-05,16.5,12.9,18.1,0.0,,,15.0,,1017.5,
2023-12-06,16.2,15.2,17.2,4.1,,,11.2,,1016.4,
2023-12-07,17.3,15.7,18.8,0.3,,,8.4,,1021.3,
2023-12-08,19.2,16.4,20.5,0.0,,,34.5,,1021.2,
2023-12-09,17.1,13.4,20.4,0.0,,,14.3,,1025.4,
2023-12-10,17.3,13.6,21.4,0.0,,,10.2,,1025.3,
2023-12-11,17.3,13.9,20.6,0.0,,,11.1,,1022.7,
2023-12-12,21.7,15.3,25.6,0.0,,,15.8,,1020.2,
2023-12-13,20.3,18.2,22.8,0.0,,,33.3,,1017.8,
2023-12-14,16.2,14.2,16.8,5.1,,,17.9,,1025.2,
2023-12-15,14.9,8.5,16.3,0.0,,,13.7,,1032.3,
2023-12-16,13.8,7.3,15.8,0.0,,,12.2,,1035.2,
2023-12-17,14.9,10.4,15.4,0.0,,,19.7,,1034.5,
2023-12-18,13.5,11.4,15.4,5.1,,,14.5,,1033.3,
2023-12-19,14.8,11.7,15.2,7.1,,,12.0,,1030.9,
2023-12-20,14.8,10.5,17.9,0.0,,,25.8,,1025.6,
2023-12-21,14.6,12.9,17.2,0.0,,,9.1,,1026.2,
2023-12-22,15.3,7.4,17.6,0.0,,,10.5,,1025.9,
2023-12-23,14.0,10.2,16.6,0.0,,,9.8,,1025.4,
2023-12-24,14.2,9.8,16.3,0.0,,,10.0,,1025.4,
2023-12-25,12.9,9.1,15.8,0.0,,,9.9,,1023.8,
2023-12-26,12.6,5.8,15.5,0.0,,,10.0,,1022.8,
2023-12-27,14.0,11.5,15.4,0.0,,,8.9,,1024.1,
2023-12-28,13.9,10.6,16.8,0.0,,,10.5,,1025.5,
2023-12-29,14.0,8.6,16.3,0.0,,,9.1,,1023.1,
2023-12-30,16.9,13.3,20.1,0.0,,,11.6,,1021.0,
2023-12-31,16.6,12.7,19.3,0.0,,,13.0,,1020.5,
2024-01-01,16.4,13.0,19.4,0.0,,,16.9,,1020.7,
2024-01-02,15.8,12.7,19.7,0.0,,,12.0,,1023.4,
2024-01-03,18.4,12.4,23.0,0.0,,,16.1,,1021.2,
2024-01-04,18.2,10.8,20.8,0.0,,,15.5,,1017.3,
2024-01-05,15.4,9.7,17.7,9.3,,,33.1,,1011.5,
2024-01-06,14.7,10.3,15.6,3.5,,,36.1,,1018.1,
2024-01-07,13.8,7.3,15.4,0.0,,,11.8,,1021.4,
2024-01-08,13.4,10.3,15.8,0.0,,,11.6,,1020.7,
2024-01-09,14.6,11.9,16.6,0.0,,,11.0,,1019.5,
2024-01-10,15.9,13.5,17.7,4.1,,,20.2,,1019.9,
2024-01-11,15.5,13.3,16.9,0.0,,,18.8,,1019.6,
2024-01-12,14.2,11.4,17.2,0.0,,,20.3,,1024.1,
2024-01-13,13.7,11.1,16.2,0.0,,,9.3,,1025.4,
2024-01-14,14.8,10.8,17.8,0.0,,,12.1,,1021.8,
2024-01-15,21.3,13.4,25.6,0.0,,,27.2,,1018.3,
2024-01-16,21.8,15.6,24.4,0.0,,,17.0,,1016.7,
2024-01-17,22.6,16.9,27.3,0.0,,,26.9,,1013.1,
2024-01-18,17.7,16.3,19.6,0.0,,,13.8,,1015.1,
2024-01-19,19.3,12.0,25.0,2.3,,,20.5,,1011.5,
2024-01-20,15.4,11.7,17.4,1.4,,,29.7,,1022.7,
2024-01-21,14.6,13.1,15.7,0.0,,,16.2,,1032.4,
2024-01-22,13.6,11.6,15.9,0.0,,,9.5,,1035.5,
2024-01-23,13.9,9.8,16.8,0.0,,,10.4,,1036.1,
2024-01-24,16.4,14.6,18.8,0.0,,,10.9,,1036.4,
2024-01-25,19.3,16.2,25.3,0.0,,,13.3,,1032.3,
2024-01-26,16.5,15.7,20.2,0.0,,,12.8,,1029.5,
2024-01-27,15.0,8.5,19.1,0.0,,,12.0,,1028.0,
2024-01-28,12.9,10.2,15.0,0.0,,,8.3,,1026.7,
2024-01-29,14.4,12.3,15.6,0.0,,,8.7,,1027.5,
2024-01-30,15.8,14.2,16.8,0.0,,,12.5,,1030.3,
2024-01-31,15.6,14.4,16.3,0.0,,,17.6,,1032.0,
2024-02-01,15.6,15.3,15.8,0.0,,,16.1,,1032.8,
2024-02-02,14.1,9.0,15.8,0.0,,,15.1,,1031.2,
2024-02-03,14.0,12.1,15.9,0.0,,,14.8,,1031.3,
2024-02-04,14.4,6.1,16.3,0.0,,,11.0,,1030.6,
2024-02-05,14.1,10.8,16.1,0.0,,,10.7,,1028.9,
2024-02-06,15.8,10.6,19.4,0.0,,,18.4,,1026.5,
2024-02-07,18.7,14.5,22.3,0.0,,,23.8,,1025.1,
2024-02-08,17.2,13.6,21.8,0.0,,,15.0,,1017.3,
2024-02-09,17.1,15.0,20.5,6.7,,,26.3,,1003.7,
2024-02-10,14.8,13.5,16.9,0.9,,,50.2,,1003.4,
2024-02-11,16.3,13.3,18.2,0.0,,,33.0,,1013.6,
2024-02-12,21.1,13.8,23.0,1.0,,,39.4,,1016.6,
2024-02-13,18.5,14.3,20.6,0.0,,,15.0,,1022.9,
2024-02-14,20.9,13.4,24.4,0.0,,,16.3,,1021.1,
2024-02-15,16.6,15.8,18.2,0.0,,,14.6,,1017.9,
2024-02-16,17.4,16.4,18.3,0.0,,,30.6,,1022.2,
2024-02-17,15.6,15.1,16.6,3.0,,,12.6,,1028.4,
2024-02-18,15.6,15.3,16.2,0.0,,,19.0,,1032.8,
2024-02-19,15.0,12.3,16.8,0.0,,,10.4,,1030.8,
2024-02-20,15.7,14.0,16.8,0.0,,,7.7,,1028.5,
2024-02-21,15.5,8.6,17.3,0.0,,,10.7,,1026.9,
2024-02-22,21.0,15.4,23.6,0.0,,,27.8,,1018.9,
2024-02-23,16.4,12.4,18.7,0.0,,,43.0,,1015.1,
2024-02-24,14.8,11.8,16.0,0.8,,,43.7,,1016.0,
2024-02-25,17.2,10.8,18.7,0.3,,,36.3,,1019.7,
2024-02-26,14.9,11.3,20.1,5.5,,,44.7,,1010.6,
2024-02-27,14.8,8.9,15.4,7.1,,,29.6,,1013.9,
2024-02-28,14.1,8.2,15.9,0.0,,,19.2,,1019.0,
2024-02-29,15.7,11.9,17.6,0.0,,,28.1,,1018.4,
2024-03-01,16.5,15.1,17.5,0.0,,,21.6,,1018.5,
2024-03-02,15.8,11.7,18.4,0.0,,,27.6,,1014.6,
2024-03-03,14.9,13.4,16.9,2.0,,,44.9,,1014.1,
2024-03-04,17.0,14.7,18.6,0.0,,,31.3,,1020.6,
2024-03-05,16.4,14.1,17.9,0.0,,,18.4,,1022.8,
2024-03-06,15.4,13.4,16.6,0.0,,,11.4,,1020.5,
2024-03-07,15.8,14.7,16.9,0.0,,,12.0,,1012.6,
2024-03-08,14.7,10.9,16.8,3.0,,,28.5,,1013.7,
2024-03-09,18.6,12.4,23.9,2.0,,,28.7,,1006.0,
2024-03-10,16.4,11.8,17.6,0.0,,,41.5,,1008.9,
2024-03-11,16.3,15.7,17.4,0.8,,,35.1,,1019.1,
2024-03-12,13.2,8.0,18.9,0.0,,,16.0,,1021.7,
2024-03-13,15.7,14.6,16.8,0.0,,,10.7,,1017.1,
2024-03-14,15.9,14.2,16.7,0.0,,,10.6,,1019.5,
2024-03-15,17.7,14.6,20.7,0.0,,,12.0,,1021.8,
2024-03-16,17.2,14.6,19.4,0.0,,,11.2,,1024.6,
2024-03-17,19.6,16.5,25.2,0.0,,,12.0,,1021.3,
2024-03-18,17.9,15.6,19.6,0.0,,,9.0,,1018.0,
2024-03-19,18.7,17.1,22.9,0.0,,,9.1,,1016.1,
2024-03-20,19.1,17.1,23.7,0.0,,,16.3,,1012.8,
2024-03-21,17.9,13.8,20.4,0.0,,,19.7,,1015.1,
2024-03-22,19.7,18.2,22.1,0.0,,,22.7,,1013.8,
2024-03-23,23.0,18.9,26.6,0.0,,,20.6,,1011.8,
2024-03-24,20.4,17.1,30.3,0.0,,,14.9,,1009.3,
2024-03-25,17.5,14.8,20.5,0.1,,,17.3,,1002.2,
2024-03-26,14.0,11.9,16.3,3.6,,,42.5,,1001.3,
2024-03-27,14.8,10.9,19.5,0.2,,,42.2,,1008.5,
2024-03-28,17.1,13.1,22.6,0.0,,,17.5,,1009.6,
2024-03-29,17.1,10.4,25.9,0.3,,,22.6,,1002.8,
2024-03-30,16.1,11.9,22.2,2.5,,,23.4,,1002.9,
2024-03-31,18.5,13.8,26.9,0.5,,,31.8,,1004.2,
2024-04-01,15.7,12.8,19.5,0.7,,,24.7,,1017.2,
2024-04-02,15.7,10.3,21.9,0.0,,,12.8,,1019.5,
2024-04-03,17.7,10.9,18.2,0.0,,,10.0,,1020.7,
2024-04-04,18.4,15.6,20.3,0.0,,,11.3,,1019.3,
2024-04-05,18.0,15.9,20.9,0.0,,,10.1,,1017.0,
2024-04-06,27.0,16.0,36.1,0.0,,,26.0,,1013.4,
2024-04-07,25.2,19.4,34.6,0.0,,,24.7,,1012.1,
2024-04-08,22.4,18.4,24.6,0.0,,,29.1,,1014.8,
2024-04-09,17.7,13.6,19.1,0.0,,,22.8,,1023.8,
2024-04-10,16.7,14.5,18.9,0.0,,,14.9,,1027.6,
2024-04-11,17.3,15.5,20.1,0.0,,,17.8,,1026.5,
2024-04-12,16.3,15.8,16.6,0.0,,,22.2,,1029.6,
2024-04-13,16.9,12.6,17.3,0.0,,,15.8,,1026.0,
2024-04-14,17.0,15.4,17.7,0.0,,,15.7,,1022.8,
2024-04-15,17.7,15.4,20.2,0.0,,,13.6,,1019.5,
2024-04-16,21.1,16.8,24.1,0.0,,,13.6,,1015.5,
2024-04-17,18.8,16.0,22.9,0.0,,,12.1,,1012.6,
2024-04-18,17.8,17.1,18.8,0.0,,,13.3,,1014.4,
2024-04-19,17.4,14.5,18.7,0.0,,,31.2,,1017.8,
2024-04-20,16.3,15.9,16.6,0.0,,,21.4,,1013.8,
2024-04-21,16.8,16.3,17.3,0.5,,,27.7,,1013.3,
2024-04-22,16.8,15.7,17.2,0.0,,,12.4,,1014.3,
2024-04-23,16.4,15.0,17.3,0.0,,,17.4,,1015.4,
2024-04-24,16.9,15.6,17.8,0.0,,,12.3,,1016.8,
2024-04-25,17.7,15.1,20.2,0.0,,,13.0,,1010.2,
2024-04-26,19.7,17.6,22.1,0.0,,,25.6,,1008.3,
2024-04-27,18.4,15.9,20.3,0.0,,,17.6,,1007.1,
2024-04-28,16.7,15.8,18.1,0.0,,,15.9,,1012.3,
2024-04-29,16.2,12.2,18.0,8.1,,,19.1,,1015.6,
2024-04-30,17.9,14.0,19.3,2.4,,,31.4,,1017.2,
2024-05-01,17.3,14.7,22.3,0.0,,,35.7,,1015.1,
2024-05-02,17.1,15.3,18.2,0.0,,,23.3,,1018.6,
2024-05-03,17.4,14.2,19.4,0.0,,,10.4,,1020.0,
2024-05-04,18.4,14.7,19.7,0.0,,,9.3,,1018.1,
2024-05-05,21.4,16.7,23.9,0.0,,,14.1,,1015.6,
2024-05-06,22.1,20.6,25.1,0.0,,,21.0,,1013.7,
2024-05-07,18.7,15.7,21.1,0.0,,,15.4,,1016.6,
2024-05-08,18.8,17.5,19.6,0.0,,,20.1,,1018.9,
2024-05-09,19.7,17.6,21.5,0.0,,,24.6,,1016.7,
2024-05-10,18.3,16.9,19.1,0.0,,,15.5,,1015.6,
2024-05-11,18.8,17.6,22.4,0.0,,,15.9,,1015.6,
2024-05-12,18.8,17.6,19.4,0.0,,,12.0,,1014.8,
2024-05-13,19.2,18.4,19.8,0.0,,,10.0,,1013.3,
2024-05-14,24.3,18.7,26.2,0.0,,,30.6,,1008.8,
2024-05-15,20.7,17.4,22.6,0.0,,,27.1,,1009.6,
2024-05-16,20.2,17.1,22.3,0.0,,,25.4,,1011.3,
2024-05-17,19.9,17.4,21.8,0.0,,,19.9,,1010.9,
2024-05-18,19.8,17.8,21.3,0.0,,,18.8,,1011.5,
2024-05-19,19.8,15.7,22.1,0.4,,,19.5,,1011.0,
2024-05-20,20.8,18.2,22.2,0.0,,,31.5,,1013.2,
2024-05-21,20.9,16.9,22.6,0.0,,,25.1,,1016.8,
2024-05-22,19.8,17.7,21.6,0.0,,,17.8,,1017.6,
2024-05-23,19.2,17.9,22.7,0.0,,,11.9,,1014.3,
2024-05-24,19.4,18.8,19.8,0.0,,,11.2,,1013.7,
2024-05-25,20.1,18.7,21.3,0.0,,,10.9,,1016.8,
2024-05-26,20.2,16.4,22.4,0.0,,,9.3,,1016.2,
2024-05-27,19.4,16.9,22.0,0.0,,,9.8,,1016.0,
2024-05-28,20.3,17.3,23.2,0.0,,,14.5,,1017.5,
2024-05-29,21.4,18.0,25.4,0.0,,,12.9,,1015.7,
2024-05-30,21.5,16.5,26.7,0.0,,,10.1,,1010.7,
2024-05-31,20.4,16.6,23.6,0.0,,,14.0,,1009.6,
2024-06-01,20.7,18.1,24.5,0.0,,,20.2,,1012.2,
2024-06-02,20.3,18.1,23.4,0.0,,,25.9,,1014.7,
2024-06-03,20.3,15.9,24.0,0.0,,,15.7,,1014.5,
2024-06-04,19.9,17.0,23.1,0.0,,,10.8,,1014.0,
2024-06-05,22.4,16.6,27.9,0.0,,,10.9,,1014.5,
2024-06-06,26.0,21.2,30.1,0.0,,,16.7,,1011.7,
2024-06-07,28.4,20.9,34.9,0.0,,,24.7,,1010.1,
2024-06-08,22.4,19.4,26.2,0.0,,,29.7,,1012.7,
2024-06-09,22.1,19.1,24.8,0.0,,,26.9,,1012.2,
2024-06-10,22.4,19.2,25.8,0.0,,,22.5,,1011.9,
2024-06-11,21.1,18.0,24.7,6.1,,,18.7,,1014.2,
2024-06-12,20.5,17.8,23.4,0.0,,,10.9,,1016.9,
2024-06-13,21.2,16.6,25.4,0.0,,,11.9,,1018.8,
2024-06-14,22.2,18.3,25.4,0.0,,,12.1,,1014.3,
2024-06-15,24.2,19.4,28.7,0.0,,,16.9,,1013.7,
2024-06-16,23.2,19.3,28.1,0.0,,,16.9,,1013.4,
2024-06-17,21.9,17.9,25.2,0.0,,,9.6,,1012.2,
2024-06-18,22.5,17.5,26.3,0.0,,,16.8,,1013.1,
2024-06-19,22.5,19.7,25.0,0.0,,,26.3,,1015.6,
2024-06-20,21.5,18.2,24.3,0.0,,,24.8,,1018.1,
2024-06-21,21.2,17.1,24.6,0.0,,,13.5,,1019.5,
2024-06-22,22.0,17.5,26.2,0.0,,,10.5,,1018.4,
2024-06-23,22.6,18.9,26.8,0.0,,,13.6,,1014.0,
2024-06-24,23.0,19.7,26.1,0.0,,,18.6,,1011.4,
2024-06-25,24.6,19.9,28.9,0.0,,,12.1,,1009.4,
2024-06-26,24.0,19.8,28.5,0.0,,,20.0,,1007.5,
2024-06-27,23.1,21.1,26.5,0.0,,,23.7,,1011.0,
2024-06-28,22.7,18.3,26.6,0.0,,,22.2,,1014.8,
2024-06-29,23.3,19.4,26.8,0.0,,,20.2,,1016.6,
2024-06-30,23.1,18.8,26.4,0.0,,,15.2,,1014.3,
2024-07-01,23.6,19.9,27.8,0.0,,,19.4,,1017.1,
2024-07-02,23.6,18.8,27.9,0.0,,,11.7,,1016.4,
2024-07-03,25.7,18.9,31.3,0.0,,,12.7,,1012.8,
2024-07-04,28.1,22.3,33.6,0.0,,,19.2,,1010.4,
2024-07-05,24.6,21.6,28.4,0.0,,,13.2,,1009.5,
2024-07-06,24.7,21.7,28.2,0.0,,,22.0,,1011.3,
2024-07-07,25.0,21.9,29.4,0.0,,,24.4,,1011.7,
2024-07-08,22.7,19.8,25.4,0.0,,,11.3,,1014.2,
2024-07-09,24.0,23.0,24.7,0.0,,,9.9,,1015.3,
2024-07-10,24.6,22.9,26.4,0.0,,,9.9,,1017.0,
2024-07-11,24.7,20.7,28.6,0.0,,,7.8,,1015.9,
2024-07-12,28.3,21.3,34.3,0.0,,,14.7,,1012.6,
2024-07-13,25.7,22.1,30.1,0.0,,,13.0,,1011.0,
2024-07-14,24.1,20.4,27.4,0.0,,,10.8,,1013.3,
2024-07-15,27.2,20.5,33.0,0.0,,,14.4,,1013.8,
2024-07-16,26.3,23.2,31.7,0.0,,,16.4,,1014.4,
2024-07-17,24.9,22.0,28.4,0.0,,,12.8,,1015.2,
2024-07-18,25.2,22.8,28.4,0.0,,,11.6,,1016.7,
2024-07-19,25.8,23.0,29.9,0.0,,,8.6,,1017.1,
2024-07-20,26.9,22.2,33.2,0.0,,,12.0,,1011.6,
2024-07-21,28.6,23.6,33.2,0.0,,,24.5,,1011.6,
2024-07-22,25.5,20.9,30.0,0.0,,,12.8,,1015.9,
2024-07-23,26.3,22.2,30.5,0.0,,,13.7,,1018.0,
2024-07-24,26.0,20.9,30.6,0.0,,,9.8,,1015.8,
2024-07-25,26.2,21.6,32.1,0.0,,,9.8,,1011.1,
2024-07-26,25.5,21.1,26.5,0.0,,,10.4,,1010.3,
2024-07-27,25.2,22.4,27.9,0.0,,,9.5,,1011.6,
2024-07-28,27.0,23.8,30.6,0.0,,,15.9,,1012.9,
2024-07-29,28.0,22.8,33.1,0.0,,,13.7,,1012.8,
2024-07-30,28.8,23.9,34.3,0.0,,,12.2,,1011.9,
2024-07-31,26.1,22.9,30.2,0.0,,,10.1,,1013.1,
2024-08-01,28.2,23.5,32.6,0.0,,,12.0,,1012.3,
2024-08-02,30.6,27.3,35.6,0.0,,,21.1,,1010.8,
2024-08-03,26.8,23.2,29.9,0.0,,,11.6,,1011.9,
2024-08-04,26.2,22.1,30.6,0.0,,,10.5,,1012.6,
2024-08-05,26.2,22.2,30.3,0.0,,,11.7,,1011.4,
2024-08-06,25.7,22.3,30.0,0.0,,,13.6,,1009.9,
2024-08-07,25.9,23.5,28.8,0.0,,,14.3,,1009.9,
2024-08-08,26.3,24.1,29.4,0.0,,,12.5,,1012.9,
2024-08-09,26.1,23.8,28.6,0.0,,,12.0,,1015.5,
2024-08-10,26.4,23.1,29.5,0.0,,,9.9,,1014.7,
2024-08-11,27.2,23.8,30.3,0.0,,,9.6,,1012.1,
2024-08-12,26.3,23.6,30.1,0.0,,,13.6,,1012.5,
2024-08-13,27.5,21.5,33.7,0.0,,,16.1,,1010.8,
2024-08-14,27.0,23.8,30.6,0.0,,,24.5,,1011.7,
2024-08-15,25.7,22.2,29.3,0.0,,,18.1,,1014.3,
2024-08-16,25.7,22.1,29.2,0.0,,,21.5,,1015.3,
2024-08-17,26.4,21.5,31.6,0.0,,,14.2,,1015.0,
2024-08-18,26.1,22.0,30.7,0.0,,,9.6,,1011.8,
2024-08-19,26.4,23.4,29.7,0.0,,,9.3,,1011.9,
2024-08-20,26.0,23.3,29.7,0.0,,,8.6,,1013.0,
2024-08-21,25.5,23.2,30.1,0.0,,,8.7,,1015.3,
2024-08-22,25.5,21.8,29.7,0.0,,,11.8,,1014.2,
2024-08-23,25.6,21.6,29.4,0.0,,,10.4,,1014.0,
2024-08-24,27.9,22.5,33.9,0.0,,,10.1,,1012.0,
2024-08-25,26.7,23.8,30.3,0.0,,,14.0,,1013.8,
2024-08-26,26.6,24.7,28.6,0.8,,,18.6,,1014.8,
2024-09-04,25.0,,,,,,12.2,,1012.8,
2024-09-05,24.7,21.1,29.4,0.0,,,12.0,,1010.3,
2024-09-06,25.2,21.9,28.4,0.0,,,9.5,,1006.9,
2024-09-07,26.1,23.0,29.9,1.7,,,10.0,,1009.7,
2024-09-08,25.2,22.5,28.4,0.0,,,16.2,,1013.0,
2024-09-09,25.3,21.8,28.7,0.0,,,22.1,,1017.1,
2024-09-10,23.3,18.8,28.5,0.0,,,14.3,,1016.9,
2024-09-11,22.4,18.3,26.9,0.3,,,14.0,,1015.5,
2024-09-12,23.6,19.8,28.2,0.0,,,14.2,,1015.1,
2024-09-13,23.8,19.6,28.7,0.0,,,20.8,,1015.7,
2024-09-14,23.5,21.2,26.9,0.0,,,32.7,,1018.7,
2024-09-15,22.6,18.3,27.2,0.0,,,19.2,,1017.4,
2024-09-16,22.9,18.5,28.0,0.0,,,13.5,,1013.7,
2024-09-17,22.6,20.0,25.7,0.0,,,12.5,,1010.7,
2024-09-18,22.7,19.6,27.3,0.3,,,16.4,,1011.4,
2024-09-19,22.4,19.5,23.1,6.0,,,11.0,,1012.5,
2024-09-20,23.5,20.7,25.8,0.0,,,11.1,,1012.8,
2024-09-21,23.7,22.6,25.4,0.0,,,9.7,,1013.5,
2024-09-22,23.8,22.3,24.7,0.0,,,13.0,,1015.6,
2024-09-23,24.0,21.0,25.6,1.0,,,19.5,,1015.9,
2024-09-24,23.4,19.8,25.4,0.0,,,17.8,,1015.8,
2024-09-25,23.7,21.2,25.8,0.0,,,18.7,,1017.3,
2024-09-26,25.3,21.1,29.6,0.0,,,20.7,,1016.2,
2024-09-27,25.6,22.9,28.3,0.0,,,30.3,,1016.7,
2024-09-28,23.2,22.8,23.8,0.0,,,25.4,,1019.1,
2024-09-29,22.9,22.1,23.6,0.0,,,20.1,,1020.2,
2024-09-30,22.7,21.8,23.4,0.0,,,16.0,,1019.1,
2024-10-01,22.7,21.7,23.5,0.0,,,9.2,,1016.4,
2024-10-02,25.2,20.9,30.4,0.0,,,17.6,,1013.4,
2024-10-03,25.5,24.1,26.9,0.0,,,32.8,,1012.3,
2024-10-04,24.1,22.9,27.4,0.0,,,25.0,,1013.7,
2024-10-05,24.1,20.9,26.8,0.0,,,14.7,,1014.5,
2024-10-06,24.1,21.8,26.9,0.0,,,11.7,,1013.3,
2024-10-07,25.6,23.1,29.9,0.0,,,18.0,,1008.8,
2024-10-08,24.3,22.1,26.3,0.0,,,26.9,,1014.4,
2024-10-09,22.9,19.9,24.7,0.0,,,21.2,,1012.6,
2024-10-10,23.6,20.4,24.7,0.0,,,24.4,,1013.8,
2024-10-11,22.3,20.6,23.7,0.0,,,11.6,,1015.2,
2024-10-12,23.2,20.6,26.7,0.0,,,11.1,,1012.9,
2024-10-13,23.0,22.2,25.1,0.0,,,11.4,,1013.8,
2024-10-14,22.7,17.8,27.3,0.1,,,12.1,,1014.1,
2024-10-15,22.9,20.5,23.6,3.0,,,14.0,,1011.8,
2024-10-16,25.2,19.3,28.4,0.0,,,15.8,,1013.3,
2024-10-17,22.6,21.1,24.1,0.0,,,30.0,,1019.8,
2024-10-18,20.4,16.5,22.2,0.4,,,28.9,,1022.0,
2024-10-19,20.5,17.0,22.2,0.0,,,18.1,,1021.6,
2024-10-20,20.3,17.4,21.6,0.0,,,9.5,,1022.5,
2024-10-21,21.7,19.1,23.4,0.0,,,13.5,,1022.6,
2024-10-22,20.8,18.3,21.9,0.0,,,14.5,,1023.5,
2024-10-23,20.9,18.8,22.1,0.0,,,18.0,,1022.9,
2024-10-24,21.3,19.8,22.1,0.0,,,13.3,,1021.6,
2024-10-25,21.4,18.8,24.6,0.0,,,9.5,,1018.6,
2024-10-26,19.2,14.9,20.4,8.9,,,32.6,,1017.9,
2024-10-27,15.8,13.4,17.4,0.0,,,10.0,,1016.1,
2024-10-28,19.0,14.7,21.6,0.8,,,21.3,,1014.7,
2024-10-29,23.3,15.3,29.0,0.5,,,25.6,,1010.9,
2024-10-30,20.6,16.5,25.3,0.0,,,13.7,,1015.3,
2024-10-31,20.5,13.3,23.0,0.0,,,11.2,,1017.9,
2024-11-01,19.5,17.2,20.3,0.0,,,11.1,,1018.1,
2024-11-02,20.4,15.6,21.4,0.0,,,20.0,,1017.1,
2024-11-03,20.6,18.8,24.2,0.0,,,15.6,,1018.1,
2024-11-04,19.8,16.9,24.8,0.0,,,13.7,,1019.5,
2024-11-05,18.1,17.1,21.4,0.0,,,7.5,,1022.3,
2024-11-06,19.6,16.8,20.4,0.0,,,13.3,,1022.5,
2024-11-07,20.4,19.2,20.9,0.0,,,13.5,,1021.3,
2024-11-08,19.6,17.7,21.4,0.0,,,9.4,,1022.2,
2024-11-09,19.5,18.5,21.3,0.0,,,11.1,,1023.8,
2024-11-10,19.1,17.1,20.0,0.0,,,10.5,,1023.9,
2024-11-11,18.4,13.0,20.1,10.9,,,14.4,,1023.1,
2024-11-12,18.1,15.7,19.9,0.0,,,14.8,,1017.8,
2024-11-13,17.6,13.3,22.3,0.5,,,14.0,,1011.6,
2024-11-14,22.5,18.2,25.0,0.8,,,17.6,,1014.5,
2024-11-15,23.3,17.8,26.9,0.0,,,17.4,,1015.8,
2024-11-16,22.1,20.1,25.9,0.0,,,16.2,,1017.2,
2024-11-17,23.2,18.1,28.8,0.0,,,14.6,,1017.1,
2024-11-18,18.2,16.1,21.4,0.0,,,9.4,,1018.9,
2024-11-19,18.1,14.8,22.3,0.6,,,11.4,,1019.5,
2024-11-20,18.7,17.1,21.0,0.0,,,31.4,,1020.9,
2024-11-21,18.1,16.6,20.4,0.0,,,37.7,,1018.9,
2024-11-22,19.1,17.5,20.4,0.0,,,34.8,,1019.6,
2024-11-23,18.1,13.9,22.7,0.0,,,14.0,,1022.9,
2024-11-24,19.9,18.0,25.1,0.0,,,17.1,,1021.4,
2024-11-25,21.3,18.3,24.2,0.0,,,14.5,,1020.6,
2024-11-26,18.8,17.1,21.3,0.0,,,8.4,,1022.0,
2024-11-27,18.2,16.6,18.8,0.0,,,11.5,,1022.6,
2024-11-28,18.2,16.4,19.4,0.0,,,10.0,,1025.8,
2024-11-29,16.7,14.2,19.4,0.0,,,8.3,,1027.2,
2024-11-30,18.1,14.8,20.6,0.0,,,7.4,,1026.8,
2024-12-01,16.2,12.3,21.1,0.0,,,9.3,,1024.4,
2024-12-02,16.9,12.4,18.4,0.0,,,6.0,,1023.6,
2024-12-03,16.4,12.3,21.7,0.0,,,12.7,,1022.3,
2024-12-04,18.0,13.8,19.1,0.0,,,23.7,,1023.3,
2024-12-05,16.4,13.3,18.4,4.1,,,12.3,,1029.1,
2024-12-06,17.8,11.3,19.1,0.0,,,13.3,,1028.2,
2024-12-07,18.8,14.7,23.6,0.0,,,17.8,,1023.5,
2024-12-08,16.2,14.6,18.0,0.0,,,15.6,,1022.5,
2024-12-09,15.2,13.3,15.7,0.0,,,18.0,,1017.6,
2024-12-10,14.5,,15.5,,,,,,,
2024-12-11,13.1,10.6,15.4,0.0,,,,,,
2024-12-12,13.5,8.9,16.6,0.0,,,,,,
2024-12-13,15.4,10.9,18.4,0.0,,,,,,
2024-12-14,15.1,11.7,17.6,0.0,,,11.9,,1028.1,
2024-12-15,15.3,12.9,17.0,0.0,,,13.4,,1032.5,
2024-12-16,14.6,11.9,17.3,0.0,,,17.2,,1036.8,
2024-12-17,14.0,10.7,16.8,0.0,,,13.1,,1033.2,
2024-12-18,12.8,7.1,18.9,0.0,,,8.6,,1031.3,
2024-12-19,19.3,11.4,24.2,0.0,,,22.5,,1026.2,
2024-12-20,17.1,12.2,18.9,0.5,,,15.8,,1026.5,
2024-12-21,15.2,13.9,16.1,0.0,,,17.2,,1028.4,
2024-12-22,13.7,6.6,17.4,0.0,,,9.4,,1028.8,
2024-12-23,14.9,10.7,16.9,0.0,,,14.8,,1024.4,
2024-12-24,14.5,11.4,17.2,0.0,,,12.9,,1026.6,
2024-12-25,15.7,11.9,19.0,0.0,,,16.4,,1026.9,
2024-12-26,14.4,12.8,15.8,0.0,,,18.1,,1027.5,
2024-12-27,13.3,10.5,16.2,0.0,,,18.9,,1028.4,
2024-12-28,13.9,11.1,16.9,0.0,,,16.8,,1027.7,
2024-12-29,14.3,11.3,17.8,0.0,,,17.1,,1026.6,
2024-12-30,14.3,10.8,17.2,0.0,,,17.7,,1027.4,
2024-12-31,14.7,6.5,16.9,0.0,,,15.0,,1027.0,
2025-01-01,11.1,7.9,14.5,0.0,,,8.7,,1026.9,
2025-01-02,10.9,7.6,14.8,0.2,,,10.6,,1027.8,
2025-01-03,11.6,7.2,17.4,0.0,,,13.0,,1026.7,
2025-01-04,13.6,9.8,19.4,0.0,,,16.8,,1024.2,
2025-01-05,12.8,8.1,18.4,0.0,,,12.3,,1018.3,
2025-01-06,13.5,10.2,17.7,2.2,,,28.7,,1013.6,
2025-01-07,13.6,10.9,16.4,1.1,,,29.6,,1022.7,
2025-01-08,12.4,6.5,19.5,0.0,,,15.2,,1023.0,
2025-01-09,15.1,11.7,20.4,0.0,,,21.6,,1024.2,
2025-01-10,15.5,12.3,20.2,0.0,,,16.6,,1026.4,
2025-01-11,15.1,12.3,18.5,0.0,,,23.6,,1026.1,
2025-01-12,14.6,11.4,16.9,0.0,,,20.4,,1024.9,
2025-01-13,11.4,9.4,13.7,0.0,,,19.1,,1026.6,
2025-01-14,9.1,8.3,10.0,7.4,,,18.7,,1028.0,
2025-01-15,9.4,6.6,12.9,0.4,,,9.7,,1027.2,
2025-01-16,10.3,7.2,14.7,0.2,,,15.5,,1022.0,
2025-01-17,10.2,8.5,12.7,3.4,,,12.4,,1023.4,
2025-01-18,10.0,8.3,11.5,9.3,,,11.3,,1024.7,
2025-01-19,10.6,7.1,15.5,0.0,,,11.5,,1022.5,
2025-01-20,11.5,6.3,18.2,0.0,,,10.9,,1020.2,
2025-01-21,14.6,9.5,21.8,0.0,,,11.9,,1016.8,
2025-01-22,15.4,11.4,20.7,0.0,,,12.2,,1014.1,
2025-01-23,14.2,10.2,20.9,0.0,,,10.7,,1017.1,
2025-01-24,13.4,8.7,20.4,0.0,,,10.0,,1021.1,
2025-01-25,13.8,9.8,19.4,0.0,,,16.7,,1020.3,
2025-01-26,15.2,12.7,19.7,0.0,,,13.0,,1023.1,
2025-01-27,16.7,12.6,22.1,0.0,,,22.1,,1020.8,
2025-01-28,15.5,13.8,17.1,1.0,,,42.0,,1023.8,
2025-01-29,14.4,12.7,17.7,0.0,,,29.0,,1024.1,
2025-01-30,12.0,10.1,13.4,4.5,,,27.7,,1019.2,
2025-01-31,10.6,8.3,12.4,4.4,,,20.9,,1025.2,
2025-02-01,11.2,8.6,14.5,1.2,,,18.5,,1023.7,
2025-02-02,11.0,8.5,14.1,3.7,,,13.3,,1020.4,
2025-02-03,10.4,6.2,15.7,1.8,,,20.6,,1021.2,
2025-02-04,11.4,9.4,14.0,1.0,,,11.3,,1025.9,
2025-02-05,11.1,7.7,14.9,0.0,,,11.2,,1031.5,
2025-02-06,10.4,6.1,15.0,0.0,,,10.8,,1029.0,
2025-02-07,10.3,5.2,15.6,0.0,,,10.1,,1023.1,
2025-02-08,13.4,9.5,17.9,0.0,,,23.2,,1023.0,
2025-02-09,13.0,9.7,17.3,0.0,,,12.2,,1025.5,
2025-02-10,11.9,8.0,17.0,0.0,,,8.1,,1021.5,
2025-02-11,12.6,8.3,17.6,0.0,,,7.1,,1019.4,
2025-02-12,14.0,10.3,18.5,0.5,,,21.7,,1018.9,
2025-02-13,15.8,14.9,16.9,0.0,,,14.9,,1021.3,
2025-02-14,14.7,11.4,17.6,0.0,,,12.2,,1019.6,
2025-02-15,15.2,11.1,20.4,0.0,,,10.7,,1014.6,
2025-02-16,16.8,15.4,19.2,0.0,,,16.7,,1012.5,
2025-02-17,15.7,12.4,18.9,0.0,,,13.3,,1016.5,
2025-02-18,16.4,10.4,25.0,0.0,,,14.9,,1013.1,
2025-02-19,15.4,12.8,19.8,0.2,,,11.8,,1018.5,
2025-02-20,13.7,11.8,16.9,0.0,,,10.8,,1026.2,
2025-02-21,14.8,9.5,21.3,0.0,,,13.5,,1024.1,
2025-02-22,15.8,13.3,19.5,9.2,,,12.9,,1022.2,
2025-02-23,14.1,12.2,15.7,7.1,,,19.5,,1027.0,
2025-02-24,15.6,13.9,16.5,9.9,,,9.9,,1030.1,
2025-02-25,17.1,13.4,20.8,0.0,,,17.1,,1025.6,
2025-02-26,15.7,11.5,17.6,0.0,,,16.2,,1025.4,
2025-02-27,13.0,8.6,18.5,0.0,,,12.4,,1019.9,
2025-02-28,14.6,11.6,19.1,0.5,,,14.5,,1013.1,
2025-03-01,13.7,11.8,16.7,7.2,,,11.8,,1011.0,
2025-03-02,13.3,8.2,18.0,0.0,,,16.4,,1014.7,
2025-03-03,16.3,12.0,23.2,0.0,,,14.1,,1012.2,
2025-03-04,14.9,12.8,17.4,0.6,,,17.3,,1011.0,
2025-03-05,14.9,10.2,20.8,2.6,,,12.5,,1010.9,
2025-03-06,15.3,12.6,19.3,0.4,,,15.0,,1010.8,
2025-03-07,15.0,13.1,18.1,0.0,,,12.6,,1012.8,
2025-03-08,16.8,11.0,25.1,0.6,,,23.5,,1005.3,
2025-03-09,14.5,11.9,17.8,5.7,,,18.0,,1005.1,
2025-03-10,14.6,11.0,18.7,1.1,,,17.5,,1005.8,
2025-03-11,15.7,12.8,20.3,4.3,,,23.1,,1007.6,
2025-03-12,15.4,13.0,18.2,0.0,,,35.1,,1007.9,
2025-03-13,16.6,13.2,22.6,0.7,,,20.3,,1002.4,
2025-03-22,15.0,12.6,17.6,0.0,,,26.3,,1015.2,
2025-03-23,14.2,11.9,18.6,3.4,,,31.3,,1012.9,
2025-03-24,12.9,10.3,15.9,2.7,,,30.4,,1017.4,
2025-03-25,13.2,10.1,16.8,0.0,,,15.6,,1020.6,
2025-03-26,13.6,9.4,17.5,0.0,,,13.4,,1020.8,
2025-03-27,17.4,13.3,20.2,0.0,,,16.4,,1017.2,
2025-03-28,18.2,13.4,20.4,0.0,,,15.2,,1016.6,
2025-03-29,18.7,14.7,21.9,0.0,,,14.4,,1017.8,
2025-03-30,15.7,14.1,16.4,0.0,,,18.5,,1019.5,
2025-03-31,15.8,12.2,17.6,0.0,,,14.6,,1017.2,
2025-04-01,15.7,12.8,17.1,0.0,,,13.3,,1010.1,
2025-04-02,18.3,14.4,20.6,0.0,,,13.9,,1006.5,
2025-04-03,17.4,13.0,23.3,0.0,,,14.2,,1007.7,
2025-04-04,18.4,15.2,21.7,0.0,,,14.4,,1011.3,
2025-04-05,17.1,14.4,20.4,0.0,,,17.0,,1015.5,
2025-04-06,18.1,14.3,20.3,0.0,,,18.7,,1015.0,
2025-04-07,17.6,15.0,19.4,0.0,,,12.4,,1017.5,
2025-04-08,20.8,16.3,24.3,0.0,,,19.7,,1018.2,
2025-04-09,18.3,17.7,19.4,0.0,,,12.0,,1014.6,
2025-04-10,17.7,17.0,18.6,0.0,,,18.0,,1014.0,
2025-04-11,17.9,15.7,21.4,0.0,,,12.9,,1011.5,
2025-04-12,18.3,16.9,24.4,0.5,,,13.4,,1010.8,
2025-04-13,17.8,16.8,19.3,2.0,,,17.3,,1009.7,
2025-04-14,20.1,16.4,21.9,2.0,,,29.9,,1010.7,
2025-04-15,16.7,16.0,18.7,0.0,,,34.0,,1010.5,
2025-04-16,15.5,13.7,16.3,4.1,,,41.5,,1015.7,
2025-04-17,18.8,13.6,21.4,1.0,,,28.2,,1019.1,
2025-04-18,18.1,16.0,19.9,0.0,,,8.5,,1015.3,
2025-04-19,19.3,17.6,20.7,0.0,,,26.2,,1012.7,
2025-04-20,16.7,15.6,18.1,0.0,,,34.4,,1014.4,
2025-04-21,17.1,15.8,18.7,0.0,,,19.1,,1017.2,
2025-04-22,17.1,14.4,18.1,0.0,,,8.2,,1018.8,
2025-04-23,17.7,15.0,19.1,0.0,,,13.2,,1021.1,
2025-04-24,19.8,18.1,22.3,0.0,,,12.1,,1017.4,
2025-04-25,18.4,17.8,19.8,0.0,,,13.4,,1015.8,
2025-04-26,20.7,16.9,24.7,0.0,,,21.3,,1015.9,
2025-04-27,18.3,16.7,19.7,0.0,,,17.9,,1018.7,
2025-04-28,17.9,16.8,19.1,0.0,,,26.6,,1018.4,
2025-04-29,18.3,16.8,19.6,0.0,,,23.4,,1013.0,
2025-04-30,18.3,17.3,19.1,0.0,,,15.4,,1011.0,
2025-05-01,19.9,15.6,24.7,0.0,,,13.6,,1012.7,
2025-05-02,23.3,18.8,25.7,0.0,,,21.7,,1012.1,
2025-05-03,19.6,16.8,22.6,0.0,,,20.2,,1015.6,
2025-05-04,20.7,18.3,22.1,0.0,,,26.9,,1015.1,
2025-05-05,20.2,17.2,21.6,0.0,,,28.5,,1013.9,
2025-05-06,19.1,17.3,21.3,0.0,,,20.8,,1013.4,
2025-05-07,18.0,16.7,18.8,0.0,,,8.7,,1012.4,
2025-05-08,18.4,17.5,19.6,0.0,,,11.5,,1012.1,
2025-05-09,19.4,17.3,20.9,0.0,,,13.1,,1012.3,
2025-05-10,19.6,19.1,21.0,0.0,,,10.8,,1011.5,
2025-05-11,20.5,17.9,23.4,0.0,,,18.0,,1013.9,
2025-05-12,19.3,16.3,22.7,0.0,,,17.5,,1015.0,
2025-05-13,17.5,15.4,20.1,2.1,,,12.1,,1013.5,
2025-05-14,18.3,16.6,19.4,2.0,,,12.3,,1013.1,
2025-05-15,19.7,17.4,20.7,1.0,,,20.7,,1016.0,
2025-05-16,18.6,15.3,20.4,0.0,,,14.3,,1016.5,
2025-05-17,21.4,18.3,23.9,0.0,,,14.5,,1014.4,
2025-05-18,20.2,18.8,22.4,0.0,,,9.4,,1013.5,
2025-05-19,23.3,19.7,26.8,0.0,,,18.7,,1016.2,
2025-05-20,20.8,19.9,22.0,0.0,,,12.3,,1018.0,
2025-05-21,20.6,16.3,25.1,0.0,,,8.8,,1017.3,
2025-05-22,20.6,18.3,22.3,0.0,,,9.4,,1014.1,
2025-05-23,19.6,17.6,20.8,0.0,,,23.5,,1014.1,
2025-05-24,19.4,17.9,20.0,4.1,,,17.7,,1020.0,
2025-05-25,21.0,13.8,26.8,0.0,,,13.4,,1019.5,
2025-05-26,21.3,19.4,23.6,0.0,,,10.0,,1018.6,
2025-05-27,20.7,18.9,21.6,0.0,,,10.2,,1019.6,
2025-05-28,20.7,19.9,21.5,0.0,,,9.6,,1021.6,
2025-05-29,23.0,19.8,28.2,0.0,,,11.1,,1020.2,
2025-05-30,23.2,21.8,26.2,0.0,,,9.8,,1019.0,
2025-05-31,22.6,20.8,24.2,0.0,,,8.9,,1019.0,
2025-06-01,21.7,20.8,25.6,0.0,,,9.0,,1016.4,
2025-06-02,21.7,20.0,22.9,0.0,,,12.3,,1013.7,
2025-06-03,22.5,21.7,23.3,0.0,,,19.8,,1015.1,
2025-06-04,22.2,20.9,23.3,0.0,,,17.7,,1016.0,
2025-06-05,22.2,20.2,23.6,0.0,,,10.1,,1016.2,
2025-06-06,22.4,19.7,24.2,0.0,,,7.9,,1016.0,
2025-06-07,23.9,20.7,27.8,0.0,,,8.5,,1015.3,
2025-06-08,23.5,22.8,23.9,0.0,,,11.3,,1015.6,
2025-06-09,22.7,22.0,22.9,0.0,,,16.5,,1016.9,
2025-06-10,22.3,22.1,22.8,0.0,,,11.6,,1016.5,
2025-06-11,23.6,22.3,24.6,0.0,,,15.9,,1013.5,
2025-06-12,22.8,20.2,26.6,0.0,,,14.0,,1014.0,
2025-06-13,23.3,22.4,26.9,0.0,,,11.3,,1014.5,
2025-06-14,23.9,22.9,25.1,0.0,,,12.5,,1015.9,
2025-06-15,24.1,22.9,25.0,0.0,,,11.8,,1016.8,
2025-06-16,24.4,23.3,25.8,0.0,,,10.7,,1018.5,
2025-06-17,23.9,23.2,24.4,0.0,,,8.7,,1019.1,
2025-06-18,24.3,23.1,27.2,0.0,,,9.2,,1019.1,
2025-06-19,25.3,24.1,28.1,0.0,,,9.6,,1018.2,
2025-06-20,25.9,23.7,28.8,0.0,,,10.3,,1018.2,
2025-06-21,24.6,23.3,28.8,0.0,,,9.2,,1016.7,
2025-06-22,24.7,23.3,27.3,0.0,,,10.4,,1016.3,
2025-06-23,25.9,23.7,30.8,0.0,,,17.3,,1015.8,
2025-06-24,24.2,23.0,26.1,0.0,,,12.5,,1013.6,
2025-06-25,24.8,22.7,26.1,0.0,,,19.5,,1015.2,
2025-06-26,25.8,23.9,28.8,0.0,,,12.5,,1017.2,
2025-06-27,24.3,23.0,25.4,0.0,,,12.7,,1020.5,
2025-06-28,23.9,21.5,26.6,0.0,,,11.6,,1021.0,
2025-06-29,24.6,23.4,26.2,0.0,,,9.5,,1018.8,
2025-06-30,24.7,23.4,26.2,0.0,,,8.8,,1015.8,
2025-07-01,25.4,24.3,26.2,0.0,,,10.7,,1013.9,
2025-07-02,25.7,24.9,26.4,0.0,,,11.4,,1014.5,
2025-07-03,25.8,24.2,26.5,0.0,,,15.4,,1017.4,
2025-07-04,25.2,24.0,25.9,0.0,,,16.2,,1018.1,
2025-07-05,24.6,22.9,25.9,0.0,,,11.2,,1015.9,
2025-07-06,25.4,24.6,26.6,0.0,,,11.7,,1012.8,
2025-07-07,26.4,24.6,27.9,0.0,,,10.8,,1010.7,
2025-07-08,26.4,24.4,27.2,0.0,,,10.2,,1012.5,
2025-07-09,25.6,24.4,26.2,0.0,,,10.5,,1016.0,
2025-07-10,25.6,23.0,26.3,0.0,,,8.7,,1016.0,
2025-07-11,26.2,23.1,27.4,0.0,,,17.8,,1014.0,
2025-07-12,25.5,23.7,26.9,0.0,,,25.3,,1012.7,
2025-07-13,24.8,21.7,25.6,0.0,,,15.7,,1014.0,
2025-07-14,26.4,25.1,27.2,0.0,,,12.8,,1016.5,
2025-07-15,26.9,26.1,27.9,0.0,,,11.6,,1018.7,
2025-07-16,26.6,25.3,27.4,0.0,,,11.2,,1017.9,
2025-07-17,26.2,24.7,27.7,0.0,,,8.5,,1015.4,
2025-07-18,28.2,24.7,32.6,0.0,,,13.4,,1011.8,
2025-07-19,28.8,27.3,31.8,0.0,,,24.7,,1011.4,
2025-07-20,27.7,25.7,31.8,0.0,,,17.9,,1009.8,
2025-07-21,27.1,25.9,29.1,0.0,,,17.7,,1011.5,
2025-07-22,26.2,24.6,27.2,0.0,,,8.8,,1014.1,
2025-07-23,25.9,24.2,28.9,0.0,,,11.7,,1012.8,
2025-07-24,26.3,25.4,27.7,0.0,,,11.0,,1009.8,
2025-07-25,25.8,23.9,26.3,0.0,,,32.8,,1011.7,
2025-07-26,24.7,23.5,25.5,0.0,,,18.9,,1016.2,
2025-07-27,25.3,23.4,27.1,0.0,,,8.8,,1016.9,
2025-07-28,26.6,22.7,31.0,0.0,,,9.5,,1013.9,
2025-07-29,25.0,24.6,27.4,0.0,,,17.2,,1014.1,
2025-07-30,24.1,23.4,25.5,0.0,,,24.6,,1015.1,
2025-07-31,23.6,22.4,24.8,0.0,,,24.0,,1014.7,
2025-08-01,24.2,22.9,24.8,0.0,,,15.0,,1013.2,
2025-08-02,24.1,21.5,25.7,0.0,,,15.1,,1012.0,
2025-08-03,23.8,22.8,24.7,0.0,,,13.6,,1013.6,
2025-08-04,23.6,22.0,25.6,0.0,,,11.8,,1017.3,
2025-08-05,24.7,22.1,26.9,0.0,,,9.6,,1017.9,
2025-08-06,25.1,22.8,28.6,0.0,,,9.4,,1016.8,
2025-08-07,25.3,23.8,26.6,0.0,,,8.9,,1015.6,
2025-08-08,24.8,23.2,26.4,0.0,,,9.2,,1016.0,
2025-08-09,24.7,23.4,26.1,0.0,,,11.2,,1017.0,
2025-08-10,24.8,23.3,25.9,0.0,,,11.9,,1018.8,
2025-08-11,25.9,23.8,27.8,0.0,,,9.1,,1017.3,
2025-08-12,27.2,23.1,30.0,0.0,,,10.8,,1014.7,
2025-08-13,25.6,24.5,26.8,0.0,,,13.9,,1013.6,
2025-08-14,24.8,22.9,26.4,0.0,,,13.3,,1014.7,
2025-08-15,24.4,21.6,26.7,0.0,,,11.5,,1017.2,
2025-08-16,26.6,23.7,29.9,0.0,,,8.5,,1017.9,
2025-08-17,29.4,24.1,35.1,0.0,,,10.6,,1015.4,
2025-08-18,31.6,29.4,34.7,0.0,,,14.1,,1012.4,
2025-08-19,32.1,26.8,35.6,0.0,,,21.2,,1011.1,
2025-08-20,29.2,26.1,31.9,0.0,,,26.3,,1011.5,
2025-08-21,28.1,26.1,30.2,0.0,,,19.6,,1012.3,
2025-08-22,26.0,23.3,27.9,0.0,,,9.4,,1014.1,
2025-08-23,26.1,24.0,27.6,0.0,,,10.2,,1014.7,
2025-08-24,28.0,25.9,28.9,0.0,,,14.5,,1012.3,
2025-08-25,28.0,24.0,33.0,0.0,,,18.5,,1012.7,
2025-08-26,28.3,23.5,37.4,0.0,,,14.5,,1010.0,
2025-08-27,27.2,24.4,30.3,0.0,,,20.6,,1009.7,
2025-08-28,26.5,24.0,29.0,0.0,,,32.8,,1011.5,
2025-08-29,25.1,22.2,28.6,0.0,,,29.5,,1014.0,
2025-08-30,25.2,20.7,29.7,0.0,,,10.8,,1014.4,
2025-08-31,25.5,21.1,28.8,0.0,,,12.0,,1012.2,
2025-09-01,25.6,22.3,28.8,0.0,,,27.6,,1013.8,
2025-09-02,23.5,20.5,27.6,0.0,,,16.3,,1016.8,
2025-09-03,24.1,19.5,28.6,0.0,,,10.0,,1015.1,
2025-09-04,23.5,20.2,27.6,0.0,,,10.4,,1014.7,
2025-09-05,24.1,20.5,27.9,0.0,,,15.2,,1014.8,
2025-09-06,25.2,22.7,28.0,0.0,,,11.8,,1014.7,
2025-09-07,26.6,22.7,31.5,0.0,,,9.9,,1015.6,
2025-09-08,25.3,23.2,28.4,0.0,,,10.5,,1014.8,
2025-09-09,23.1,20.5,25.8,9.8,,,18.6,,1015.0,
2025-09-10,22.9,20.4,26.0,0.0,,,28.4,,1016.7,
2025-09-11,23.5,20.5,27.9,0.0,,,14.5,,1018.8,
2025-09-12,24.8,19.0,30.1,0.0,,,12.5,,1017.9,
2025-09-13,24.1,21.1,29.3,0.0,,,9.1,,1016.5,
2025-09-14,23.6,19.9,27.8,0.0,,,9.3,,1018.7,
2025-09-15,23.8,21.4,26.7,0.0,,,10.0,,1019.1,
2025-09-16,24.2,21.8,26.8,0.0,,,11.5,,1020.0,
2025-09-17,24.4,22.2,27.7,0.0,,,9.7,,1020.4,
2025-09-18,24.7,21.5,28.8,0.0,,,11.6,,1020.8,
2025-09-19,23.7,20.1,27.1,0.0,,,12.4,,1020.9,
2025-09-20,23.7,21.2,26.7,0.0,,,12.9,,1018.5,
2025-09-21,23.9,20.4,27.3,0.0,,,10.5,,1014.9,
2025-09-22,24.8,22.1,28.4,0.0,,,16.1,,1013.7,
2025-09-23,22.6,19.2,25.2,0.0,,,13.7,,1014.5,
2025-09-24,22.7,19.4,27.1,0.0,,,23.2,,1015.9,
2025-09-25,22.6,20.0,25.8,0.0,,,22.6,,1015.6,
2025-09-26,21.9,18.5,25.6,0.0,,,12.6,,1017.6,
2025-09-27,22.7,17.8,27.4,0.0,,,10.3,,1018.7,
2025-09-28,22.4,19.1,26.5,0.0,,,16.6,,1016.5,
2025-09-29,21.5,18.6,25.4,0.1,,,11.9,,1015.4,
2025-09-30,21.5,19.0,24.8,1.0,,,12.9,,1016.9,
2025-10-01,21.6,19.6,23.9,0.0,,,14.6,,1019.0,
2025-10-02,21.2,18.1,24.6,0.0,,,12.2,,1020.4,
2025-10-03,21.9,17.0,26.9,0.0,,,8.2,,1021.0,
2025-10-04,22.2,18.8,26.8,0.0,,,8.4,,1019.8,
2025-10-05,22.8,19.7,28.2,0.0,,,12.0,,1018.3,
2025-10-06,22.3,19.6,26.8,0.0,,,18.2,,1020.9,
2025-10-07,21.2,17.7,25.1,0.0,,,14.1,,1021.7,
2025-10-08,21.3,17.0,26.5,0.1,,,8.4,,1019.5,
2025-10-09,20.7,18.1,24.5,0.2,,,10.3,,1018.9,
2025-10-10,20.4,17.8,22.9,0.1,,,12.6,,1019.5,
2025-10-11,21.4,17.2,25.4,0.0,,,14.0,,1018.3,
2025-10-12,24.1,20.2,30.1,0.0,,,17.5,,1015.4,
2025-10-13,23.9,19.6,27.6,0.1,,,13.1,,1014.1,
2025-10-14,21.3,19.4,23.9,0.0,,,12.7,,1016.3,
2025-10-15,21.1,19.0,24.5,0.0,,,12.6,,1017.3,
2025-10-16,20.3,17.3,23.7,0.0,,,15.9,,1016.1,
2025-10-17,20.4,18.1,24.4,0.0,,,12.8,,1015.3,
2025-10-18,20.0,16.4,24.1,0.0,,,12.3,,1017.7,
2025-10-19,19.8,15.7,25.0,0.0,,,10.7,,1017.2,
2025-10-20,21.1,16.6,26.4,0.0,,,16.1,,1013.9,
2025-10-21,21.9,19.5,25.2,0.0,,,28.1,,1014.4,
2025-10-22,22.0,20.4,24.6,0.0,,,31.6,,1016.6,
2025-10-23,23.5,20.3,28.0,0.0,,,22.3,,1018.0,
2025-10-24,22.8,19.2,27.8,0.0,,,10.1,,1016.4,
2025-10-25,22.8,18.2,28.9,0.0,,,9.7,,1013.6,
2025-10-26,21.4,19.4,24.6,0.4,,,24.9,,1016.2,
2025-10-27,19.7,17.6,22.6,4.2,,,11.9,,1020.3,
2025-10-28,19.8,16.2,25.2,0.0,,,10.8,,1017.9,
2025-10-29,21.9,18.9,27.0,0.5,,,18.1,,1011.5,
2025-10-30,20.4,18.3,23.0,0.3,,,20.3,,1014.4,
2025-10-31,19.7,16.7,24.4,0.0,,,9.6,,1017.6,
2025-11-01,18.8,15.6,22.4,0.0,,,7.0,,1019.4,
2025-11-02,19.4,16.5,23.8,0.0,,,17.6,,1021.8,
2025-11-03,19.0,16.3,23.1,0.0,,,13.3,,1022.6,
2025-11-04,18.9,15.4,24.2,0.0,,,13.7,,1020.9,
2025-11-05,19.0,15.4,23.6,0.0,,,8.3,,1016.4,
2025-11-06,18.5,16.7,20.2,2.2,,,29.4,,1016.3,
2025-11-07,17.3,14.7,21.0,0.0,,,21.5,,1017.3,
2025-11-08,17.3,15.0,20.4,2.7,,,26.2,,1016.9,
2025-11-09,16.7,13.4,21.3,0.0,,,11.8,,1020.0,
2025-11-10,16.2,12.6,21.2,0.0,,,11.1,,1018.6,
2025-11-11,16.3,11.0,23.2,0.0,,,10.0,,1016.8,
2025-11-12,21.2,14.6,30.2,0.0,,,16.7,,1014.1,
2025-11-13,26.4,22.1,31.2,0.0,,,31.3,,1012.6,
2025-11-14,21.6,18.3,25.4,0.0,,,17.3,,1013.2,
2025-11-15,19.6,17.0,25.2,0.0,,,14.4,,1015.4,
2025-11-16,19.0,16.3,21.5,0.0,,,21.2,,1014.2,
2025-11-17,16.8,14.9,19.5,1.1,,,21.4,,1014.3,
2025-11-18,15.2,12.7,19.0,1.4,,,10.8,,1015.6,
2025-11-19,15.0,13.0,17.9,0.3,,,15.8,,1015.8,
2025-11-20,14.2,12.4,16.5,1.5,,,22.5,,1016.2,
2025-11-21,13.5,11.9,16.4,0.5,,,16.3,,1021.8,
2025-11-22,12.2,8.9,14.2,0.0,,,15.7,,1027.5,
2025-11-23,11.6,7.1,17.4,0.0,,,12.4,,1025.5,
2025-11-24,15.1,11.1,19.7,0.0,,,29.1,,1019.5,
2025-11-25,16.3,14.5,19.0,4.8,,,33.5,,1016.0,
2025-11-26,14.2,11.5,15.3,0.0,,,24.9,,1020.7,
2025-11-27,12.3,9.7,15.3,0.0,,,13.7,,1021.9,
2025-11-28,11.0,5.4,17.2,0.0,,,9.3,,1022.1,
2025-11-29,11.3,6.6,17.0,0.0,,,10.5,,1018.4,
2025-11-30,13.0,10.4,17.6,0.0,,,16.2,,1015.2,
2025-12-01,12.4,8.7,17.1,0.0,,,9.3,,1018.3,
2025-12-02,13.3,10.0,17.8,0.8,,,20.4,,1017.5,
2025-12-03,11.3,9.2,13.8,19.8,,,30.5,,1017.2,
2025-12-04,13.4,9.5,16.5,0.0,,,35.8,,1021.0,
2025-12-05,15.8,14.8,17.8,0.0,,,36.8,,1020.5,
2025-12-06,16.3,13.9,19.9,0.0,,,20.7,,1023.2,
2025-12-07,14.5,10.7,19.7,0.0,,,9.7,,1023.2,
2025-12-08,13.4,9.7,18.5,0.0,,,8.2,,1022.8,
2025-12-09,12.9,8.1,19.3,0.0,,,8.6,,1022.6,
2025-12-10,12.6,7.8,19.1,0.0,,,9.8,,1020.6,
2025-12-11,12.9,9.8,16.9,0.0,,,7.6,,1021.0,
2025-12-12,12.9,9.4,17.9,0.0,,,13.3,,1017.4,
2025-12-13,14.3,10.8,18.4,0.0,,,20.4,,1017.7,
2025-12-14,15.2,12.6,19.6,9.2,,,19.7,,1017.2,
2025-12-15,13.8,10.5,18.4,0.0,,,17.0,,1013.8,
2025-12-16,13.2,10.1,17.5,0.4,,,19.2,,1009.6,
2025-12-17,10.9,7.5,13.5,1.0,,,11.6,,1017.6,
2025-12-18,13.6,10.3,16.8,1.6,,,17.9,,1021.2,
2025-12-19,14.5,13.1,16.0,5.4,,,13.5,,1019.3,
2025-12-20,13.3,12.1,15.1,21.3,,,27.1,,1016.6,
2025-12-21,13.5,11.1,17.4,3.6,,,28.2,,1011.5,
2025-12-22,10.6,8.7,13.2,5.1,,,31.2,,1011.5,
2025-12-23,10.6,7.8,14.0,6.9,,,31.7,,1012.2,
2025-12-24,11.8,9.6,15.2,10.5,,,17.2,,1008.0,
2025-12-25,10.6,9.1,13.3,9.7,,,17.9,,1008.8,
2025-12-26,11.1,8.9,14.6,0.5,,,26.1,,1013.3,
2025-12-27,11.8,7.2,16.9,0.0,,,13.1,,1014.6,
2025-12-28,13.1,10.3,16.2,0.0,,,19.9,,1013.8,
2025-12-29,10.3,7.0,14.8,0.1,,,13.8,,1017.5,
2025-12-30,11.4,9.4,15.4,0.4,,,14.0,,1021.3,
2025-12-31,11.2,8.1,15.9,0.0,,,11.0,,1019.5,
2026-01-01,11.5,7.7,16.9,0.0,,,11.3,,1017.4,
2026-01-02,13.7,9.2,19.1,0.0,,,11.2,,1011.6,
2026-01-03,16.1,14.3,19.3,0.0,,,21.4,,1004.3,
2026-01-04,13.8,10.7,17.2,2.6,,,11.9,,1001.1,
2026-01-05,12.7,11.0,14.2,9.7,,,20.5,,1004.1,
2026-01-06,9.2,7.6,11.2,24.0,,,28.5,,1012.1,
2026-01-07,8.8,5.1,12.5,1.6,,,27.9,,1024.3,
2026-01-08,11.3,8.5,15.4,0.0,,,22.2,,1030.4,
2026-01-09,12.4,9.3,15.6,0.0,,,34.4,,1026.8,
2026-01-10,13.2,9.9,14.8,4.5,,,20.8,,1025.8,
2026-01-11,11.9,9.7,15.5,0.0,,,12.1,,1026.7,
2026-01-12,11.1,6.3,17.5,0.0,,,10.5,,1023.3,
2026-01-13,13.1,9.2,19.2,0.0,,,13.5,,1017.9,
2026-01-14,11.7,7.9,16.3,0.0,,,13.0,,1018.8,
2026-01-15,11.4,8.8,14.8,2.3,,,18.1,,1019.8,
2026-01-16,12.8,10.3,17.7,0.4,,,15.1,,1016.9,
2026-01-17,11.1,9.1,12.2,4.3,,,24.3,,1012.0,
2026-01-18,9.4,4.9,13.6,0.0,,,14.5,,1010.0,
2026-01-19,9.3,7.4,11.8,27.9,,,25.4,,1012.7,
2026-01-20,12.5,10.6,14.8,2.3,,,32.5,,1013.2,
2026-01-21,13.2,12.0,15.1,4.4,,,30.1,,1011.9,
2026-01-22,13.8,11.8,15.2,5.9,,,43.9,,1007.0,
2026-01-23,13.5,12.1,16.5,4.8,,,32.6,,1006.1,
2026-01-24,10.8,9.6,12.8,7.9,,,44.4,,1008.0,
2026-01-25,12.4,10.6,14.3,9.5,,,50.6,,1015.4,
2026-01-26,15.5,13.5,17.5,15.0,,,44.3,,1015.9,
2026-01-27,15.5,12.3,19.2,2.4,,,30.9,,1011.1,
2026-01-28,15.6,12.9,18.9,2.1,,,41.7,,1008.0,
2026-01-29,17.2,15.7,19.3,1.5,,,50.6,,1012.0,
2026-01-30,16.4,15.6,17.8,1.6,,,46.0,,1013.3,
2026-01-31,14.6,12.6,16.2,0.7,,,45.7,,1015.5,
2026-02-01,14.0,12.0,17.3,0.0,,,26.3,,1017.4,
2026-02-02,13.3,9.6,19.7,0.5,,,23.1,,1007.4,
2026-02-03,12.2,9.5,14.9,0.8,,,27.5,,1008.6,
2026-02-04,15.0,11.8,17.7,12.4,,,40.3,,1003.7,
2026-02-05,17.9,15.3,21.7,0.0,,,31.8,,1005.0,
2026-02-06,15.1,12.5,18.0,0.3,,,27.3,,1010.5,
2026-02-07,13.6,10.9,16.8,0.1,,,32.5,,1015.8,
2026-02-08,13.5,11.0,18.5,4.2,,,38.6,,1014.0,
2026-02-09,15.2,12.0,18.0,5.4,,,34.6,,1013.3,
2026-02-10,16.5,12.8,18.7,0.5,,,42.7,,1016.0,
2026-02-14,12.5,,,,,,42.1,,1012.0,
2026-02-15,13.3,11.8,15.5,0.2,,,36.3,,1025.3,
2026-02-16,14.2,12.8,16.7,0.0,,,36.8,,1026.5,
2026-02-17,14.7,12.0,18.6,0.0,,,16.3,,1025.0,
2026-02-18,14.8,11.4,20.4,0.0,,,19.4,,1019.9,
2026-02-19,13.8,11.4,16.1,0.2,,,33.0,,1022.4,
2026-02-20,12.3,8.3,16.9,0.0,,,13.5,,1027.8,
2026-02-21,12.0,7.5,17.6,0.0,,,13.6,,1029.3,
2026-02-22,12.4,6.7,19.0,0.0,,,8.4,,1028.2,
2026-02-23,12.8,8.5,17.7,0.0,,,7.2,,1025.1,
2026-02-24,12.2,8.0,17.3,0.0,,,7.2,,1021.8,
2026-02-25,14.0,8.8,20.2,0.0,,,9.3,,1017.6,
2026-02-26,14.2,9.6,19.0,0.0,,,11.4,,1022.4,
2026-02-27,14.6,10.0,20.6,0.0,,,10.9,,1021.3,
2026-02-28,14.0,12.0,16.8,0.0,,,16.2,,1020.3,
2026-03-01,14.6,13.4,16.7,0.0,,,20.4,,1021.4,
2026-03-02,14.6,11.9,18.1,0.3,,,16.5,,1014.3,
2026-03-03,15.4,10.1,21.1,0.0,,,18.5,,1008.8,
2026-03-04,14.7,12.2,17.8,0.0,,,12.5,,1011.0,
2026-03-05,12.6,11.2,14.5,6.1,,,32.0,,1013.2,
2026-03-06,12.9,9.7,15.1,2.7,,,33.0,,1014.5,
2026-03-07,12.3,9.3,17.2,0.1,,,17.8,,1017.9,
2026-03-08,11.6,8.4,15.2,1.1,,,8.5,,1020.6,
2026-03-09,12.5,9.7,16.0,0.2,,,9.0,,1021.6,
2026-03-10,10.5,8.9,11.8,8.9,,,13.5,,1019.1,
2026-03-11,10.2,7.3,13.4,0.9,,,7.4,,1023.7,
2026-03-12,12.4,9.6,15.7,0.0,,,11.1,,1025.8,
2026-03-13,12.7,8.3,18.6,0.0,,,10.1,,1020.5,
2026-03-14,14.4,11.6,17.7,0.0,,,33.7,,1012.8,
2026-03-15,14.0,10.5,15.5,2.4,,,24.0,,1013.0,
2026-03-16,12.3,8.1,17.2,0.0,,,12.9,,1020.1,
2026-03-17,13.0,6.9,19.3,0.0,,,15.5,,1016.7,
2026-03-18,15.3,10.7,21.0,0.0,,,15.2,,1008.5,
2026-03-19,14.7,11.4,19.0,0.0,,,18.7,,1008.7,
2026-03-20,14.5,12.3,17.1,0.2,,,26.1,,1008.5,
2026-03-21,13.6,11.9,14.7,2.9,,,23.0,,1010.6,
2026-03-22,13.1,11.0,15.3,0.0,,,16.7,,1011.0,
2026-03-23,12.6,8.2,16.8,0.0,,,15.0,,1013.8,
2026-03-24,13.6,10.9,16.5,0.0,,,24.1,,1021.1,
2026-03-25,13.4,9.2,17.3,0.0,,,12.9,,1019.2,
2026-03-26,14.0,10.7,18.0,0.0,,,20.9,,1013.5,
2026-03-27,13.4,11.4,15.9,0.0,,,31.8,,1014.8,
2026-03-28,12.5,8.9,16.5,0.0,,,17.5,,1019.8,
2026-03-29,11.4,7.9,13.9,0.0,,,25.2,,1022.0,
2026-03-30,11.9,8.7,14.4,4.7,,,31.7,,1024.6,
2026-03-31,12.1,8.1,16.3,0.0,,,16.3,,1022.0,
2026-04-01,12.7,9.0,15.7,0.0,,,10.5,,1019.2,
2026-04-02,14.0,10.8,17.1,0.0,,,16.2,,1017.2,
2026-04-03,13.2,8.4,17.9,0.0,,,13.6,,1020.5,
2026-04-04,13.2,7.5,18.5,0.0,,,12.2,,1024.6,
2026-04-05,15.2,8.6,22.0,0.0,,,13.9,,1022.7,
2026-04-06,16.3,10.6,20.6,0.0,,,10.1,,1020.5,
2026-04-07,19.5,14.8,24.4,0.0,,,14.5,,1017.7,
2026-04-08,17.4,13.5,22.9,0.0,,,12.7,,1016.6,
2026-04-09,19.9,11.1,28.4,0.0,,,18.0,,1014.1,
2026-04-10,22.4,18.6,28.3,0.0,,,18.9,,1011.5,
2026-04-11,17.2,15.4,20.2,3.7,,,19.7,,1008.7,
2026-04-12,15.8,14.9,17.6,8.2,,,26.2,,1008.6,
2026-04-13,14.4,10.9,16.5,13.1,,,37.5,,1013.6,
2026-04-14,15.2,12.8,18.5,0.0,,,20.5,,1019.6,
2026-04-15,15.4,11.4,20.2,0.0,,,12.2,,1021.2,
2026-04-16,16.4,11.5,21.5,0.0,,,12.0,,1020.5,
2026-04-17,16.8,11.6,22.2,0.0,,,10.7,,1018.8,
2026-04-18,17.2,12.0,22.2,0.0,,,10.6,,1018.2,
2026-04-19,16.8,11.9,21.6,0.0,,,8.5,,1016.6,
2026-04-20,17.4,12.7,21.4,0.0,,,6.5,,1012.9,
2026-04-21,19.4,14.4,24.0,0.0,,,7.9,,1009.1,
2026-04-22,17.7,15.4,21.8,0.0,,,12.1,,1012.4,
2026-04-23,18.1,14.7,22.3,0.0,,,12.3,,1011.7,
2026-04-24,17.3,16.5,19.3,5.4,,,10.2,,1014.2,
2026-04-25,17.2,15.9,19.1,6.2,,,12.2,,1015.3,
2026-04-26,17.3,15.9,19.9,0.2,,,17.4,,1015.9,
2026-04-27,17.6,15.6,20.5,0.0,,,18.6,,1014.5,
2026-04-28,17.1,15.3,19.7,0.1,,,17.0,,1009.3,
2026-04-29,17.1,15.6,18.8,0.3,,,10.9,,1010.9,
2026-04-30,17.0,14.0,20.2,0.0,,,9.6,,1015.6,
2026-05-01,17.7,16.1,19.4,0.0,,,9.4,,1019.3,
2026-05-02,18.0,15.7,21.3,0.5,,,12.9,,1017.5,
2026-05-03,17.8,16.2,20.6,1.2,,,10.3,,1014.3,
2026-05-04,17.9,16.2,21.0,23.7,,,16.5,,1014.5,
2026-05-05,17.8,14.8,21.1,0.0,,,17.6,,1013.6,
2026-05-06,17.4,14.4,21.3,0.0,,,16.1,,1010.9,
2026-05-07,16.4,14.5,19.7,9.7,,,14.2,,1010.7,
2026-05-08,16.7,13.6,19.9,0.0,,,14.8,,1011.8,
2026-05-09,17.2,15.5,20.3,5.2,,,17.1,,1011.3,
2026-05-10,17.7,14.6,21.1,0.0,,,10.4,,1015.5,
2026-05-11,18.0,14.9,21.9,0.0,,,14.0,,1016.6,
2026-05-12,18.2,15.1,21.5,0.0,,,22.6,,1018.6,
2026-05-13,18.1,14.4,21.2,0.0,,,17.3,,1018.2,
2026-05-14,18.0,14.3,21.9,0.0,,,15.0,,1011.8,
2026-05-15,18.7,16.3,21.2,0.0,,,29.3,,1009.5,
2026-05-16,17.2,14.5,19.5,0.1,,,11.3,,1014.2,
2026-05-17,17.6,13.0,21.9,0.0,,,9.4,,1016.6,
2026-05-18,18.4,14.9,21.5,0.0,,,12.5,,1018.7,
2026-05-19,19.0,15.2,23.0,0.0,,,8.3,,1020.7,
2026-05-20,20.4,16.9,24.3,0.0,,,11.2,,1021.5,
2026-05-21,19.8,17.2,22.2,0.0,,,12.0,,1021.9,
2026-05-22,20.6,16.9,23.6,0.0,,,9.9,,1021.0,
2026-05-23,19.9,17.4,21.8,0.0,,,13.8,,1021.7,
2026-05-24,19.5,16.2,22.5,0.0,,,13.2,,1022.7,
2026-05-25,19.6,16.1,23.0,0.0,,,12.4,,1024.2,
2026-05-26,20.0,18.5,21.7,0.0,,,13.3,,1024.2,
2026-05-27,20.7,18.2,23.9,0.0,,,14.4,,1020.5,
2026-05-28,19.9,17.5,22.2,0.0,,,10.1,,1019.1,
2026-05-29,20.1,16.5,22.9,0.0,,,8.7,,1020.2,
2026-05-30,20.8,17.6,23.9,0.0,,,8.5,,1019.3,
2026-05-31,22.5,18.4,26.1,0.0,,,8.8,,1017.6,
2026-06-01,24.7,20.7,28.6,0.0,,,9.0,,1015.0,
2026-06-02,25.5,20.0,31.0,0.0,,,18.7,,1014.3,
2026-06-03,23.7,21.5,26.1,0.0,,,22.4,,1015.5,
2026-06-04,23.7,19.4,27.3,0.0,,,12.9,,1013.3,
2026-06-05,23.7,21.4,26.8,0.0,,,20.0,,1012.6,
2026-06-06,22.4,19.5,25.2,0.0,,,14.2,,1016.4,
2026-06-07,22.6,21.2,24.4,0.0,,,17.8,,1017.6,
2026-06-08,22.3,21.0,24.3,0.0,,,10.6,,1018.0,
2026-06-09,22.3,19.2,24.4,0.0,,,9.3,,1015.5,
2026-06-10,22.9,20.8,25.3,0.0,,,16.1,,1015.4,
2026-06-11,22.5,20.9,24.6,0.0,,,29.9,,1018.2,
2026-06-12,21.9,19.1,25.0,0.0,,,29.9,,1020.0,
2026-06-13,21.6,18.8,24.7,0.0,,,17.9,,1018.5,
2026-06-14,21.4,19.4,23.5,0.0,,,11.5,,1016.0,
2026-06-15,22.6,19.5,26.6,0.0,,,14.5,,1014.6,
2026-06-16,22.9,19.5,25.7,0.0,,,12.1,,1015.0,
2026-06-17,22.6,20.1,25.3,1.3,,,12.2,,1015.0,
2026-06-18,22.6,20.3,25.5,0.0,,,14.1,,1013.9,
2026-06-19,22.9,20.7,25.3,0.0,,,11.5,,1012.0,
2026-06-20,25.6,20.4,33.6,0.0,,,16.1,,1012.8,
2026-06-21,28.3,21.2,33.4,0.0,,,10.8,,1016.4,
2026-06-22,28.4,25.5,32.4,0.0,,,11.7,,1016.1,
2026-06-23,27.4,23.5,31.4,0.0,,,14.9,,1013.0,
2026-06-24,25.2,21.7,27.9,0.0,,,13.8,,1013.1,
2026-06-25,24.7,22.0,26.5,0.0,,,18.6,,1015.4,
2026-06-26,24.2,21.5,27.8,0.0,,,13.5,,1017.5,
2026-06-27,23.8,21.1,25.8,0.0,,,9.0,,1017.8,
2026-06-28,24.0,21.7,26.9,0.0,,,10.2,,1018.1,
2026-06-29,24.1,21.8,26.2,0.0,,,8.8,,1019.0,
2026-06-30,24.7,22.7,27.3,1.2,,,9.2,,1018.8,
2026-07-01,25.3,22.7,28.0,0.0,,,8.7,,1018.1,
2026-07-02,25.8,22.8,29.2,0.0,,,12.5,,1016.9,
2026-07-03,25.9,22.9,29.1,0.0,,,24.6,,1019.8,
2026-07-04,25.7,21.7,30.1,0.0,,,17.3,,1021.2,
2026-07-05,25.4,21.8,29.1,0.0,,,13.2,,1019.9,
2026-07-06,25.1,21.3,28.0,0.0,,,10.9,,1018.6,
2026-07-07,24.3,21.2,27.6,0.0,,,7.2,,1018.4,
2026-07-08,25.7,20.6,30.1,0.0,,,8.0,,1016.6,
2026-07-09,26.6,21.2,30.4,0.0,,,11.8,,1012.5,
2026-07-10,27.4,24.2,32.2,0.0,,,16.3,,1009.8,
2026-07-11,25.3,22.3,27.7,0.0,,,12.6,,1011.2,
2026-07-12,24.9,21.1,28.4,0.0,,,18.9,,1012.7,
2026-07-13,25.6,22.4,28.5,0.0,,,14.3,,1014.5,
2026-07-14,26.0,22.5,29.4,0.0,,,8.4,,1015.8,
2026-07-15,27.0,23.3,31.7,0.0,,,9.4,,1016.8,
2026-07-16,27.7,22.6,31.7,0.0,,,10.6,,1016.0,
2026-07-17,29.3,25.0,33.1,0.0,,,11.0,,1014.6,
2026-07-18,28.3,25.2,31.4,0.2,,,12.1,,1012.6,
2026-07-19,27.9,24.3,33.0,0.0,,,10.2,,1013.3,
2026-07-20,27.8,24.6,31.9,0.0,,,9.3,,1014.1,
2026-07-21,28.0,24.1,31.5,0.0,,,9.3,,1014.7,
