time,tavg,tmin,tmax,prcp,snow,wdir,wspd,wpgt,pres,tsun
1996-06-06,17.1,12.2,,,,,,,,
1996-07-18,21.9,17.0,34.5,,,,,,,
1996-08-25,26.3,16.5,32.8,,,,,,,
1996-10-05,13.7,9.8,18.5,,,,,,,
1996-10-09,13.3,8.5,,,,,,,,
1996-10-24,17.2,7.5,,0.0,,,,,,
1996-10-31,11.4,8.7,16.2,,,,,,,
1996-11-28,11.9,6.0,15.5,1.0,,,,,,
1997-01-13,5.8,4.5,7.0,1.0,,,,,,
1997-03-02,11.2,1.0,17.5,,,,,,,
1997-03-14,10.8,3.0,,,,,,,,
1997-04-15,15.0,11.0,,,,,,,,
1997-06-22,29.3,21.0,37.2,,,,,,,
1997-07-24,33.5,23.6,,,,,,,,
1997-08-03,27.5,16.0,,,,,,,,
1997-08-10,31.1,23.5,,0.0,,,,,,
1997-09-23,17.9,13.2,,,,,,,,
2001-05-25,19.0,11.4,,0.8,,,,,,
2001-05-26,17.8,11.2,21.5,0.0,,,,,,
2001-05-29,23.1,12.8,27.2,,,,,,,
2001-05-30,24.8,13.2,30.1,,,,,,,
2001-05-31,26.7,15.4,31.2,,,,,,,
2001-06-02,24.4,12.8,30.4,,,,,,,
2001-06-03,28.4,18.5,32.0,,,,,,,
2001-06-05,29.8,17.0,34.4,,,,,,,
2001-06-06,31.2,19.4,36.2,,,,,,,
2001-06-07,23.4,14.1,29.3,,,,,,,
2001-06-08,27.8,14.4,,,,,,,,
2001-06-12,25.0,14.4,32.2,,,,,,,
2001-06-13,20.5,15.4,24.4,,,,,,,
2001-06-16,29.9,19.6,34.6,,,,,,,
2001-06-17,27.1,17.9,34.5,,,,,,,
2001-06-18,20.1,14.4,25.6,,,,,,,
2001-06-19,18.3,9.9,24.6,,,,,,,
2001-06-20,21.6,10.0,27.4,,,,,,,
2001-06-21,25.4,12.6,30.5,,,,,,,
2001-06-22,27.3,13.0,32.6,,,,,,,
2001-06-23,29.3,16.2,34.9,,,,,,,
2001-06-24,31.1,17.2,35.6,,,,,,,
2001-06-25,31.7,18.9,36.4,,,,,,,
2001-06-26,33.0,20.8,36.6,,,,,,,
2001-06-27,32.8,22.0,37.5,,,,,,,
2001-06-28,25.2,19.2,,,,,,,,
2001-06-29,25.9,14.0,30.2,,,,,,,
2001-06-30,25.7,14.4,30.6,,,,,,,
2001-07-02,27.0,15.0,32.6,,,,,,,
2001-07-03,26.4,16.4,33.5,,,,,,,
2001-07-04,30.9,20.2,,,,,,,,
2001-07-05,34.9,24.5,39.4,,,,,,,
2001-07-07,35.1,30.0,39.4,,,,,,,
2001-07-08,30.4,19.8,37.5,,,,,,,
2001-07-09,33.2,23.6,37.8,,,,,,,
2001-07-10,33.9,24.5,,,,,,,,
2001-07-11,27.8,16.5,,,,,,,,
2001-07-12,27.6,16.0,32.8,,,,,,,
2001-07-13,32.4,19.7,38.4,,,,,,,
2001-07-14,33.3,22.5,37.6,,,,,,,
2001-07-15,31.3,21.0,37.2,,,,,,,
2001-07-16,30.8,19.0,39.6,,,,,,,
2001-07-17,27.3,17.6,32.6,,,,,,,
2001-07-18,31.0,18.9,,,,,,,,
2001-07-19,30.7,22.0,37.4,,,,,,,
2001-07-20,22.3,13.5,28.3,,,,,,,
2001-07-21,25.7,13.0,31.9,,,,,,,
2001-07-22,30.6,18.5,36.6,,,,,,,
2001-07-24,35.9,24.1,39.8,,,,,,,
2001-07-25,28.6,22.8,34.6,,,,,,,
2001-07-26,26.5,15.4,31.8,,,,,,,
2001-07-29,32.7,24.4,39.0,,,,,,,
2001-07-30,31.5,21.1,37.8,,,,,,,
2001-07-31,30.5,21.4,36.1,,,,,,,
2001-08-01,28.9,17.0,,,,,,,,
2001-08-02,30.3,19.4,36.3,,,,,,,
2001-08-03,31.1,19.0,36.4,,,,,,,
2001-08-04,31.8,22.4,37.5,,,,,,,
2001-08-05,32.0,21.8,,,,,,,,
2001-08-06,26.2,18.0,,,,,,,,
2001-08-07,24.6,16.0,30.6,,,,,,,
2001-08-08,29.9,18.7,34.7,,,,,,,
2001-08-09,31.0,19.9,,,,,,,,
2001-08-13,27.4,18.0,32.4,,,,,,,
2001-08-15,29.5,16.5,35.5,,,,,,,
2001-08-16,30.1,20.0,36.2,,,,,,,
2001-08-17,25.6,19.1,,0.0,,,,,,
2001-08-18,28.7,19.9,32.9,0.0,,,,,,
2001-08-20,33.7,27.3,39.3,,,,,,,
2001-08-22,26.8,16.7,,,,,,,,
2001-08-23,26.7,16.4,30.4,,,,,,,
2001-08-24,26.1,13.9,31.5,,,,,,,
2001-08-25,26.7,14.0,31.2,,,,,,,
2001-08-26,28.8,17.1,33.5,,,,,,,
2001-08-27,30.4,18.5,36.3,,,,,,,
2001-08-28,29.0,18.8,34.9,,,,,,,
2001-08-29,30.3,16.5,35.7,,,,,,,
2001-08-30,27.9,20.0,,,,,,,,
2001-09-01,26.3,20.3,31.6,,,,,,,
2001-09-02,22.5,15.5,27.6,,,,,,,
2001-09-03,23.4,14.6,29.9,,,,,,,
2001-09-04,28.4,17.8,34.3,,,,,,,
2001-09-05,27.4,22.2,32.9,,,,,,,
2001-09-06,24.3,16.4,31.4,,,,,,,
2001-09-07,21.7,17.5,26.5,14.0,,,,,,
2001-09-08,19.1,12.9,23.8,2.0,,,,,,
2001-09-09,25.3,13.4,31.0,0.0,,,,,,
2001-09-10,24.0,16.9,29.3,,,,,,,
2001-09-11,21.5,13.8,27.6,,,,,,,
2001-09-12,20.9,14.6,25.5,,,,,,,
2001-09-13,21.7,13.1,26.5,,,,,,,
2001-09-15,22.2,14.0,26.8,,,,,,,
2001-09-16,24.1,16.1,29.2,0.3,,,,,,
2001-09-17,19.4,13.5,24.5,0.0,,,,,,
2001-09-18,18.2,13.0,24.3,,,,,,,
2001-09-19,21.4,13.6,25.9,,,,,,,
2001-09-20,23.8,18.1,29.8,,,,,,,
2001-09-21,23.1,16.0,26.8,,,,,,,
2001-09-22,25.8,17.4,,,,,,,,
2001-09-23,28.0,22.4,32.0,,,,,,,
2001-09-24,22.7,15.8,27.4,,,,,,,
2001-09-25,21.0,13.7,25.4,,,,,,,
2001-09-26,20.9,14.6,24.5,,,,,,,
2001-09-27,21.6,15.9,27.3,,,,,,,
2001-09-28,23.6,14.9,28.6,,,,,,,
2001-09-29,24.2,17.9,30.2,,,,,,,
2001-09-30,19.4,13.5,23.2,,,,,,,
2001-10-01,18.4,13.4,21.6,8.9,,,,,,
2001-10-02,22.2,14.0,27.4,0.0,,,,,,
2001-10-04,24.8,17.1,,,,,,,,
2001-10-06,28.0,21.0,31.4,,,,,,,
2001-10-07,24.2,19.6,27.6,,,,,,,
2001-10-09,21.3,16.6,26.5,,,,,,,
2001-10-10,24.4,16.1,28.0,5.1,,,,,,
2001-10-11,26.2,17.4,30.6,0.0,,,,,,
2001-10-12,24.7,16.2,29.7,,,,,,,
2001-10-13,23.0,13.6,27.7,,,,,,,
2001-10-14,22.7,14.0,26.9,,,,,,,
2001-10-15,21.5,14.5,25.5,,,,,,,
2001-10-16,18.0,14.5,23.3,,,,,,,
2001-10-17,17.7,10.6,23.5,,,,,,,
2001-10-19,22.6,14.2,27.8,,,,,,,
2001-10-20,26.4,19.6,29.5,,,,,,,
2001-10-21,27.3,22.6,30.0,,,,,,,
2001-10-22,27.6,22.8,30.7,,,,,,,
2001-10-23,27.5,19.5,,,,,,,,
2001-10-24,19.6,13.6,24.3,,,,,,,
2001-10-26,19.7,8.9,24.9,,,,,,,
2001-10-27,19.5,13.0,25.4,,,,,,,
2001-10-29,16.1,10.0,20.2,,,,,,,
2001-10-30,16.4,9.0,,,,,,,,
2001-10-31,17.3,9.4,22.5,,,,,,,
2001-11-01,17.8,10.2,22.2,,,,,,,
2001-11-02,14.0,9.4,17.6,10.9,,,,,,
2001-11-03,13.6,9.7,16.2,2.0,,,,,,
2001-11-10,11.6,7.6,15.9,7.9,,,,,,
2001-11-11,9.3,3.5,13.1,2.0,,,,,,
2001-11-14,9.7,4.0,,,,,,,,
2001-11-15,10.6,6.0,14.3,,,,,,,
2001-11-16,12.2,4.6,17.0,,,,,,,
2001-11-17,14.9,8.2,18.8,,,,,,,
2001-11-18,15.5,12.9,,,,,,,,
2001-11-19,11.2,5.6,16.6,,,,,,,
2001-11-20,9.1,6.8,11.8,,,,,,,
2001-11-21,9.8,5.6,14.5,0.3,,,,,,
2001-11-22,13.1,7.8,18.1,1.0,,,,,,
2001-11-23,11.3,7.9,14.5,0.0,,,,,,
2001-11-24,8.9,5.5,11.4,,,,,,,
2001-11-25,8.2,2.4,11.6,,,,,,,
2001-11-26,9.7,6.4,12.3,,,,,,,
2001-11-28,9.4,5.0,12.8,,,,,,,
2001-11-29,7.7,4.2,,1.0,,,,,,
2001-11-30,8.7,5.0,11.1,0.3,,,,,,
2001-12-01,12.3,5.6,16.4,0.0,,,,,,
2001-12-03,10.2,3.1,14.6,,,,,,,
2001-12-04,5.6,2.0,8.5,,,,,,,
2001-12-05,8.1,1.8,13.0,,,,,,,
2001-12-06,9.8,3.0,14.1,,,,,,,
2001-12-07,10.7,5.8,13.3,,,,,,,
2001-12-09,5.1,2.2,7.1,0.8,,,,,,
2001-12-10,5.8,1.2,8.6,,,,,,,
2001-12-11,4.8,-0.8,8.9,,,,,,,
2001-12-12,4.2,-0.2,6.4,,,,,,,
2001-12-13,4.4,-2.2,9.5,,,,,,,
2001-12-14,7.0,-2.0,11.6,,,,,,,
2001-12-18,2.2,-4.9,6.2,,,,,,,
2001-12-19,1.6,-1.4,2.7,,,,,,,
2001-12-20,4.0,0.6,7.9,,,,,,,
2001-12-21,5.6,2.5,7.1,,,,,,,
2001-12-23,14.0,6.4,17.9,,,,,,,
2001-12-25,5.4,3.0,6.5,4.1,,,,,,
2001-12-26,4.8,2.9,7.2,1.0,,,,,,
2001-12-27,5.1,2.5,7.1,0.0,,,,,,
2001-12-28,5.2,0.2,8.3,,,,,,,
2001-12-29,7.7,-1.0,13.4,,,,,,,
2001-12-30,10.4,-0.5,17.7,,,,,,,
2001-12-31,13.8,4.6,19.1,,,,,,,
2002-01-02,7.3,3.1,10.1,,,,,,,
2002-01-03,7.7,0.8,13.3,,,,,,,
2002-01-04,6.1,2.0,8.2,,,,,,,
2002-01-05,2.9,0.5,4.0,4.1,,,,,,
2002-01-06,1.9,-2.4,6.2,0.0,,,,,,
2002-01-07,2.8,-3.5,7.6,,,,,,,
2002-01-08,3.3,-4.1,8.6,,,,,,,
2002-01-09,6.3,-1.6,12.6,,,,,,,
2002-01-10,6.6,-1.3,11.3,,,,,,,
2002-01-11,7.6,0.1,13.0,,,,,,,
2002-01-12,6.1,-0.8,9.2,,,,,,,
2002-01-13,5.7,-1.0,9.9,,,,,,,
2002-01-14,6.4,0.5,9.2,,,,,,,
2002-01-15,6.1,4.4,8.6,,,,,,,
2002-01-17,3.5,1.5,5.2,,,,,,,
2002-01-18,5.1,-0.5,8.6,,,,,,,
2002-01-19,5.1,-0.8,9.6,,,,,,,
2002-01-20,5.2,-0.4,7.8,,,,,,,
2002-01-21,7.4,-1.2,13.8,,,,,,,
2002-01-22,10.0,-0.6,,,,,,,,
2002-01-24,13.7,6.0,,,,,,,,
2002-01-26,7.7,-0.4,12.6,,,,,,,
2002-01-27,8.5,0.4,15.2,,,,,,,
2002-01-28,11.2,2.5,17.8,,,,,,,
2002-01-29,12.7,3.0,19.9,,,,,,,
2002-01-31,13.7,5.1,20.6,,,,,,,
2002-02-01,8.7,2.1,14.3,,,,,,,
2002-02-02,9.2,0.9,15.6,,,,,,,
2002-02-03,10.7,1.6,16.6,,,,,,,
2002-02-04,9.6,2.0,14.1,,,,,,,
2002-02-05,10.5,5.2,15.2,,,,,,,
2002-02-06,8.4,4.0,12.1,,,,,,,
2002-02-07,4.2,1.5,7.2,,,,,,,
2002-02-08,4.8,0.6,8.4,1.0,,,,,,
2002-02-09,7.3,1.4,11.7,0.3,,,,,,
2002-02-10,11.1,2.1,16.1,0.0,,,,,,
2002-02-11,13.0,4.6,18.4,,,,,,,
2002-02-12,12.8,2.6,19.4,,,,,,,
2002-02-13,14.2,3.4,20.7,,,,,,,
2002-02-14,17.2,3.6,24.7,,,,,,,
2002-02-15,11.0,4.5,16.6,,,,,,,
2002-02-16,12.4,5.9,18.6,,,,,,,
2002-02-18,12.8,7.5,16.5,,,,,,,
2002-02-19,6.2,5.5,6.7,,,,,,,
2002-02-20,6.1,1.0,9.4,,,,,,,
2002-02-22,2.8,-1.8,5.2,4.1,,,,,,
2002-02-24,10.7,1.8,14.7,,,,,,,
2002-02-26,12.8,3.2,18.9,,,,,,,
2002-02-27,15.8,3.6,,,,,,,,
2002-02-28,17.6,4.2,24.6,,,,,,,
2002-03-01,15.3,6.6,18.0,,,,,,,
2002-03-02,19.5,9.7,23.9,,,,,,,
2002-03-03,21.6,16.2,25.7,,,,,,,
2002-03-04,20.1,12.5,24.1,,,,,,,
2002-03-06,9.2,0.6,13.7,,,,,,,
2002-03-07,8.4,3.4,11.5,,,,,,,
2002-03-08,6.2,0.1,10.5,,,,,,,
2002-03-09,8.7,1.8,13.0,,,,,,,
2002-03-10,7.9,2.4,,0.3,,,,,,
2002-03-11,12.2,2.4,17.7,4.1,,,,,,
2002-03-12,16.2,5.7,,0.0,,,,,,
2002-03-13,16.1,6.9,21.5,,,,,,,
2002-03-14,18.0,7.4,24.2,,,,,,,
2002-03-15,12.4,7.2,15.9,,,,,,,
2002-03-16,12.8,2.5,18.7,,,,,,,
2002-03-17,10.9,7.4,15.9,,,,,,,
2002-03-19,15.7,4.4,,,,,,,,
2002-03-20,16.7,4.5,22.0,,,,,,,
2002-03-21,17.8,8.2,22.7,,,,,,,
2002-03-22,18.0,9.5,22.6,,,,,,,
2002-03-24,11.1,3.6,16.1,,,,,,,
2002-03-25,9.6,1.6,14.3,,,,,,,
2002-03-26,8.7,-0.4,14.2,,,,,,,
2002-03-27,10.5,-0.9,16.6,,,,,,,
2002-03-28,12.3,2.9,16.8,,,,,,,
2002-04-03,12.7,8.3,,3.0,,,,,,
2002-04-04,10.2,4.6,13.1,0.0,,,,,,
2002-04-05,11.3,5.6,15.9,,,,,,,
2002-04-06,16.8,3.6,22.0,,,,,,,
2002-04-07,21.6,9.6,26.0,,,,,,,
2002-04-08,24.3,17.6,28.4,,,,,,,
2002-04-09,16.2,7.9,25.0,,,,,,,
2002-04-12,16.6,11.6,20.0,,,,,,,
2002-04-13,14.7,6.4,19.4,,,,,,,
2002-04-14,11.8,5.6,17.2,,,,,,,
2002-04-16,14.2,7.2,17.6,5.1,,,,,,
2002-04-17,12.5,3.0,,0.0,,,,,,
2002-04-18,14.2,3.8,19.5,,,,,,,
2002-04-19,12.5,5.5,17.8,,,,,,,
2002-04-22,8.2,4.4,14.2,,,,,,,
2002-04-23,11.2,6.8,14.6,,,,,,,
2002-04-24,12.6,3.4,17.2,,,,,,,
2002-04-25,13.6,5.5,,,,,,,,
2002-04-28,24.2,11.6,28.5,,,,,,,
2002-04-29,25.5,19.6,29.2,,,,,,,
2002-05-01,25.3,14.6,29.6,,,,,,,
2002-05-06,14.7,10.9,18.2,,,,,,,
2002-05-07,19.4,10.8,,,,,,,,
2002-05-08,19.4,9.2,24.5,0.5,,,,,,
2002-05-09,22.4,11.4,25.5,0.0,,,,,,
2002-05-10,13.4,7.3,,,,,,,,
2002-05-11,15.4,7.2,18.8,11.9,,,,,,
2002-05-12,12.9,7.2,,0.5,,,,,,
2002-05-14,25.1,12.0,30.3,,,,,,,
2002-05-15,21.7,11.6,30.5,,,,,,,
2002-05-16,26.1,11.7,32.0,,,,,,,
2002-05-17,27.9,14.6,32.5,,,,,,,
2002-05-18,22.9,15.8,26.5,,,,,,,
2002-05-19,17.2,9.4,22.6,,,,,,,
2002-05-20,21.5,7.6,27.6,,,,,,,
2002-05-21,26.4,14.8,32.0,,,,,,,
2002-05-22,29.8,15.8,36.2,,,,,,,
2002-05-24,17.4,7.9,22.6,,,,,,,
2002-05-25,20.7,9.2,26.7,,,,,,,
2002-05-29,23.4,11.6,28.8,,,,,,,
2002-05-30,23.4,14.0,29.8,,,,,,,
2002-06-01,25.3,11.4,29.7,,,,,,,
2002-06-04,31.7,20.9,34.1,,,,,,,
2002-06-06,23.9,11.8,31.2,,,,,,,
2002-06-07,22.4,12.1,27.8,,,,,,,
2002-06-10,20.3,7.1,25.1,,,,,,,
2002-06-11,23.1,11.4,29.6,3.3,,,,,,
2002-06-12,24.9,12.9,30.1,0.0,,,,,,
2002-06-13,25.9,12.4,31.3,,,,,,,
2002-06-14,27.5,13.5,32.0,,,,,,,
2002-06-15,28.4,16.4,,,,,,,,
2002-06-16,28.8,16.0,32.5,,,,,,,
2002-06-17,29.2,17.7,33.5,,,,,,,
2002-06-18,29.6,19.9,,,,,,,,
2002-06-19,29.3,18.9,33.4,,,,,,,
2002-06-20,30.7,20.0,34.4,,,,,,,
2002-06-21,28.4,13.9,33.7,,,,,,,
2002-06-22,28.8,16.5,33.0,,,,,,,
2002-06-23,29.4,17.0,33.6,,,,,,,
2002-06-24,27.4,20.0,31.9,,,,,,,
2002-06-25,28.1,15.5,32.4,,,,,,,
2002-06-26,30.3,17.0,35.4,,,,,,,
2002-06-27,31.9,19.3,36.6,,,,,,,
2002-06-28,32.7,21.9,37.5,,,,,,,
2002-06-29,33.1,21.4,,,,,,,,
2002-06-30,31.5,21.2,36.1,,,,,,,
2002-07-01,33.7,22.5,,,,,,,,
2002-07-02,23.9,18.6,27.7,,,,,,,
2002-07-03,26.8,13.4,33.4,,,,,,,
2002-07-06,31.6,21.5,37.2,,,,,,,
2002-07-08,28.8,22.0,38.1,,,,,,,
2002-07-10,31.3,22.3,,0.0,,,,,,
2002-07-12,29.8,19.4,35.3,5.1,,,,,,
2002-07-13,24.3,18.2,28.7,0.0,,,,,,
2002-07-16,24.6,12.6,,,,,,,,
2002-07-17,26.1,16.2,32.6,,,,,,,
2002-07-26,22.9,15.5,29.9,,,,,,,
2002-07-28,25.1,14.5,30.4,,,,,,,
2002-08-01,28.5,17.5,36.0,2.0,,,,,,
2002-08-04,32.3,24.0,38.6,,,,,,,
2002-08-07,25.3,20.0,30.9,,,,,,,
2002-08-11,23.3,17.2,26.3,,,,,,,
2002-08-14,31.3,18.2,36.9,,,,,,,
2002-08-15,27.1,20.5,35.9,,,,,,,
2002-08-16,27.2,18.2,,,,,,,,
2002-08-18,24.3,14.9,29.1,4.1,,,,,,
2002-08-23,24.2,16.3,28.6,50.0,,,,,,
2002-08-24,24.2,17.4,30.0,9.9,,,,,,
2002-08-25,25.3,16.6,29.6,13.0,,,,,,
2002-08-26,24.2,16.5,28.8,0.0,,,,,,
2002-08-27,23.7,16.9,27.2,7.1,,,,,,
2002-08-28,22.3,15.4,25.2,0.0,,,,,,
2002-08-29,23.2,16.5,27.4,,,,,,,
2002-08-30,22.9,13.7,27.4,,,,,,,
2002-08-31,21.8,14.4,25.9,,,,,,,
2002-09-01,20.9,15.0,25.2,,,,,,,
2002-09-02,21.7,14.4,28.5,,,,,,,
2002-09-06,21.8,14.4,25.6,,,,,,,
2002-09-07,22.2,13.5,26.7,,,,,,,
2002-09-10,23.5,17.4,27.6,,,,,,,
2002-09-11,21.6,14.4,25.6,,,,,,,
2002-09-12,19.3,12.4,25.7,,,,,,,
2002-09-13,24.8,14.4,30.6,,,,,,,
2002-09-15,20.7,13.4,25.1,,,,,,,
2002-09-17,25.3,19.0,30.1,,,,,,,
2002-09-18,25.9,18.2,30.3,,,,,,,
2002-09-19,25.2,19.6,29.0,2.0,,,,,,
2002-09-20,27.4,19.8,31.2,0.0,,,,,,
2002-09-22,21.4,16.4,24.2,,,,,,,
2002-09-23,19.3,15.3,24.1,,,,,,,
2002-09-25,20.2,12.1,24.8,,,,,,,
2002-09-26,18.1,13.6,22.0,,,,,,,
2002-09-27,16.2,10.0,20.0,,,,,,,
2002-09-28,16.5,10.0,20.8,,,,,,,
2002-09-29,15.4,8.5,20.1,,,,,,,
2002-09-30,16.7,8.4,21.3,,,,,,,
2002-10-01,18.6,9.3,23.2,,,,,,,
2002-10-02,19.3,11.2,24.7,,,,,,,
2002-10-03,20.7,12.7,24.6,,,,,,,
2002-10-05,14.0,13.2,15.2,,,,,,,
2002-10-06,15.7,10.2,,,,,,,,
2002-10-07,17.3,11.7,23.2,,,,,,,
2002-10-08,20.8,11.3,,,,,,,,
2002-10-09,20.4,15.9,24.5,1.0,,,,,,
2002-10-11,12.6,6.0,14.8,2.0,,,,,,
2002-10-12,14.3,10.0,17.5,0.0,,,,,,
2002-10-13,16.4,10.9,20.0,,,,,,,
2002-10-14,19.3,10.2,24.2,,,,,,,
2002-10-16,21.3,11.2,27.5,,,,,,,
2002-10-18,19.2,13.2,22.5,,,,,,,
2002-10-19,23.8,15.0,29.5,,,,,,,
2002-10-20,25.2,13.6,30.9,0.0,,,,,,
2002-10-21,26.9,22.9,29.7,,,,,,,
2002-10-22,25.2,22.6,28.2,,,,,,,
2002-10-23,18.6,12.9,22.7,,,,,,,
2002-10-24,16.7,11.2,20.2,,,,,,,
2002-10-25,17.0,10.5,21.3,,,,,,,
2002-10-27,17.8,10.4,24.2,,,,,,,
2002-10-28,17.7,11.4,22.6,,,,,,,
2002-10-29,16.6,6.9,23.2,,,,,,,
2002-10-30,19.3,9.4,,,,,,,,
2002-10-31,19.0,11.2,24.2,,,,,,,
2002-11-02,11.7,9.6,13.2,1.0,,,,,,
2002-11-03,14.2,9.2,,9.9,,,,,,
2002-11-04,14.6,11.0,16.4,0.0,,,,,,
2002-11-06,8.1,5.6,10.8,2.0,,,,,,
2002-11-07,7.2,3.0,11.4,0.3,,,,,,
2002-11-08,5.2,3.0,8.0,14.0,,,,,,
2002-11-09,10.2,4.0,12.1,5.1,,,,,,
2002-11-11,16.3,8.8,20.6,,,,,,,
2002-11-12,17.1,8.0,22.3,,,,,,,
2002-11-13,17.1,10.8,20.8,,,,,,,
2002-11-14,16.9,13.5,20.2,,,,,,,
2002-11-18,8.4,5.5,10.6,8.9,,,,,,
2002-11-19,9.7,3.0,13.8,0.0,,,,,,
2002-11-20,10.1,3.0,15.2,,,,,,,
2002-11-21,10.2,4.8,13.6,7.1,,,,,,
2002-11-23,15.8,9.1,19.6,,,,,,,
2002-11-24,17.4,12.2,19.3,,,,,,,
2002-11-28,10.4,4.6,14.1,,,,,,,
2002-11-29,10.3,6.5,13.9,,,,,,,
2002-12-01,6.7,1.5,8.1,2.0,,,,,,
2002-12-04,4.9,1.6,,2.0,,,,,,
2002-12-05,6.6,4.3,10.1,0.5,,,,,,
2002-12-06,3.4,2.0,,10.9,,,,,,
2002-12-07,5.9,3.0,6.7,3.0,,,,,,
2002-12-08,7.1,3.3,9.8,0.0,,,,,,
2002-12-10,9.5,1.4,13.8,,,,,,,
2002-12-11,9.9,5.5,14.2,,,,,,,
2002-12-12,10.7,6.6,14.5,,,,,,,
2002-12-13,10.9,3.5,,,,,,,,
2002-12-14,14.6,8.5,18.2,,,,,,,
2002-12-16,9.4,2.2,14.4,,,,,,,
2002-12-17,11.8,3.2,18.6,,,,,,,
2002-12-19,13.1,6.3,16.5,,,,,,,
2002-12-20,10.8,8.6,13.5,,,,,,,
2002-12-21,9.4,7.5,10.7,,,,,,,
2002-12-23,11.1,3.5,16.6,,,,,,,
2002-12-25,11.7,7.5,14.1,,,,,,,
2002-12-26,12.9,8.4,16.4,,,,,,,
2002-12-27,12.6,4.5,17.0,,,,,,,
2002-12-28,9.7,7.4,13.0,,,,,,,
2002-12-30,10.8,2.4,15.6,,,,,,,
2002-12-31,8.5,5.6,10.5,,,,,,,
2003-01-01,8.9,2.4,11.6,0.0,,,,,,
2003-01-03,18.0,10.2,22.6,,,,,,,
2003-01-05,10.6,6.4,,,,,,,,
2003-01-07,8.3,5.0,12.0,,,,,,,
2003-01-09,6.7,4.5,8.9,5.1,,,,,,
2003-01-27,4.4,1.6,6.8,2.0,,,,,,
2003-01-31,2.3,-1.0,,,1.0,,,,,
2003-02-01,-0.8,-3.1,0.4,4.1,2.0,,,,,
2003-02-03,7.3,3.0,11.2,,,,,,,
2003-02-04,13.4,3.5,16.9,0.0,,,,,,
2003-02-05,3.8,2.5,5.5,0.3,,,,,,
2003-02-06,1.6,0.5,4.1,0.5,,,,,,
2003-02-07,4.0,-1.0,,0.0,,,,,,
2003-02-08,5.4,-2.0,11.8,,,,,,,
2003-02-09,6.4,2.0,8.9,,,,,,,
2003-02-10,5.0,-0.6,8.3,,,,,,,
2003-02-12,6.5,2.5,,,,,,,,
2003-02-13,5.1,3.0,,0.0,,,,,,
2003-02-15,5.3,0.2,,,,,,,,
2003-02-16,4.6,1.1,7.1,,172.0,,,,,
2003-02-17,3.9,0.5,8.9,,,,,,,
2003-02-19,6.7,1.0,12.4,,,,,,,
2003-02-21,8.3,2.3,12.5,,,,,,,
2003-02-24,10.3,3.0,15.7,,,,,,,
2003-02-25,10.7,3.6,,,,,,,,
2003-02-27,9.4,3.6,14.1,,,,,,,
2003-03-01,8.2,5.5,10.8,22.1,,,,,,
2003-03-02,12.2,4.1,15.8,0.0,,,,,,
2003-03-03,12.1,6.5,15.2,,,,,,,
2003-03-05,11.9,7.0,15.6,,,,,,,
2003-03-07,11.4,7.6,14.6,,,,,,,
2003-03-08,11.4,3.1,,,,,,,,
2003-03-09,11.7,7.2,15.5,,,,,,,
2003-03-10,9.4,6.3,12.2,,,,,,,
2003-03-11,11.2,2.0,16.4,,,,,,,
2003-03-12,13.8,3.5,19.1,,,,,,,
2003-03-13,13.3,6.0,19.6,0.0,,,,,,
2003-03-14,15.5,6.9,20.0,,,,,,,
2003-03-15,11.1,6.5,13.4,0.0,,,,,,
2003-03-17,3.8,-0.4,7.2,,,,,,,
2003-03-20,6.9,4.5,,3.0,,,,,,
2003-03-23,7.1,3.0,9.6,,,,,,,
2003-03-24,7.7,1.0,11.2,,,,,,,
2003-03-25,10.2,1.4,14.8,,,,,,,
2003-03-26,12.3,2.5,,,,,,,,
2003-03-29,13.2,6.5,,,,,,,,
2003-03-30,13.3,8.6,18.9,,,,,,,
2003-04-01,9.2,7.5,12.4,2.0,,,,,,
2003-04-02,9.2,5.6,18.2,6.1,,,,,,
2003-04-04,5.9,0.9,,8.9,,,,,,
2003-04-05,7.9,6.4,,16.0,,,,,,
2003-04-06,9.2,2.9,13.4,4.1,,,,,,
2003-04-07,11.6,4.8,15.7,0.0,,,,,,
2003-04-08,15.0,4.4,19.5,,,,,,,
2003-04-10,14.3,9.6,18.9,,,,,,,
2003-04-11,16.1,7.5,20.4,,,,,,,
2003-04-12,16.8,9.5,20.9,,,,,,,
2003-04-13,19.9,9.5,25.5,,,,,,,
2003-04-14,21.0,11.6,24.5,,,,,,,
2003-04-15,16.7,12.3,20.2,0.0,,,,,,
2003-04-16,11.5,8.6,14.5,,,,,,,
2003-04-17,9.3,8.0,,20.1,,,,,,
2003-04-20,19.7,8.4,23.4,,,,,,,
2003-04-22,17.8,6.4,23.6,,,,,,,
2003-04-24,14.1,7.9,19.3,,,,,,,
2003-04-25,18.3,8.0,22.3,,,,,,,
2003-04-26,21.6,11.0,26.5,,,,,,,
2003-04-28,24.6,14.5,28.8,,,,,,,
2003-04-29,24.9,15.1,30.6,,,,,,,
2003-04-30,25.5,18.5,,,,,,,,
2003-05-03,22.9,12.4,30.1,,,,,,,
2003-05-04,26.2,20.2,29.4,,,,,,,
2003-05-06,26.4,14.4,31.0,,,,,,,
2003-05-07,20.5,12.3,25.8,,,,,,,
2003-05-08,22.4,11.4,,,,,,,,
2003-05-10,16.1,10.4,19.2,0.5,,,,,,
2003-05-11,18.4,11.5,22.9,0.0,,,,,,
2003-05-12,18.5,9.0,23.0,,,,,,,
2003-05-13,19.6,8.7,,,,,,,,
2003-05-14,20.0,8.1,24.8,,,,,,,
2003-05-15,19.9,9.6,25.9,,,,,,,
2003-05-16,20.9,12.6,26.0,,,,,,,
2003-05-17,15.9,12.9,17.4,0.0,,,,,,
2003-05-18,16.5,11.4,19.9,1.0,,,,,,
2003-05-19,21.6,7.1,26.6,0.0,,,,,,
2003-05-21,17.5,10.2,21.9,,,,,,,
2003-05-25,22.2,16.0,25.7,,,,,,,
2003-05-29,20.7,7.5,25.1,,,,,,,
2003-06-01,22.8,13.5,32.2,,,,,,,
2003-06-05,26.2,15.0,,,,,,,,
2003-06-06,23.9,14.6,29.8,5.1,,,,,,
2003-06-07,24.3,16.9,30.9,0.0,,,,,,
2003-06-08,24.9,14.9,29.5,6.1,,,,,,
2003-06-09,23.5,12.9,27.8,0.0,,,,,,
2003-06-12,26.9,16.5,31.1,,,,,,,
2003-06-15,26.7,13.6,31.4,,,,,,,
2003-06-18,25.5,14.5,29.5,,,,,,,
2003-06-19,25.0,14.0,29.6,,,,,,,
2003-06-20,24.5,12.4,29.2,,,,,,,
2003-06-21,25.9,13.9,30.2,,,,,,,
2003-06-22,28.8,16.0,33.5,,,,,,,
2003-06-23,29.4,18.9,34.2,,,,,,,
2003-06-24,31.7,20.8,36.0,0.0,,,,,,
2003-06-26,32.1,18.6,36.4,,,,,,,
2003-06-27,30.4,20.0,35.6,,,,,,,
2003-06-30,35.9,30.1,38.5,,,,,,,
2003-07-01,36.1,27.2,39.0,,,,,,,
2003-07-02,34.3,19.1,39.4,,,,,,,
2003-07-03,32.3,18.6,39.0,,,,,,,
2003-07-04,27.9,18.9,32.6,,,,,,,
2003-07-05,28.8,16.5,36.1,,,,,,,
2003-07-06,33.9,20.5,37.3,,,,,,,
2003-07-07,29.1,20.6,35.7,,,,,,,
2003-07-08,27.5,17.5,31.7,2.0,,,,,,
2003-07-09,28.6,16.2,33.2,0.0,,,,,,
2003-07-10,29.8,19.4,33.9,,,,,,,
2003-07-11,28.9,17.1,33.5,,,,,,,
2003-07-12,29.3,16.1,34.0,,,,,,,
2003-07-13,28.3,18.1,35.9,,,,,,,
2003-07-15,34.3,23.9,,0.0,,,,,,
2003-07-17,37.0,28.4,40.2,,,,,,,
2003-07-18,31.9,23.0,39.7,,,,,,,
2003-07-19,32.4,23.4,37.4,,,,,,,
2003-07-20,32.4,18.4,37.3,,,,,,,
2003-07-23,34.1,22.8,40.0,,,,,,,
2003-07-25,32.4,20.8,36.6,,,,,,,
2003-07-26,32.8,21.5,37.9,,,,,,,
2003-07-28,31.1,21.7,37.6,,,,,,,
2003-07-30,26.8,16.6,31.8,,,,,,,
2003-07-31,29.1,16.5,33.8,,,,,,,
2003-08-01,25.8,16.1,29.9,,,,,,,
2003-08-02,23.4,15.0,28.0,,,,,,,
2003-08-05,26.7,16.5,31.0,,,,,,,
2003-08-06,27.4,18.5,31.7,,,,,,,
2003-08-08,29.9,21.1,,,,,,,,
2003-08-09,26.8,20.1,30.9,,,,,,,
2003-08-12,27.9,16.5,32.5,,,,,,,
2003-08-14,30.1,19.1,34.5,,,,,,,
2003-08-15,30.1,19.5,34.6,,,,,,,
2003-08-16,31.3,22.2,35.4,,,,,,,
2003-08-17,31.3,20.0,35.5,,,,,,,
2003-08-19,31.8,20.0,36.4,,,,,,,
2003-08-20,29.6,21.0,35.6,,,,,,,
2003-08-21,28.7,21.4,,,,,,,,
2003-08-22,29.2,21.5,34.3,,,,,,,
2003-08-23,28.1,19.1,34.9,,,,,,,
2003-08-24,31.2,19.1,37.0,,,,,,,
2003-08-25,31.6,21.4,36.8,,,,,,,
2003-08-26,28.1,18.2,33.9,,,,,,,
2003-08-28,31.2,23.5,38.5,,,,,,,
2003-08-29,33.7,28.2,38.4,,,,,,,
2003-08-30,36.4,30.4,39.8,,,,,,,
2003-08-31,32.4,27.0,37.2,,,,,,,
2003-09-01,31.6,24.2,,,,,,,,
2003-09-02,30.1,20.9,35.7,,,,,,,
2003-09-03,29.4,22.0,34.6,,,,,,,
2003-09-04,24.9,18.0,34.2,0.3,,,,,,
2003-09-05,28.8,16.7,33.5,9.9,,,,,,
2003-09-07,29.4,16.1,33.1,13.0,,,,,,
2003-09-08,24.7,20.0,28.4,0.0,,,,,,
2003-09-09,25.4,17.4,,,,,,,,
2003-09-10,17.6,13.5,,,,,,,,
2003-09-11,19.8,11.5,24.9,,,,,,,
2003-09-13,20.4,14.1,24.3,,,,,,,
2003-09-14,19.0,12.0,,,,,,,,
2003-09-16,15.5,12.3,20.5,0.0,,,,,,
2003-09-18,18.1,11.8,22.2,1.0,,,,,,
2003-09-21,23.9,14.1,28.6,,,,,,,
2003-09-22,21.5,13.8,27.2,,,,,,,
2003-09-23,19.4,13.9,25.5,,,,,,,
2003-09-24,21.8,12.6,26.6,,,,,,,
2003-09-25,19.2,13.3,21.9,,,,,,,
2003-09-27,17.9,14.0,20.5,,,,,,,
2003-09-28,21.2,11.5,26.0,,,,,,,
2003-09-29,23.6,16.5,27.6,,,,,,,
2003-09-30,25.6,15.9,32.4,,,,,,,
2003-10-01,29.7,21.4,,,,,,,,
2003-10-02,30.7,23.0,34.2,,,,,,,
2003-10-03,26.7,18.9,33.9,,,,,,,
2003-10-04,26.2,15.5,31.7,,,,,,,
2003-10-06,21.4,15.0,27.2,0.0,,,,,,
2003-10-09,17.2,10.5,20.5,,,,,,,
2003-10-11,20.8,11.0,25.6,,,,,,,
2003-10-12,20.8,13.7,24.5,,,,,,,
2003-10-14,20.2,15.4,23.6,,,,,,,
2003-10-16,20.2,11.5,,,,,,,,
2003-10-17,20.5,15.0,23.1,7.1,,,,,,
2003-10-18,16.3,12.8,19.9,0.0,,,,,,
2003-10-20,22.3,14.2,25.5,,,,,,,
2003-10-21,22.8,17.0,26.6,,,,,,,
2003-10-22,23.2,20.0,26.9,,,,,,,
2003-10-26,18.3,10.9,22.5,,,,,,,
2003-10-27,18.6,11.2,21.7,,,,,,,
2003-10-28,19.7,14.5,23.8,,,,,,,
2003-10-30,15.6,11.1,,52.1,,,,,,
2003-10-31,14.4,6.5,,0.0,,,,,,
2003-11-01,16.0,10.4,,,,,,,,
2003-11-02,10.6,6.5,,,,,,,,
2003-11-03,11.0,4.2,17.2,,,,,,,
2003-11-04,11.7,6.0,16.5,,,,,,,
2003-11-06,11.6,4.9,16.0,,,,,,,
2003-11-07,13.1,5.0,17.2,,,,,,,
2003-11-13,11.0,6.9,12.6,0.8,,,,,,
2003-11-18,18.4,13.0,,,,,,,,
2003-11-20,12.3,9.0,15.6,3.6,,,,,,
2003-11-21,10.2,5.9,13.2,0.0,,,,,,
2003-11-22,12.1,4.5,16.7,2.3,,,,,,
2003-11-27,9.8,2.5,16.8,1.0,,,,,,
2003-11-28,8.9,4.5,12.1,0.0,,,,,,
2003-11-29,8.8,4.1,,,,,,,,
2003-11-30,8.9,2.1,15.2,,,,,,,
2003-12-01,9.7,2.9,16.4,,,,,,,
2003-12-02,11.9,3.5,,,,,,,,
2003-12-04,7.4,-0.5,13.6,0.0,,,,,,
2003-12-05,8.9,-1.2,16.7,0.0,,,,,,
2003-12-06,9.1,2.0,14.1,0.0,,,,,,
2003-12-07,11.2,3.0,14.9,0.0,,,,,,
2003-12-08,8.8,4.1,11.1,0.0,,,,,,
2003-12-09,6.1,3.2,7.2,0.0,,,,,,
2003-12-10,6.4,1.5,8.1,3.0,,,,,,
2003-12-11,5.1,3.3,6.5,2.0,,,,,,
2003-12-12,9.3,6.0,,21.1,,,,,,
2003-12-13,9.4,7.5,11.8,5.1,,,,,,
2003-12-14,10.7,6.0,13.1,0.0,,,,,,
2003-12-15,9.9,7.9,12.1,0.0,,,,,,
2003-12-17,6.7,0.2,11.8,0.0,,,,,,
2003-12-18,6.3,-0.2,11.2,0.0,,,,,,
2003-12-19,8.8,2.0,11.5,0.0,,,,,,
2003-12-20,7.2,6.5,7.7,0.0,,,,,,
2003-12-21,8.7,2.5,13.1,0.8,,,,,,
2003-12-22,8.7,5.0,12.7,0.0,,,,,,
2003-12-23,0.3,-0.8,1.5,0.8,,,,,,
2003-12-26,4.6,0.0,9.3,0.0,,,,,,
2003-12-27,5.1,-2.5,9.7,0.0,,,,,,
2003-12-28,9.1,-0.9,16.1,0.0,,,,,,
2003-12-30,7.2,3.5,9.4,0.5,,,,,,
2004-01-03,2.4,0.1,3.5,4.1,,,,,,
2004-01-04,4.3,1.5,6.8,2.0,,,,,,
2004-01-05,4.8,0.4,7.5,0.0,,,,,,
2004-01-06,6.3,-1.5,12.8,0.0,,,,,,
2004-01-07,6.3,-1.5,12.0,0.0,,,,,,
2004-01-08,6.2,1.0,9.9,0.0,,,,,,
2004-01-09,10.4,4.0,12.6,0.0,,,,,,
2004-01-10,11.3,8.2,13.9,0.0,,,,,,
2004-01-12,13.0,4.5,19.5,0.0,,,,,,
2004-01-13,14.7,4.9,19.7,0.0,,,,,,
2004-01-15,7.4,3.1,11.5,0.0,,,,,,
2004-01-16,8.6,0.0,,0.0,,,,,,
2004-01-17,8.8,1.5,14.1,0.0,,,,,,
2004-01-19,3.7,0.8,5.6,7.9,,,,,,
2004-01-20,3.0,-1.0,,0.3,,,,,,
2004-01-21,4.3,2.0,,2.0,,,,,,
2004-01-23,8.0,2.0,,0.0,,,,,,
2004-01-24,7.7,5.0,9.8,0.0,,,,,,
2004-01-25,9.1,5.5,12.4,2.0,,,,,,
2004-01-26,11.6,4.8,17.2,0.0,,,,,,
2004-01-27,9.7,2.9,16.0,0.0,,,,,,
2004-01-30,5.4,-0.1,,0.0,,,,,,
2004-02-01,9.9,2.5,,0.0,,,,,,
2004-02-02,9.1,2.0,16.0,0.0,,,,,,
2004-02-03,11.4,3.5,16.2,0.0,,,,,,
2004-02-04,10.8,3.5,15.7,0.0,,,,,,
2004-02-05,9.4,1.6,16.2,0.0,,,,,,
2004-02-06,11.7,2.4,18.6,0.0,,,,,,
2004-02-08,9.8,3.0,14.1,0.0,,,,,,
2004-02-09,6.1,3.6,10.2,0.0,,,,,,
2004-02-10,6.3,-1.5,12.6,0.0,,,,,,
2004-02-11,8.6,1.1,13.2,0.0,,,,,,
2004-02-13,8.2,-0.6,,0.0,,,,,,
2004-02-14,8.3,0.3,15.7,0.0,,,,,,
2004-02-15,9.0,0.4,14.2,0.0,,,,,,
2004-02-17,8.2,0.4,13.3,0.0,,,,,,
2004-02-18,6.2,3.8,8.6,0.0,,,,,,
2004-02-19,10.9,2.4,15.4,0.0,,,,,,
2004-02-20,15.6,8.6,18.6,0.0,,,,,,
2004-02-23,11.8,3.5,16.3,0.0,,,,,,
2004-02-24,15.1,7.5,18.7,0.0,,,,,,
2004-02-25,17.0,12.4,20.4,0.0,,,,,,
2004-02-26,12.2,7.0,16.1,0.0,,,,,,
2004-02-29,6.6,-2.0,11.4,0.0,,,,,,
2004-03-01,5.3,2.4,9.6,0.0,,,,,,
2004-03-02,-0.3,-1.1,1.2,0.0,3.0,,,,,
2004-03-07,8.3,4.9,12.1,0.0,,,,,,
2018-10-13,16.5,11.1,20.0,,,,,,,
2018-10-24,13.8,10.0,16.9,0.0,,,,,,
2018-10-26,15.2,6.4,21.1,0.0,,,,,,
2018-10-27,14.5,8.7,18.6,0.0,,,,,,
2018-10-30,8.9,2.8,14.2,0.5,,,,,,
2018-11-01,13.5,7.1,16.9,0.0,,,,,,
2018-11-02,9.1,5.8,12.7,5.1,,,,,,
2018-11-07,10.3,4.3,17.3,0.0,,,,,,
2018-11-10,8.0,5.2,11.2,0.0,,,,,,
2018-11-15,13.2,10.5,17.2,0.0,,,,,,
2018-11-18,12.0,4.4,,0.3,,,,,,
2018-11-26,12.8,4.3,16.4,0.0,,,,,,
2018-11-28,9.7,5.3,12.7,0.0,,,,,,
2018-12-04,13.3,8.1,16.8,0.0,,,,,,
2018-12-08,8.7,6.2,11.1,0.0,,,,,,
2018-12-10,10.6,4.3,14.4,0.0,,,,,,
2018-12-11,9.3,1.0,15.2,0.0,,,,,,
2018-12-12,10.4,2.2,14.7,0.0,,,,,,
2018-12-21,8.4,3.2,11.4,0.0,,,,,,
2018-12-28,6.3,1.1,11.5,0.0,,,,,,
2018-12-29,6.7,1.1,9.8,0.0,,,,,,
2019-01-05,4.5,2.3,6.1,0.3,,,,,,
2019-01-06,8.5,2.8,12.0,0.0,,,,,,
2019-01-12,1.6,-0.4,3.6,1.0,1.0,,,,,
2019-01-16,7.5,0.2,12.2,0.0,,,,,,
2019-01-19,6.0,0.0,10.0,0.0,,,,,,
2019-01-21,7.0,4.8,10.4,0.0,,,,,,
2019-01-25,0.7,0.1,2.3,10.9,5.0,,,,,
2019-01-26,5.0,0.6,7.6,6.1,2.0,,,,,
2019-01-30,6.0,4.1,7.7,0.5,,,,,,
2019-02-05,4.3,0.7,6.7,7.1,7.0,,,,,
2019-02-07,7.5,3.7,11.4,0.0,,,,,,
2019-02-09,10.3,3.0,15.6,0.0,,,,,,
2019-02-15,8.1,-0.5,15.3,0.0,,,,,,
2019-02-16,8.6,-0.9,13.2,0.0,,,,,,
2019-02-21,7.4,2.4,11.8,0.0,,,,,,
2019-02-23,7.8,3.4,12.7,0.0,,,,,,
2019-03-01,10.2,1.3,15.2,0.0,,,,,,
2019-03-07,17.4,9.7,21.9,0.0,,,,,,
2019-03-11,10.0,5.1,15.1,0.0,,,,,,
2019-03-12,9.5,2.9,13.5,0.0,,,,,,
2019-03-15,10.5,2.9,16.1,0.0,,,,,,
2019-03-17,17.2,5.7,22.8,0.0,,,,,,
2019-03-19,5.8,4.0,8.3,1.0,,,,,,
2019-03-20,3.1,0.8,4.1,16.0,,,,,,
2019-03-21,2.9,0.2,6.3,35.1,14.0,,,,,
2019-03-22,5.5,2.3,8.3,20.1,,,,,,
2019-03-23,7.8,4.3,10.7,8.9,,,,,,
2019-03-24,11.5,3.5,15.5,0.0,,,,,,
2019-03-27,5.3,3.3,14.9,31.0,,,,,,
2019-04-02,12.4,7.9,15.0,0.5,,,,,,
2019-04-04,14.1,4.8,18.1,7.1,,,,,,
2019-04-09,14.7,7.8,17.8,0.0,,,,,,
2019-04-10,10.7,4.7,15.6,0.0,,,,,,
2019-04-16,17.6,8.6,22.9,0.0,,,,,,
2019-04-18,20.7,9.6,28.6,0.0,,,,,,
2019-04-24,18.4,10.4,22.1,0.0,,,,,,
2019-04-25,19.3,7.6,26.9,0.0,,,,,,
2019-04-26,16.3,10.0,21.4,0.0,,,,,,
2019-04-28,15.6,4.4,20.6,0.0,,,,,,
2019-05-02,16.7,7.9,22.6,0.0,,,,,,
2019-05-06,15.4,4.1,20.0,0.0,,,,,,
2019-05-10,23.3,10.5,28.1,0.0,,,,,,
2019-05-12,15.3,12.4,20.4,0.0,,,,,,
2019-05-14,11.4,7.5,13.9,0.0,,,,,,
2019-05-16,16.3,5.6,23.3,0.0,,,,,,
2019-05-26,12.5,9.7,16.5,19.1,,,,,,
2019-05-27,12.6,9.7,17.2,0.8,,,,,,
2019-06-01,16.3,7.1,22.4,0.0,,,,,,
2019-06-05,28.9,23.8,33.9,0.0,,,,,,
2019-06-15,27.1,15.1,35.2,0.0,,,,,,
2019-06-16,27.9,15.8,35.3,0.0,,,,,,
2019-06-17,23.9,16.4,29.9,0.0,,,,,,
2019-06-21,32.6,28.6,36.7,0.0,,,,,,
2019-10-20,20.8,12.9,24.9,0.0,,,,,,
2019-10-26,12.2,10.1,16.6,6.1,,,,,,
2019-10-27,11.4,9.2,13.2,0.0,,,,,,
2019-11-06,10.8,9.4,13.9,0.3,,,,,,
2019-11-13,9.2,3.9,13.8,0.0,,,,,,
2019-11-20,7.1,-1.5,10.8,0.0,,,,,,
2019-12-03,12.8,4.4,18.5,0.0,,,,,,
2019-12-06,10.0,2.7,15.2,0.0,,,,,,
2019-12-22,14.0,8.5,16.6,0.0,,,,,,
2019-12-28,9.4,1.6,12.4,0.0,,,,,,
2019-12-31,4.3,0.2,7.4,4.1,,,,,,
2020-01-09,6.1,4.1,8.4,6.1,,,,,,
2020-01-22,12.0,7.0,15.8,0.0,,,,,,
2020-01-27,8.8,2.1,13.4,1.0,,,,,,
2020-02-04,14.7,5.4,21.3,0.0,,,,,,
2020-02-12,11.6,3.6,18.3,0.0,,,,,,
2020-02-16,11.9,2.7,18.4,0.0,,,,,,
2020-02-23,8.6,0.4,,0.0,,,,,,
2020-02-26,11.4,3.8,16.6,0.0,,,,,,
2020-02-27,10.3,4.8,16.1,0.0,,,,,,
2020-03-03,9.2,3.7,11.9,7.1,,,,,,
2020-03-04,11.1,6.4,14.0,0.0,,,,,,
2020-03-10,5.1,2.2,8.7,5.1,,,,,,
2020-03-12,14.3,3.4,22.1,0.0,,,,,,
2020-03-15,13.3,5.2,19.7,0.0,,,,,,
2020-03-20,15.3,6.4,19.7,0.0,,,,,,
2020-04-03,9.1,6.0,12.0,4.1,,,,,,
2020-04-10,13.0,7.0,17.2,5.1,,,,,,
2020-04-20,13.7,11.9,15.8,0.0,,,,,,
2020-04-22,12.8,6.8,15.6,23.1,,,,,,
2020-04-26,15.2,9.9,18.6,0.0,,,,,,
2020-05-06,28.6,15.5,34.2,0.0,,,,,,
2020-05-13,29.1,23.1,32.8,0.0,,,,,,
2020-05-20,20.3,11.7,23.8,0.0,,,,,,
2020-05-24,23.6,13.4,29.1,0.0,,,,,,
2020-05-26,23.8,10.9,29.4,0.0,,,,,,
2020-05-28,21.0,13.8,24.7,0.0,,,,,,
2020-05-30,19.5,12.1,23.6,5.1,,,,,,
2020-06-02,23.6,12.8,28.2,4.1,,,,,,
2020-06-04,28.2,15.1,32.2,0.0,,,,,,
2020-07-06,23.2,13.3,28.0,0.0,,,,,,
2020-07-09,29.7,14.3,34.4,0.0,,,,,,
2020-07-23,29.2,19.3,35.6,0.0,,,,,,
2020-07-27,32.9,20.2,37.5,0.0,,,,,,
2020-07-31,31.0,20.1,36.8,0.0,,,,,,
2020-08-19,31.2,18.7,38.9,0.0,,,,,,
2020-08-21,35.5,25.3,40.8,0.0,,,,,,
2020-09-08,22.0,14.4,27.9,24.9,,,,,,
2020-09-10,20.7,17.9,25.7,0.0,,,,,,
2020-09-22,23.2,15.3,28.1,3.0,,,,,,
2020-09-23,23.8,17.3,28.7,0.0,,,,,,
2020-09-26,15.9,11.8,19.8,0.0,,,,,,
2020-09-28,17.7,8.6,23.7,0.0,,,,,,
2020-10-05,16.6,13.3,19.9,0.0,,,,,,
2020-10-13,11.9,4.4,18.7,0.5,,,,,,
2020-10-14,17.8,7.6,22.0,0.0,,,,,,
2020-10-18,12.5,4.7,19.0,0.0,,,,,,
2020-10-27,11.1,6.8,14.1,2.0,,,,,,
2020-10-30,15.1,5.8,21.3,0.0,,,,,,
2020-11-05,15.6,8.6,21.5,0.0,,,,,,
2020-11-07,18.4,10.7,23.8,0.0,,,,,,
2020-11-12,15.2,7.5,19.8,0.0,,,,,,
2020-12-09,5.9,4.2,8.2,2.0,,,,,,
2020-12-13,7.6,5.9,10.7,5.1,,,,,,
2020-12-31,4.3,-1.2,8.3,0.0,,,,,,
2021-01-02,0.9,-3.2,6.4,0.0,,,13.6,,1012.7,
2021-01-03,0.6,-2.1,5.4,0.0,,,12.7,,1014.9,
2021-01-04,-0.3,-4.3,5.9,0.0,,,12.3,,1017.0,
2021-01-05,2.0,-1.2,6.8,0.0,,,19.0,,1015.1,
2021-01-06,5.1,0.4,10.5,0.0,,,19.3,,1013.8,
2021-01-07,8.7,4.9,13.4,0.0,,,21.6,,1011.2,
2021-01-08,12.2,8.5,17.1,0.0,,,19.7,,1009.8,
2021-01-09,13.7,10.8,16.4,0.1,,,26.2,,1008.3,
2021-01-10,9.4,4.3,13.6,0.2,,,14.3,,1008.8,
2021-01-11,5.7,1.9,10.7,0.2,,,5.9,,1015.2,
2021-01-12,2.5,0.6,5.3,0.5,,,20.1,,1024.6,
2021-01-13,3.1,0.1,7.7,0.0,,,16.0,,1028.2,
2021-01-14,4.5,-0.6,11.5,0.0,,,8.2,,1024.0,
2021-01-15,4.2,2.8,6.3,0.8,,,13.9,,1022.2,
2021-01-16,2.7,1.8,4.4,3.0,,,16.5,,1022.5,
2021-01-17,4.1,-0.2,9.8,0.1,,,12.1,,1026.8,
2021-01-18,4.4,0.7,8.7,0.0,,,11.6,,1026.6,
2021-01-19,3.5,-2.3,10.3,0.0,,,9.7,,1028.7,
2021-01-20,5.0,2.2,9.9,0.0,,,21.9,,1025.3,
2021-01-21,5.3,1.4,11.3,0.0,,,14.9,,1022.0,
2021-01-22,6.3,1.7,11.3,0.0,,,17.0,,1017.7,
2021-01-23,6.1,3.3,10.8,0.0,,,10.8,,1016.1,
2021-01-24,7.6,2.5,14.3,0.4,,,13.6,,1013.6,
2021-01-25,8.0,3.8,15.0,0.0,,,8.9,,1015.3,
2021-01-26,5.8,0.9,8.0,1.4,,,20.6,,1019.8,
2021-01-27,6.5,-0.4,12.5,0.2,,,12.1,,1024.1,
2021-01-28,13.1,10.1,17.8,0.0,,,11.4,,1024.4,
2021-01-29,11.7,5.0,20.0,0.0,,,8.2,,1021.3,
2021-01-30,12.7,7.5,20.6,0.0,,,12.7,,1014.0,
2021-01-31,6.8,4.2,10.9,0.7,,,15.3,,1009.9,
2021-02-01,7.4,3.1,11.0,1.9,,,15.3,,1011.8,
2021-02-02,8.8,5.5,13.5,0.0,,,14.2,,1018.0,
2021-02-03,10.7,4.3,19.3,0.0,,,11.9,,1019.8,
2021-02-04,11.7,8.6,17.6,0.0,,,19.7,,1019.2,
2021-02-05,12.0,7.9,19.2,0.0,,,17.2,,1017.1,
2021-02-06,16.8,10.8,22.6,0.0,,,22.0,,1011.5,
2021-02-07,8.4,3.5,12.3,7.1,,,15.8,,1006.7,
2021-02-08,6.4,1.5,12.6,0.0,,,13.0,,1011.6,
2021-02-09,8.8,3.7,16.1,0.0,,,14.0,,1015.0,
2021-02-10,11.0,6.5,17.3,0.0,,,15.1,,1013.8,
2021-02-11,8.6,4.0,15.1,0.3,,,8.8,,1020.9,
2021-02-12,9.7,3.1,18.3,0.0,,,7.2,,1020.0,
2021-02-13,7.6,4.3,10.6,1.0,,,18.1,,1021.0,
2021-02-14,4.2,1.4,7.5,1.9,,,18.1,,1028.5,
2021-02-15,1.7,-1.6,5.7,0.3,,,10.5,,1035.7,
2021-02-16,5.5,-2.9,15.1,0.3,,,8.5,,1031.4,
2021-02-17,7.4,-1.1,18.2,0.0,,,5.3,,1025.1,
2021-02-18,13.1,1.9,19.7,0.0,,,11.5,,1022.0,
2021-02-19,8.9,3.7,16.4,0.0,,,12.7,,1022.6,
2021-02-20,9.6,3.5,17.2,0.0,,,12.3,,1021.8,
2021-02-21,11.1,6.2,17.1,0.0,,,18.1,,1020.0,
2021-02-22,12.1,9.5,15.3,0.6,,,21.8,,1020.6,
2021-02-23,9.8,5.5,13.7,0.2,,,9.9,,1027.7,
2021-02-24,9.1,4.1,16.4,0.0,,,8.6,,1031.7,
2021-02-25,9.9,4.0,18.0,0.0,,,5.4,,1028.4,
2021-02-26,9.3,1.8,17.9,0.0,,,6.0,,1025.9,
2021-02-27,8.7,1.0,17.0,0.0,,,6.7,,1022.3,
2021-02-28,9.1,3.5,16.3,0.0,,,11.0,,1021.9,
2021-03-01,11.1,4.8,19.3,0.0,,,11.7,,1022.5,
2021-03-02,11.1,5.8,18.1,0.0,,,11.9,,1023.5,
2021-03-03,8.3,3.4,14.8,0.0,,,12.2,,1026.0,
2021-03-04,8.1,3.9,13.5,4.3,,,7.9,,1021.0,
2021-03-05,7.5,3.7,12.6,2.3,,,5.2,,1016.7,
2021-03-06,9.0,4.1,14.6,0.2,,,6.4,,1020.2,
2021-03-07,13.0,5.4,18.8,0.0,,,7.5,,1017.8,
2021-03-08,9.1,4.5,14.3,3.9,,,5.6,,1012.4,
2021-03-09,7.5,4.8,11.6,9.2,,,7.0,,1014.1,
2021-03-10,5.8,2.1,10.5,0.7,,,15.9,,1021.1,
2021-03-11,5.7,1.2,12.4,0.0,,,8.3,,1026.9,
2021-03-12,8.6,1.8,16.6,0.0,,,6.7,,1021.9,
2021-03-13,9.0,3.6,14.3,0.0,,,7.7,,1020.8,
2021-03-14,8.3,3.0,14.3,0.0,,,9.9,,1020.7,
2021-03-15,6.2,2.8,10.4,0.1,,,12.3,,1023.3,
2021-03-16,5.4,1.8,10.7,0.0,,,15.9,,1022.6,
2021-03-17,4.9,2.1,8.8,0.1,,,15.1,,1022.4,
2021-03-18,6.0,-0.5,12.5,0.0,,,7.3,,1016.3,
2021-03-19,6.8,2.3,8.6,0.0,,,11.3,,1009.5,
2021-03-20,4.6,1.8,7.8,7.5,,,8.1,,1006.4,
2021-03-21,3.0,-0.5,6.8,4.6,,,19.3,,1011.8,
2021-03-22,2.2,-0.1,6.2,4.3,,,18.9,,1014.9,
2021-03-23,3.8,0.8,8.9,1.5,,,16.7,,1022.8,
2021-03-24,8.2,0.8,13.9,0.5,,,7.1,,1025.8,
2021-03-25,7.1,1.8,13.4,0.0,,,8.0,,1025.3,
2021-03-26,9.5,2.3,17.8,0.0,,,9.7,,1025.7,
2021-03-27,11.9,7.1,19.2,0.0,,,16.1,,1026.1,
2021-03-28,12.6,5.5,20.9,0.0,,,6.1,,1027.7,
2021-03-29,13.5,7.8,20.9,0.0,,,10.1,,1028.6,
2021-03-30,13.9,7.1,20.6,0.0,,,7.3,,1026.4,
2021-03-31,13.5,7.6,19.6,0.0,,,7.8,,1023.2,
2021-04-01,14.2,8.0,21.9,0.0,,,11.4,,1020.5,
2021-04-02,17.5,12.1,24.1,0.0,,,18.6,,1015.7,
2021-04-03,16.1,9.1,23.4,0.0,,,8.1,,1011.2,
2021-04-04,11.6,7.3,17.5,0.4,,,9.5,,1011.7,
2021-04-05,8.2,5.6,12.2,2.1,,,12.8,,1015.3,
2021-04-06,10.0,2.6,18.2,0.0,,,7.7,,1014.7,
2021-04-07,10.7,3.6,19.7,0.2,,,11.4,,1015.7,
2021-04-08,14.6,5.4,19.8,0.0,,,8.3,,1022.9,
2021-04-09,12.4,5.9,20.0,0.0,,,14.0,,1022.0,
2021-04-10,13.8,8.2,20.4,0.0,,,15.0,,1017.9,
2021-04-11,15.4,8.3,23.7,1.3,,,7.1,,1015.2,
2021-04-12,12.5,8.8,18.1,0.1,,,12.6,,1019.2,
2021-04-13,11.3,7.3,17.5,0.1,,,9.5,,1022.8,
2021-04-14,13.3,7.9,19.4,0.3,,,12.1,,1018.1,
2021-04-15,14.2,9.9,20.5,0.7,,,11.3,,1012.0,
2021-04-16,9.2,6.0,14.3,13.7,,,13.3,,1008.2,
2021-04-17,5.2,3.1,7.1,10.7,,,14.2,,1015.2,
2021-04-18,5.2,0.5,10.4,0.3,,,10.2,,1018.9,
2021-04-19,7.3,-0.4,14.3,0.0,,,6.1,,1020.6,
2021-04-20,10.6,5.8,16.3,0.8,,,11.6,,1016.3,
2021-04-21,14.1,6.9,20.5,0.0,,,13.8,,1012.5,
2021-04-22,14.0,8.1,21.1,1.9,,,5.7,,1012.7,
2021-04-23,11.3,8.2,15.1,10.2,,,11.6,,1016.8,
2021-04-24,12.2,6.8,19.2,0.0,,,7.6,,1019.4,
2021-04-25,15.5,8.5,22.3,0.0,,,15.9,,1015.9,
2021-04-26,18.3,12.5,25.6,0.0,,,16.6,,1008.8,
2021-04-27,16.2,8.3,25.3,0.0,,,9.0,,1007.3,
2021-04-28,17.2,9.0,25.1,0.0,,,10.2,,1009.0,
2021-04-29,23.2,12.4,29.7,0.0,,,10.6,,1009.0,
2021-04-30,19.0,13.2,25.6,4.8,,,16.9,,1010.2,
2021-05-01,15.2,10.8,20.8,5.6,,,18.7,,1013.5,
2021-05-02,20.6,10.3,26.5,2.0,,,9.2,,1017.5,
2021-05-03,15.8,12.3,21.8,13.1,,,8.8,,1018.1,
2021-05-04,17.0,12.1,24.2,0.7,,,13.3,,1016.9,
2021-05-05,16.3,13.2,22.0,8.8,,,7.2,,1015.3,
2021-05-06,15.9,14.7,20.6,1.0,,,9.2,,1016.0,
2021-05-07,14.5,11.5,19.8,2.7,,,9.8,,1018.5,
2021-05-08,16.5,7.8,24.0,0.0,,,6.1,,1020.2,
2021-05-09,17.7,12.6,23.4,0.0,,,14.9,,1017.1,
2021-05-10,20.8,14.9,27.5,0.0,,,15.3,,1012.8,
2021-05-11,15.6,10.6,21.3,0.3,,,14.7,,1015.9,
2021-05-12,18.3,9.9,23.6,0.0,,,9.0,,1018.9,
2021-05-13,16.2,9.3,23.3,0.0,,,4.9,,1015.8,
2021-05-14,17.4,10.5,26.1,0.0,,,13.4,,1014.6,
2021-05-15,17.2,9.4,25.3,0.0,,,5.8,,1018.2,
2021-05-16,22.4,15.1,30.6,0.0,,,13.5,,1015.4,
2021-05-17,23.5,16.7,31.7,0.0,,,9.2,,1015.1,
2021-05-18,21.7,13.2,30.3,0.0,,,6.8,,1017.0,
2021-05-19,20.5,13.9,27.7,0.0,,,9.4,,1018.6,
2021-05-20,15.5,10.6,22.1,0.0,,,11.2,,1022.4,
2021-05-21,18.8,10.2,27.7,0.0,,,8.9,,1019.4,
2021-05-22,22.7,14.9,32.0,0.0,,,13.6,,1015.9,
2021-05-23,29.2,19.4,35.2,0.0,,,11.6,,1014.8,
2021-05-24,21.4,13.6,26.5,0.0,,,11.9,,1017.0,
2021-05-25,21.9,9.9,27.4,0.0,,,7.2,,1021.9,
2021-05-26,22.2,15.4,29.1,0.2,,,12.8,,1018.5,
2021-05-27,25.8,20.2,31.2,0.3,,,14.5,,1015.6,
2021-05-28,23.9,17.7,32.2,0.3,,,9.4,,1014.4,
2021-05-29,22.1,16.6,28.2,0.2,,,8.8,,1016.3,
2021-05-30,19.7,13.5,28.6,2.1,,,6.0,,1018.2,
2021-05-31,20.3,14.8,28.2,3.2,,,9.5,,1017.9,
2021-06-01,19.6,15.8,24.1,1.8,,,8.5,,1016.1,
2021-06-02,21.7,15.8,29.3,0.3,,,8.5,,1015.6,
2021-06-03,21.5,18.1,28.5,5.9,,,8.6,,1020.3,
2021-06-04,24.7,16.8,33.4,8.9,,,9.6,,1021.5,
2021-06-05,23.7,16.7,29.9,0.0,,,11.5,,1020.8,
2021-06-06,23.6,16.8,31.0,0.4,,,11.9,,1018.3,
2021-06-07,20.9,15.4,27.3,0.5,,,10.3,,1021.1,
2021-06-08,20.5,13.7,27.2,0.0,,,7.4,,1020.9,
2021-06-09,19.9,15.1,25.9,0.0,,,12.5,,1020.2,
2021-06-10,18.8,12.9,25.3,0.0,,,13.5,,1019.4,
2021-06-11,25.5,12.3,29.0,0.0,,,7.7,,1017.9,
2021-06-12,22.0,13.7,28.8,0.0,,,9.1,,1018.8,
2021-06-13,23.5,14.4,30.5,0.0,,,7.3,,1020.3,
2021-06-14,25.1,18.1,31.7,0.0,,,11.9,,1018.5,
2021-06-15,24.6,16.1,31.9,0.0,,,8.1,,1017.3,
2021-06-16,25.8,19.8,32.3,0.0,,,14.3,,1015.0,
2021-06-17,29.3,23.3,34.3,0.0,,,15.4,,1015.2,
2021-06-18,27.7,22.9,33.7,0.0,,,11.6,,1017.4,
2021-06-19,29.0,22.7,35.4,0.0,,,12.7,,1017.2,
2021-06-20,29.6,23.2,35.0,0.0,,,15.2,,1014.8,
2021-06-21,29.4,23.1,35.0,0.0,,,13.9,,1012.2,
2021-06-22,29.2,19.0,35.9,0.0,,,14.7,,1011.8,
2021-06-23,29.9,22.3,35.1,0.0,,,15.5,,1013.8,
2021-06-24,32.4,26.7,33.8,0.0,,,8.9,,1018.4,
2021-06-25,29.4,23.6,34.4,0.0,,,14.6,,1017.9,
2021-06-26,33.2,25.8,37.9,0.0,,,11.2,,1015.9,
2021-06-27,30.9,24.4,35.6,0.0,,,18.8,,1013.1,
2021-06-28,30.7,24.1,36.3,0.0,,,15.1,,1014.9,
2021-06-29,30.6,25.3,36.2,0.0,,,14.5,,1016.0,
2021-06-30,31.4,24.3,36.5,0.0,,,16.2,,1016.2,
2021-07-01,32.0,26.2,37.7,0.0,,,15.4,,1016.3,
2021-07-02,33.2,23.9,39.8,0.0,,,11.7,,1016.4,
2021-07-03,30.6,22.7,37.7,0.0,,,9.7,,1016.7,
2021-07-04,30.7,21.9,39.0,0.0,,,13.1,,1015.7,
2021-07-05,29.9,21.1,37.7,0.0,,,7.0,,1016.1,
2021-07-06,31.4,24.7,38.9,0.0,,,10.5,,1014.0,
2021-07-07,32.1,21.8,38.4,0.5,,,10.6,,1015.0,
2021-07-08,29.5,22.9,36.0,0.0,,,9.8,,1017.7,
2021-07-09,27.6,18.8,36.1,0.0,,,6.9,,1020.2,
2021-07-10,35.6,22.9,40.5,0.0,,,14.7,,1017.2,
2021-07-11,28.6,21.0,35.6,0.0,,,9.6,,1018.2,
2021-07-12,35.0,24.0,40.5,0.0,,,12.9,,1016.2,
2021-07-13,27.6,18.2,35.7,0.2,,,12.6,,1014.0,
2021-07-14,23.1,15.2,31.3,0.0,,,7.2,,1017.5,
2021-07-15,25.2,16.1,32.3,0.3,,,9.9,,1017.4,
2021-07-16,24.2,16.7,30.8,0.0,,,9.6,,1017.8,
2021-07-17,21.0,14.4,28.3,0.0,,,13.2,,1018.1,
2021-07-18,21.3,14.5,28.8,0.0,,,12.7,,1015.1,
2021-07-19,22.3,15.6,29.4,0.0,,,9.5,,1014.0,
2021-07-20,24.0,15.9,30.9,0.0,,,6.0,,1015.7,
2021-07-21,24.6,17.3,31.2,0.0,,,7.9,,1019.2,
2021-07-22,25.4,17.4,32.1,0.0,,,7.2,,1019.5,
2021-07-23,27.6,20.5,34.6,0.0,,,11.4,,1016.9,
2021-07-24,28.6,22.0,36.2,0.0,,,12.3,,1015.1,
2021-07-25,29.2,23.3,35.9,0.0,,,14.6,,1013.9,
2021-07-26,28.1,23.3,34.0,0.0,,,15.3,,1014.2,
2021-07-27,27.2,18.3,33.8,0.0,,,9.6,,1016.0,
2021-07-28,33.8,21.5,38.0,0.0,,,11.3,,1015.9,
2021-07-29,29.6,22.3,37.2,0.0,,,10.6,,1016.1,
2021-07-30,30.0,23.7,37.6,0.0,,,10.6,,1016.5,
2021-07-31,30.6,24.5,36.9,0.0,,,12.9,,1014.9,
2021-08-01,28.3,20.2,35.8,0.0,,,11.9,,1014.6,
2021-08-02,27.9,20.8,35.1,0.0,,,12.1,,1014.3,
2021-08-03,29.2,23.4,35.0,0.0,,,16.6,,1015.1,
2021-08-04,29.8,21.5,36.4,0.0,,,17.0,,1015.0,
2021-08-05,27.1,17.9,36.7,0.0,,,8.7,,1015.6,
2021-08-06,29.0,20.2,37.1,0.0,,,8.3,,1012.8,
2021-08-07,30.8,24.4,37.9,0.0,,,18.0,,1010.8,
2021-08-08,31.6,25.2,38.0,0.0,,,14.2,,1014.1,
2021-08-09,31.1,24.5,37.2,0.0,,,11.5,,1018.6,
2021-08-10,31.1,25.2,37.5,0.0,,,13.5,,1020.5,
2021-08-11,30.5,22.7,36.5,0.0,,,9.9,,1020.8,
2021-08-12,31.4,23.9,37.7,0.0,,,6.0,,1020.8,
2021-08-13,31.1,24.5,37.4,0.0,,,9.0,,1021.6,
2021-08-14,28.0,21.7,34.6,0.0,,,11.2,,1020.6,
2021-08-15,27.0,19.3,34.1,0.0,,,8.5,,1019.1,
2021-08-16,27.7,20.6,34.7,0.0,,,6.7,,1017.7,
2021-08-17,28.3,20.9,35.3,0.0,,,6.6,,1017.2,
2021-08-18,25.6,20.7,32.1,1.2,,,6.7,,1016.8,
2021-08-19,25.5,19.1,32.2,0.1,,,7.5,,1016.0,
2021-08-20,26.8,21.7,33.1,0.0,,,10.3,,1016.3,
2021-08-21,26.5,18.8,33.5,0.0,,,9.0,,1018.4,
2021-08-22,25.4,18.1,32.1,0.0,,,7.7,,1020.4,
2021-08-23,25.6,17.8,33.1,0.0,,,7.9,,1018.4,
2021-08-24,25.6,20.2,32.4,0.1,,,11.9,,1015.7,
2021-08-25,26.6,22.3,32.2,0.1,,,12.5,,1014.7,
2021-08-26,26.7,21.6,32.9,0.0,,,12.9,,1015.3,
2021-08-27,24.9,18.5,30.9,0.0,,,6.5,,1015.5,
2021-08-28,25.3,18.2,32.4,0.0,,,9.0,,1015.3,
2021-08-29,24.0,19.3,30.5,0.2,,,8.1,,1014.3,
2021-08-30,23.8,17.2,31.5,0.8,,,8.8,,1015.5,
2021-08-31,25.9,21.1,31.3,0.3,,,9.9,,1018.1,
2021-09-01,26.0,19.2,31.2,0.1,,,7.3,,1018.7,
2021-09-02,26.9,20.9,33.7,0.0,,,11.8,,1018.1,
2021-09-03,27.1,22.1,34.1,0.1,,,12.7,,1017.5,
2021-09-04,25.7,20.6,31.7,0.3,,,8.6,,1015.7,
2021-09-05,23.2,17.8,29.9,0.1,,,5.6,,1018.2,
2021-09-06,21.7,15.8,27.9,0.0,,,8.6,,1021.1,
2021-09-07,21.1,14.2,27.8,0.0,,,9.6,,1021.6,
2021-09-08,21.9,16.8,30.2,0.5,,,11.4,,1019.0,
2021-09-09,24.7,17.8,31.9,0.0,,,14.7,,1014.6,
2021-09-10,21.0,15.7,27.3,0.1,,,8.9,,1017.2,
2021-09-11,19.9,15.4,26.1,0.0,,,10.2,,1019.7,
2021-09-12,20.2,13.5,27.0,0.0,,,6.6,,1018.4,
2021-09-13,21.5,14.2,28.4,0.0,,,6.9,,1018.8,
2021-09-14,23.3,16.3,30.7,0.0,,,12.0,,1019.4,
2021-09-15,24.8,19.8,30.4,0.0,,,13.4,,1019.6,
2021-09-16,25.3,21.5,30.5,0.1,,,19.0,,1019.3,
2021-09-17,25.8,20.9,30.2,0.2,,,11.8,,1017.4,
2021-09-18,25.8,19.8,31.4,0.0,,,13.7,,1015.4,
2021-09-19,24.0,16.9,31.9,0.0,,,9.8,,1016.5,
2021-09-20,20.2,15.4,24.5,1.6,,,7.2,,1018.1,
2021-09-21,21.2,16.8,27.4,0.6,,,9.9,,1018.5,
2021-09-22,22.7,16.8,29.7,1.0,,,11.6,,1017.9,
2021-09-23,23.3,18.2,29.4,0.1,,,11.3,,1018.9,
2021-09-24,25.1,19.3,31.8,0.0,,,19.0,,1019.0,
2021-09-25,27.2,21.6,34.8,0.0,,,12.5,,1019.2,
2021-09-26,26.8,21.0,33.5,0.0,,,10.3,,1020.0,
2021-09-27,23.7,18.6,29.9,0.2,,,11.9,,1020.7,
2021-09-28,21.1,16.7,27.4,0.0,,,5.6,,1021.2,
2021-09-29,19.3,14.1,25.3,0.0,,,8.0,,1022.6,
2021-09-30,17.4,11.7,23.1,0.0,,,6.1,,1024.4,
2021-10-01,17.9,12.2,23.4,0.1,,,7.5,,1021.2,
2021-10-02,18.5,14.3,24.3,0.1,,,8.9,,1018.3,
2021-10-03,20.1,15.8,25.1,0.0,,,18.4,,1017.0,
2021-10-04,21.4,16.7,27.1,0.0,,,18.7,,1017.5,
2021-10-05,17.5,12.8,25.2,0.2,,,8.1,,1020.1,
2021-10-06,16.5,12.4,21.6,0.4,,,10.0,,1021.1,
2021-10-07,13.9,10.0,18.9,0.2,,,13.4,,1019.9,
2021-10-08,13.0,9.1,19.1,0.0,,,11.7,,1018.7,
2021-10-09,12.4,7.5,18.1,0.0,,,9.5,,1018.9,
2021-10-10,12.3,9.1,17.2,0.1,,,12.5,,1020.4,
2021-10-11,12.6,7.1,18.8,0.0,,,8.1,,1021.6,
2021-10-12,13.9,6.1,21.7,0.0,,,5.9,,1017.6,
2021-10-13,11.8,8.3,17.2,0.0,,,13.3,,1016.5,
2021-10-14,10.4,7.6,14.8,1.3,,,18.5,,1019.8,
2021-10-15,10.0,5.8,15.7,0.0,,,12.3,,1021.5,
2021-10-16,12.8,8.2,19.8,0.0,,,8.5,,1018.6,
2021-10-17,12.8,5.9,19.6,0.0,,,5.9,,1019.2,
2021-10-18,12.2,7.2,18.1,0.0,,,7.2,,1023.3,
2021-10-19,11.6,7.2,17.3,0.0,,,5.8,,1027.6,
2021-10-20,12.5,6.9,19.4,0.0,,,10.0,,1026.7,
2021-10-21,14.0,9.2,20.4,0.0,,,15.1,,1021.6,
2021-10-22,15.1,9.5,21.3,0.0,,,11.1,,1017.1,
2021-10-23,14.9,10.6,21.4,0.6,,,4.8,,1017.0,
2021-10-24,11.8,9.9,15.8,6.2,,,13.3,,1019.2,
2021-10-25,11.8,9.8,15.2,3.0,,,17.7,,1019.7,
2021-10-26,11.9,9.3,16.1,0.5,,,11.5,,1021.1,
2021-10-27,10.9,7.8,15.7,0.0,,,6.4,,1020.8,
2021-10-28,9.9,5.3,15.8,0.8,,,4.7,,1019.0,
2021-10-29,11.1,4.7,18.3,0.0,,,6.6,,1017.8,
2021-10-30,13.0,6.8,19.9,0.0,,,7.3,,1018.0,
2021-10-31,16.5,11.2,23.6,0.0,,,8.8,,1016.5,
2021-11-01,17.6,13.4,24.0,0.0,,,8.5,,1014.3,
2021-11-02,15.8,11.8,21.1,0.2,,,7.1,,1014.4,
2021-11-03,16.5,12.7,22.0,0.0,,,17.6,,1009.7,
2021-11-04,12.5,8.3,20.2,0.0,,,8.3,,1011.3,
2021-11-05,10.4,5.8,17.5,0.2,,,4.2,,1013.8,
2021-11-06,9.8,4.3,15.2,0.8,,,10.7,,1013.2,
2021-11-07,7.9,3.2,14.1,0.0,,,10.9,,1014.3,
2021-11-08,7.9,5.5,11.3,0.1,,,9.5,,1014.1,
2021-11-09,7.3,3.0,12.6,0.4,,,8.7,,1013.6,
2021-11-10,7.2,3.7,12.3,0.1,,,14.3,,1017.0,
2021-11-11,8.7,4.4,14.8,0.0,,,10.3,,1018.7,
2021-11-12,7.8,2.5,14.0,0.0,,,11.8,,1016.9,
2021-11-13,9.2,5.5,15.4,0.0,,,13.3,,1016.8,
2021-11-14,8.2,2.7,14.8,0.0,,,7.3,,1015.8,
2021-11-15,8.8,5.6,14.0,2.3,,,11.2,,1012.7,
2021-11-16,8.4,4.2,11.2,8.9,,,8.6,,1012.5,
2021-11-17,7.8,4.6,12.2,0.2,,,8.6,,1016.2,
2021-11-18,8.2,5.7,12.0,0.2,,,6.5,,1023.4,
2021-11-19,8.5,5.6,13.3,0.0,,,5.1,,1027.6,
2021-11-20,8.4,2.9,14.8,1.4,,,5.3,,1024.4,
2021-11-21,8.2,5.7,12.7,0.9,,,13.6,,1017.1,
2021-11-22,8.0,4.8,13.1,1.4,,,11.3,,1013.1,
2021-11-23,7.7,2.3,14.5,0.0,,,3.3,,1015.9,
2021-11-24,8.2,4.0,13.8,0.2,,,11.8,,1015.6,
2021-11-25,7.2,3.8,12.5,0.4,,,9.4,,1010.3,
2021-11-26,10.0,4.4,14.2,0.0,,,15.0,,1010.7,
2021-11-27,5.9,2.6,11.5,2.4,,,12.7,,1008.5,
2021-11-28,3.8,0.2,6.2,1.0,,,14.1,,1009.2,
2021-11-29,3.6,-1.1,9.0,0.5,,,16.9,,1016.1,
2021-11-30,5.9,2.7,10.6,0.9,,,8.6,,1025.6,
2021-12-01,5.0,0.8,11.9,0.0,,,11.3,,1023.5,
2021-12-02,5.6,3.5,10.4,0.0,,,19.2,,1011.5,
2021-12-03,2.6,0.5,4.8,3.4,,,19.5,,1015.0,
2021-12-04,4.1,-0.6,10.9,0.0,,,12.1,,1022.7,
2021-12-05,5.4,0.7,12.9,0.8,,,10.3,,1015.4,
2021-12-06,2.0,-0.1,4.7,2.4,,,22.5,,1017.7,
2021-12-07,5.7,0.7,12.9,0.0,,,16.3,,1022.4,
2021-12-08,9.8,4.1,18.4,0.0,,,16.6,,1015.4,
2021-12-09,4.4,2.2,6.3,0.9,,,16.4,,1017.4,
2021-12-10,7.1,2.1,14.4,0.0,,,11.3,,1015.8,
2021-12-11,4.2,1.5,6.8,4.0,,,21.4,,1016.8,
2021-12-12,2.8,0.8,6.3,2.7,,,16.8,,1025.9,
2021-12-13,3.2,-0.8,8.2,0.0,,,7.1,,1029.1,
2021-12-14,5.0,-1.3,13.4,0.0,,,4.1,,1025.3,
2021-12-15,5.5,-0.3,12.1,0.0,,,3.8,,1023.8,
2021-12-16,3.5,-1.2,9.8,0.0,,,6.9,,1026.8,
2021-12-17,4.5,0.0,11.6,0.0,,,3.7,,1027.8,
2021-12-18,4.4,-1.3,11.9,0.0,,,6.3,,1026.8,
2021-12-19,5.9,-0.9,13.6,0.0,,,5.0,,1025.9,
2021-12-20,4.7,-1.1,12.3,0.0,,,5.9,,1022.6,
2021-12-21,5.3,-2.8,13.5,0.0,,,5.5,,1023.3,
2021-12-22,8.5,2.7,16.8,0.0,,,7.0,,1021.5,
2021-12-23,9.2,5.5,14.4,0.0,,,4.1,,1021.5,
2021-12-24,7.5,3.9,13.2,0.0,,,14.9,,1020.7,
2021-12-25,7.9,5.1,12.6,0.0,,,18.8,,1016.6,
2021-12-26,9.0,5.5,14.5,0.0,,,12.8,,1014.2,
2021-12-27,11.0,4.8,15.3,0.0,,,8.6,,1016.5,
2021-12-28,9.4,6.3,13.5,0.0,,,12.9,,1019.7,
2021-12-29,9.6,6.6,14.5,0.0,,,15.7,,1022.4,
2021-12-30,9.5,6.5,14.7,0.0,,,13.2,,1024.0,
2021-12-31,9.8,4.9,16.0,0.0,,,6.4,,1027.3,
2022-01-01,11.0,4.8,18.2,0.0,,,3.8,,1028.8,
2022-01-02,13.2,4.7,18.3,0.0,,,5.3,,1029.2,
2022-01-03,10.9,5.1,19.6,0.0,,,4.9,,1026.5,
2022-01-04,10.3,6.4,17.6,0.0,,,14.9,,1020.2,
2022-01-05,7.7,2.9,12.7,0.0,,,14.4,,1014.0,
2022-01-06,4.1,1.1,7.3,0.0,,,12.4,,1015.6,
2022-01-07,0.8,-1.0,3.6,1.4,,,21.8,,1020.5,
2022-01-08,2.3,-0.4,6.2,0.8,,,22.2,,1023.8,
2022-01-09,4.7,-0.2,10.1,0.0,,,14.8,,1018.5,
2022-01-10,5.7,3.0,8.2,9.1,,,25.9,,1011.3,
2022-01-11,1.9,0.1,4.2,3.1,,,25.3,,1019.2,
2022-01-12,1.5,-0.2,4.2,2.5,,,18.9,,1025.4,
2022-01-13,1.9,0.0,4.1,4.7,,,18.2,,1029.3,
2022-01-14,2.9,0.6,6.6,0.6,,,9.2,,1032.2,
2022-01-15,1.8,-0.4,5.9,0.0,,,7.2,,1029.6,
2022-01-16,4.4,0.1,7.7,0.0,,,6.7,,1030.6,
2022-01-17,1.9,-1.0,7.4,0.0,,,5.8,,1032.7,
2022-01-18,2.9,-1.3,9.2,0.0,,,3.7,,1032.7,
2022-01-19,2.6,-3.0,10.5,0.0,,,4.2,,1030.1,
2022-01-20,2.7,-2.6,9.9,0.0,,,3.5,,1025.8,
2022-01-21,1.9,-2.5,7.8,0.0,,,4.2,,1024.4,
2022-01-22,1.4,-1.5,5.8,0.0,,,8.1,,1028.9,
2022-01-23,2.7,-0.7,7.2,0.0,,,6.7,,1028.9,
2022-01-24,3.0,-0.8,8.7,0.0,,,7.0,,1027.7,
2022-01-25,2.9,-0.6,8.6,0.0,,,6.5,,1030.8,
2022-01-26,2.5,-2.6,9.4,0.0,,,6.1,,1031.4,
2022-01-27,4.1,-1.6,10.1,0.0,,,3.9,,1029.4,
2022-01-28,4.6,0.1,10.4,0.0,,,4.3,,1030.0,
2022-01-29,2.7,-0.4,7.3,0.0,,,9.1,,1031.8,
2022-01-30,4.0,-2.5,12.9,0.0,,,4.1,,1028.8,
2022-01-31,5.6,0.6,13.0,0.0,,,8.6,,1021.9,
2022-02-01,2.4,0.7,4.7,1.4,,,26.8,,1019.9,
2022-02-02,4.1,0.9,8.8,1.8,,,26.8,,1024.1,
2022-02-03,8.2,3.5,15.4,0.0,,,11.1,,1025.2,
2022-02-04,9.4,4.5,18.7,0.0,,,12.9,,1023.0,
2022-02-05,9.3,3.9,16.9,0.0,,,7.5,,1021.9,
2022-02-06,6.8,1.5,13.5,0.0,,,4.4,,1025.3,
2022-02-07,5.6,1.3,11.7,0.0,,,8.1,,1027.0,
2022-02-08,4.2,1.7,9.3,0.0,,,8.1,,1030.7,
2022-02-09,4.5,-0.4,12.0,0.0,,,6.4,,1032.4,
2022-02-10,5.0,-0.6,12.5,0.0,,,10.8,,1029.0,
2022-02-11,5.2,-0.6,11.7,0.0,,,7.3,,1023.7,
2022-02-12,5.3,2.4,10.8,0.2,,,7.0,,1024.9,
2022-02-13,5.3,-0.5,12.4,0.0,,,8.1,,1023.5,
2022-02-14,7.2,1.7,13.4,0.0,,,8.7,,1019.6,
2022-02-15,4.9,1.2,9.8,0.0,,,12.4,,1022.9,
2022-02-16,4.7,0.6,10.0,0.0,,,13.7,,1026.2,
2022-02-17,6.9,2.0,12.7,0.0,,,14.7,,1024.3,
2022-02-18,10.6,5.0,19.1,0.0,,,9.8,,1022.0,
2022-02-19,9.6,6.3,14.8,0.0,,,14.3,,1019.2,
2022-02-20,7.6,3.7,10.5,0.4,,,9.5,,1024.9,
2022-02-21,8.1,2.3,16.0,0.0,,,10.0,,1024.9,
2022-02-22,5.0,1.9,9.0,0.3,,,25.3,,1024.6,
2022-02-23,5.5,1.3,11.7,0.0,,,14.1,,1027.4,
2022-02-24,8.5,3.6,15.9,0.0,,,15.2,,1023.1,
2022-02-25,10.3,3.8,18.1,0.0,,,5.4,,1020.2,
2022-02-26,8.0,3.7,14.5,1.1,,,5.8,,1021.5,
2022-02-27,7.9,3.1,14.0,5.0,,,3.2,,1021.2,
2022-02-28,3.2,-0.2,7.6,23.3,,,12.6,,1023.0,
2022-03-01,1.7,-0.9,5.7,0.2,,,13.6,,1027.6,
2022-03-02,7.6,1.0,11.6,0.0,,,5.4,,1025.6,
2022-03-03,5.2,-1.0,12.7,0.0,,,9.1,,1018.3,
2022-03-04,6.0,0.3,12.0,1.4,,,5.7,,1012.6,
2022-03-05,4.6,1.8,8.5,24.6,,,14.0,,1014.0,
2022-03-06,3.9,-0.6,8.1,3.0,,,7.9,,1015.4,
2022-03-07,5.0,-0.2,10.8,4.2,,,5.4,,1013.8,
2022-03-08,6.6,3.9,10.7,2.0,,,7.0,,1018.0,
2022-03-09,4.9,1.2,9.6,0.9,,,6.6,,1023.0,
2022-03-10,5.2,0.1,11.1,0.0,,,12.6,,1024.9,
2022-03-11,8.0,3.3,14.6,0.1,,,13.5,,1020.6,
2022-03-12,7.6,4.1,10.3,5.0,,,15.0,,1017.9,
2022-03-13,8.6,1.0,16.2,0.0,,,8.4,,1018.3,
2022-03-14,11.7,6.7,17.5,0.0,,,17.1,,1021.9,
2022-03-15,11.5,8.2,16.9,0.0,,,25.8,,1024.3,
2022-03-16,11.3,8.4,16.1,0.2,,,24.5,,1016.5,
2022-03-17,10.2,6.0,15.4,0.3,,,15.7,,1010.6,
2022-03-18,8.1,4.2,12.3,3.8,,,7.1,,1013.9,
2022-03-19,6.6,2.8,11.5,7.0,,,4.8,,1016.5,
2022-03-20,7.6,4.7,12.1,1.2,,,10.4,,1022.0,
2022-03-21,6.3,1.9,9.8,0.2,,,11.3,,1026.4,
2022-03-22,6.2,4.2,8.6,0.5,,,13.1,,1025.7,
2022-03-23,6.2,4.1,9.5,0.3,,,15.0,,1025.5,
2022-03-24,8.3,3.9,13.8,0.0,,,14.2,,1023.8,
2022-03-25,7.7,3.8,12.3,1.4,,,19.8,,1019.9,
2022-03-26,11.4,6.9,17.6,0.0,,,16.9,,1013.4,
2022-03-27,10.4,5.3,17.3,1.1,,,7.5,,1018.7,
2022-03-28,11.0,2.9,18.4,0.0,,,6.2,,1022.0,
2022-03-29,12.1,9.7,15.5,5.1,,,21.3,,1015.0,
2022-03-30,14.6,9.9,20.4,3.8,,,19.3,,1003.1,
2022-03-31,10.0,5.5,14.8,2.7,,,10.8,,1001.7,
2022-04-01,7.2,3.0,14.2,2.6,,,11.0,,1008.4,
2022-04-02,8.3,1.5,12.6,1.0,,,9.5,,1014.4,
2022-04-03,7.9,1.3,15.7,0.0,,,9.8,,1013.0,
2022-04-04,12.1,4.7,20.5,0.0,,,10.0,,1006.8,
2022-04-05,14.1,7.1,20.4,0.0,,,14.5,,1007.6,
2022-04-06,13.7,6.5,20.4,0.0,,,12.5,,1009.4,
2022-04-07,9.2,4.9,14.7,0.0,,,13.1,,1020.7,
2022-04-08,11.6,5.0,18.8,0.0,,,8.8,,1019.6,
2022-04-09,11.9,4.2,19.1,0.0,,,8.8,,1016.5,
2022-04-10,12.0,6.1,20.1,0.0,,,7.2,,1019.5,
2022-04-11,13.9,8.8,20.3,0.0,,,17.1,,1018.4,
2022-04-12,15.2,9.7,22.0,0.0,,,16.0,,1013.4,
2022-04-13,14.6,9.4,20.8,0.0,,,11.5,,1006.2,
2022-04-14,12.3,7.3,19.1,1.0,,,10.3,,1006.4,
2022-04-15,9.4,7.0,11.6,5.6,,,13.6,,1011.5,
2022-04-16,8.6,4.3,14.5,6.2,,,18.8,,1016.1,
2022-04-17,10.5,5.8,16.1,0.1,,,19.4,,1015.3,
2022-04-18,10.3,5.3,16.1,0.0,,,14.7,,1016.9,
2022-04-19,13.3,7.6,19.6,0.0,,,16.5,,1014.2,
2022-04-20,16.4,11.0,22.2,1.3,,,22.6,,1005.7,
2022-04-21,10.0,6.5,16.4,11.1,,,12.6,,1002.5,
2022-04-22,11.0,5.3,18.5,0.0,,,13.0,,1008.8,
2022-04-23,13.6,8.6,19.1,0.0,,,20.0,,1010.5,
2022-04-24,13.4,5.5,21.1,0.0,,,8.1,,1012.5,
2022-04-25,14.4,7.2,22.7,0.0,,,5.2,,1012.7,
2022-04-26,17.3,10.9,24.6,0.0,,,5.3,,1012.2,
2022-04-27,16.7,10.1,23.1,0.9,,,7.9,,1012.7,
2022-04-28,12.7,9.7,17.6,0.8,,,10.4,,1015.4,
2022-04-29,11.4,6.9,16.0,0.5,,,9.7,,1019.3,
2022-04-30,11.0,7.7,15.5,0.8,,,13.3,,1018.4,
2022-05-01,10.2,3.9,17.8,0.0,,,12.6,,1019.1,
2022-05-02,12.6,5.7,20.5,2.0,,,8.7,,1015.4,
2022-05-03,13.0,8.8,19.0,1.8,,,14.5,,1013.7,
2022-05-04,17.8,12.2,23.4,0.0,,,19.7,,1012.2,
2022-05-05,15.9,9.6,21.6,0.9,,,20.6,,1008.4,
2022-05-06,10.2,7.2,14.5,1.3,,,22.9,,1018.0,
2022-05-07,9.0,6.1,13.9,2.3,,,19.1,,1018.0,
2022-05-08,10.3,6.1,14.7,0.6,,,15.3,,1019.9,
2022-05-09,11.2,5.9,16.2,0.0,,,11.9,,1021.8,
2022-05-10,10.4,5.8,15.7,2.4,,,9.2,,1022.6,
2022-05-11,12.2,6.9,18.6,0.0,,,6.8,,1023.2,
2022-05-12,15.0,8.6,22.7,0.0,,,9.4,,1023.5,
2022-05-13,17.5,10.5,24.0,0.0,,,10.0,,1022.1,
2022-05-14,19.5,10.0,27.1,0.0,,,6.8,,1019.7,
2022-05-15,21.3,15.0,27.8,0.0,,,13.8,,1019.0,
2022-05-16,22.5,16.3,29.3,0.0,,,8.2,,1020.4,
2022-05-17,22.6,15.2,30.0,0.0,,,10.2,,1019.6,
2022-05-18,21.6,15.0,27.8,0.0,,,8.1,,1018.8,
2022-05-19,21.2,13.9,27.9,0.0,,,7.6,,1021.4,
2022-05-20,20.2,13.6,27.8,0.0,,,10.8,,1024.6,
2022-05-21,20.5,12.5,27.9,0.0,,,9.7,,1022.2,
2022-05-22,22.1,12.9,30.1,0.0,,,6.5,,1016.8,
2022-05-23,23.5,15.7,31.5,0.0,,,6.4,,1012.3,
2022-05-24,24.1,17.1,30.6,0.0,,,15.2,,1010.8,
2022-05-25,24.0,15.2,30.4,1.5,,,16.5,,1011.6,
2022-05-28,15.5,9.8,21.4,0.0,,,19.9,,1014.7,
2022-05-29,20.0,10.2,27.2,0.0,,,9.6,,1012.1,
2022-05-30,21.4,14.6,29.4,3.5,,,11.3,,1012.8,
2022-05-31,24.7,17.6,32.0,0.0,,,9.4,,1016.0,
2022-06-01,26.2,20.8,33.9,0.0,,,11.4,,1017.4,
2022-06-02,27.1,20.2,33.5,0.0,,,13.2,,1016.5,
2022-06-03,27.9,21.5,33.9,0.0,,,15.2,,1017.1,
2022-06-04,27.8,21.9,34.0,0.0,,,14.6,,1018.5,
2022-06-05,27.9,21.0,35.1,0.0,,,12.0,,1019.8,
2022-06-06,27.6,19.6,35.2,0.0,,,6.6,,1019.5,
2022-06-07,26.7,21.3,33.9,1.9,,,11.9,,1017.6,
2022-06-08,25.2,17.5,32.6,0.0,,,9.0,,1014.7,
2022-06-09,22.3,16.0,28.1,0.0,,,13.6,,1016.0,
2022-06-10,18.0,12.7,24.9,0.0,,,16.6,,1018.4,
2022-06-11,18.9,10.8,26.6,0.0,,,10.0,,1020.7,
2022-06-12,21.6,12.7,28.6,0.0,,,7.8,,1021.0,
2022-06-13,22.9,13.6,30.2,0.0,,,9.5,,1019.8,
2022-06-14,25.4,17.5,32.4,0.0,,,9.3,,1018.1,
2022-06-15,26.0,18.7,32.7,0.2,,,8.5,,1018.6,
2022-06-16,26.2,18.4,32.8,0.0,,,11.0,,1018.8,
2022-06-17,25.2,17.5,32.2,0.0,,,8.4,,1019.6,
2022-06-18,24.9,16.4,32.2,0.0,,,8.8,,1017.4,
2022-06-19,25.7,17.1,33.1,0.0,,,10.9,,1013.8,
2022-06-20,27.4,17.7,36.3,0.0,,,10.4,,1014.6,
2022-06-21,28.3,20.5,36.5,0.0,,,10.5,,1015.4,
2022-06-22,27.4,19.4,36.2,0.0,,,9.9,,1014.3,
2022-06-23,28.5,20.4,36.1,0.0,,,8.6,,1015.2,
2022-06-24,27.8,19.2,35.3,0.0,,,9.8,,1014.5,
2022-06-25,27.5,19.0,34.0,0.0,,,13.5,,1013.7,
2022-06-26,29.6,23.3,35.4,0.0,,,17.4,,1013.7,
2022-06-27,30.5,23.8,36.6,0.0,,,15.0,,1014.6,
2022-06-28,29.9,19.9,37.5,0.0,,,11.5,,1014.7,
2022-06-29,27.2,16.8,36.2,0.0,,,13.8,,1015.0,
2022-06-30,29.5,24.7,35.7,0.0,,,13.5,,1014.4,
2022-07-01,31.3,24.5,37.5,0.0,,,13.9,,1015.6,
2022-07-02,31.3,22.8,38.7,0.0,,,10.6,,1018.0,
2022-07-03,28.0,22.1,37.4,2.6,,,7.0,,1019.4,
2022-07-04,29.1,22.1,35.4,0.0,,,8.5,,1018.9,
2022-07-05,29.0,22.0,35.7,0.0,,,7.7,,1019.7,
2022-07-06,27.3,21.9,35.3,1.0,,,8.5,,1019.9,
2022-07-07,27.0,21.3,35.0,2.1,,,9.6,,1019.6,
2022-07-08,21.1,16.2,27.8,0.0,,,12.4,,1021.5,
2022-07-09,20.8,14.0,28.1,0.0,,,11.1,,1021.3,
2022-07-10,21.6,15.6,28.0,0.0,,,7.8,,1018.4,
2022-07-11,23.2,15.9,30.2,0.0,,,8.5,,1017.6,
2022-07-12,25.6,18.8,32.1,0.0,,,9.6,,1019.3,
2022-07-13,25.6,20.0,32.0,0.0,,,10.6,,1019.9,
2022-07-14,23.9,17.0,30.3,0.0,,,7.8,,1019.8,
2022-07-15,24.4,17.2,30.6,0.0,,,8.6,,1017.0,
2022-07-16,25.5,18.2,32.3,0.0,,,8.0,,1017.0,
2022-07-17,26.4,18.9,33.3,0.0,,,8.4,,1018.0,
2022-07-18,26.9,19.0,34.7,0.0,,,8.7,,1018.5,
2022-07-19,27.3,20.8,33.9,0.0,,,11.7,,1017.6,
2022-07-20,27.6,21.8,34.4,0.0,,,10.4,,1017.6,
2022-07-21,26.2,19.1,32.6,0.0,,,8.2,,1018.4,
2022-07-22,26.3,18.4,33.1,0.0,,,8.5,,1018.2,
2022-07-23,27.3,20.7,33.3,0.0,,,9.9,,1018.3,
2022-07-24,26.6,20.1,33.0,0.0,,,10.3,,1018.7,
2022-07-25,26.9,18.9,33.8,0.0,,,9.3,,1017.8,
2022-07-26,28.3,20.7,34.5,0.0,,,7.1,,1015.8,
2022-07-27,27.8,20.8,34.3,0.0,,,8.5,,1013.6,
2022-07-28,27.3,18.5,35.1,0.0,,,8.5,,1013.9,
2022-07-29,28.8,19.9,36.7,0.0,,,7.8,,1015.2,
2022-07-30,28.2,20.8,35.1,0.0,,,9.6,,1017.6,
2022-07-31,27.8,21.0,34.8,0.0,,,7.4,,1018.0,
2022-08-01,27.4,20.8,34.6,0.0,,,10.9,,1015.2,
2022-08-02,23.3,18.0,29.5,0.0,,,8.3,,1016.6,
2022-08-03,23.8,17.1,30.0,0.0,,,7.0,,1016.1,
2022-08-04,24.4,18.2,30.2,0.0,,,8.5,,1016.2,
2022-08-05,25.8,19.7,32.5,0.0,,,8.2,,1016.0,
2022-08-06,24.4,17.8,30.6,0.0,,,11.2,,1017.1,
2022-08-07,23.9,16.9,30.5,0.0,,,8.8,,1016.6,
2022-08-08,24.4,17.0,31.1,0.0,,,8.0,,1017.5,
2022-08-09,25.5,18.0,32.6,0.0,,,10.3,,1017.7,
2022-08-10,24.3,16.6,31.3,0.0,,,7.6,,1017.5,
2022-08-11,24.7,16.5,31.5,0.0,,,8.1,,1016.4,
2022-08-12,24.1,16.8,31.0,0.0,,,8.7,,1017.1,
2022-08-13,27.1,19.7,34.5,0.0,,,10.5,,1016.1,
2022-08-14,28.0,21.1,36.8,0.6,,,8.3,,1014.3,
2022-08-15,27.2,22.0,34.4,0.7,,,9.4,,1013.8,
2022-08-16,28.1,20.8,34.3,0.0,,,12.2,,1014.6,
2022-08-17,29.7,23.5,35.1,0.0,,,18.8,,1012.7,
2022-08-18,29.3,19.5,36.6,0.0,,,17.8,,1011.9,
2022-08-19,21.5,16.3,28.1,0.0,,,12.3,,1018.5,
2022-08-20,22.3,14.9,29.9,0.0,,,8.3,,1019.5,
2022-08-21,22.9,15.6,29.8,0.0,,,8.2,,1017.0,
2022-08-22,23.1,16.7,29.8,0.0,,,10.9,,1013.8,
2022-08-23,21.3,15.3,28.1,0.0,,,10.1,,1015.7,
2022-08-24,22.8,15.3,30.4,0.0,,,5.8,,1015.9,
2022-08-25,23.4,16.0,29.8,0.0,,,7.6,,1015.6,
2022-08-26,24.2,17.0,30.4,0.0,,,6.8,,1014.3,
2022-08-27,23.1,17.9,28.3,1.4,,,9.1,,1013.6,
2022-08-28,24.7,20.3,32.6,1.2,,,10.1,,1015.1,
2022-08-29,26.9,20.0,33.9,0.0,,,9.6,,1017.3,
2022-08-30,25.7,19.3,32.2,0.0,,,7.9,,1019.7,
2022-08-31,24.1,19.3,31.0,0.1,,,6.4,,1019.1,
2022-09-01,24.2,17.9,30.7,0.0,,,8.0,,1017.1,
2022-09-02,24.4,19.0,32.9,2.4,,,8.3,,1016.8,
2022-09-03,26.1,20.5,33.6,0.2,,,10.2,,1017.6,
2022-09-04,27.4,21.2,33.9,0.2,,,15.0,,1019.5,
2022-09-05,29.3,23.5,36.2,0.0,,,13.6,,1020.4,
2022-09-06,27.6,21.6,35.5,0.1,,,7.3,,1020.5,
2022-09-07,25.5,20.9,30.9,0.8,,,9.7,,1020.1,
2022-09-08,26.5,22.1,32.1,0.4,,,11.7,,1018.5,
2022-09-09,28.0,23.3,34.8,0.0,,,14.3,,1017.9,
2022-09-10,26.6,21.4,33.9,0.3,,,8.7,,1018.5,
2022-09-11,25.7,18.5,32.8,0.0,,,8.1,,1017.9,
2022-09-12,25.4,18.1,32.2,0.0,,,7.1,,1016.4,
2022-09-13,25.8,19.9,33.7,0.3,,,8.6,,1015.5,
2022-09-14,26.6,21.4,33.1,0.0,,,13.4,,1015.9,
2022-09-15,26.8,22.4,32.6,0.0,,,16.4,,1014.8,
2022-09-16,25.9,19.6,32.6,0.0,,,13.5,,1012.7,
2022-09-17,20.9,17.3,25.8,0.7,,,7.0,,1013.4,
2022-09-18,22.5,16.7,30.0,0.4,,,7.4,,1015.5,
2022-09-19,25.0,19.1,31.8,0.5,,,12.7,,1014.9,
2022-09-20,23.2,17.3,30.7,0.4,,,10.3,,1015.6,
2022-09-21,18.9,14.0,26.5,3.4,,,6.0,,1018.6,
2022-09-22,16.5,13.1,20.4,35.5,,,9.7,,1016.7,
2022-09-23,15.7,12.0,20.9,0.0,,,9.2,,1018.7,
2022-09-24,16.1,12.1,21.0,0.0,,,15.6,,1019.2,
2022-09-25,17.4,14.2,22.7,1.9,,,16.7,,1016.2,
2022-09-26,17.4,14.6,21.5,3.9,,,11.1,,1013.7,
2022-09-27,16.2,12.5,21.2,0.0,,,7.4,,1014.4,
2022-09-28,15.2,10.7,21.9,0.0,,,7.9,,1014.1,
2022-09-29,15.3,10.1,21.2,0.0,,,12.2,,1010.4,
2022-09-30,16.4,11.7,23.1,0.0,,,10.3,,1011.2,
2022-10-01,14.6,10.9,20.3,0.0,,,9.1,,1024.4,
2022-10-02,17.0,10.6,24.3,0.0,,,5.5,,1027.8,
2022-10-03,19.5,13.8,26.3,0.0,,,9.4,,1022.6,
2022-10-04,18.0,14.8,24.8,6.8,,,5.9,,1021.2,
2022-10-05,17.0,12.5,23.8,1.3,,,7.7,,1024.2,
2022-10-06,16.7,12.7,22.1,1.2,,,5.7,,1026.0,
2022-10-07,15.6,11.9,22.0,6.5,,,5.7,,1024.4,
2022-10-08,16.2,11.7,21.8,0.0,,,12.1,,1021.2,
2022-10-09,16.5,13.5,22.0,3.9,,,10.4,,1020.4,
2022-10-10,16.6,12.4,22.1,1.0,,,8.4,,1019.7,
2022-10-11,16.4,10.7,21.9,0.1,,,7.2,,1019.5,
2022-10-12,17.4,13.8,22.6,2.4,,,6.7,,1020.0,
2022-10-13,16.5,13.2,22.1,2.0,,,6.4,,1022.1,
2022-10-14,15.6,12.4,20.0,0.1,,,7.6,,1023.3,
2022-10-15,16.1,9.3,23.5,0.0,,,4.9,,1020.7,
2022-10-16,18.4,12.6,26.6,0.0,,,7.7,,1021.5,
2022-10-17,19.2,11.9,26.1,0.0,,,8.3,,1025.8,
2022-10-18,18.9,13.8,25.0,0.0,,,8.2,,1026.7,
2022-10-19,18.0,14.1,23.7,0.0,,,9.4,,1023.3,
2022-10-20,16.8,11.1,23.8,0.0,,,6.1,,1021.0,
2022-10-21,17.1,10.8,25.6,0.0,,,9.7,,1021.6,
2022-10-22,17.5,10.0,26.2,0.0,,,6.7,,1023.1,
2022-10-23,17.8,11.7,25.6,0.0,,,10.8,,1024.1,
2022-10-24,16.9,11.2,25.2,0.0,,,11.1,,1024.6,
2022-10-25,15.8,9.2,25.5,0.0,,,5.6,,1023.4,
2022-10-26,16.0,7.8,25.8,0.0,,,5.7,,1023.5,
2022-10-27,17.6,10.7,25.2,0.0,,,3.9,,1026.1,
2022-10-28,18.4,13.4,24.9,0.0,,,5.1,,1025.8,
2022-10-29,16.6,9.8,24.2,0.0,,,5.3,,1022.9,
2022-10-30,15.4,9.6,23.3,0.0,,,7.5,,1021.4,
2022-10-31,15.2,8.3,23.2,0.0,,,7.4,,1022.2,
2022-11-01,15.3,8.2,22.8,0.0,,,6.9,,1023.6,
2022-11-02,16.6,12.2,22.7,0.0,,,6.0,,1024.4,
2022-11-03,15.7,9.8,23.0,0.0,,,10.0,,1022.3,
2022-11-04,15.3,11.1,21.9,0.3,,,17.7,,1016.9,
2022-11-05,9.1,6.9,13.1,0.4,,,23.5,,1017.9,
2022-11-06,10.2,6.1,16.6,0.0,,,11.5,,1021.5,
2022-11-07,13.1,5.5,22.5,0.0,,,5.1,,1022.0,
2022-11-08,14.9,7.9,23.6,0.0,,,7.0,,1020.9,
2022-11-09,15.8,9.3,23.8,0.0,,,6.2,,1020.3,
2022-11-10,14.6,10.1,21.9,0.0,,,6.3,,1021.7,
2022-11-11,13.8,9.3,20.1,0.0,,,8.1,,1026.1,
2022-11-12,12.0,6.4,17.5,0.0,,,5.4,,1025.8,
2022-11-13,11.9,6.9,19.1,0.0,,,7.8,,1021.6,
2022-11-14,12.2,7.5,18.3,0.0,,,12.0,,1021.9,
2022-11-15,12.3,7.9,19.4,0.0,,,8.2,,1019.3,
2022-11-16,12.6,7.1,19.1,0.0,,,7.8,,1013.7,
2022-11-17,13.0,9.5,18.3,0.0,,,9.8,,1012.6,
2022-11-18,13.8,9.0,21.3,0.0,,,10.8,,1012.2,
2022-11-19,10.4,5.0,13.5,1.2,,,13.3,,1011.2,
2022-11-20,5.3,2.2,9.6,0.0,,,17.0,,1019.5,
2022-11-21,7.6,3.1,14.9,0.0,,,12.4,,1021.2,
2022-11-22,8.7,5.8,12.4,0.0,,,18.4,,1014.7,
2022-11-23,10.8,5.1,18.0,0.0,,,13.0,,1016.3,
2022-11-24,12.4,9.0,17.2,0.0,,,10.4,,1020.8,
2022-11-25,12.4,7.2,20.4,0.0,,,7.1,,1021.2,
2022-11-26,7.6,5.6,10.4,2.1,,,25.9,,1022.8,
2022-11-27,6.7,4.3,10.4,4.0,,,25.5,,1023.2,
2022-11-28,5.9,0.5,13.6,0.0,,,12.0,,1017.7,
2022-11-29,5.6,3.8,8.1,4.8,,,21.2,,1015.2,
2022-11-30,5.2,3.3,7.6,0.0,,,16.2,,1016.4,
2022-12-01,5.0,-1.4,11.2,0.0,,,9.7,,1016.3,
2022-12-02,6.0,3.2,9.5,0.0,,,13.1,,1013.9,
2022-12-03,6.7,3.6,12.5,0.0,,,11.9,,1010.7,
2022-12-04,7.2,2.8,14.3,0.0,,,13.0,,1017.2,
2022-12-05,8.7,4.6,14.3,0.0,,,15.3,,1020.8,
2022-12-06,10.4,6.1,16.0,0.0,,,16.5,,1017.1,
2022-12-07,9.3,5.2,15.6,0.0,,,3.4,,1014.7,
2022-12-08,9.4,3.5,15.2,0.0,,,17.4,,1014.0,
2022-12-09,11.3,8.7,15.0,4.4,,,20.0,,1012.2,
2022-12-10,11.0,7.6,14.5,3.2,,,16.1,,1008.7,
2022-12-11,9.5,6.0,14.2,0.0,,,12.4,,1012.0,
2022-12-12,10.7,7.8,15.7,0.0,,,12.0,,1012.9,
2022-12-13,12.5,8.3,19.8,0.0,,,11.8,,1013.5,
2022-12-14,13.8,10.1,20.0,0.0,,,12.7,,1012.2,
2022-12-15,13.5,10.6,17.7,0.0,,,20.1,,1009.1,
2022-12-16,10.5,5.8,15.3,1.3,,,8.8,,1010.6,
2022-12-17,7.9,4.0,14.0,0.0,,,4.5,,1019.9,
2022-12-18,8.0,4.6,12.9,0.2,,,5.6,,1027.9,
2022-12-19,7.7,3.0,14.0,0.0,,,4.3,,1031.0,
2022-12-20,7.1,2.4,13.8,0.0,,,5.9,,1028.5,
2022-12-21,6.5,1.2,12.8,0.0,,,5.9,,1025.2,
2022-12-22,7.2,4.7,11.1,0.0,,,11.1,,1026.3,
2022-12-23,8.1,4.2,13.5,0.0,,,9.4,,1026.7,
2022-12-24,11.3,6.2,19.4,0.0,,,5.3,,1025.7,
2022-12-25,12.1,7.0,20.4,0.0,,,9.0,,1026.6,
2022-12-26,12.3,6.2,19.9,0.0,,,5.8,,1029.5,
2022-12-27,11.5,5.4,18.1,0.0,,,5.0,,1030.2,
2022-12-28,10.4,4.3,18.2,0.0,,,6.0,,1028.0,
2022-12-29,8.4,4.0,15.2,0.0,,,8.7,,1026.1,
2022-12-30,8.2,3.5,14.2,0.0,,,4.6,,1027.9,
2022-12-31,7.7,0.9,15.8,0.0,,,6.2,,1030.4,
2023-01-01,8.0,3.5,15.2,0.0,,,10.9,,1029.2,
2023-01-02,7.1,2.3,14.0,0.0,,,11.7,,1028.0,
2023-01-03,6.6,0.7,14.4,0.0,,,6.2,,1028.7,
2023-01-04,6.3,2.7,11.4,0.0,,,7.0,,1031.1,
2023-01-05,4.8,0.8,9.5,0.2,,,5.3,,1029.6,
2023-01-06,5.7,1.4,11.2,0.0,,,4.1,,1027.4,
2023-01-07,5.1,0.0,11.6,0.0,,,4.6,,1026.5,
2023-01-08,5.6,-1.1,14.4,0.0,,,9.0,,1024.5,
2023-01-09,9.6,4.3,16.9,0.0,,,14.4,,1022.2,
2023-01-10,7.2,3.7,11.6,0.0,,,16.4,,1027.9,
2023-01-11,7.5,3.1,14.1,0.0,,,11.4,,1027.0,
2023-01-12,6.2,3.6,9.7,0.0,,,14.2,,1027.6,
2023-01-13,6.3,2.6,12.1,0.0,,,8.2,,1027.2,
2023-01-14,6.0,2.9,11.0,0.0,,,12.9,,1027.9,
2023-01-15,6.8,1.7,15.6,0.0,,,12.9,,1022.5,
2023-01-16,7.3,2.2,14.7,0.0,,,12.8,,1016.0,
2023-01-17,7.5,3.8,13.2,0.0,,,19.6,,1008.6,
2023-01-18,6.4,0.5,12.0,0.1,,,19.6,,1006.3,
2023-01-19,1.4,-1.0,5.5,0.0,,,17.9,,1016.2,
2023-01-20,2.6,-2.0,10.3,0.8,,,18.6,,1016.2,
2023-01-21,1.6,-1.9,8.0,2.2,,,13.6,,1017.3,
2023-01-22,-0.3,-3.5,3.6,0.1,,,15.4,,1018.1,
2023-01-23,0.2,-3.8,5.7,0.0,,,11.2,,1020.3,
2023-01-24,-0.0,-4.0,6.2,0.0,,,10.5,,1020.9,
2023-01-25,0.5,-2.8,5.5,2.0,,,9.6,,1017.5,
2023-01-26,1.0,-1.2,4.6,1.0,,,20.6,,1014.1,
2023-01-27,1.2,-1.8,5.8,0.4,,,10.6,,1014.1,
2023-01-28,1.0,-2.3,5.5,0.0,,,10.9,,1016.3,
2023-01-29,0.5,-3.1,5.6,1.4,,,7.4,,1020.7,
2023-01-30,0.7,-2.2,5.1,0.0,,,8.6,,1026.4,
2023-01-31,2.0,-1.6,7.6,0.0,,,10.6,,1028.3,
2023-02-01,2.2,-2.6,8.8,0.0,,,7.0,,1028.2,
2023-02-02,2.1,-0.1,5.8,0.0,,,8.8,,1028.4,
2023-02-03,3.7,1.6,8.1,0.0,,,10.3,,1028.5,
2023-02-04,3.3,0.3,8.0,0.0,,,14.8,,1028.3,
2023-02-05,5.1,1.7,9.2,0.0,,,14.7,,1028.1,
2023-02-06,4.4,0.6,8.9,0.0,,,11.7,,1024.5,
2023-02-07,4.7,0.9,8.8,0.0,,,10.2,,1022.0,
2023-02-08,3.3,0.0,8.6,0.4,,,12.2,,1021.1,
2023-02-09,1.7,-0.2,5.6,3.1,,,12.0,,1027.0,
2023-02-10,0.8,-1.3,4.4,0.7,,,21.8,,1032.8,
2023-02-11,1.9,-1.2,6.0,0.0,,,10.4,,1035.2,
2023-02-12,3.6,-0.8,8.6,0.0,,,8.8,,1032.8,
2023-02-13,3.0,-2.5,9.2,0.0,,,7.6,,1034.8,
2023-02-14,3.6,-3.0,10.6,0.0,,,7.0,,1034.3,
2023-02-15,4.9,-1.9,12.5,0.0,,,8.7,,1030.2,
2023-02-16,6.4,1.0,13.9,0.0,,,7.6,,1029.2,
2023-02-17,6.5,-0.3,14.4,0.0,,,7.7,,1030.4,
2023-02-18,7.9,0.1,16.0,0.0,,,7.6,,1030.2,
2023-02-19,8.6,0.9,17.1,0.0,,,8.0,,1027.6,
2023-02-20,11.2,3.5,19.0,0.0,,,7.7,,1026.0,
2023-02-21,10.6,4.5,18.9,0.0,,,10.4,,1022.1,
2023-02-22,10.8,3.0,18.7,0.7,,,8.8,,1017.8,
2023-02-23,11.2,4.8,18.3,0.0,,,12.7,,1014.8,
2023-02-24,12.5,8.2,17.9,0.0,,,18.4,,1011.3,
2023-02-25,9.9,5.2,14.1,2.0,,,19.4,,1002.8,
2023-02-26,5.0,0.1,10.7,2.5,,,12.7,,1006.5,
2023-02-27,4.4,-0.9,11.8,0.0,,,15.2,,1009.9,
2023-02-28,3.0,-1.6,7.5,0.0,,,14.3,,1013.8,
2023-03-01,3.1,-1.2,9.0,1.3,,,14.6,,1016.1,
2023-03-02,3.6,-1.5,9.2,1.1,,,13.5,,1015.7,
2023-03-03,2.9,-1.4,7.6,0.6,,,15.7,,1017.3,
2023-03-04,2.6,-0.9,6.7,0.2,,,16.6,,1019.9,
2023-03-05,4.4,-2.5,12.4,0.0,,,10.8,,1020.2,
2023-03-06,8.5,4.4,14.7,0.6,,,21.3,,1013.8,
2023-03-07,8.8,2.9,16.0,0.0,,,11.6,,1014.2,
2023-03-08,11.8,6.3,19.1,0.0,,,9.8,,1015.9,
2023-03-09,14.5,6.7,23.9,0.0,,,11.2,,1016.4,
2023-03-10,13.0,8.7,18.0,0.0,,,11.6,,1018.0,
2023-03-11,13.7,7.9,20.7,0.0,,,17.6,,1018.7,
2023-03-12,13.9,9.3,19.3,0.0,,,17.2,,1019.3,
2023-03-13,12.9,4.8,20.7,0.0,,,14.0,,1021.0,
2023-03-14,14.6,8.6,21.4,0.0,,,18.8,,1016.1,
2023-03-15,8.7,4.3,14.0,0.0,,,16.4,,1019.0,
2023-03-16,10.9,3.7,18.4,0.0,,,9.0,,1017.6,
2023-03-17,13.5,7.9,22.2,0.0,,,13.4,,1016.1,
2023-03-18,13.9,7.9,22.1,0.0,,,11.5,,1015.1,
2023-03-19,11.3,7.5,16.6,2.4,,,11.6,,1017.1,
2023-03-20,10.2,7.0,16.1,2.6,,,19.9,,1018.3,
2023-03-21,7.4,3.1,12.7,0.0,,,17.1,,1018.2,
2023-03-22,8.6,0.2,16.2,0.0,,,9.4,,1017.3,
2023-03-23,10.8,3.0,18.6,0.0,,,8.8,,1018.2,
2023-03-24,14.1,6.6,23.2,0.0,,,11.6,,1019.8,
2023-03-25,15.2,8.6,22.3,0.0,,,8.7,,1021.8,
2023-03-26,17.8,11.1,26.5,0.0,,,14.6,,1018.4,
2023-03-27,13.6,7.0,19.5,0.0,,,13.8,,1018.6,
2023-03-28,10.0,3.7,17.4,0.0,,,11.2,,1024.7,
2023-03-29,12.4,5.7,21.0,0.0,,,10.5,,1026.2,
2023-03-30,15.0,7.5,24.0,0.0,,,11.7,,1024.3,
2023-03-31,16.7,8.2,24.9,0.0,,,8.7,,1020.8,
2023-04-01,15.7,8.8,22.8,0.1,,,11.6,,1016.6,
2023-04-02,8.5,4.2,10.9,5.8,,,21.3,,1013.7,
2023-04-03,6.3,3.5,11.3,0.8,,,29.4,,1014.6,
2023-04-04,7.8,1.9,15.1,0.0,,,12.3,,1013.9,
2023-04-05,7.9,3.3,13.7,0.3,,,12.7,,1017.5,
2023-04-06,7.2,1.0,14.6,0.0,,,12.3,,1019.2,
2023-04-07,9.0,3.2,16.1,0.0,,,10.1,,1016.5,
2023-04-08,10.4,2.4,18.2,0.0,,,9.2,,1017.0,
2023-04-09,11.0,4.9,17.9,0.0,,,11.2,,1019.8,
2023-04-10,11.7,4.1,19.6,0.0,,,12.5,,1021.4,
2023-04-11,12.3,5.2,19.5,0.0,,,10.6,,1022.6,
2023-04-12,16.0,8.5,24.9,0.0,,,16.7,,1016.4,
2023-04-13,15.5,8.2,23.3,0.3,,,20.6,,1011.7,
2023-04-14,10.4,5.3,16.9,0.0,,,13.4,,1017.3,
2023-04-15,13.4,7.4,19.7,0.0,,,14.9,,1014.7,
2023-04-16,9.5,5.2,14.5,0.0,,,21.8,,1015.2,
2023-04-17,8.3,3.0,15.6,0.0,,,14.5,,1015.8,
2023-04-18,11.2,2.6,18.3,0.0,,,12.9,,1013.4,
2023-04-19,16.2,8.6,25.2,0.2,,,12.3,,1011.8,
2023-04-20,14.6,10.6,21.8,2.2,,,11.2,,1008.2,
2023-04-21,14.1,9.7,19.0,0.4,,,10.9,,1009.4,
2023-04-22,16.1,8.6,24.1,0.0,,,10.2,,1012.6,
2023-04-23,15.4,11.6,21.7,2.7,,,10.6,,1016.1,
2023-04-24,17.1,11.5,23.9,0.3,,,12.9,,1016.5,
2023-04-25,17.8,9.8,25.0,0.0,,,9.8,,1016.3,
2023-04-26,18.6,11.6,25.3,0.0,,,8.9,,1016.4,
2023-04-27,20.0,11.4,27.5,0.0,,,12.5,,1016.9,
2023-04-28,20.6,11.9,29.2,0.0,,,11.4,,1018.5,
2023-04-29,22.3,15.1,30.4,0.2,,,12.8,,1016.1,
2023-04-30,18.8,13.1,25.3,0.8,,,14.9,,1014.0,
2023-05-01,13.9,11.0,18.3,0.0,,,13.6,,1015.8,
2023-05-02,12.3,7.5,19.0,0.0,,,16.8,,1017.4,
2023-05-03,12.8,6.1,19.7,0.0,,,12.3,,1018.6,
2023-05-04,16.6,8.0,24.9,0.0,,,10.0,,1019.7,
2023-05-05,19.4,12.4,27.6,0.0,,,12.4,,1018.5,
2023-05-06,21.3,13.8,28.8,0.6,,,15.2,,1015.8,
2023-05-07,22.8,15.1,28.7,0.0,,,23.1,,1013.4,
2023-05-08,12.5,9.6,16.1,13.0,,,21.7,,1018.0,
2023-05-09,12.1,8.8,16.8,1.9,,,25.4,,1018.2,
2023-05-10,14.8,9.1,21.5,0.0,,,10.8,,1017.1,
2023-05-11,14.0,9.9,21.3,4.8,,,10.2,,1016.0,
2023-05-12,15.6,8.9,22.5,0.5,,,10.8,,1012.2,
2023-05-13,14.5,10.3,20.2,3.3,,,10.9,,1011.0,
2023-05-14,9.2,7.0,10.9,50.1,,,16.8,,1014.9,
2023-05-15,8.8,5.8,13.0,7.5,,,22.2,,1012.7,
2023-05-16,11.1,6.1,17.1,0.0,,,15.6,,1012.9,
2023-05-17,12.8,5.2,20.2,3.3,,,10.7,,1013.8,
2023-05-18,14.4,10.5,20.3,1.5,,,17.1,,1011.4,
2023-05-19,9.6,8.6,11.6,60.7,,,18.7,,1009.1,
2023-05-20,10.8,7.9,14.9,13.5,,,25.9,,1007.9,
2023-05-21,12.2,7.4,18.5,0.0,,,14.1,,1011.4,
2023-05-22,14.4,7.3,20.8,0.6,,,8.1,,1011.0,
2023-05-23,16.6,11.4,22.2,0.0,,,15.5,,1009.1,
2023-05-24,12.7,10.0,17.4,7.2,,,9.1,,1011.1,
2023-05-25,11.9,9.8,16.1,14.0,,,11.8,,1014.4,
2023-05-26,14.0,8.9,19.6,2.2,,,9.7,,1018.8,
2023-05-27,16.5,9.7,23.2,0.0,,,9.3,,1017.9,
2023-05-28,16.1,12.6,20.8,4.0,,,7.9,,1015.0,
2023-05-29,13.0,9.0,17.4,11.7,,,9.8,,1013.4,
2023-05-30,12.7,8.1,18.8,4.6,,,8.2,,1014.6,
2023-05-31,12.3,8.8,16.3,6.1,,,7.4,,1014.5,
2023-06-01,13.7,9.5,18.3,0.8,,,7.3,,1014.4,
2023-06-02,14.0,9.0,20.1,4.3,,,10.4,,1014.6,
2023-06-03,15.4,10.5,22.5,3.2,,,7.5,,1015.2,
2023-06-04,14.9,12.2,20.1,12.3,,,12.4,,1015.1,
2023-06-05,16.4,12.5,23.0,0.0,,,13.3,,1014.3,
2023-06-06,16.3,11.9,21.7,0.0,,,11.2,,1016.0,
2023-06-07,18.3,12.5,25.7,0.0,,,12.0,,1016.3,
2023-06-08,21.1,15.9,26.9,0.1,,,14.7,,1014.5,
2023-06-09,23.6,18.5,29.1,0.0,,,16.8,,1012.6,
2023-06-10,20.3,15.4,27.8,1.1,,,11.0,,1013.6,
2023-06-11,20.2,16.1,25.7,0.1,,,10.4,,1015.3,
2023-06-12,20.5,15.0,28.0,6.8,,,9.9,,1015.4,
2023-06-13,19.3,15.1,27.3,13.6,,,13.3,,1012.8,
2023-06-14,17.5,13.9,22.9,3.5,,,11.5,,1012.3,
2023-06-15,16.1,12.2,21.3,0.5,,,15.8,,1017.9,
2023-06-16,17.4,10.9,23.6,0.0,,,11.5,,1019.5,
2023-06-17,20.3,11.1,28.2,0.0,,,9.6,,1017.1,
2023-06-18,23.2,17.7,29.0,0.0,,,16.1,,1016.3,
2023-06-19,25.3,20.1,31.9,0.0,,,14.4,,1016.5,
2023-06-20,25.7,20.5,31.8,0.0,,,14.9,,1017.1,
2023-06-21,25.6,19.6,31.8,0.0,,,15.7,,1018.0,
2023-06-22,25.9,19.6,33.0,0.0,,,12.9,,1019.6,
2023-06-23,25.0,17.7,32.3,0.0,,,8.7,,1020.7,
2023-06-24,24.1,16.1,31.1,0.0,,,11.0,,1018.8,
2023-06-25,22.7,15.7,30.0,0.0,,,10.7,,1017.8,
2023-06-26,21.8,15.0,28.9,0.0,,,10.7,,1019.3,
2023-06-27,21.8,14.9,29.1,0.0,,,11.0,,1019.2,
2023-06-28,24.2,16.1,31.7,0.0,,,8.9,,1017.3,
2023-06-29,25.6,17.9,33.1,0.3,,,12.9,,1016.4,
2023-06-30,26.0,19.4,35.1,0.9,,,14.1,,1015.4,
2023-07-01,23.3,17.7,30.8,0.0,,,10.1,,1015.6,
2023-07-02,22.9,15.5,30.6,0.0,,,8.9,,1017.2,
2023-07-03,25.1,18.8,33.0,1.4,,,12.2,,1017.2,
2023-07-04,25.4,17.0,33.0,0.0,,,9.1,,1017.4,
2023-07-05,26.8,18.0,34.7,0.0,,,10.5,,1017.1,
2023-07-06,28.0,21.2,34.5,0.0,,,14.9,,1016.2,
2023-07-07,30.6,24.9,36.3,0.0,,,19.6,,1018.2,
2023-07-08,31.7,26.4,38.0,0.0,,,15.1,,1020.2,
2023-07-09,31.4,23.9,39.0,0.0,,,10.8,,1022.5,
2023-07-10,31.2,23.7,38.6,0.0,,,9.7,,1022.9,
2023-07-11,31.6,24.8,38.3,0.0,,,9.7,,1020.6,
2023-07-12,31.2,22.5,38.3,0.0,,,9.8,,1018.6,
2023-07-13,30.4,22.5,37.6,0.0,,,12.0,,1018.0,
2023-07-14,30.4,22.7,38.6,0.0,,,10.9,,1017.1,
2023-07-15,30.4,23.3,38.1,0.0,,,12.5,,1017.0,
2023-07-16,30.4,23.7,38.0,0.0,,,13.0,,1018.3,
2023-07-17,30.7,22.3,38.0,0.0,,,10.5,,1020.5,
2023-07-18,31.5,23.9,38.2,0.0,,,8.7,,1020.8,
2023-07-19,31.6,23.1,38.7,0.0,,,10.8,,1018.6,
2023-07-20,31.3,22.2,38.9,0.0,,,11.7,,1015.1,
2023-07-21,31.3,23.2,38.2,0.0,,,11.0,,1015.0,
2023-07-22,31.3,24.5,38.1,0.0,,,14.0,,1018.0,
2023-07-23,30.8,23.8,36.9,0.0,,,13.6,,1020.3,
2023-07-24,30.5,24.0,36.4,0.0,,,18.4,,1017.8,
2023-07-25,31.7,24.7,37.3,0.0,,,22.6,,1014.0,
2023-07-26,26.1,19.2,34.0,0.0,,,11.0,,1016.6,
2023-07-27,27.7,18.2,36.7,0.0,,,13.0,,1016.9,
2023-07-28,31.1,24.2,37.7,0.0,,,19.0,,1015.7,
2023-07-29,33.1,26.1,40.9,0.0,,,18.3,,1014.5,
2023-07-30,31.4,25.2,37.3,0.1,,,11.3,,1016.3,
2023-07-31,28.8,22.5,36.0,0.0,,,10.6,,1016.7,
2023-08-01,27.3,20.9,34.3,0.0,,,10.8,,1014.0,
2023-08-02,27.2,19.6,35.3,0.0,,,9.4,,1013.6,
2023-08-03,28.3,19.6,35.9,0.1,,,10.5,,1012.7,
2023-08-04,26.2,17.2,36.4,0.0,,,16.3,,1012.7,
2023-08-05,19.9,13.6,27.1,0.0,,,14.6,,1018.0,
2023-08-06,23.0,14.3,31.2,0.0,,,8.0,,1017.9,
2023-08-07,23.9,16.4,32.2,0.0,,,9.8,,1018.5,
2023-08-08,25.5,16.4,33.7,0.0,,,11.1,,1018.4,
2023-08-09,26.6,18.7,34.9,0.0,,,13.0,,1018.0,
2023-08-10,25.7,18.5,33.6,0.0,,,11.4,,1020.6,
2023-08-11,27.6,18.7,36.2,0.0,,,11.7,,1019.8,
2023-08-12,26.0,19.3,32.7,0.0,,,9.6,,1018.9,
2023-08-13,25.2,18.5,31.4,0.0,,,9.2,,1017.9,
2023-08-14,25.7,19.2,32.6,0.0,,,12.0,,1017.0,
2023-08-15,26.5,19.8,34.1,0.0,,,13.5,,1016.9,
2023-08-16,26.7,17.7,34.6,0.0,,,11.6,,1017.1,
2023-08-17,27.6,20.7,35.1,0.0,,,13.1,,1016.9,
2023-08-18,27.8,21.3,35.2,0.0,,,12.5,,1017.2,
2023-08-19,28.4,22.6,35.1,0.0,,,14.1,,1016.7,
2023-08-20,25.7,18.9,32.9,0.0,,,11.1,,1018.6,
2023-08-21,24.3,18.0,30.7,0.0,,,13.6,,1019.2,
2023-08-22,23.0,16.9,29.6,0.1,,,11.9,,1019.0,
2023-08-23,24.6,18.0,30.9,0.0,,,8.6,,1018.0,
2023-08-24,25.3,19.1,32.8,0.0,,,12.4,,1016.6,
2023-08-25,25.8,20.0,32.5,0.0,,,16.0,,1016.4,
2023-08-26,27.3,21.4,35.1,0.0,,,15.1,,1015.6,
2023-08-27,27.6,21.2,33.6,0.0,,,19.8,,1012.4,
2023-08-28,20.4,16.1,25.5,0.0,,,15.2,,1015.3,
2023-08-29,19.9,12.5,26.8,0.0,,,11.1,,1014.2,
2023-08-30,21.1,13.1,29.6,0.0,,,11.2,,1012.5,
2023-08-31,21.6,15.0,29.4,0.0,,,9.4,,1016.8,
2023-09-01,22.5,14.5,29.9,0.0,,,10.1,,1018.6,
2023-09-02,23.6,17.7,29.8,0.0,,,14.2,,1017.7,
2023-09-03,25.3,19.4,33.2,0.1,,,16.6,,1018.4,
2023-09-04,28.5,21.0,36.7,0.0,,,14.1,,1016.3,
2023-09-05,24.0,18.2,30.5,0.0,,,14.2,,1015.1,
2023-09-06,20.7,14.4,27.8,0.0,,,11.4,,1016.5,
2023-09-07,20.6,13.8,27.8,0.0,,,11.0,,1017.1,
2023-09-08,20.7,14.9,27.6,0.0,,,9.2,,1017.8,
2023-09-09,21.5,12.9,29.3,0.0,,,9.7,,1017.8,
2023-09-10,23.5,15.4,31.8,0.0,,,9.9,,1017.8,
2023-09-11,25.0,17.1,33.1,0.0,,,11.6,,1016.1,
2023-09-12,24.7,18.1,32.1,0.0,,,11.5,,1016.4,
2023-09-13,23.5,18.6,30.0,0.0,,,10.9,,1019.3,
2023-09-14,21.2,16.6,28.8,11.5,,,7.9,,1019.4,
2023-09-15,22.6,16.4,29.6,0.0,,,8.3,,1018.1,
2023-09-16,23.7,19.0,29.5,0.0,,,11.9,,1018.4,
2023-09-17,24.8,19.0,31.6,0.0,,,13.0,,1019.2,
2023-09-18,24.0,17.1,31.9,0.0,,,9.6,,1019.4,
2023-09-19,24.3,18.2,30.5,0.0,,,12.8,,1018.8,
2023-09-20,23.5,19.9,28.6,0.0,,,15.9,,1017.2,
2023-09-21,24.1,18.9,30.3,0.0,,,15.0,,1013.6,
2023-09-22,23.6,17.2,32.0,0.0,,,14.1,,1011.8,
2023-09-23,18.5,14.4,25.1,0.0,,,12.5,,1018.6,
2023-09-24,17.3,12.2,23.8,0.0,,,10.4,,1022.1,
2023-09-25,17.5,10.2,25.6,0.0,,,12.1,,1019.8,
2023-09-26,14.9,10.0,21.0,0.0,,,11.3,,1019.9,
2023-09-27,16.3,10.3,23.7,0.0,,,10.1,,1020.2,
2023-09-28,18.2,11.3,25.2,0.0,,,6.6,,1020.6,
2023-09-29,19.1,11.5,25.9,0.0,,,9.1,,1022.0,
2023-09-30,17.5,11.5,24.0,0.0,,,9.3,,1024.3,
2023-10-01,18.1,11.4,25.3,0.0,,,9.8,,1024.5,
2023-10-02,19.0,12.7,25.7,0.0,,,8.1,,1023.9,
2023-10-03,19.0,11.9,26.4,0.0,,,9.6,,1023.5,
2023-10-04,18.8,11.9,26.8,0.0,,,9.4,,1024.9,
2023-10-05,19.4,11.5,26.3,0.0,,,7.8,,1025.7,
2023-10-06,19.3,12.8,25.6,0.0,,,7.6,,1025.3,
2023-10-07,18.2,11.1,24.9,0.0,,,7.8,,1024.2,
2023-10-08,17.3,10.9,23.8,0.0,,,7.7,,1024.1,
2023-10-09,17.1,9.6,23.8,0.0,,,7.8,,1024.5,
2023-10-10,17.4,10.6,24.5,0.0,,,8.6,,1023.6,
2023-10-11,18.4,11.1,25.8,0.0,,,8.1,,1023.5,
2023-10-12,18.4,11.7,25.6,0.0,,,8.8,,1023.7,
2023-10-13,18.4,11.6,26.0,0.0,,,9.8,,1024.2,
2023-10-14,18.6,10.5,27.0,0.0,,,9.2,,1021.7,
2023-10-15,18.3,10.6,25.7,0.0,,,9.9,,1019.0,
2023-10-16,17.7,10.7,24.6,0.0,,,12.8,,1017.7,
2023-10-17,19.8,15.1,26.5,0.0,,,15.9,,1017.6,
2023-10-18,20.4,15.9,27.2,0.0,,,14.8,,1015.7,
2023-10-19,20.9,15.8,27.3,0.0,,,18.1,,1011.0,
2023-10-20,21.5,16.6,25.9,0.0,,,20.8,,1004.1,
2023-10-21,14.8,8.9,20.8,0.0,,,11.6,,1010.7,
2023-10-22,16.4,9.2,23.1,0.0,,,14.7,,1014.6,
2023-10-23,20.3,14.6,27.3,0.0,,,17.2,,1016.0,
2023-10-24,20.6,15.2,26.5,0.0,,,13.1,,1017.8,
2023-10-25,16.4,11.9,21.4,0.0,,,10.0,,1016.4,
2023-10-26,16.4,10.1,25.0,0.0,,,10.4,,1015.0,
2023-10-27,17.6,10.7,24.7,0.0,,,9.8,,1013.1,
2023-10-28,17.2,11.1,23.8,0.0,,,10.2,,1015.2,
2023-10-29,17.8,14.0,21.4,1.3,,,16.6,,1015.6,
2023-10-30,20.0,15.4,24.8,0.0,,,22.3,,1012.6,
2023-10-31,18.6,14.1,25.0,0.0,,,8.7,,1017.2,
2023-11-01,18.5,12.9,24.5,0.0,,,16.7,,1018.1,
2023-11-02,16.4,10.5,23.6,0.0,,,18.0,,1014.7,
2023-11-03,15.9,11.0,20.4,0.0,,,19.6,,1008.4,
2023-11-04,12.1,5.7,18.4,0.0,,,15.1,,1011.4,
2023-11-05,16.4,10.2,25.1,0.0,,,14.0,,1012.6,
2023-11-06,16.1,9.7,23.3,0.0,,,13.9,,1016.6,
2023-11-07,12.9,10.1,18.9,0.0,,,10.2,,1019.9,
2023-11-08,10.7,8.7,14.7,0.2,,,11.0,,1024.1,
2023-11-09,11.3,6.6,17.2,0.4,,,11.0,,1020.6,
2023-11-10,11.1,3.3,18.2,0.0,,,9.5,,1018.1,
2023-11-11,11.6,6.1,17.9,0.0,,,8.2,,1018.7,
2023-11-12,13.5,8.0,20.4,0.0,,,10.5,,1020.7,
2023-11-13,13.8,7.8,21.7,0.0,,,6.0,,1025.5,
2023-11-14,15.0,7.1,24.3,0.0,,,8.2,,1024.8,
2023-11-15,15.0,10.9,20.4,0.0,,,8.6,,1024.3,
2023-11-16,14.4,7.0,22.6,0.0,,,8.2,,1024.1,
2023-11-17,14.9,9.6,21.5,0.0,,,7.4,,1023.7,
2023-11-18,11.2,7.7,15.8,0.0,,,11.2,,1026.6,
2023-11-19,11.8,5.8,19.2,0.0,,,6.8,,1026.2,
2023-11-20,12.9,6.1,21.8,0.0,,,7.9,,1020.6,
2023-11-21,10.8,4.8,17.2,1.4,,,11.0,,1013.7,
2023-11-22,6.2,4.4,8.9,1.5,,,22.5,,1010.9,
2023-11-23,6.1,4.5,8.0,25.6,,,22.9,,1010.2,
2023-11-24,7.7,6.1,11.2,9.9,,,23.8,,1010.1,
2023-11-25,7.6,5.4,11.1,0.6,,,26.3,,1013.1,
2023-11-26,6.9,2.9,13.5,0.0,,,10.1,,1019.2,
2023-11-27,7.7,2.4,16.0,0.0,,,11.7,,1017.1,
2023-11-28,9.0,4.2,15.1,0.0,,,11.7,,1012.2,
2023-11-29,10.4,4.1,18.0,0.0,,,10.0,,1013.5,
2023-11-30,12.0,9.1,17.4,0.0,,,21.0,,1014.8,
2023-12-01,11.6,8.9,15.1,0.0,,,26.3,,1012.0,
2023-12-02,10.4,6.6,14.5,1.4,,,12.8,,1013.5,
2023-12-03,6.3,2.7,9.3,0.6,,,14.4,,1022.1,
2023-12-04,5.1,0.2,10.3,0.0,,,16.4,,1023.0,
2023-12-05,8.3,4.6,14.0,0.0,,,14.1,,1018.2,
2023-12-06,6.9,4.0,10.0,1.5,,,9.6,,1016.6,
2023-12-07,6.1,3.9,11.3,0.1,,,11.7,,1022.9,
2023-12-08,5.8,3.8,9.2,7.0,,,17.6,,1017.5,
2023-12-09,5.7,4.0,8.7,2.6,,,30.5,,1020.0,
2023-12-10,7.8,3.4,14.2,0.0,,,10.6,,1026.1,
2023-12-11,10.9,5.7,18.5,0.0,,,7.7,,1023.7,
2023-12-12,13.1,6.9,23.0,0.0,,,8.3,,1021.8,
2023-12-13,13.3,7.8,20.6,0.0,,,11.6,,1015.4,
2023-12-14,6.8,3.4,9.5,2.4,,,17.3,,1018.3,
2023-12-15,4.3,2.7,7.8,2.6,,,22.9,,1027.3,
2023-12-16,3.1,0.7,7.0,1.0,,,21.2,,1030.8,
2023-12-17,2.8,1.0,5.9,6.4,,,16.6,,1032.2,
2023-12-18,4.9,1.8,9.2,3.2,,,13.1,,1028.7,
2023-12-19,5.1,4.2,6.0,10.3,,,16.2,,1025.4,
2023-12-20,5.1,3.6,7.1,1.8,,,24.4,,1021.5,
2023-12-21,5.5,3.7,7.5,0.0,,,23.0,,1023.0,
2023-12-22,6.7,4.2,11.0,0.0,,,17.2,,1023.5,
2023-12-23,6.9,2.6,13.1,0.0,,,7.6,,1024.4,
2023-12-24,8.3,3.0,15.2,0.0,,,4.7,,1024.6,
2023-12-25,7.7,1.9,15.2,0.0,,,5.0,,1023.8,
2023-12-26,8.0,1.4,15.9,0.0,,,5.7,,1022.9,
2023-12-27,8.9,2.9,16.3,0.0,,,6.9,,1023.9,
2023-12-28,9.7,4.2,15.8,0.0,,,6.1,,1025.7,
2023-12-29,8.3,3.1,14.7,0.0,,,5.7,,1023.8,
2023-12-30,7.7,3.3,13.6,0.0,,,6.2,,1020.5,
2023-12-31,6.5,2.6,12.5,0.0,,,6.4,,1020.5,
2024-01-01,6.6,2.0,12.0,0.0,,,9.7,,1020.0,
2024-01-02,5.9,2.4,10.5,0.0,,,7.2,,1023.7,
2024-01-03,7.9,2.7,16.9,0.0,,,10.6,,1021.9,
2024-01-04,8.8,2.9,17.4,0.0,,,9.7,,1018.8,
2024-01-05,7.4,4.3,11.3,1.6,,,18.1,,1010.9,
2024-01-06,3.6,1.1,6.1,1.7,,,23.7,,1009.7,
2024-01-07,3.3,1.1,6.9,0.0,,,22.0,,1015.3,
2024-01-08,1.9,-0.6,5.5,0.0,,,19.3,,1017.9,
2024-01-09,2.7,-2.0,9.4,0.0,,,8.7,,1022.1,
2024-01-10,3.6,0.0,8.7,3.0,,,13.6,,1020.9,
2024-01-11,5.3,-0.2,12.7,0.0,,,12.5,,1018.0,
2024-01-12,4.0,2.5,6.4,0.0,,,20.4,,1023.8,
2024-01-13,5.2,1.3,10.3,0.0,,,8.7,,1027.1,
2024-01-14,8.1,0.7,16.5,0.0,,,11.2,,1021.2,
2024-01-15,10.8,7.1,17.0,0.0,,,15.2,,1016.0,
2024-01-16,11.5,7.6,18.1,0.0,,,12.4,,1017.0,
2024-01-17,12.3,9.1,18.4,0.0,,,16.2,,1015.5,
2024-01-18,12.4,7.8,20.1,0.0,,,13.9,,1016.0,
2024-01-19,12.6,8.9,17.7,0.0,,,14.9,,1014.7,
2024-01-20,9.2,6.1,12.8,0.1,,,12.7,,1017.6,
2024-01-21,6.0,1.8,8.7,0.9,,,15.4,,1030.4,
2024-01-22,2.4,0.0,6.6,0.0,,,11.6,,1036.3,
2024-01-23,4.8,-1.7,11.8,0.0,,,11.3,,1035.9,
2024-01-24,6.7,3.1,11.8,0.0,,,15.9,,1036.7,
2024-01-25,10.5,5.5,17.2,0.0,,,12.6,,1034.1,
2024-01-26,12.8,9.3,19.3,0.0,,,11.3,,1031.7,
2024-01-27,11.8,8.0,17.9,0.0,,,9.1,,1031.0,
2024-01-28,11.8,6.0,18.3,0.0,,,6.8,,1029.6,
2024-01-29,8.3,3.9,16.0,0.0,,,10.5,,1029.8,
2024-01-30,7.6,2.7,15.7,0.0,,,8.8,,1030.7,
2024-01-31,7.3,1.1,14.8,0.0,,,7.0,,1032.1,
2024-02-01,6.1,1.9,11.0,0.0,,,8.1,,1032.0,
2024-02-02,5.7,4.0,8.6,1.7,,,17.2,,1030.0,
2024-02-03,6.0,3.3,10.3,0.7,,,11.7,,1032.5,
2024-02-04,7.3,0.5,15.6,0.0,,,5.2,,1032.2,
2024-02-05,9.2,1.7,19.0,0.0,,,6.5,,1030.9,
2024-02-06,8.4,3.2,15.6,0.0,,,12.6,,1028.1,
2024-02-07,7.7,2.5,13.5,0.0,,,12.6,,1022.9,
2024-02-08,7.4,-0.1,15.3,0.0,,,12.1,,1019.7,
2024-02-09,9.8,7.0,14.3,0.0,,,26.9,,1010.3,
2024-02-10,7.5,4.0,12.2,7.0,,,24.7,,1002.6,
2024-02-11,5.7,2.4,10.7,0.0,,,18.2,,1009.5,
2024-02-12,7.7,-0.5,12.7,0.4,,,15.5,,1013.6,
2024-02-13,8.8,5.1,14.4,0.0,,,21.9,,1021.5,
2024-02-14,8.8,4.5,15.2,0.0,,,11.6,,1026.7,
2024-02-15,10.0,3.6,17.6,0.0,,,12.9,,1022.7,
2024-02-16,10.0,5.9,15.6,8.4,,,12.2,,1019.1,
2024-02-17,7.5,3.9,12.4,1.8,,,8.2,,1021.8,
2024-02-18,8.1,5.3,13.0,0.0,,,10.9,,1030.7,
2024-02-19,7.6,3.2,13.1,0.0,,,10.9,,1029.9,
2024-02-20,6.2,2.8,10.7,7.6,,,21.0,,1026.0,
2024-02-21,5.6,2.9,10.0,0.3,,,20.7,,1025.4,
2024-02-22,10.5,1.4,16.0,2.0,,,12.6,,1021.5,
2024-02-23,8.4,4.9,13.8,0.9,,,16.9,,1012.3,
2024-02-24,5.4,1.1,9.0,1.5,,,10.1,,1012.7,
2024-02-25,4.3,-0.1,10.2,0.0,,,18.5,,1017.4,
2024-02-26,7.5,2.6,13.7,0.0,,,16.8,,1010.3,
2024-02-27,6.6,2.4,11.7,2.9,,,11.2,,1006.5,
2024-02-28,4.4,2.3,8.5,0.5,,,18.2,,1010.8,
2024-02-29,3.5,1.7,5.7,14.7,,,24.8,,1009.2,
2024-03-01,5.8,1.8,11.1,0.0,,,19.8,,1013.8,
2024-03-02,5.3,-1.7,12.2,0.0,,,14.6,,1016.7,
2024-03-03,8.3,4.0,13.7,0.7,,,22.3,,1011.7,
2024-03-04,4.4,0.5,8.6,0.0,,,18.0,,1017.5,
2024-03-05,7.5,3.4,12.1,0.0,,,14.6,,1021.6,
2024-03-06,7.6,2.2,13.4,0.0,,,10.4,,1023.1,
2024-03-07,9.0,3.9,15.6,0.0,,,16.7,,1018.0,
2024-03-08,11.1,7.5,16.8,0.0,,,16.4,,1013.1,
2024-03-09,10.7,4.1,17.4,0.0,,,15.0,,1009.3,
2024-03-10,9.4,3.3,15.7,0.2,,,12.5,,1006.4,
2024-03-11,7.1,1.8,13.7,0.0,,,13.1,,1015.3,
2024-03-12,6.7,2.4,12.3,0.0,,,11.8,,1022.2,
2024-03-13,8.2,0.3,17.2,0.0,,,9.3,,1019.6,
2024-03-14,9.9,1.7,17.8,0.0,,,8.5,,1017.8,
2024-03-15,10.6,3.4,17.8,0.0,,,9.0,,1020.6,
2024-03-16,10.7,5.6,17.1,0.0,,,10.0,,1024.3,
2024-03-17,11.1,5.0,17.7,0.0,,,8.6,,1025.4,
2024-03-18,14.2,5.9,24.0,0.0,,,12.0,,1020.2,
2024-03-19,14.1,8.0,20.6,0.0,,,9.7,,1017.5,
2024-03-20,15.1,6.7,22.6,0.0,,,7.0,,1018.4,
2024-03-21,15.6,9.2,23.5,0.0,,,10.5,,1021.5,
2024-03-22,17.4,10.8,22.8,0.0,,,11.6,,1018.8,
2024-03-23,13.6,7.8,21.0,0.0,,,10.0,,1018.2,
2024-03-24,15.3,7.6,24.3,0.0,,,14.6,,1016.1,
2024-03-25,14.9,11.2,19.7,0.3,,,17.7,,1006.5,
2024-03-26,13.3,9.0,18.7,0.7,,,17.5,,998.9,
2024-03-27,8.8,3.4,14.5,3.7,,,16.3,,1006.3,
2024-03-28,11.7,4.6,17.9,0.0,,,19.9,,1015.3,
2024-03-29,14.1,8.6,18.5,0.0,,,22.2,,1011.1,
2024-03-30,15.5,9.3,20.2,0.0,,,21.9,,1004.6,
2024-03-31,16.8,10.8,22.5,0.0,,,21.2,,1009.3,
2024-04-01,16.8,8.7,24.3,0.0,,,17.9,,1013.4,
2024-04-02,12.4,5.6,20.6,0.0,,,10.7,,1021.7,
2024-04-03,15.0,8.8,21.9,0.0,,,11.3,,1019.7,
2024-04-04,15.4,7.9,23.5,0.3,,,8.2,,1021.3,
2024-04-05,17.0,10.1,25.1,0.0,,,11.3,,1022.9,
2024-04-06,18.2,9.9,26.8,0.0,,,10.3,,1022.7,
2024-04-07,18.9,10.8,27.6,0.0,,,10.1,,1020.8,
2024-04-08,19.6,11.1,27.9,0.0,,,10.3,,1016.4,
2024-04-09,16.9,9.7,23.6,0.5,,,14.5,,1018.7,
2024-04-10,9.7,6.2,15.2,0.2,,,16.8,,1025.5,
2024-04-11,7.0,4.1,12.0,3.3,,,10.9,,1024.7,
2024-04-12,5.9,4.1,9.1,15.8,,,23.2,,1025.8,
2024-04-13,9.0,5.8,13.5,8.0,,,22.9,,1023.6,
2024-04-14,10.9,6.7,18.0,5.2,,,19.3,,1021.1,
2024-04-15,11.6,6.7,20.0,12.2,,,10.7,,1015.6,
2024-04-16,11.6,7.7,16.8,1.3,,,20.8,,1014.0,
2024-04-17,12.8,6.6,19.4,0.0,,,10.0,,1013.3,
2024-04-18,12.1,6.6,18.9,0.4,,,8.6,,1013.5,
2024-04-19,8.5,5.5,12.8,0.4,,,16.9,,1019.8,
2024-04-20,10.1,3.0,16.1,0.0,,,9.1,,1015.4,
2024-04-21,10.4,4.1,17.2,0.0,,,12.2,,1012.8,
2024-04-22,12.8,7.4,16.1,0.0,,,12.3,,1012.7,
2024-04-23,8.9,4.5,14.7,1.9,,,11.1,,1014.1,
2024-04-24,6.7,3.8,10.8,1.7,,,14.8,,1015.8,
2024-04-25,8.4,0.0,14.9,0.0,,,17.0,,1013.6,
2024-04-26,13.2,8.3,19.8,0.0,,,12.9,,1009.0,
2024-04-27,14.7,7.5,22.2,0.0,,,12.9,,1009.9,
2024-04-28,15.9,8.1,24.2,0.0,,,11.0,,1010.7,
2024-04-29,16.8,8.7,24.4,0.0,,,11.9,,1011.8,
2024-04-30,13.2,8.1,19.4,3.6,,,12.3,,1011.4,
2024-05-01,11.4,4.4,18.5,0.0,,,12.1,,1014.1,
2024-05-02,14.5,8.7,22.1,0.1,,,14.7,,1015.8,
2024-05-03,14.2,6.1,22.3,0.0,,,10.2,,1019.2,
2024-05-04,16.1,7.4,24.3,0.0,,,10.3,,1018.8,
2024-05-05,18.4,10.3,27.4,0.0,,,13.1,,1016.8,
2024-05-06,20.2,13.1,26.6,0.0,,,16.5,,1014.4,
2024-05-07,16.1,11.2,21.5,0.9,,,10.6,,1015.6,
2024-05-08,11.1,8.1,14.9,3.1,,,16.4,,1017.3,
2024-05-09,10.4,6.7,16.5,0.2,,,21.4,,1018.4,
2024-05-10,13.3,6.3,20.4,0.0,,,8.4,,1018.8,
2024-05-11,16.3,8.6,24.0,0.0,,,12.7,,1017.9,
2024-05-12,17.8,11.9,23.9,0.0,,,14.1,,1017.7,
2024-05-13,19.3,14.7,25.5,2.7,,,13.4,,1014.6,
2024-05-14,22.1,16.6,28.9,0.6,,,19.1,,1008.3,
2024-05-15,23.4,14.7,30.6,0.0,,,18.9,,1005.9,
2024-05-16,20.1,11.0,29.7,0.0,,,12.8,,1008.9,
2024-05-17,22.3,14.3,29.0,0.0,,,17.3,,1011.1,
2024-05-18,22.7,16.4,28.6,0.0,,,15.8,,1011.1,
2024-05-19,21.8,15.5,29.7,0.0,,,12.1,,1007.7,
2024-05-20,17.7,12.3,25.4,2.4,,,14.9,,1008.7,
2024-05-21,16.3,9.5,23.7,0.0,,,9.0,,1016.2,
2024-05-22,18.6,10.2,25.6,0.0,,,12.5,,1017.3,
2024-05-23,20.3,11.2,28.5,0.0,,,8.8,,1016.5,
2024-05-24,24.1,13.3,29.4,0.0,,,10.1,,1015.9,
2024-05-25,19.8,12.7,27.0,0.0,,,12.1,,1016.9,
2024-05-26,20.4,12.4,28.0,0.0,,,9.5,,1019.2,
2024-05-27,22.0,14.0,29.2,0.0,,,9.2,,1018.2,
2024-05-28,22.3,16.0,30.0,0.4,,,15.5,,1016.8,
2024-05-29,19.2,12.8,26.8,0.0,,,11.6,,1017.2,
2024-05-30,20.7,12.8,28.1,0.0,,,8.5,,1013.9,
2024-05-31,22.5,15.8,29.8,0.0,,,13.1,,1011.9,
2024-06-01,23.0,16.2,31.5,0.9,,,12.3,,1012.6,
2024-06-02,20.3,14.4,24.8,0.7,,,10.3,,1015.0,
2024-06-03,18.7,12.6,25.8,1.3,,,8.2,,1016.6,
2024-06-04,19.2,14.0,25.5,1.5,,,7.1,,1015.0,
2024-06-05,19.6,13.4,25.9,0.0,,,8.2,,1017.7,
2024-06-06,21.4,12.7,30.2,0.0,,,11.4,,1019.5,
2024-06-07,24.8,17.6,33.1,0.0,,,11.9,,1019.0,
2024-06-08,26.9,19.6,33.4,0.0,,,15.9,,1015.4,
2024-06-09,26.7,17.4,31.6,0.0,,,19.6,,1010.7,
2024-06-10,23.5,13.9,33.9,0.0,,,12.5,,1011.9,
2024-06-11,23.7,15.9,33.8,0.0,,,17.0,,1011.1,
2024-06-12,20.8,14.1,31.0,0.1,,,12.8,,1015.6,
2024-06-13,19.7,12.8,26.9,0.0,,,10.8,,1020.1,
2024-06-14,22.8,12.6,32.2,0.0,,,10.1,,1019.3,
2024-06-15,26.8,19.3,35.3,0.0,,,16.1,,1015.7,
2024-06-16,23.9,17.9,29.7,5.0,,,12.9,,1016.2,
2024-06-17,25.9,16.8,34.5,0.5,,,11.6,,1016.3,
2024-06-18,29.1,22.8,36.1,0.0,,,17.6,,1017.2,
2024-06-19,29.9,21.7,37.2,0.0,,,12.5,,1016.9,
2024-06-20,29.1,23.1,35.9,0.0,,,15.6,,1016.5,
2024-06-21,26.9,18.9,35.2,0.0,,,11.5,,1017.4,
2024-06-22,23.0,15.6,31.6,0.0,,,9.0,,1018.4,
2024-06-23,22.6,15.5,29.4,0.0,,,9.0,,1014.7,
2024-06-24,20.9,15.4,29.3,0.2,,,9.6,,1013.0,
2024-06-25,21.4,13.7,29.3,0.0,,,10.1,,1012.7,
2024-06-26,24.7,15.6,33.6,0.0,,,12.0,,1013.2,
2024-06-27,29.4,21.9,37.0,0.0,,,21.2,,1013.0,
2024-06-28,32.3,24.0,40.0,0.0,,,14.2,,1014.8,
2024-06-29,32.5,26.0,39.0,0.0,,,17.0,,1015.4,
2024-06-30,31.3,23.9,38.3,0.0,,,19.5,,1014.8,
2024-07-01,30.0,19.5,38.5,0.0,,,23.4,,1013.7,
2024-07-02,20.5,14.7,26.5,0.3,,,16.5,,1017.2,
2024-07-03,21.9,14.6,29.3,0.0,,,11.8,,1014.6,
2024-07-04,22.4,15.7,29.4,0.0,,,11.9,,1016.1,
2024-07-05,25.3,15.5,33.9,0.0,,,12.9,,1015.4,
2024-07-06,27.8,21.6,34.2,0.0,,,18.6,,1012.3,
2024-07-07,29.1,22.3,35.0,0.0,,,15.7,,1012.3,
2024-07-08,28.8,22.9,36.0,0.0,,,16.2,,1014.7,
2024-07-09,31.7,25.0,38.9,0.0,,,16.7,,1015.9,
2024-07-10,31.8,24.9,40.4,0.0,,,15.6,,1016.5,
2024-07-11,29.2,20.3,37.3,0.0,,,11.7,,1017.5,
2024-07-12,30.2,22.5,37.5,0.0,,,13.2,,1014.5,
2024-07-13,30.4,21.0,38.6,0.0,,,12.9,,1012.6,
2024-07-14,31.4,24.9,40.0,0.0,,,16.7,,1013.4,
2024-07-15,30.8,22.2,39.6,0.0,,,9.5,,1014.9,
2024-07-16,30.1,22.4,36.7,0.2,,,11.4,,1016.4,
2024-07-17,31.4,23.8,39.7,0.0,,,13.0,,1016.4,
2024-07-18,30.6,22.7,37.4,0.0,,,10.2,,1017.9,
2024-07-19,29.5,22.6,36.6,0.0,,,10.8,,1017.9,
2024-07-20,28.6,21.3,35.8,0.0,,,10.1,,1014.0,
2024-07-21,29.4,21.8,36.7,0.0,,,14.8,,1013.0,
2024-07-22,23.8,18.6,31.0,0.0,,,14.7,,1017.8,
2024-07-23,20.9,14.2,28.7,0.0,,,14.5,,1021.0,
2024-07-24,22.8,15.5,30.9,0.0,,,13.5,,1019.1,
2024-07-25,25.5,17.5,33.6,0.0,,,10.3,,1014.4,
2024-07-26,27.3,18.2,34.8,0.0,,,10.5,,1012.4,
2024-07-27,27.9,18.8,35.3,0.0,,,9.5,,1014.5,
2024-07-28,28.3,20.6,35.2,0.0,,,11.7,,1016.9,
2024-07-29,27.7,19.8,34.9,0.0,,,11.7,,1017.2,
2024-07-30,27.1,18.9,34.2,0.0,,,10.5,,1017.7,
2024-07-31,28.5,19.3,35.7,0.0,,,11.4,,1016.7,
2024-08-01,30.1,22.0,38.1,0.0,,,12.6,,1015.0,
2024-08-02,30.8,21.2,38.7,0.0,,,11.5,,1012.8,
2024-08-03,27.4,20.9,34.1,0.0,,,16.0,,1012.5,
2024-08-04,23.6,17.4,30.7,0.0,,,13.4,,1015.7,
2024-08-05,24.4,16.8,32.0,0.0,,,10.4,,1014.6,
2024-08-06,25.4,17.9,32.8,0.0,,,9.4,,1013.6,
2024-08-07,26.9,17.9,34.5,0.0,,,10.0,,1014.3,
2024-08-08,27.9,19.2,35.1,0.0,,,9.2,,1015.4,
2024-08-09,28.3,21.3,34.6,0.0,,,11.7,,1017.7,
2024-08-10,27.8,21.8,33.9,0.0,,,8.5,,1018.7,
2024-08-11,27.3,20.7,35.1,0.0,,,12.4,,1017.4,
2024-08-12,28.6,22.6,36.3,0.0,,,12.7,,1013.8,
2024-08-13,28.8,21.6,35.8,0.0,,,10.7,,1011.6,
2024-08-14,27.8,22.3,34.0,0.0,,,11.5,,1012.3,
2024-08-15,23.4,18.5,28.1,3.2,,,13.8,,1016.2,
2024-08-16,22.7,18.7,29.4,0.2,,,11.6,,1017.8,
2024-08-17,22.0,14.7,29.3,1.1,,,12.3,,1016.1,
2024-08-18,22.0,15.4,28.8,0.0,,,10.3,,1015.2,
2024-08-19,23.5,17.9,30.1,0.1,,,11.6,,1013.3,
2024-08-20,22.1,15.6,29.6,0.0,,,9.2,,1015.3,
2024-08-21,22.0,15.8,28.9,0.0,,,9.8,,1017.7,
2024-08-22,22.9,16.0,30.0,0.0,,,8.7,,1016.7,
2024-08-23,23.5,16.5,30.7,0.0,,,7.8,,1016.6,
2024-08-24,24.0,16.0,32.3,0.0,,,10.2,,1017.9,
2024-08-25,25.6,17.2,33.4,0.2,,,9.0,,1016.7,
2024-08-26,24.4,19.6,31.6,1.6,,,9.2,,1015.5,
2024-09-04,24.4,,,,,,15.2,,1015.1,
2024-09-05,24.4,19.8,30.4,0.0,,,13.4,,1013.3,
2024-09-06,24.5,19.1,30.8,0.0,,,15.4,,1013.8,
2024-09-07,24.7,18.8,30.6,0.0,,,11.2,,1016.5,
2024-09-08,22.6,19.6,26.7,2.7,,,15.1,,1016.0,
2024-09-09,21.2,16.6,27.4,0.2,,,14.9,,1016.1,
2024-09-10,18.1,13.8,23.9,0.0,,,14.3,,1017.6,
2024-09-11,18.2,11.8,25.3,0.0,,,8.5,,1016.3,
2024-09-12,19.4,12.3,26.8,0.0,,,9.9,,1015.6,
2024-09-13,18.4,13.4,26.2,0.1,,,11.1,,1018.0,
2024-09-14,14.9,11.9,19.5,0.0,,,12.7,,1022.2,
2024-09-15,15.1,8.6,22.4,0.0,,,8.8,,1019.9,
2024-09-16,16.5,8.1,25.3,0.0,,,9.3,,1015.2,
2024-09-17,16.0,11.1,22.1,0.0,,,9.4,,1013.1,
2024-09-18,16.7,9.6,25.2,1.5,,,10.3,,1014.3,
2024-09-19,16.2,11.3,22.7,1.2,,,8.7,,1015.7,
2024-09-20,17.6,10.7,25.0,0.0,,,7.0,,1017.1,
2024-09-21,17.4,14.1,21.8,0.0,,,12.1,,1019.2,
2024-09-22,19.4,14.9,24.9,0.0,,,9.8,,1017.5,
2024-09-23,18.0,14.8,23.1,6.2,,,8.5,,1016.3,
2024-09-24,17.1,11.7,22.7,0.0,,,11.3,,1018.2,
2024-09-25,18.6,14.8,23.8,3.8,,,13.7,,1019.1,
2024-09-26,20.0,15.0,26.2,0.0,,,14.3,,1019.2,
2024-09-27,21.6,15.6,28.5,0.0,,,11.4,,1016.6,
2024-09-28,18.3,13.9,24.6,2.9,,,8.3,,1019.6,
2024-09-29,17.4,13.3,22.9,0.4,,,8.8,,1023.9,
2024-09-30,19.4,13.2,26.6,0.0,,,10.8,,1021.5,
2024-10-01,20.6,14.5,28.8,0.0,,,11.6,,1017.7,
2024-10-02,21.0,15.9,28.5,0.2,,,11.6,,1013.8,
2024-10-03,19.5,14.8,26.1,3.4,,,14.4,,1010.7,
2024-10-04,16.8,13.3,22.4,0.1,,,9.2,,1014.5,
2024-10-05,15.9,10.1,22.2,0.0,,,7.5,,1015.6,
2024-10-06,16.8,10.1,24.9,0.0,,,9.0,,1016.0,
2024-10-07,18.1,12.6,24.7,0.0,,,14.1,,1016.7,
2024-10-08,20.3,15.7,26.0,0.0,,,19.2,,1015.4,
2024-10-09,20.4,13.8,27.3,0.0,,,14.8,,1015.0,
2024-10-10,21.5,15.5,29.0,0.0,,,13.1,,1012.7,
2024-10-11,18.6,12.9,25.8,0.0,,,9.9,,1016.4,
2024-10-12,18.8,13.1,25.7,0.0,,,8.9,,1017.9,
2024-10-13,20.4,13.1,28.6,0.0,,,9.5,,1020.3,
2024-10-14,21.6,15.1,29.1,0.0,,,10.4,,1020.6,
2024-10-15,21.4,16.2,27.6,0.0,,,15.2,,1019.2,
2024-10-16,20.7,17.7,25.6,0.0,,,16.6,,1018.3,
2024-10-17,19.8,14.9,26.2,0.2,,,11.6,,1018.2,
2024-10-18,13.7,9.3,16.2,5.9,,,12.0,,1019.1,
2024-10-19,10.6,7.7,15.4,0.0,,,17.6,,1019.0,
2024-10-20,11.3,9.0,16.0,1.7,,,13.0,,1022.4,
2024-10-21,12.5,7.6,18.0,0.0,,,7.0,,1024.0,
2024-10-22,11.9,8.3,16.1,1.9,,,8.8,,1024.2,
2024-10-23,14.5,10.0,20.5,0.5,,,9.0,,1025.2,
2024-10-24,15.7,12.1,21.6,0.0,,,14.8,,1024.3,
2024-10-25,15.4,11.7,21.5,0.0,,,14.1,,1020.7,
2024-10-26,15.2,11.9,21.0,3.8,,,13.2,,1017.7,
2024-10-27,14.2,11.2,20.4,0.7,,,9.3,,1018.2,
2024-10-28,15.5,9.1,22.9,0.0,,,8.4,,1020.1,
2024-10-29,17.4,11.9,25.2,0.4,,,11.3,,1021.4,
2024-10-30,20.1,15.7,24.8,0.0,,,13.5,,1020.8,
2024-10-31,15.8,12.8,22.0,3.8,,,12.3,,1021.6,
2024-11-01,15.2,10.7,21.2,0.0,,,13.7,,1019.9,
2024-11-02,13.9,9.3,19.6,0.0,,,9.7,,1020.3,
2024-11-03,14.7,9.8,20.5,0.0,,,10.0,,1024.0,
2024-11-04,15.4,9.7,22.0,0.0,,,9.5,,1024.8,
2024-11-05,15.5,9.2,22.1,0.0,,,8.3,,1023.7,
2024-11-06,15.5,10.6,21.2,0.8,,,6.1,,1024.1,
2024-11-07,12.4,9.5,18.1,3.0,,,10.2,,1025.1,
2024-11-08,12.7,8.7,19.1,0.8,,,10.5,,1023.6,
2024-11-09,12.7,8.1,18.3,0.0,,,7.0,,1022.8,
2024-11-10,11.9,8.3,16.8,3.3,,,7.6,,1020.0,
2024-11-11,9.4,6.9,12.2,7.1,,,12.0,,1019.0,
2024-11-12,9.7,6.2,13.3,0.0,,,11.6,,1017.2,
2024-11-13,10.0,5.9,16.0,0.0,,,12.4,,1019.2,
2024-11-14,11.7,6.7,18.8,0.3,,,12.1,,1020.8,
2024-11-15,13.3,8.2,20.1,0.0,,,10.8,,1021.1,
2024-11-16,12.9,6.8,20.7,0.0,,,9.1,,1022.3,
2024-11-17,13.2,6.7,21.6,0.0,,,11.5,,1021.3,
2024-11-18,14.3,9.9,20.6,0.2,,,10.5,,1019.8,
2024-11-19,13.7,7.5,21.8,0.0,,,10.6,,1019.5,
2024-11-20,13.5,8.1,19.0,0.0,,,11.8,,1017.7,
2024-11-21,11.7,7.3,17.9,0.0,,,13.6,,1017.0,
2024-11-22,11.6,6.4,17.3,0.0,,,15.3,,1016.5,
2024-11-23,11.2,8.7,16.1,0.0,,,10.7,,1027.1,
2024-11-24,9.5,5.3,15.1,0.0,,,13.9,,1030.8,
2024-11-25,9.1,5.1,15.5,0.0,,,15.2,,1027.8,
2024-11-26,10.6,3.6,17.9,0.0,,,9.4,,1024.8,
2024-11-27,12.9,6.6,20.3,0.0,,,6.3,,1024.1,
2024-11-28,11.8,7.6,18.8,0.7,,,6.7,,1026.1,
2024-11-29,10.1,6.7,15.8,0.0,,,6.1,,1026.3,
2024-11-30,8.7,4.4,13.7,0.0,,,12.8,,1026.4,
2024-12-01,8.7,5.6,12.9,0.0,,,12.9,,1025.4,
2024-12-02,8.3,5.3,12.1,0.0,,,12.5,,1024.5,
2024-12-03,9.0,3.7,15.6,0.2,,,9.1,,1021.8,
2024-12-04,9.0,5.8,14.9,3.4,,,18.0,,1017.8,
2024-12-05,5.9,4.2,9.3,4.3,,,37.9,,1022.7,
2024-12-06,6.9,4.6,11.5,0.0,,,28.4,,1024.7,
2024-12-07,8.5,4.0,14.3,0.0,,,12.1,,1021.1,
2024-12-08,6.8,2.1,9.9,0.0,,,25.6,,1014.8,
2024-12-09,4.0,0.5,10.3,0.0,,,16.7,,1013.6,
2024-12-14,7.1,2.5,14.4,0.0,,,5.4,,1027.3,
2024-12-15,4.3,1.8,8.4,0.3,,,18.4,,1031.0,
2024-12-16,4.1,2.2,7.4,1.0,,,23.5,,1038.1,
2024-12-17,5.2,2.6,11.3,0.0,,,6.5,,1036.5,
2024-12-18,6.5,0.0,14.9,0.0,,,5.2,,1030.8,
2024-12-19,10.2,4.0,18.1,0.0,,,9.1,,1024.4,
2024-12-20,8.5,3.7,11.6,0.1,,,21.3,,1022.9,
2024-12-21,3.8,0.2,7.5,0.1,,,14.1,,1029.2,
2024-12-22,4.4,0.2,10.7,0.0,,,11.4,,1027.5,
2024-12-23,3.7,1.5,7.0,2.4,,,21.8,,1018.7,
2024-12-24,1.9,0.3,4.2,2.2,,,35.6,,1021.3,
2024-12-25,2.9,1.5,5.4,1.2,,,27.9,,1025.4,
2024-12-26,3.1,1.3,5.2,0.5,,,17.4,,1027.2,
2024-12-27,3.3,1.6,5.5,0.0,,,12.4,,1029.6,
2024-12-28,4.0,2.1,7.6,0.0,,,8.7,,1030.3,
2024-12-29,3.5,0.4,9.5,0.0,,,4.1,,1029.8,
2024-12-30,4.0,0.0,10.4,0.0,,,7.5,,1029.5,
2024-12-31,4.3,-0.2,11.0,4.3,,,9.3,,1029.2,
2025-01-01,5.9,4.7,8.7,5.7,,,15.5,,1027.5,
2025-01-02,5.6,4.2,8.1,2.5,,,14.0,,1025.5,
2025-01-03,4.5,1.7,8.3,0.1,,,15.9,,1025.9,
2025-01-04,5.7,1.0,12.8,0.0,,,6.3,,1023.8,
2025-01-05,7.6,2.7,13.9,0.0,,,16.2,,1021.5,
2025-01-06,7.0,4.4,11.3,0.0,,,23.3,,1016.8,
2025-01-07,4.9,0.7,8.6,0.0,,,17.8,,1019.4,
2025-01-08,4.9,-1.2,13.2,0.0,,,9.5,,1024.6,
2025-01-09,8.0,1.8,15.7,0.0,,,8.7,,1021.7,
2025-01-10,7.4,2.9,12.5,0.0,,,9.8,,1025.3,
2025-01-11,7.8,0.5,16.8,0.0,,,10.7,,1021.6,
2025-01-12,4.3,1.1,7.3,0.6,,,26.9,,1018.8,
2025-01-13,1.4,0.2,3.4,1.3,,,23.7,,1020.8,
2025-01-14,1.7,-0.4,5.1,0.0,,,18.6,,1023.6,
2025-01-15,2.7,0.9,6.2,0.0,,,12.3,,1025.1,
2025-01-16,1.1,-1.7,4.5,1.8,,,6.4,,1021.8,
2025-01-17,0.6,-2.3,2.6,10.8,,,17.0,,1019.4,
2025-01-18,4.2,1.7,8.2,3.5,,,15.0,,1015.1,
2025-01-19,4.4,1.2,8.6,0.2,,,10.2,,1019.0,
2025-01-20,4.1,-0.1,10.2,0.0,,,7.5,,1022.7,
2025-01-21,5.9,1.3,12.3,0.0,,,17.8,,1021.8,
2025-01-22,9.3,5.6,15.3,0.0,,,19.2,,1019.8,
2025-01-23,10.6,5.9,17.2,0.0,,,12.5,,1019.4,
2025-01-24,9.6,5.2,16.0,0.0,,,4.7,,1023.4,
2025-01-25,7.0,4.6,12.2,2.0,,,14.7,,1024.1,
2025-01-26,8.2,2.3,15.9,0.0,,,6.9,,1024.3,
2025-01-27,9.8,5.1,16.7,0.0,,,17.5,,1023.3,
2025-01-28,14.8,9.7,16.9,0.2,,,17.7,,1019.3,
2025-01-29,8.0,3.4,10.4,3.0,,,22.4,,1023.5,
2025-01-30,10.8,3.3,12.3,0.0,,,19.3,,1020.9,
2025-01-31,9.7,2.4,13.7,0.2,,,12.0,,1021.4,
2025-02-01,6.3,5.7,6.8,8.3,,,16.9,,1019.8,
2025-02-02,6.6,4.7,8.6,1.0,,,10.4,,1017.5,
2025-02-03,7.1,2.8,7.9,2.0,,,15.0,,1021.2,
2025-02-04,8.3,6.1,8.8,0.0,,,9.4,,1026.3,
2025-02-05,6.7,5.4,8.3,4.1,,,11.2,,1030.4,
2025-02-06,4.4,1.4,8.0,0.3,,,9.0,,1028.7,
2025-02-07,5.4,3.7,6.7,0.3,,,7.4,,1024.2,
2025-02-08,6.9,-0.6,11.8,0.3,,,6.5,,1022.9,
2025-02-09,4.8,0.5,9.3,0.0,,,13.1,,1025.9,
2025-02-10,8.1,1.3,11.4,0.3,,,6.9,,1025.4,
2025-02-11,10.2,0.8,14.0,0.0,,,12.0,,1022.8,
2025-02-12,11.2,2.7,14.9,0.0,,,9.8,,1020.1,
2025-02-13,9.5,3.3,10.7,1.1,,,9.7,,1017.8,
2025-02-14,8.9,5.1,11.1,8.9,,,13.1,,1019.4,
2025-02-15,10.5,2.8,13.5,0.0,,,11.6,,1016.4,
2025-02-16,13.1,4.9,17.0,0.0,,,7.5,,1014.6,
2025-02-17,11.5,5.6,14.1,0.0,,,8.8,,1015.9,
2025-02-18,11.4,1.8,15.3,0.0,,,6.3,,1019.0,
2025-02-19,12.8,4.3,16.4,0.0,,,9.4,,1021.3,
2025-02-20,11.3,3.8,15.2,0.0,,,10.7,,1024.6,
2025-02-21,11.1,3.4,15.1,0.0,,,7.7,,1026.6,
2025-02-22,12.3,3.7,15.5,0.0,,,13.8,,1026.4,
2025-02-23,10.7,3.7,13.7,0.0,,,11.1,,1027.2,
2025-02-24,7.7,3.4,13.3,0.4,,,7.2,,1029.5,
2025-02-25,11.8,3.2,15.3,0.0,,,9.5,,1025.2,
2025-02-26,7.0,0.9,12.7,2.3,,,18.9,,1022.7,
2025-02-27,8.8,-0.8,14.4,2.0,,,11.4,,1023.3,
2025-02-28,13.3,5.1,15.4,0.0,,,15.8,,1018.8,
2025-03-01,13.6,6.1,17.1,0.6,,,12.5,,1013.3,
2025-03-02,10.8,6.9,14.5,0.0,,,15.7,,1014.9,
2025-03-03,11.8,3.1,16.6,0.0,,,12.2,,1020.4,
2025-03-04,12.3,5.5,16.0,0.0,,,14.3,,1019.0,
2025-03-05,10.8,8.4,13.7,1.5,,,17.9,,1019.1,
2025-03-06,10.0,7.8,12.4,2.0,,,19.8,,1016.3,
2025-03-07,10.1,8.1,14.2,2.0,,,9.8,,1012.5,
2025-03-08,13.6,4.6,16.3,6.1,,,14.8,,1012.5,
2025-03-09,16.5,12.1,17.8,0.0,,,26.0,,1007.3,
2025-03-10,16.6,6.2,19.4,0.0,,,15.3,,1006.5,
2025-03-11,14.8,4.9,20.3,0.0,,,13.3,,1009.0,
2025-03-12,11.7,6.6,17.1,3.6,,,15.7,,1005.8,
2025-03-13,15.5,8.9,16.8,0.5,,,21.2,,1006.5,
2025-03-14,19.7,15.2,,0.0,,,,,,
2025-03-15,14.8,9.1,,,,,,,,
2025-03-16,13.2,4.4,,,,,,,,
2025-03-17,16.8,7.8,,,,,,,,
2025-03-18,17.2,9.4,,,,,,,,
2025-03-19,17.7,9.1,,,,,,,,
2025-03-20,19.1,13.4,,,,,,,,
2025-03-22,19.8,9.9,24.9,0.0,,,20.3,,1012.0,
2025-03-23,13.5,6.1,21.3,0.5,,,13.9,,1011.0,
2025-03-24,14.7,8.1,19.4,0.0,,,13.3,,1013.8,
2025-03-25,9.7,6.8,10.2,0.0,,,14.3,,1018.8,
2025-03-26,8.3,4.7,12.8,2.0,,,18.8,,1017.4,
2025-03-27,11.0,5.8,13.4,2.0,,,20.5,,1015.9,
2025-03-28,12.2,4.6,16.1,0.0,,,15.4,,1014.6,
2025-03-29,10.9,6.9,14.6,1.0,,,21.7,,1012.5,
2025-03-30,5.1,2.7,7.1,4.1,,,38.2,,1013.0,
2025-03-31,9.8,4.5,12.8,7.9,,,31.5,,1015.7,
2025-04-01,11.4,3.9,15.9,0.0,,,13.6,,1010.0,
2025-04-02,15.7,3.7,19.6,0.7,,,12.3,,1009.3,
2025-04-03,18.3,6.7,23.4,0.0,,,10.8,,1015.1,
2025-04-04,19.9,7.3,24.7,0.0,,,14.7,,1014.7,
2025-04-05,17.1,10.8,21.6,1.9,,,9.9,,1013.3,
2025-04-06,11.9,7.1,17.8,0.6,,,13.8,,1012.3,
2025-04-07,10.9,7.8,15.0,2.9,,,17.0,,1017.1,
2025-04-08,14.6,6.8,16.8,6.1,,,10.0,,1022.1,
2025-04-09,17.7,6.2,20.7,0.0,,,19.2,,1020.1,
2025-04-10,21.4,17.2,24.0,0.0,,,22.7,,1017.1,
2025-04-11,20.6,9.1,25.9,0.0,,,15.1,,1018.6,
2025-04-12,23.9,13.8,27.8,0.0,,,14.6,,1016.5,
2025-04-13,25.0,22.2,24.2,1.1,,,24.6,,1012.0,
2025-04-14,14.4,10.0,18.4,2.0,,,14.7,,1009.2,
2025-04-15,16.5,7.9,21.5,8.9,,,9.2,,1010.0,
2025-04-16,8.6,4.4,11.7,22.1,,,14.5,,1009.7,
2025-04-17,12.6,5.1,15.7,11.9,,,16.3,,1017.7,
2025-04-18,16.7,6.3,18.4,0.0,,,11.6,,1019.1,
2025-04-19,19.4,7.7,21.5,0.0,,,12.4,,1013.5,
2025-04-20,13.6,5.4,21.3,4.0,,,15.3,,1010.8,
2025-04-21,6.9,2.2,16.3,18.9,,,22.4,,1015.2,
2025-04-22,12.9,3.8,15.4,1.0,,,7.2,,1019.5,
2025-04-23,14.3,6.7,15.3,0.0,,,8.3,,1021.0,
2025-04-24,12.2,4.8,19.6,0.0,,,10.2,,1019.7,
2025-04-25,19.1,7.3,22.4,0.0,,,6.5,,1016.1,
2025-04-26,18.5,13.0,19.0,0.7,,,10.6,,1014.7,
2025-04-27,14.3,9.3,18.0,4.1,,,9.8,,1018.0,
2025-04-28,9.9,5.1,15.6,0.5,,,9.5,,1020.1,
2025-04-29,15.7,8.8,18.1,0.0,,,8.6,,1020.2,
2025-04-30,19.6,10.8,20.0,3.2,,,15.0,,1019.2,
2025-05-01,16.9,9.4,24.1,0.0,,,11.1,,1018.9,
2025-05-02,23.9,12.6,25.5,0.0,,,9.4,,1019.6,
2025-05-03,24.7,16.3,25.9,2.0,,,12.5,,1018.4,
2025-05-04,18.4,13.1,23.8,2.6,,,13.0,,1014.0,
2025-05-05,16.4,9.8,24.2,1.0,,,10.5,,1011.9,
2025-05-06,15.0,10.0,20.5,3.0,,,11.0,,1013.2,
2025-05-07,16.2,10.2,23.6,1.3,,,10.8,,1014.1,
2025-05-08,14.8,9.8,23.3,4.1,,,11.1,,1011.1,
2025-05-09,15.2,10.7,21.8,0.9,,,9.6,,1013.2,
2025-05-10,20.8,9.8,23.6,0.3,,,19.3,,1014.8,
2025-05-11,17.8,12.0,23.8,4.0,,,15.9,,1011.9,
2025-05-12,18.0,9.1,20.4,1.0,,,9.8,,1015.4,
2025-05-13,18.4,7.7,21.5,0.5,,,11.2,,1014.9,
2025-05-14,18.8,11.3,22.2,7.9,,,16.2,,1009.6,
2025-05-15,11.3,8.1,15.8,15.9,,,19.9,,1007.4,
2025-05-16,13.9,9.8,15.5,9.9,,,16.6,,1015.6,
2025-05-17,17.7,8.4,19.8,0.3,,,7.9,,1018.8,
2025-05-18,23.5,12.3,22.8,0.0,,,18.3,,1019.4,
2025-05-19,26.3,15.2,27.4,0.1,,,13.0,,1019.5,
2025-05-20,25.2,15.6,27.7,0.0,,,13.4,,1017.7,
2025-05-21,20.4,12.0,23.4,0.3,,,8.5,,1017.8,
2025-05-22,19.9,12.6,26.0,1.4,,,11.3,,1013.8,
2025-05-23,15.0,11.2,20.0,0.3,,,13.3,,1014.4,
2025-05-24,12.1,9.4,14.5,7.9,,,24.6,,1017.4,
2025-05-25,16.1,8.8,17.8,0.0,,,17.1,,1022.5,
2025-05-26,21.5,7.9,22.8,0.0,,,8.5,,1022.0,
2025-05-27,23.3,10.1,25.7,0.0,,,9.2,,1021.7,
2025-05-28,23.6,11.2,25.2,0.0,,,10.8,,1023.4,
2025-05-29,23.0,10.6,25.8,0.0,,,12.3,,1023.3,
2025-05-30,23.7,15.2,25.4,0.0,,,11.7,,1021.9,
2025-05-31,24.1,11.2,26.5,0.0,,,8.7,,1021.6,
2025-06-01,24.8,12.1,27.5,0.0,,,9.5,,1020.6,
2025-06-02,26.2,14.3,27.0,0.0,,,16.7,,1019.8,
2025-06-03,28.3,13.6,29.8,0.0,,,13.6,,1017.3,
2025-06-04,28.2,16.7,29.7,0.0,,,10.0,,1016.8,
2025-06-05,25.3,14.2,29.9,14.0,,,8.3,,1018.5,
2025-06-06,27.9,16.2,30.8,4.1,,,7.6,,1019.2,
2025-06-07,27.8,22.4,31.6,0.0,,,11.0,,1019.3,
2025-06-08,29.4,21.3,33.3,1.0,,,13.3,,1019.5,
2025-06-09,30.2,19.1,32.9,0.0,,,10.6,,1019.6,
2025-06-10,29.2,16.1,32.1,0.0,,,9.1,,1019.7,
2025-06-11,28.4,15.1,32.0,0.0,,,10.1,,1017.1,
2025-06-12,29.2,14.8,32.6,0.0,,,11.8,,1016.5,
2025-06-13,28.6,13.6,31.8,0.0,,,9.0,,1018.4,
2025-06-14,28.8,17.6,31.3,0.0,,,11.1,,1019.8,
2025-06-15,29.2,17.4,31.7,0.0,,,10.0,,1019.7,
2025-06-16,30.8,17.9,33.3,0.0,,,10.5,,1020.0,
2025-06-17,26.3,18.8,33.4,0.0,,,10.6,,1020.0,
2025-06-18,27.3,18.3,30.4,0.0,,,13.7,,1019.8,
2025-06-19,24.4,14.1,27.7,0.0,,,13.7,,1020.0,
2025-06-20,24.6,13.6,28.0,0.0,,,13.8,,1021.4,
2025-06-21,27.9,14.3,30.1,0.0,,,8.9,,1020.4,
2025-06-22,29.2,19.7,31.9,0.0,,,13.5,,1019.9,
2025-06-23,29.6,17.7,32.5,0.0,,,11.6,,1019.4,
2025-06-24,30.2,17.3,32.6,0.0,,,8.9,,1018.5,
2025-06-25,33.2,21.9,34.9,0.0,,,13.7,,1017.0,
2025-06-26,32.7,20.8,34.6,0.0,,,11.9,,1018.0,
2025-06-27,30.1,19.8,34.3,0.0,,,12.2,,1021.4,
2025-06-28,27.8,15.7,30.9,0.0,,,12.8,,1022.9,
2025-06-29,27.8,17.7,31.3,0.0,,,12.1,,1020.6,
2025-06-30,29.4,17.8,32.6,0.0,,,9.8,,1017.5,
2025-07-01,31.0,18.4,33.6,0.0,,,10.5,,1016.1,
2025-07-02,26.8,20.6,31.4,0.8,,,10.6,,1017.1,
2025-07-03,27.3,19.8,30.6,0.0,,,6.8,,1019.6,
2025-07-04,27.9,15.6,29.2,0.0,,,9.1,,1021.2,
2025-07-05,28.4,17.7,29.3,0.0,,,7.4,,1019.2,
2025-07-06,28.2,18.2,30.7,0.0,,,9.4,,1016.2,
2025-07-07,31.1,20.6,33.0,0.0,,,11.6,,1013.1,
2025-07-08,30.3,19.5,34.4,0.5,,,10.1,,1013.6,
2025-07-09,23.8,17.3,30.9,0.3,,,11.0,,1018.6,
2025-07-10,28.8,17.3,31.2,0.0,,,10.7,,1018.1,
2025-07-11,29.4,17.1,32.3,0.0,,,10.2,,1015.5,
2025-07-12,30.1,20.4,32.3,0.3,,,16.6,,1015.4,
2025-07-13,32.3,22.4,33.3,1.0,,,16.4,,1018.1,
2025-07-14,34.5,26.3,37.0,0.0,,,14.0,,1020.6,
2025-07-15,34.6,24.8,36.9,0.0,,,10.7,,1019.0,
2025-07-16,27.5,20.2,31.0,0.0,,,14.2,,1018.8,
2025-07-17,28.1,17.3,31.2,0.0,,,12.8,,1018.0,
2025-07-18,30.8,17.6,33.9,0.0,,,10.3,,1015.9,
2025-07-19,34.8,22.8,35.6,0.0,,,15.6,,1014.3,
2025-07-20,36.4,23.8,37.5,0.0,,,19.4,,1012.8,
2025-07-21,36.0,25.5,37.5,0.0,,,17.8,,1014.2,
2025-07-22,36.7,24.6,37.9,0.0,,,15.0,,1015.9,
2025-07-23,35.7,23.4,36.9,0.0,,,15.8,,1015.4,
2025-07-24,35.6,30.7,36.4,0.0,,,17.0,,1013.3,
2025-07-25,28.6,20.2,36.1,4.7,,,19.6,,1012.5,
2025-07-26,21.7,17.5,27.0,8.9,,,14.2,,1017.4,
2025-07-27,23.8,16.3,27.1,0.0,,,11.4,,1019.0,
2025-07-28,22.3,13.6,30.1,0.0,,,11.8,,1016.0,
2025-07-29,23.8,16.2,27.1,0.0,,,14.4,,1017.5,
2025-07-30,23.7,14.3,28.2,0.0,,,11.1,,1019.0,
2025-07-31,26.7,13.7,31.4,0.0,,,10.7,,1019.0,
2025-08-01,26.1,19.9,32.9,0.0,,,16.7,,1014.9,
2025-08-02,28.6,20.7,33.2,0.3,,,14.3,,1014.2,
2025-08-03,28.2,20.2,31.4,0.9,,,11.8,,1017.0,
2025-08-04,25.7,15.7,30.5,1.0,,,11.5,,1021.1,
2025-08-05,27.1,15.7,30.5,0.0,,,10.5,,1020.5,
2025-08-06,27.5,14.9,30.7,0.0,,,8.8,,1020.3,
2025-08-07,28.9,16.7,32.4,0.0,,,10.3,,1019.7,
2025-08-08,29.2,17.6,32.9,0.0,,,9.5,,1019.3,
2025-08-09,29.8,19.8,32.4,0.0,,,12.5,,1018.8,
2025-08-10,28.4,18.1,31.2,0.0,,,11.0,,1019.5,
2025-08-11,26.7,17.2,30.1,0.1,,,10.3,,1018.4,
2025-08-12,26.7,16.4,29.3,0.0,,,8.0,,1017.3,
2025-08-13,26.9,16.5,30.0,0.0,,,8.4,,1017.0,
2025-08-14,28.1,17.8,30.9,0.0,,,9.7,,1017.8,
2025-08-15,28.1,17.6,31.6,0.0,,,11.2,,1019.4,
2025-08-16,27.2,18.0,29.2,0.0,,,15.3,,1018.7,
2025-08-17,23.7,17.2,30.1,0.0,,,17.0,,1016.6,
2025-08-18,24.7,18.8,31.0,0.0,,,15.3,,1015.8,
2025-08-19,26.2,18.1,33.8,0.0,,,11.3,,1015.5,
2025-08-20,28.2,22.2,34.5,0.0,,,23.1,,1012.5,
2025-08-21,27.7,19.6,34.9,0.0,,,18.1,,1012.0,
2025-08-22,24.4,16.9,33.2,0.0,,,10.2,,1015.8,
2025-08-23,24.3,16.4,33.1,0.0,,,12.2,,1016.7,
2025-08-24,24.0,16.9,31.2,0.9,,,10.5,,1018.5,
2025-08-25,26.7,20.2,33.9,0.0,,,11.9,,1019.1,
2025-08-26,27.3,22.0,32.5,0.0,,,15.3,,1017.6,
2025-08-27,29.2,22.8,36.0,0.0,,,15.7,,1014.5,
2025-08-28,28.4,23.1,36.3,0.9,,,16.6,,1011.5,
2025-08-29,23.5,17.9,30.2,0.2,,,11.0,,1013.1,
2025-08-30,21.5,15.3,28.2,0.0,,,10.0,,1016.9,
2025-08-31,22.9,17.1,29.2,0.6,,,13.4,,1016.9,
2025-09-01,25.5,19.7,32.7,0.0,,,17.2,,1014.8,
2025-09-02,22.1,17.4,30.4,3.5,,,13.7,,1017.2,
2025-09-03,22.6,15.1,30.6,0.0,,,9.9,,1018.0,
2025-09-04,24.6,17.4,32.6,0.0,,,12.1,,1016.6,
2025-09-05,25.4,19.0,33.1,0.0,,,7.9,,1018.7,
2025-09-06,24.9,20.6,32.4,2.1,,,14.3,,1021.3,
2025-09-07,25.7,20.3,31.6,0.0,,,13.1,,1020.8,
2025-09-08,22.8,19.5,26.6,0.6,,,11.6,,1019.2,
2025-09-09,24.5,20.9,30.2,0.1,,,17.2,,1015.7,
2025-09-10,20.3,16.1,26.5,2.6,,,13.2,,1015.1,
2025-09-11,18.7,13.5,25.3,0.0,,,12.3,,1020.4,
2025-09-12,19.4,13.3,25.9,0.0,,,8.3,,1022.0,
2025-09-13,21.7,14.7,29.4,0.0,,,9.2,,1021.0,
2025-09-14,23.5,16.4,31.1,0.0,,,9.8,,1020.7,
2025-09-15,24.1,16.7,31.3,0.0,,,9.0,,1021.9,
2025-09-16,24.8,18.8,32.3,0.0,,,12.9,,1022.2,
2025-09-17,22.1,15.9,29.1,0.0,,,10.1,,1023.3,
2025-09-18,21.5,15.1,28.0,0.0,,,9.8,,1023.6,
2025-09-19,21.4,14.2,28.2,0.0,,,8.8,,1023.6,
2025-09-20,21.7,15.7,28.0,0.0,,,9.8,,1022.2,
2025-09-21,21.5,15.9,28.2,0.0,,,12.3,,1017.8,
2025-09-22,19.7,15.7,27.2,10.5,,,10.6,,1016.1,
2025-09-23,19.0,15.3,24.7,2.8,,,13.3,,1016.0,
2025-09-24,17.3,13.3,22.3,3.4,,,8.5,,1018.3,
2025-09-25,17.0,12.5,22.4,4.6,,,14.5,,1019.3,
2025-09-26,15.1,13.7,16.9,29.7,,,12.9,,1020.5,
2025-09-27,14.6,10.4,19.5,2.1,,,14.2,,1020.2,
2025-09-28,14.3,8.5,21.2,0.0,,,6.8,,1019.9,
2025-09-29,16.1,9.7,23.5,0.0,,,8.7,,1018.6,
2025-09-30,16.7,12.5,23.6,6.9,,,7.3,,1020.0,
2025-10-01,15.7,11.5,22.8,1.0,,,10.9,,1019.6,
2025-10-02,14.0,11.2,18.4,0.9,,,16.7,,1021.1,
2025-10-03,12.8,9.0,17.6,0.2,,,15.0,,1022.7,
2025-10-04,13.9,7.7,20.4,0.0,,,7.4,,1022.0,
2025-10-05,16.3,10.8,23.6,0.0,,,10.8,,1019.8,
2025-10-06,13.3,8.6,17.7,3.6,,,15.8,,1023.5,
2025-10-07,11.8,6.3,18.2,0.0,,,7.8,,1024.6,
2025-10-08,14.4,8.4,22.0,0.0,,,10.3,,1021.9,
2025-10-09,15.2,9.5,23.2,0.0,,,11.5,,1020.5,
2025-10-10,15.6,9.7,22.3,0.2,,,5.7,,1022.3,
2025-10-11,15.2,12.0,21.7,0.0,,,8.0,,1023.9,
2025-10-12,15.8,9.8,22.0,0.0,,,9.7,,1023.0,
2025-10-13,16.6,10.5,23.1,0.0,,,7.4,,1020.5,
2025-10-14,16.1,11.7,23.0,1.6,,,10.8,,1019.5,
2025-10-15,16.4,11.6,23.4,0.0,,,11.8,,1016.7,
2025-10-16,14.3,11.4,19.0,0.0,,,12.1,,1017.0,
2025-10-17,13.7,9.1,20.9,3.8,,,6.4,,1018.4,
2025-10-18,13.6,10.6,18.7,5.8,,,5.7,,1019.3,
2025-10-19,12.0,8.5,17.2,3.7,,,5.6,,1019.8,
2025-10-20,13.2,7.5,21.7,0.0,,,12.0,,1016.1,
2025-10-21,15.9,11.1,23.2,0.0,,,11.6,,1014.2,
2025-10-22,15.5,10.0,22.2,0.0,,,7.8,,1015.5,
2025-10-23,16.2,10.8,22.9,0.0,,,10.2,,1017.5,
2025-10-24,17.1,11.3,24.5,0.0,,,11.3,,1019.2,
2025-10-25,19.8,14.5,27.4,0.0,,,18.8,,1018.0,
2025-10-26,19.6,13.3,25.6,0.0,,,19.8,,1016.1,
2025-10-27,13.5,10.0,16.8,0.9,,,12.8,,1020.0,
2025-10-28,12.2,7.3,18.7,0.0,,,6.1,,1021.5,
2025-10-29,12.7,7.9,18.6,0.0,,,13.1,,1019.3,
2025-10-30,14.1,10.9,19.1,0.0,,,14.9,,1016.5,
2025-10-31,13.7,9.0,19.9,0.0,,,8.7,,1019.9,
2025-11-01,14.5,7.1,21.9,0.0,,,6.7,,1021.9,
2025-11-02,14.5,8.8,21.4,0.0,,,7.6,,1021.1,
2025-11-03,12.5,8.3,17.2,0.0,,,9.1,,1023.3,
2025-11-04,11.8,6.7,17.1,0.1,,,8.1,,1024.3,
2025-11-05,12.8,8.2,20.1,0.0,,,10.7,,1021.7,
2025-11-06,13.7,9.4,21.1,0.0,,,14.8,,1015.7,
2025-11-07,11.2,7.6,15.0,0.1,,,9.2,,1015.6,
2025-11-08,10.5,5.1,17.5,0.6,,,11.4,,1014.2,
2025-11-09,9.4,6.6,13.9,0.0,,,25.9,,1016.7,
2025-11-10,9.6,4.7,16.7,0.0,,,9.0,,1020.6,
2025-11-11,10.2,4.4,18.1,0.0,,,8.0,,1020.6,
2025-11-12,11.9,5.5,20.1,0.0,,,11.4,,1021.7,
2025-11-13,12.9,8.3,20.6,0.0,,,15.4,,1023.1,
2025-11-14,12.5,8.1,18.3,0.0,,,17.8,,1021.8,
2025-11-15,15.7,11.5,22.6,0.0,,,16.3,,1019.5,
2025-11-16,13.7,8.9,20.6,0.0,,,15.2,,1016.2,
2025-11-17,14.0,10.1,19.2,0.2,,,15.1,,1013.9,
2025-11-18,9.2,5.5,13.0,0.0,,,9.2,,1015.1,
2025-11-19,8.5,5.3,11.7,0.0,,,8.2,,1015.5,
2025-11-20,8.2,4.5,14.4,0.0,,,12.8,,1013.4,
2025-11-21,5.8,1.9,11.5,0.0,,,18.1,,1015.7,
2025-11-22,1.8,-1.6,5.5,0.0,,,20.3,,1024.4,
2025-11-23,3.2,-2.0,10.0,0.0,,,9.7,,1026.4,
2025-11-24,5.4,0.5,12.7,0.0,,,17.7,,1020.2,
2025-11-25,8.6,4.1,15.7,1.5,,,19.2,,1012.6,
2025-11-26,4.3,0.2,8.4,0.0,,,17.9,,1014.5,
2025-11-27,2.3,0.2,5.5,0.1,,,25.4,,1017.3,
2025-11-28,3.1,1.2,6.2,0.2,,,26.4,,1020.2,
2025-11-29,5.1,1.4,10.7,0.0,,,11.5,,1020.5,
2025-11-30,5.3,0.2,13.1,0.0,,,11.3,,1017.0,
2025-12-01,7.0,3.3,12.6,0.0,,,5.4,,1017.9,
2025-12-02,6.1,2.6,11.6,0.0,,,4.9,,1016.6,
2025-12-03,5.3,1.1,11.9,4.3,,,11.3,,1013.2,
2025-12-04,4.4,2.6,7.9,1.0,,,20.2,,1016.4,
2025-12-05,4.9,2.8,7.3,3.0,,,25.8,,1014.7,
2025-12-06,5.7,3.8,10.2,0.8,,,22.2,,1022.0,
2025-12-07,7.2,2.8,13.8,0.0,,,10.4,,1023.3,
2025-12-08,7.9,2.4,15.1,0.0,,,5.0,,1024.6,
2025-12-09,8.5,3.5,16.3,0.0,,,7.2,,1024.4,
2025-12-10,9.2,5.5,15.3,0.0,,,3.6,,1022.9,
2025-12-11,8.0,3.6,14.2,0.0,,,4.2,,1021.4,
2025-12-12,7.0,3.1,12.6,0.0,,,10.0,,1019.8,
2025-12-13,7.5,2.7,13.7,0.0,,,8.9,,1022.4,
2025-12-14,8.3,4.1,13.6,0.0,,,14.2,,1023.5,
2025-12-15,8.2,7.0,10.1,3.5,,,22.1,,1019.1,
2025-12-16,7.3,4.4,11.1,0.0,,,18.9,,1015.6,
2025-12-17,7.0,3.7,11.6,1.2,,,14.2,,1019.6,
2025-12-18,8.9,7.3,11.2,5.7,,,19.7,,1021.8,
2025-12-19,7.9,6.8,8.9,10.1,,,11.9,,1019.1,
2025-12-20,7.7,6.9,9.0,8.2,,,7.9,,1013.9,
2025-12-21,6.7,4.5,10.7,0.4,,,7.8,,1011.5,
2025-12-22,5.0,2.6,8.6,2.5,,,18.6,,1010.5,
2025-12-23,1.8,-2.6,8.6,0.0,,,12.7,,1011.6,
2025-12-24,3.2,-0.2,7.8,0.0,,,19.3,,1011.1,
2025-12-25,5.5,3.2,10.3,4.7,,,18.7,,1012.7,
2025-12-26,3.6,-0.1,10.6,0.2,,,11.6,,1013.5,
2025-12-27,3.5,-0.4,9.8,0.0,,,5.4,,1018.4,
2025-12-28,3.8,-0.9,11.0,0.0,,,7.7,,1019.6,
2025-12-29,3.1,-1.9,9.7,0.0,,,7.4,,1019.6,
2025-12-30,3.4,-0.4,8.7,0.0,,,8.2,,1019.1,
2025-12-31,3.7,-0.2,9.4,0.0,,,8.0,,1018.7,
2026-01-01,3.8,-0.1,10.0,0.0,,,9.6,,1020.7,
2026-01-02,5.8,1.8,11.0,0.0,,,24.0,,1018.1,
2026-01-03,7.9,4.8,12.6,0.0,,,27.4,,1013.0,
2026-01-04,7.0,4.1,12.4,1.1,,,18.9,,1006.5,
2026-01-05,7.6,4.1,12.9,0.0,,,18.2,,1004.7,
2026-01-06,6.1,2.4,11.1,3.7,,,12.3,,1007.1,
2026-01-07,0.7,-1.8,2.5,9.6,,,17.7,,1018.5,
2026-01-08,1.0,-2.5,7.7,0.0,,,14.2,,1028.6,
2026-01-09,4.5,-1.3,13.7,0.0,,,12.7,,1022.7,
2026-01-10,4.5,1.8,7.5,0.0,,,23.7,,1020.5,
2026-01-11,3.5,1.4,6.6,0.0,,,21.4,,1025.5,
2026-01-12,4.0,0.5,9.9,0.0,,,11.1,,1028.4,
2026-01-13,4.1,1.0,10.5,0.0,,,18.1,,1024.9,
2026-01-14,5.4,0.9,13.1,0.0,,,12.2,,1021.1,
2026-01-15,7.3,1.2,14.9,4.3,,,10.8,,1018.0,
2026-01-16,5.0,3.5,7.0,2.2,,,10.0,,1016.1,
2026-01-17,4.7,0.4,10.1,0.0,,,12.9,,1015.1,
2026-01-18,5.1,3.0,8.5,0.0,,,13.0,,1012.5,
2026-01-19,3.9,0.8,7.5,0.0,,,8.4,,1007.2,
2026-01-20,4.0,2.3,7.2,4.7,,,13.3,,1003.7,
2026-01-21,4.5,3.1,7.1,5.6,,,21.7,,1004.4,
2026-01-22,4.1,1.7,6.9,0.3,,,19.4,,1004.8,
2026-01-23,5.3,-0.9,11.0,0.6,,,18.9,,1007.5,
2026-01-24,5.6,0.1,10.1,7.6,,,13.3,,1006.2,
2026-01-25,1.8,-2.3,6.1,0.7,,,16.4,,1010.7,
2026-01-26,4.6,1.9,7.0,1.0,,,27.7,,1011.3,
2026-01-27,8.6,4.8,14.1,0.1,,,18.6,,1012.7,
2026-01-28,8.0,5.7,10.3,7.4,,,25.2,,1007.1,
2026-01-29,9.2,4.9,15.2,0.0,,,22.5,,1008.3,
2026-01-30,10.3,5.7,14.3,0.0,,,19.7,,1009.4,
2026-01-31,6.7,3.1,9.0,1.6,,,33.2,,1006.0,
2026-02-01,4.8,1.6,9.1,0.0,,,27.5,,1015.0,
2026-02-02,6.6,1.4,12.6,0.0,,,21.2,,1011.9,
2026-02-03,6.7,1.2,11.5,0.0,,,19.2,,1008.6,
2026-02-04,3.7,0.1,7.9,3.5,,,19.9,,1005.4,
2026-02-05,11.3,5.2,17.8,0.0,,,19.7,,1004.9,
2026-02-06,11.2,7.0,16.8,0.0,,,13.3,,1008.5,
2026-02-07,7.2,1.9,11.1,0.7,,,10.9,,1013.9,
2026-02-08,4.8,0.8,16.1,1.6,,,19.0,,1013.0,
2026-02-09,6.5,2.2,11.8,0.8,,,18.0,,1012.3,
2026-02-10,8.4,3.3,14.4,0.0,,,17.8,,1012.0,
2026-02-14,5.7,,,,,,21.2,,1002.1,
2026-02-15,3.6,1.0,6.6,1.2,,,33.6,,1016.8,
2026-02-16,6.6,0.0,13.6,0.0,,,15.3,,1021.2,
2026-02-17,9.0,7.0,12.4,0.7,,,26.3,,1020.4,
2026-02-18,8.4,2.4,15.0,0.0,,,14.8,,1021.0,
2026-02-19,9.5,2.7,17.4,0.0,,,20.5,,1017.4,
2026-02-20,4.6,0.9,9.0,0.0,,,22.3,,1025.2,
2026-02-21,4.4,0.7,9.3,0.0,,,20.5,,1030.2,
2026-02-22,6.7,1.7,13.2,0.0,,,13.7,,1030.3,
2026-02-23,8.2,0.8,16.8,0.0,,,7.3,,1026.7,
2026-02-24,8.9,2.0,17.7,0.0,,,6.7,,1023.1,
2026-02-25,9.9,3.2,18.2,0.0,,,8.2,,1022.1,
2026-02-26,10.4,3.6,18.0,0.0,,,7.3,,1025.4,
2026-02-27,10.8,3.4,18.5,0.0,,,7.5,,1024.6,
2026-02-28,10.7,4.2,18.2,0.0,,,8.4,,1022.0,
2026-03-01,11.1,6.5,17.4,0.0,,,7.2,,1022.3,
2026-03-02,11.1,6.1,17.1,0.0,,,15.8,,1020.6,
2026-03-03,12.0,9.6,16.1,1.2,,,24.9,,1018.5,
2026-03-04,13.5,7.6,19.4,0.3,,,20.8,,1018.7,
2026-03-05,11.8,7.4,14.9,0.5,,,28.6,,1013.8,
2026-03-06,8.3,2.4,13.9,0.0,,,11.3,,1015.0,
2026-03-07,9.2,2.6,15.8,0.0,,,8.0,,1020.1,
2026-03-08,10.0,4.2,16.4,0.0,,,7.7,,1021.4,
2026-03-09,8.4,3.9,14.9,2.0,,,8.8,,1021.1,
2026-03-10,8.2,4.0,13.7,0.0,,,11.1,,1020.4,
2026-03-11,8.2,3.8,13.8,0.0,,,9.7,,1021.7,
2026-03-12,7.7,4.7,12.7,0.2,,,10.2,,1024.6,
2026-03-13,7.8,3.6,13.1,0.2,,,10.7,,1020.6,
2026-03-14,8.1,0.4,15.1,0.0,,,13.6,,1010.1,
2026-03-15,3.9,0.9,7.9,5.8,,,21.8,,1005.4,
2026-03-16,3.9,0.7,9.1,10.2,,,34.9,,1011.4,
2026-03-17,6.0,3.4,11.1,1.5,,,31.9,,1015.3,
2026-03-18,7.4,-1.9,16.9,0.0,,,12.0,,1012.1,
2026-03-19,10.0,4.0,16.9,0.3,,,7.2,,1010.9,
2026-03-20,10.1,5.2,16.2,0.0,,,11.4,,1010.8,
2026-03-21,9.5,5.9,14.5,13.2,,,8.2,,1008.9,
2026-03-22,8.5,6.4,11.5,3.7,,,7.3,,1010.0,
2026-03-23,7.8,3.9,11.1,1.2,,,9.6,,1013.3,
2026-03-24,5.5,2.9,9.6,0.0,,,14.6,,1021.6,
2026-03-25,7.8,2.6,14.8,0.0,,,10.2,,1020.4,
2026-03-26,7.0,3.4,12.1,0.5,,,18.0,,1013.4,
2026-03-27,3.6,0.4,7.7,0.9,,,25.9,,1015.2,
2026-03-28,3.3,-0.1,7.0,0.0,,,20.0,,1018.9,
2026-03-29,4.3,2.2,7.5,8.5,,,13.6,,1015.7,
2026-03-30,3.8,1.4,8.3,5.0,,,16.8,,1018.6,
2026-03-31,3.7,0.5,6.7,2.0,,,33.7,,1013.9,
2026-04-01,1.6,-1.0,5.2,6.1,,,31.4,,1010.8,
2026-04-02,2.8,-0.4,6.8,0.8,,,28.9,,1011.5,
2026-04-03,4.5,1.6,8.1,0.4,,,25.5,,1017.8,
2026-04-04,5.9,2.8,10.6,0.1,,,20.2,,1024.9,
2026-04-05,7.1,1.4,13.3,0.0,,,6.8,,1027.4,
2026-04-06,9.8,2.6,17.4,0.0,,,9.6,,1026.8,
2026-04-07,11.6,6.1,18.2,0.0,,,13.5,,1025.0,
2026-04-08,12.1,5.4,19.0,0.0,,,10.1,,1022.6,
2026-04-09,13.3,6.6,21.4,0.0,,,6.1,,1020.8,
2026-04-10,14.3,6.6,22.1,0.0,,,8.1,,1019.1,
2026-04-11,16.5,9.0,24.9,0.0,,,13.7,,1013.0,
2026-04-12,13.7,8.1,17.7,0.7,,,21.4,,1002.6,
2026-04-13,9.8,5.5,15.1,4.8,,,12.3,,1005.5,
2026-04-14,5.0,1.9,8.7,18.4,,,21.3,,1014.7,
2026-04-15,5.9,2.9,9.4,0.6,,,24.4,,1018.9,
2026-04-16,8.7,5.4,13.9,0.2,,,24.6,,1020.3,
2026-04-17,9.9,5.0,15.9,0.0,,,10.7,,1020.4,
2026-04-18,11.0,5.2,17.2,0.0,,,7.3,,1020.0,
2026-04-19,13.2,5.9,19.9,0.0,,,7.8,,1019.0,
2026-04-20,15.4,10.2,21.3,0.0,,,15.5,,1016.3,
2026-04-21,17.2,12.2,24.0,0.0,,,15.6,,1013.3,
2026-04-22,17.5,11.1,24.7,0.2,,,12.1,,1013.7,
2026-04-23,15.9,10.2,22.6,0.0,,,8.6,,1016.5,
2026-04-24,14.3,9.1,21.7,6.5,,,10.3,,1016.0,
2026-04-25,12.9,9.9,16.2,4.3,,,8.0,,1017.4,
2026-04-26,14.5,8.5,22.0,2.2,,,7.2,,1018.2,
2026-04-27,13.9,8.2,19.2,3.9,,,10.0,,1017.3,
2026-04-28,16.6,8.9,24.0,0.2,,,8.6,,1013.2,
2026-04-29,16.8,11.5,24.8,3.9,,,13.5,,1013.1,
2026-04-30,17.5,10.5,24.2,0.2,,,8.8,,1015.4,
2026-05-01,14.6,11.7,19.4,17.1,,,11.3,,1018.1,
2026-05-02,13.1,9.3,18.1,0.4,,,10.7,,1021.4,
2026-05-03,14.0,8.6,19.3,0.0,,,14.1,,1019.5,
2026-05-04,15.8,10.7,22.1,0.0,,,15.5,,1017.1,
2026-05-05,16.2,10.7,23.2,0.4,,,11.6,,1014.1,
2026-05-06,13.1,9.5,17.4,10.1,,,13.0,,1011.3,
2026-05-07,14.1,7.7,22.5,1.2,,,14.1,,1009.9,
2026-05-08,16.2,8.5,24.2,0.0,,,11.9,,1012.8,
2026-05-09,20.0,14.1,26.6,0.0,,,20.3,,1012.3,
2026-05-10,16.8,10.6,23.6,0.0,,,9.8,,1017.0,
2026-05-11,19.8,13.6,26.6,0.0,,,20.6,,1016.2,
2026-05-12,19.1,11.0,28.3,0.0,,,12.9,,1016.0,
2026-05-13,15.7,10.2,22.0,0.0,,,14.0,,1016.4,
2026-05-14,15.5,8.0,22.1,0.2,,,15.2,,1012.9,
2026-05-15,14.9,12.5,21.0,9.2,,,15.4,,1008.3,
2026-05-16,13.1,9.2,17.1,0.0,,,14.3,,1012.5,
2026-05-17,11.1,6.9,15.9,0.8,,,12.5,,1016.9,
2026-05-18,12.5,8.1,17.7,1.3,,,11.3,,1018.7,
2026-05-19,14.0,7.0,20.2,0.0,,,8.5,,1022.8,
2026-05-20,17.0,9.9,23.8,0.0,,,9.7,,1024.5,
2026-05-21,17.2,11.4,23.5,0.0,,,11.5,,1024.9,
2026-05-22,17.1,10.1,23.8,0.0,,,11.3,,1025.1,
2026-05-23,17.9,10.5,24.9,0.0,,,10.0,,1024.0,
2026-05-24,18.0,10.6,24.6,0.0,,,9.4,,1023.9,
2026-05-25,18.6,11.3,25.2,0.0,,,9.2,,1025.8,
2026-05-26,18.3,12.0,24.9,0.4,,,9.1,,1025.6,
2026-05-27,19.0,11.9,24.4,0.0,,,9.8,,1022.5,
2026-05-28,20.5,13.4,26.5,0.0,,,9.3,,1020.2,
2026-05-29,21.2,14.0,27.2,0.0,,,9.6,,1020.4,
2026-05-30,20.7,14.8,27.6,0.6,,,12.1,,1019.8,
2026-05-31,20.5,13.7,26.6,0.0,,,10.7,,1018.3,
2026-06-01,20.5,13.2,27.5,0.0,,,10.0,,1018.3,
2026-06-02,22.8,14.6,30.3,0.0,,,11.4,,1016.8,
2026-06-03,24.1,18.5,31.0,0.1,,,13.8,,1015.4,
2026-06-04,23.7,14.5,31.1,0.0,,,11.5,,1013.8,
2026-06-05,25.3,16.3,33.2,0.0,,,10.4,,1013.2,
2026-06-06,26.3,19.8,34.1,0.0,,,13.9,,1016.8,
2026-06-07,23.9,17.0,33.4,5.5,,,10.2,,1020.7,
2026-06-08,21.2,17.8,25.1,7.7,,,10.9,,1020.5,
2026-06-09,23.9,16.2,30.6,0.0,,,8.7,,1016.8,
2026-06-10,24.6,19.9,30.8,1.3,,,14.3,,1016.0,
2026-06-11,20.6,15.8,25.8,0.2,,,9.7,,1020.4,
2026-06-12,18.2,11.9,24.7,0.0,,,13.1,,1024.2,
2026-06-13,22.3,14.6,29.5,0.0,,,9.0,,1021.8,
2026-06-14,24.5,18.3,33.2,6.4,,,14.2,,1018.0,
2026-06-15,23.6,16.6,30.9,4.6,,,14.3,,1015.2,
2026-06-16,21.2,15.4,28.2,0.0,,,8.2,,1017.8,
2026-06-17,22.2,15.4,30.5,3.3,,,9.4,,1020.5,
2026-06-18,23.1,17.8,29.8,0.6,,,9.5,,1020.1,
2026-06-19,23.9,18.4,31.1,0.9,,,10.1,,1018.7,
2026-06-20,25.4,18.8,31.8,0.0,,,11.0,,1020.3,
2026-06-21,25.8,19.0,32.2,0.0,,,12.1,,1023.0,
2026-06-22,25.4,18.6,32.0,0.0,,,10.0,,1021.5,
2026-06-23,23.5,18.9,30.9,2.3,,,10.5,,1018.9,
2026-06-24,22.1,17.1,27.3,2.0,,,8.5,,1017.9,
2026-06-25,24.5,16.8,31.0,0.0,,,9.0,,1017.4,
2026-06-26,25.6,19.2,31.8,0.0,,,10.4,,1019.0,
2026-06-27,26.5,18.3,33.4,0.0,,,11.3,,1019.3,
2026-06-28,25.9,17.6,32.4,0.0,,,10.0,,1019.7,
2026-06-29,25.5,20.6,32.5,4.3,,,14.0,,1019.2,
2026-06-30,23.2,17.7,31.2,0.0,,,8.8,,1020.1,
2026-07-01,23.2,16.8,29.7,0.6,,,9.9,,1019.9,
2026-07-02,22.2,16.9,28.7,0.0,,,14.4,,1019.4,
2026-07-03,20.7,14.0,28.2,0.0,,,19.7,,1020.6,
2026-07-04,21.8,14.8,28.9,0.0,,,13.6,,1023.0,
2026-07-05,22.6,15.7,29.2,0.0,,,11.4,,1021.9,
2026-07-06,24.4,16.8,31.2,0.0,,,10.6,,1020.5,
2026-07-07,25.4,18.5,31.9,0.0,,,11.6,,1020.7,
2026-07-08,24.9,17.4,31.8,0.0,,,10.0,,1019.7,
2026-07-09,26.8,18.8,33.7,0.0,,,11.2,,1015.2,
2026-07-10,28.6,20.2,35.9,0.0,,,10.6,,1013.8,
2026-07-11,29.8,24.5,36.8,0.3,,,16.4,,1015.7,
2026-07-12,31.0,23.9,37.6,0.0,,,11.4,,1016.9,
2026-07-13,31.7,23.5,39.1,0.0,,,12.0,,1017.9,
2026-07-14,32.0,24.2,39.2,0.0,,,11.9,,1019.9,
2026-07-15,32.1,24.2,39.9,0.0,,,11.4,,1021.1,
2026-07-16,33.0,25.7,39.6,0.0,,,8.7,,1020.9,
2026-07-17,32.4,24.5,39.3,0.1,,,12.1,,1019.2,
2026-07-18,31.9,25.8,38.8,0.1,,,9.4,,1018.4,
2026-07-19,32.0,24.7,38.6,0.0,,,12.0,,1018.0,
2026-07-20,32.6,25.6,38.5,0.0,,,10.4,,1019.2,
2026-07-21,32.2,25.4,38.3,0.0,,,11.6,,1019.5,
