time,tavg,tmin,tmax,prcp,snow,wdir,wspd,wpgt,pres,tsun
1996-01-01,17.2,6.7,27.6,0.0,,,,,,
1996-01-02,18.8,6.9,26.5,0.0,,,,,,
1996-01-03,18.9,7.5,28.2,0.0,,,,,,
1996-01-04,17.8,7.6,27.1,0.0,,,,,,
1996-01-05,18.3,9.5,26.5,0.0,,,,,,
1996-01-06,16.6,7.6,24.5,0.0,,,,,,
1996-01-07,14.7,6.0,24.4,0.0,,,,,,
1996-01-08,18.9,7.4,26.0,0.0,,,,,,
1996-01-09,15.9,6.0,25.6,0.0,,,,,,
1996-01-10,15.5,5.2,24.6,0.0,,,,,,
1996-01-11,13.6,7.9,22.0,0.0,,,,,,
1996-01-12,12.8,3.6,20.9,0.0,,,,,,
1996-01-13,12.4,8.0,18.8,0.0,,,,,,
1996-01-14,11.8,1.4,18.6,0.0,,,,,,
1996-01-15,13.4,4.0,20.8,0.0,,,,,,
1996-01-16,14.4,6.2,21.4,0.0,,,,,,
1996-01-17,15.1,9.7,21.4,0.0,,,,,,
1996-01-18,14.1,9.5,20.0,0.0,,,,,,
1996-01-19,11.4,4.5,17.5,0.0,,,,,,
1996-01-20,12.8,1.5,16.3,0.0,,,,,,
1996-01-21,12.6,2.2,19.1,0.0,,,,,,
1996-01-22,12.4,5.3,19.9,0.0,,,,,,
1996-01-23,13.1,2.7,22.2,0.0,,,,,,
1996-01-24,13.8,3.5,21.8,0.0,,,,,,
1996-01-25,13.7,7.6,18.3,0.0,,,,,,
1996-01-26,11.3,2.5,21.2,0.0,,,,,,
1996-01-27,14.4,6.7,22.9,0.0,,,,,,
1996-01-28,18.9,8.0,26.3,0.0,,,,,,
1996-01-29,17.6,8.2,25.1,0.0,,,,,,
1996-01-30,15.7,7.7,23.0,0.0,,,,,,
1996-01-31,17.3,10.6,24.7,0.0,,,,,,
1996-02-01,17.6,8.4,25.0,0.0,,,,,,
1996-02-02,17.6,7.1,26.6,0.0,,,,,,
1996-02-03,18.2,8.8,26.6,0.0,,,,,,
1996-02-04,19.2,11.3,26.9,0.0,,,,,,
1996-02-05,17.7,10.3,25.7,0.0,,,,,,
1996-02-06,16.0,8.6,23.2,0.0,,,,,,
1996-02-07,13.7,6.7,25.8,0.0,,,,,,
1996-02-08,16.0,7.0,24.5,0.0,,,,,,
1996-02-09,17.4,9.0,24.6,0.0,,,,,,
1996-02-10,15.7,7.8,23.0,0.0,,,,,,
1996-02-11,16.5,5.6,24.7,0.0,,,,,,
1996-02-12,15.7,8.0,23.2,0.0,,,,,,
1996-02-13,,6.5,22.0,0.0,,,,,,
1996-02-14,,9.5,22.3,0.0,,,,,,
1996-02-15,17.6,6.5,24.1,0.0,,,,,,
1996-02-16,15.2,8.0,24.3,0.0,,,,,,
1996-02-17,,6.5,23.2,0.0,,,,,,
1996-02-18,12.2,2.5,20.6,0.0,,,,,,
1996-02-19,12.1,4.0,19.5,0.0,,,,,,
1996-02-20,14.8,4.5,23.2,0.0,,,,,,
1996-02-21,17.1,6.7,23.5,0.0,,,,,,
1996-02-22,18.7,10.5,23.9,0.0,,,,,,
1996-02-23,17.5,13.4,22.7,0.0,,,,,,
1996-02-24,15.9,7.4,24.6,0.0,,,,,,
1996-02-25,22.6,9.5,27.8,0.0,,,,,,
1996-02-26,22.2,14.1,27.9,0.0,,,,,,
1996-02-27,18.4,14.4,21.8,0.0,,,,,,
1996-02-28,10.5,4.0,21.0,0.0,,,,,,
1996-02-29,14.7,1.6,20.9,0.0,,,,,,
1996-03-01,13.9,3.4,22.3,0.0,,,,,,
1996-03-02,13.4,3.4,21.8,0.0,,,,,,
1996-03-03,16.1,8.3,23.3,0.0,,,,,,
1996-03-04,16.6,8.4,25.5,0.0,,,,,,
1996-03-05,21.0,15.3,26.7,0.0,,,,,,
1996-03-06,19.7,13.5,24.0,0.0,,,,,,
1996-03-07,21.7,16.6,27.2,0.0,,,,,,
1996-03-08,22.1,15.2,27.4,0.0,,,,,,
1996-03-09,22.1,17.4,26.7,0.0,,,,,,
1996-03-10,19.4,15.5,24.4,0.0,,,,,,
1996-03-11,18.3,12.5,24.3,1.0,,,,,,
1996-03-12,14.5,12.0,15.9,14.0,,,,,,
1996-03-13,12.4,8.6,16.3,0.0,,,,,,
1996-03-14,12.2,6.0,19.4,0.0,,,,,,
1996-03-15,14.0,9.3,20.0,0.0,,,,,,
1996-03-16,15.6,5.1,24.0,0.0,,,,,,
1996-03-17,17.4,7.5,23.9,0.0,,,,,,
1996-03-18,15.9,8.5,22.5,0.0,,,,,,
1996-03-19,17.6,7.8,24.7,0.0,,,,,,
1996-03-20,18.4,9.8,26.1,0.0,,,,,,
1996-03-21,19.9,10.5,27.5,0.0,,,,,,
1996-03-22,20.2,11.8,27.1,0.0,,,,,,
1996-03-23,22.7,16.8,27.5,0.0,,,,,,
1996-03-24,19.1,13.8,26.7,0.0,,,,,,
1996-03-25,20.0,15.0,26.3,0.0,,,,,,
1996-03-26,21.2,14.6,26.0,0.0,,,,,,
1996-03-27,20.9,11.6,28.0,0.0,,,,,,
1996-03-28,21.1,11.2,28.5,0.0,,,,,,
1996-03-29,22.9,14.0,30.1,0.0,,,,,,
1996-03-30,25.4,15.8,30.6,0.0,,,,,,
1996-03-31,24.6,13.4,31.3,0.0,,,,,,
1996-04-01,24.1,16.0,30.2,0.0,,,,,,
1996-04-02,22.2,12.3,30.2,0.0,,,,,,
1996-04-03,23.4,12.2,30.5,0.0,,,,,,
1996-04-04,21.9,12.5,30.4,0.0,,,,,,
1996-04-05,22.6,11.8,30.6,0.0,,,,,,
1996-04-06,21.8,13.3,28.7,0.0,,,,,,
1996-04-07,20.4,10.4,29.0,0.0,,,,,,
1996-04-08,21.1,11.0,29.0,0.0,,,,,,
1996-04-09,21.3,12.7,27.7,0.0,,,,,,
1996-04-10,18.2,8.6,27.6,0.0,,,,,,
1996-04-11,20.9,15.6,26.5,0.0,,,,,,
1996-04-12,20.0,15.0,26.1,0.0,,,,,,
1996-04-13,22.0,17.8,27.4,0.0,,,,,,
1996-04-14,23.3,18.8,29.0,0.0,,,,,,
1996-04-15,21.1,15.5,25.0,4.0,,,,,,
1996-04-16,15.8,10.0,18.4,11.0,,,,,,
1996-04-17,19.7,8.8,24.7,0.0,,,,,,
1996-04-18,19.6,12.8,27.5,0.0,,,,,,
1996-04-19,22.6,14.1,29.0,0.0,,,,,,
1996-04-20,24.2,17.6,29.4,0.0,,,,,,
1996-04-21,24.6,19.5,29.3,0.0,,,,,,
1996-04-22,24.5,21.1,28.0,0.0,,,,,,
1996-04-23,25.5,21.6,29.7,0.0,,,,,,
1996-04-24,26.3,19.2,31.7,5.0,,,,,,
1996-04-25,24.5,17.6,29.4,0.0,,,,,,
1996-04-26,20.7,11.5,28.0,0.0,,,,,,
1996-04-27,21.6,12.4,29.0,0.0,,,,,,
1996-04-28,22.7,14.0,29.4,0.0,,,,,,
1996-04-29,21.7,14.6,28.4,0.0,,,,,,
1996-04-30,21.8,13.6,28.6,0.0,,,,,,
1996-05-01,23.6,13.6,30.2,0.0,,,,,,
1996-05-02,23.5,15.5,30.2,0.0,,,,,,
1996-05-03,24.1,13.8,32.5,0.0,,,,,,
1996-05-04,24.0,15.5,32.2,0.0,,,,,,
1996-05-05,24.7,15.5,33.5,0.0,,,,,,
1996-05-06,27.4,17.5,35.8,0.0,,,,,,
1996-05-07,28.9,21.0,35.9,0.0,,,,,,
1996-05-08,30.1,18.6,36.2,0.0,,,,,,
1996-05-09,29.3,17.9,36.9,0.0,,,,,,
1996-05-10,29.1,20.0,37.0,0.0,,,,,,
1996-05-11,29.4,20.5,35.6,0.0,,,,,,
1996-05-12,28.4,20.0,36.1,0.0,,,,,,
1996-05-13,28.2,22.0,36.1,0.0,,,,,,
1996-05-14,29.7,21.5,35.7,0.0,,,,,,
1996-05-15,29.0,20.2,36.4,0.0,,,,,,
1996-05-16,30.7,24.2,36.0,0.0,,,,,,
1996-05-17,32.7,25.3,36.8,0.0,,,,,,
1996-05-18,32.3,27.6,36.7,0.0,,,,,,
1996-05-19,30.5,24.0,35.7,0.0,,,,,,
1996-05-20,29.6,22.9,35.6,0.0,,,,,,
1996-05-21,29.1,21.6,35.5,0.0,,,,,,
1996-05-22,30.0,23.0,35.2,0.0,,,,,,
1996-05-23,28.8,22.0,34.9,0.0,,,,,,
1996-05-24,29.6,22.6,35.0,0.0,,,,,,
1996-05-25,29.2,24.2,35.5,0.0,,,,,,
1996-05-26,27.8,21.0,34.6,0.0,,,,,,
1996-05-27,28.1,19.6,34.8,0.0,,,,,,
1996-05-28,26.8,23.6,31.6,0.0,,,,,,
1996-05-29,26.8,21.0,33.6,0.0,,,,,,
1996-05-30,27.3,22.0,34.0,0.0,,,,,,
1996-05-31,,22.6,33.2,2.0,,,,,,
1996-06-01,,22.4,32.2,5.0,,,,,,
1996-06-02,25.9,19.5,32.6,0.0,,,,,,
1996-06-03,25.7,23.2,30.4,3.0,,,,,,
1996-06-04,,16.5,29.3,5.0,,,,,,
1996-06-05,23.2,19.9,27.4,0.0,,,,,,
1996-06-06,22.4,20.3,25.6,0.0,,,,,,
1996-06-07,25.6,18.5,33.5,0.0,,,,,,
1996-06-08,28.7,21.2,34.2,0.0,,,,,,
1996-06-09,28.7,22.9,33.4,0.0,,,,,,
1996-06-10,27.3,22.1,33.4,0.0,,,,,,
1996-06-11,28.1,23.4,33.2,1.0,,,,,,
1996-06-12,27.6,22.0,32.5,0.0,,,,,,
1996-06-13,27.9,24.0,32.5,0.0,,,,,,
1996-06-14,27.8,20.4,33.2,0.0,,,,,,
1996-06-15,28.7,20.5,34.6,0.0,,,,,,
1996-06-16,28.8,19.5,35.6,0.0,,,,,,
1996-06-17,28.8,18.8,36.1,0.0,,,,,,
1996-06-18,28.1,18.8,35.0,0.0,,,,,,
1996-06-19,30.4,19.5,35.5,0.0,,,,,,
1996-06-20,29.3,19.5,35.7,0.0,,,,,,
1996-06-21,30.9,22.8,37.1,0.0,,,,,,
1996-06-22,32.7,24.0,37.7,0.0,,,,,,
1996-06-23,32.1,22.9,38.2,0.0,,,,,,
1996-06-24,32.4,25.5,37.6,0.0,,,,,,
1996-06-25,32.5,26.1,37.1,0.0,,,,,,
1996-06-26,31.3,24.3,36.9,0.0,,,,,,
1996-06-27,30.9,25.2,36.9,0.0,,,,,,
1996-06-28,30.4,23.4,36.5,0.0,,,,,,
1996-06-29,30.0,24.4,35.3,0.0,,,,,,
1996-06-30,28.4,21.2,34.5,0.0,,,,,,
1996-07-01,27.9,22.2,34.4,0.0,,,,,,
1996-07-02,,21.9,34.7,0.0,,,,,,
1996-07-03,30.9,20.5,37.2,0.0,,,,,,
1996-07-04,32.9,21.1,36.5,0.0,,,,,,
1996-07-05,30.5,22.6,36.5,0.0,,,,,,
1996-07-06,28.1,21.7,34.3,0.0,,,,,,
1996-07-07,30.1,18.6,34.6,0.0,,,,,,
1996-07-08,29.4,17.6,35.6,0.0,,,,,,
1996-07-09,31.8,25.5,37.2,0.0,,,,,,
1996-07-10,31.9,23.5,36.5,0.0,,,,,,
1996-07-11,29.8,24.9,35.4,0.0,,,,,,
1996-07-12,29.1,23.0,36.0,0.0,,,,,,
1996-07-13,30.1,22.5,35.4,0.0,,,,,,
1996-07-14,28.8,23.6,35.6,0.0,,,,,,
1996-07-15,28.2,23.2,35.2,0.0,,,,,,
1996-07-16,29.9,23.0,36.3,0.0,,,,,,
1996-07-17,30.7,21.5,37.0,0.0,,,,,,
1996-07-18,31.1,21.2,37.2,0.0,,,,,,
1996-07-19,31.6,23.5,37.2,0.0,,,,,,
1996-07-20,31.0,28.0,36.0,0.0,,,,,,
1996-07-21,31.3,26.0,35.5,0.0,,,,,,
1996-07-22,28.8,23.0,34.8,0.0,,,,,,
1996-07-23,29.6,24.4,34.5,0.0,,,,,,
1996-07-24,29.4,25.2,34.3,0.0,,,,,,
1996-07-25,29.2,22.9,34.6,0.0,,,,,,
1996-07-26,27.9,21.6,33.5,0.0,,,,,,
1996-07-27,26.3,21.5,33.2,0.0,,,,,,
1996-07-28,28.4,21.5,34.2,0.0,,,,,,
1996-07-29,29.1,22.8,34.7,0.0,,,,,,
1996-07-30,29.3,20.9,34.3,0.0,,,,,,
1996-07-31,27.9,19.8,34.3,0.0,,,,,,
1996-08-01,29.9,21.9,34.8,0.0,,,,,,
1996-08-02,28.9,22.5,34.3,0.0,,,,,,
1996-08-03,26.7,22.8,31.8,4.0,,,,,,
1996-08-04,30.9,21.0,36.2,0.0,,,,,,
1996-08-05,30.7,24.5,35.6,0.0,,,,,,
1996-08-06,30.2,25.2,35.4,0.0,,,,,,
1996-08-07,29.4,21.7,35.7,0.0,,,,,,
1996-08-08,28.8,21.0,35.6,0.0,,,,,,
1996-08-09,29.9,23.0,35.5,0.0,,,,,,
1996-08-10,28.2,19.4,36.5,0.0,,,,,,
1996-08-11,30.2,21.5,36.5,0.0,,,,,,
1996-08-12,30.8,24.5,36.8,0.0,,,,,,
1996-08-13,31.1,26.0,36.0,0.0,,,,,,
1996-08-14,30.2,20.2,35.2,0.0,,,,,,
1996-08-15,29.8,22.4,36.2,0.0,,,,,,
1996-08-16,32.4,22.1,37.0,0.0,,,,,,
1996-08-17,31.5,22.9,35.1,0.0,,,,,,
1996-08-18,29.3,21.5,34.8,0.0,,,,,,
1996-08-19,28.7,22.1,36.2,0.0,,,,,,
1996-08-20,30.4,23.3,36.1,0.0,,,,,,
1996-08-21,30.2,24.7,35.4,0.0,,,,,,
1996-08-22,30.4,23.3,35.8,0.0,,,,,,
1996-08-23,30.7,20.4,36.5,0.0,,,,,,
1996-08-24,31.4,26.1,36.6,0.0,,,,,,
1996-08-25,31.1,26.5,36.5,0.0,,,,,,
1996-08-26,30.2,22.8,36.7,0.0,,,,,,
1996-08-27,30.6,23.0,36.5,0.0,,,,,,
1996-08-28,29.2,21.7,34.2,0.0,,,,,,
1996-08-29,29.1,23.7,34.4,0.0,,,,,,
1996-08-30,29.1,23.5,34.1,0.0,,,,,,
1996-08-31,29.6,25.4,34.3,0.0,,,,,,
1996-09-01,29.3,22.0,34.5,0.0,,,,,,
1996-09-02,29.3,22.1,35.8,0.0,,,,,,
1996-09-03,25.2,21.4,35.8,0.0,,,,,,
1996-09-04,29.3,22.1,36.0,0.0,,,,,,
1996-09-05,29.4,21.6,34.8,0.0,,,,,,
1996-09-06,29.3,21.0,35.6,0.0,,,,,,
1996-09-07,29.3,23.5,35.2,0.0,,,,,,
1996-09-08,29.4,25.1,34.5,0.0,,,,,,
1996-09-09,26.2,21.6,33.7,1.0,,,,,,
1996-09-10,29.6,21.6,34.6,0.0,,,,,,
1996-09-11,30.0,22.5,35.0,0.0,,,,,,
1996-09-12,29.6,20.7,35.2,0.0,,,,,,
1996-09-13,30.4,25.5,35.2,0.0,,,,,,
1996-09-14,29.3,24.1,34.6,0.0,,,,,,
1996-09-15,29.2,22.7,34.8,0.0,,,,,,
1996-09-16,31.1,24.6,34.8,0.0,,,,,,
1996-09-17,30.7,19.5,34.2,0.0,,,,,,
1996-09-18,27.9,19.1,34.6,0.0,,,,,,
1996-09-19,27.9,21.6,34.5,0.0,,,,,,
1996-09-20,28.6,22.4,35.2,0.0,,,,,,
1996-09-21,30.5,21.6,35.4,0.0,,,,,,
1996-09-22,28.8,21.2,35.5,0.0,,,,,,
1996-09-23,27.0,21.6,33.2,0.0,,,,,,
1996-09-24,28.5,19.8,34.0,0.0,,,,,,
1996-09-25,28.7,21.0,35.3,0.0,,,,,,
1996-09-26,28.1,18.8,35.1,0.0,,,,,,
1996-09-27,27.3,19.5,35.4,0.0,,,,,,
1996-09-28,28.7,25.6,33.4,0.0,,,,,,
1996-09-29,26.2,20.5,31.2,0.0,,,,,,
1996-09-30,24.3,19.2,30.3,2.0,,,,,,
1996-10-01,24.4,18.5,30.5,0.0,,,,,,
1996-10-02,25.2,17.2,31.6,0.0,,,,,,
1996-10-03,25.1,17.0,32.0,0.0,,,,,,
1996-10-04,25.7,18.6,32.5,0.0,,,,,,
1996-10-05,23.8,16.0,32.0,0.0,,,,,,
1996-10-06,26.4,15.5,32.9,0.0,,,,,,
1996-10-07,27.1,15.8,34.0,0.0,,,,,,
1996-10-08,26.5,17.6,34.0,0.0,,,,,,
1996-10-09,24.8,18.0,32.2,0.0,,,,,,
1996-10-10,24.1,14.0,32.8,0.0,,,,,,
1996-10-11,23.7,14.0,30.9,0.0,,,,,,
1996-10-12,24.8,15.4,31.3,0.0,,,,,,
1996-10-13,25.9,20.0,31.0,0.0,,,,,,
1996-10-14,25.4,17.4,30.9,0.0,,,,,,
1996-10-15,24.6,16.8,31.2,0.0,,,,,,
1996-10-16,24.7,17.4,30.8,0.0,,,,,,
1996-10-17,22.4,16.1,30.3,0.0,,,,,,
1996-10-18,21.8,13.0,30.5,0.0,,,,,,
1996-10-19,22.4,14.8,31.0,0.0,,,,,,
1996-10-20,23.5,14.7,30.4,0.0,,,,,,
1996-10-21,22.7,16.3,30.2,0.0,,,,,,
1996-10-22,22.8,15.5,29.4,0.0,,,,,,
1996-10-23,22.0,13.0,29.0,0.0,,,,,,
1996-10-24,20.8,12.5,29.8,0.0,,,,,,
1996-10-25,21.0,12.3,28.7,0.0,,,,,,
1996-10-26,21.4,12.3,28.2,0.0,,,,,,
1996-10-27,21.5,11.6,28.3,0.0,,,,,,
1996-10-28,20.7,12.7,27.5,0.0,,,,,,
1996-10-29,20.1,14.5,26.2,0.0,,,,,,
1996-10-30,19.2,11.0,26.5,0.0,,,,,,
1996-10-31,20.2,9.8,27.4,0.0,,,,,,
1996-11-01,22.0,14.5,27.8,0.0,,,,,,
1996-11-02,19.3,13.0,24.5,0.0,,,,,,
1996-11-03,19.3,12.6,24.5,0.0,,,,,,
1996-11-04,17.6,13.5,23.8,0.0,,,,,,
1996-11-05,17.0,10.8,23.6,0.0,,,,,,
1996-11-06,16.7,12.4,23.0,0.0,,,,,,
1996-11-07,15.9,7.4,23.4,0.0,,,,,,
1996-11-08,19.4,9.8,24.9,0.0,,,,,,
1996-11-09,17.3,12.4,23.1,0.0,,,,,,
1996-11-10,15.6,11.4,22.1,0.0,,,,,,
1996-11-11,16.6,10.0,23.0,0.0,,,,,,
1996-11-12,17.8,7.3,26.0,0.0,,,,,,
1996-11-13,18.7,10.8,26.8,0.0,,,,,,
1996-11-14,19.1,13.1,26.4,0.0,,,,,,
1996-11-15,19.7,12.5,25.4,0.0,,,,,,
1996-11-16,20.6,13.1,27.8,0.0,,,,,,
1996-11-17,19.9,12.5,26.6,0.0,,,,,,
1996-11-18,17.6,7.5,25.9,0.0,,,,,,
1996-11-19,18.9,8.4,26.8,0.0,,,,,,
1996-11-20,18.7,8.6,26.7,0.0,,,,,,
1996-11-21,19.2,10.6,27.0,0.0,,,,,,
1996-11-22,19.7,12.5,26.2,0.0,,,,,,
1996-11-23,19.0,12.0,25.4,0.0,,,,,,
1996-11-24,19.1,11.0,24.7,0.0,,,,,,
1996-11-25,17.7,8.0,23.6,0.0,,,,,,
1996-11-26,16.4,9.4,23.8,0.0,,,,,,
1996-11-27,15.9,6.5,23.1,0.0,,,,,,
1996-11-28,15.1,6.9,23.2,0.0,,,,,,
1996-11-29,15.8,10.4,21.3,0.0,,,,,,
1996-11-30,13.2,5.6,23.2,0.0,,,,,,
1996-12-01,15.5,8.0,22.2,0.0,,,,,,
1996-12-02,15.6,5.8,23.0,0.0,,,,,,
1996-12-03,16.3,8.0,23.6,0.0,,,,,,
1996-12-04,13.8,9.1,20.4,1.0,,,,,,
1996-12-05,15.1,7.9,20.6,0.0,,,,,,
1996-12-06,13.9,9.5,19.9,0.0,,,,,,
1996-12-07,14.8,13.5,17.0,1.0,,,,,,
1996-12-08,16.6,8.9,22.0,0.0,,,,,,
1996-12-09,14.6,7.4,21.6,0.0,,,,,,
1996-12-10,11.6,3.0,20.6,0.0,,,,,,
1996-12-11,14.1,4.5,23.4,0.0,,,,,,
1996-12-12,14.4,4.6,23.4,0.0,,,,,,
1996-12-13,14.1,4.1,22.7,0.0,,,,,,
1996-12-14,14.2,4.0,23.4,0.0,,,,,,
1996-12-15,12.8,2.6,23.8,0.0,,,,,,
1996-12-16,12.2,3.9,23.0,0.0,,,,,,
1996-12-17,13.7,3.8,22.9,0.0,,,,,,
1996-12-18,13.3,4.4,23.0,0.0,,,,,,
1996-12-19,12.9,3.8,22.4,0.0,,,,,,
1996-12-20,12.8,6.0,23.2,0.0,,,,,,
1996-12-21,14.2,5.5,23.9,0.0,,,,,,
1996-12-22,16.0,8.5,26.0,0.0,,,,,,
1996-12-23,18.3,11.0,24.8,0.0,,,,,,
1996-12-24,15.8,8.4,24.4,0.0,,,,,,
1996-12-25,14.4,5.6,24.5,0.0,,,,,,
1996-12-26,14.7,6.5,24.8,0.0,,,,,,
1996-12-27,15.3,5.5,24.6,0.0,,,,,,
1996-12-28,13.9,5.8,21.4,0.0,,,,,,
1996-12-29,13.3,5.0,21.2,0.0,,,,,,
1996-12-30,15.1,7.6,21.3,0.0,,,,,,
1996-12-31,16.9,10.5,23.2,0.0,,,,,,
1997-01-01,18.7,11.0,24.2,0.0,,,,,,
1997-01-02,17.7,11.0,22.3,0.0,,,,,,
1997-01-03,18.6,14.0,24.5,0.0,,,,,,
1997-01-04,18.3,12.6,23.6,0.0,,,,,,
1997-01-05,16.7,15.2,19.0,1.0,,,,,,
1997-01-06,14.6,7.3,20.8,0.0,,,,,,
1997-01-07,12.0,3.1,20.2,0.0,,,,,,
1997-01-08,13.1,3.0,22.4,0.0,,,,,,
1997-01-09,13.6,3.4,22.2,0.0,,,,,,
1997-01-10,12.2,2.7,20.1,0.0,,,,,,
1997-01-11,13.4,3.6,20.4,0.0,,,,,,
1997-01-12,12.9,3.7,21.6,0.0,,,,,,
1997-01-13,13.4,4.6,20.8,0.0,,,,,,
1997-01-14,14.2,3.5,22.2,0.0,,,,,,
1997-01-15,15.0,5.2,22.4,0.0,,,,,,
1997-01-16,16.0,7.0,22.5,0.0,,,,,,
1997-01-17,14.9,5.2,22.0,0.0,,,,,,
1997-01-18,12.6,4.4,21.5,0.0,,,,,,
1997-01-19,15.3,7.9,22.4,0.0,,,,,,
1997-01-20,14.0,6.9,20.0,0.0,,,,,,
1997-01-21,14.3,8.1,21.4,0.0,,,,,,
1997-01-22,14.5,10.4,20.4,0.0,,,,,,
1997-01-23,16.3,9.6,20.7,0.0,,,,,,
1997-01-24,11.2,5.0,20.5,0.0,,,,,,
1997-01-25,10.1,3.2,17.7,0.0,,,,,,
1997-01-26,9.3,0.8,19.2,0.0,,,,,,
1997-01-27,13.2,6.0,20.2,0.0,,,,,,
1997-01-28,12.9,8.0,19.9,0.0,,,,,,
1997-01-29,13.0,4.9,20.4,0.0,,,,,,
1997-01-30,12.4,6.7,20.6,0.0,,,,,,
1997-01-31,12.8,7.6,19.7,0.0,,,,,,
1997-02-01,12.4,7.0,18.6,0.0,,,,,,
1997-02-02,12.7,6.5,18.6,0.0,,,,,,
1997-02-03,12.6,6.9,19.0,0.0,,,,,,
1997-02-04,13.8,6.2,19.5,0.0,,,,,,
1997-02-05,12.8,4.4,20.6,0.0,,,,,,
1997-02-06,13.5,3.6,20.0,0.0,,,,,,
1997-02-07,13.2,4.9,19.5,0.0,,,,,,
1997-02-08,12.9,4.4,20.2,0.0,,,,,,
1997-02-09,13.9,5.8,20.5,0.0,,,,,,
1997-02-10,14.3,8.4,20.8,0.0,,,,,,
1997-02-11,14.4,7.9,21.5,0.0,,,,,,
1997-02-12,14.4,4.2,20.5,0.0,,,,,,
1997-02-13,13.8,6.5,21.5,0.0,,,,,,
1997-02-14,11.7,5.5,20.0,0.0,,,,,,
1997-02-15,12.6,2.5,20.3,0.0,,,,,,
1997-02-16,13.6,3.9,21.9,0.0,,,,,,
1997-02-17,15.7,5.4,23.0,0.0,,,,,,
1997-02-18,14.9,5.4,22.0,0.0,,,,,,
1997-02-19,16.2,6.0,22.5,0.0,,,,,,
1997-02-20,16.5,9.0,23.5,0.0,,,,,,
1997-02-21,16.9,11.0,24.2,0.0,,,,,,
1997-02-22,17.1,9.9,23.7,0.0,,,,,,
1997-02-23,17.8,10.2,23.6,0.0,,,,,,
1997-02-24,15.0,5.0,23.6,0.0,,,,,,
1997-02-25,18.1,6.6,23.4,0.0,,,,,,
1997-02-26,17.3,13.4,21.3,0.0,,,,,,
1997-02-27,17.6,14.5,21.5,,,,,,,
1997-02-28,16.5,12.0,21.7,1.0,,,,,,
1997-03-01,16.9,9.9,23.3,0.0,,,,,,
1997-03-02,14.8,6.5,23.5,0.0,,,,,,
1997-03-03,15.7,9.6,22.3,0.0,,,,,,
1997-03-04,13.8,8.0,19.5,0.0,,,,,,
1997-03-05,13.8,7.0,18.9,0.0,,,,,,
1997-03-06,12.7,6.2,18.5,0.0,,,,,,
1997-03-07,13.4,5.8,20.0,0.0,,,,,,
1997-03-08,13.9,3.8,20.9,0.0,,,,,,
1997-03-09,12.4,3.0,21.6,0.0,,,,,,
1997-03-10,14.7,4.4,22.5,0.0,,,,,,
1997-03-11,15.7,8.3,21.3,0.0,,,,,,
1997-03-12,16.6,7.7,21.5,0.0,,,,,,
1997-03-13,14.4,6.4,22.2,0.0,,,,,,
1997-03-14,15.3,5.5,22.7,0.0,,,,,,
1997-03-15,17.9,12.0,22.5,0.0,,,,,,
1997-03-16,19.8,10.5,25.0,0.0,,,,,,
1997-03-17,19.4,11.2,26.7,0.0,,,,,,
1997-03-18,16.1,5.5,24.0,0.0,,,,,,
1997-03-19,15.7,5.7,23.5,0.0,,,,,,
1997-03-20,16.8,6.5,24.6,0.0,,,,,,
1997-03-21,18.4,8.0,25.4,0.0,,,,,,
1997-03-22,19.8,10.3,26.5,0.0,,,,,,
1997-03-23,20.7,12.6,27.6,0.0,,,,,,
1997-03-24,19.8,9.7,27.5,0.0,,,,,,
1997-03-25,19.9,13.9,25.6,0.0,,,,,,
1997-03-26,19.7,9.5,24.4,0.0,,,,,,
1997-03-27,18.8,10.8,24.7,0.0,,,,,,
1997-03-28,20.4,14.5,26.0,0.0,,,,,,
1997-03-29,20.9,15.0,26.8,0.0,,,,,,
1997-03-30,22.4,14.1,27.5,0.0,,,,,,
1997-03-31,18.0,10.3,24.3,0.0,,,,,,
1997-04-01,16.2,7.6,25.0,0.0,,,,,,
1997-04-02,19.1,7.9,23.9,0.0,,,,,,
1997-04-03,18.2,8.5,26.5,0.0,,,,,,
1997-04-04,20.5,10.2,26.7,0.0,,,,,,
1997-04-05,20.3,9.6,27.8,0.0,,,,,,
1997-04-06,21.1,13.6,29.5,0.0,,,,,,
1997-04-07,21.8,13.2,29.0,0.0,,,,,,
1997-04-08,23.1,14.8,29.4,0.0,,,,,,
1997-04-09,23.4,16.3,29.2,0.0,,,,,,
1997-04-10,22.4,14.6,30.6,0.0,,,,,,
1997-04-11,21.8,11.5,27.8,0.0,,,,,,
1997-04-12,20.2,10.6,27.0,0.0,,,,,,
1997-04-13,21.1,12.0,27.6,0.0,,,,,,
1997-04-14,21.0,13.0,28.4,0.0,,,,,,
1997-04-15,22.1,14.5,27.5,0.0,,,,,,
1997-04-16,22.0,13.6,28.7,0.0,,,,,,
1997-04-17,22.8,14.3,29.2,0.0,,,,,,
1997-04-18,24.2,12.2,31.0,0.0,,,,,,
1997-04-19,23.7,14.0,31.0,0.0,,,,,,
1997-04-20,24.1,14.6,31.7,0.0,,,,,,
1997-04-21,24.3,17.0,29.9,0.0,,,,,,
1997-04-22,19.4,13.4,28.5,0.0,,,,,,
1997-04-23,20.3,14.6,28.4,0.0,,,,,,
1997-04-24,22.1,12.5,29.7,0.0,,,,,,
1997-04-25,23.7,14.0,30.8,0.0,,,,,,
1997-04-26,24.8,19.5,31.3,0.0,,,,,,
1997-04-27,25.4,17.0,30.6,0.0,,,,,,
1997-04-28,23.8,15.9,29.5,0.0,,,,,,
1997-04-29,24.8,20.0,29.0,0.0,,,,,,
1997-04-30,23.6,18.6,29.5,0.0,,,,,,
1997-05-01,24.5,14.8,31.6,0.0,,,,,,
1997-05-02,25.7,17.0,32.0,0.0,,,,,,
1997-05-03,25.1,20.0,30.5,0.0,,,,,,
1997-05-04,23.5,18.8,28.3,0.0,,,,,,
1997-05-05,23.4,16.0,29.7,0.0,,,,,,
1997-05-06,24.9,16.8,31.0,0.0,,,,,,
1997-05-07,26.3,19.0,31.0,0.0,,,,,,
1997-05-08,26.1,19.3,33.0,0.0,,,,,,
1997-05-09,26.4,17.8,33.5,0.0,,,,,,
1997-05-10,26.8,18.0,34.5,0.0,,,,,,
1997-05-11,28.8,20.2,33.2,0.0,,,,,,
1997-05-12,28.1,22.0,33.7,0.0,,,,,,
1997-05-13,27.4,21.2,32.2,0.0,,,,,,
1997-05-14,26.3,22.2,32.0,0.0,,,,,,
1997-05-15,25.7,19.8,32.0,0.0,,,,,,
1997-05-16,25.2,21.2,31.1,0.0,,,,,,
1997-05-17,24.1,22.0,27.0,0.0,,,,,,
1997-05-18,25.2,18.0,33.0,0.0,,,,,,
1997-05-19,26.8,19.0,32.5,0.0,,,,,,
1997-05-20,27.6,20.5,33.2,0.0,,,,,,
1997-05-21,28.8,20.5,35.0,0.0,,,,,,
1997-05-22,29.7,25.6,35.0,1.0,,,,,,
1997-05-23,29.1,22.0,35.4,0.0,,,,,,
1997-05-24,26.6,21.0,34.6,2.0,,,,,,
1997-05-25,28.3,18.0,35.0,1.0,,,,,,
1997-05-26,30.1,22.3,37.0,0.0,,,,,,
1997-05-27,31.3,24.5,36.5,0.0,,,,,,
1997-05-28,29.8,25.5,36.4,0.0,,,,,,
1997-05-29,30.5,24.9,35.5,0.0,,,,,,
1997-05-30,31.4,26.3,36.0,0.0,,,,,,
1997-05-31,30.9,26.0,35.5,0.0,,,,,,
1997-06-01,29.7,23.5,34.6,0.0,,,,,,
1997-06-02,31.2,24.8,36.3,0.0,,,,,,
1997-06-03,29.3,23.5,35.2,0.0,,,,,,
1997-06-04,30.9,24.4,34.5,0.0,,,,,,
1997-06-05,30.4,24.2,36.0,1.0,,,,,,
1997-06-06,26.7,23.0,33.4,14.0,,,,,,
1997-06-07,27.6,22.6,33.0,0.0,,,,,,
1997-06-08,26.2,23.8,33.6,7.0,,,,,,
1997-06-09,24.9,18.5,33.5,0.0,,,,,,
1997-06-10,29.1,20.6,34.5,0.0,,,,,,
1997-06-11,27.9,20.0,33.5,0.0,,,,,,
1997-06-12,28.0,19.4,34.0,0.0,,,,,,
1997-06-13,30.0,22.1,35.3,0.0,,,,,,
1997-06-14,28.8,21.2,34.6,0.0,,,,,,
1997-06-15,30.0,22.5,35.2,0.0,,,,,,
1997-06-16,29.2,21.0,35.8,0.0,,,,,,
1997-06-17,29.6,21.6,36.2,0.0,,,,,,
1997-06-18,31.0,24.2,36.7,0.0,,,,,,
1997-06-19,32.3,24.4,36.5,0.0,,,,,,
1997-06-20,31.6,24.1,36.6,0.0,,,,,,
1997-06-21,31.2,22.8,37.3,0.0,,,,,,
1997-06-22,31.0,23.5,37.0,0.0,,,,,,
1997-06-23,30.3,22.0,36.3,0.0,,,,,,
1997-06-24,31.4,20.6,37.2,0.0,,,,,,
1997-06-25,28.2,19.4,36.8,0.0,,,,,,
1997-06-26,30.4,24.2,37.0,0.0,,,,,,
1997-06-27,31.9,23.6,37.8,0.0,,,,,,
1997-06-28,31.8,23.2,38.5,0.0,,,,,,
1997-06-29,31.9,25.6,37.8,0.0,,,,,,
1997-06-30,33.7,29.8,38.7,0.0,,,,,,
1997-07-01,34.9,27.1,38.6,0.0,,,,,,
1997-07-02,32.3,27.0,37.0,0.0,,,,,,
1997-07-03,31.9,26.5,36.1,0.0,,,,,,
1997-07-04,29.6,24.2,36.6,0.0,,,,,,
1997-07-05,29.3,23.4,34.8,0.0,,,,,,
1997-07-06,29.1,21.6,35.0,0.0,,,,,,
1997-07-07,28.4,21.1,34.7,0.0,,,,,,
1997-07-08,28.3,22.0,35.0,0.0,,,,,,
1997-07-09,30.1,21.5,35.6,0.0,,,,,,
1997-07-10,30.1,24.6,35.2,0.0,,,,,,
1997-07-11,29.9,24.6,36.0,0.0,,,,,,
1997-07-12,29.5,22.3,37.4,0.0,,,,,,
1997-07-13,33.3,25.4,36.9,0.0,,,,,,
1997-07-14,30.2,23.2,38.0,0.0,,,,,,
1997-07-15,31.0,25.6,36.5,0.0,,,,,,
1997-07-16,26.9,21.2,33.5,0.0,,,,,,
1997-07-17,28.7,21.8,33.7,0.0,,,,,,
1997-07-18,29.9,22.0,36.2,0.0,,,,,,
1997-07-19,30.6,20.2,36.3,0.0,,,,,,
1997-07-20,30.9,22.2,36.0,0.0,,,,,,
1997-07-21,28.4,24.1,34.4,0.0,,,,,,
1997-07-22,28.8,24.0,33.1,0.0,,,,,,
1997-07-23,33.2,19.9,36.2,0.0,,,,,,
1997-07-24,32.1,26.1,36.2,0.0,,,,,,
1997-07-25,31.2,23.2,36.4,0.0,,,,,,
1997-07-26,30.7,23.4,37.6,0.0,,,,,,
1997-07-27,31.6,25.7,37.0,0.0,,,,,,
1997-07-28,30.6,21.3,37.2,0.0,,,,,,
1997-07-29,32.4,28.8,36.4,0.0,,,,,,
1997-07-30,32.5,28.6,36.4,0.0,,,,,,
1997-07-31,31.4,27.0,36.0,0.0,,,,,,
1997-08-01,29.1,23.5,34.0,0.0,,,,,,
1997-08-02,28.1,24.0,36.0,2.0,,,,,,
1997-08-03,31.1,23.0,37.5,0.0,,,,,,
1997-08-04,31.1,23.8,37.5,0.0,,,,,,
1997-08-05,30.9,25.5,35.4,0.0,,,,,,
1997-08-06,26.0,22.0,33.4,3.0,,,,,,
1997-08-07,26.4,18.5,33.3,0.0,,,,,,
1997-08-08,26.5,21.8,33.0,8.0,,,,,,
1997-08-09,30.1,23.0,35.4,0.0,,,,,,
1997-08-10,29.5,24.0,34.4,0.0,,,,,,
1997-08-11,27.9,22.0,34.6,0.0,,,,,,
1997-08-12,29.8,23.5,35.0,0.0,,,,,,
1997-08-13,30.2,23.5,36.0,0.0,,,,,,
1997-08-14,30.4,23.8,37.3,0.0,,,,,,
1997-08-15,30.9,25.0,36.7,0.0,,,,,,
1997-08-16,30.3,27.0,35.4,1.0,,,,,,
1997-08-17,27.2,21.0,31.6,,,,,,,
1997-08-18,25.3,21.4,31.2,2.0,,,,,,
1997-08-19,27.3,21.2,32.5,0.0,,,,,,
1997-08-20,28.9,24.4,34.0,1.0,,,,,,
1997-08-21,27.6,22.5,34.6,5.0,,,,,,
1997-08-22,28.4,21.0,34.6,0.0,,,,,,
1997-08-23,29.5,22.2,34.0,6.0,,,,,,
1997-08-24,27.3,21.5,33.5,0.0,,,,,,
1997-08-25,27.2,21.0,33.8,1.0,,,,,,
1997-08-26,27.5,21.6,33.6,0.0,,,,,,
1997-08-27,29.7,22.8,34.4,0.0,,,,,,
1997-08-28,28.6,23.0,34.1,1.0,,,,,,
1997-08-29,28.5,24.7,34.2,0.0,,,,,,
1997-08-30,29.6,24.3,34.0,0.0,,,,,,
1997-08-31,28.0,23.4,33.3,0.0,,,,,,
1997-09-01,28.3,23.7,33.4,0.0,,,,,,
1997-09-02,25.9,21.2,31.0,5.0,,,,,,
1997-09-03,23.9,19.7,33.4,2.0,,,,,,
1997-09-04,22.8,18.6,32.7,0.0,,,,,,
1997-09-05,31.3,18.5,34.6,1.0,,,,,,
1997-09-06,29.6,18.0,34.4,0.0,,,,,,
1997-09-07,25.6,19.1,31.0,0.0,,,,,,
1997-09-08,25.2,21.8,30.0,0.0,,,,,,
1997-09-09,28.1,23.5,32.2,0.0,,,,,,
1997-09-10,26.1,22.5,32.5,0.0,,,,,,
1997-09-11,28.8,20.3,32.8,0.0,,,,,,
1997-09-12,27.8,20.3,33.9,0.0,,,,,,
1997-09-13,28.6,21.0,34.5,0.0,,,,,,
1997-09-14,27.6,20.5,33.4,0.0,,,,,,
1997-09-15,27.6,20.6,33.5,0.0,,,,,,
1997-09-16,28.4,19.2,34.7,0.0,,,,,,
1997-09-17,28.6,21.7,33.6,0.0,,,,,,
1997-09-18,28.2,20.5,34.5,0.0,,,,,,
1997-09-19,28.3,22.8,35.0,0.0,,,,,,
1997-09-20,28.2,20.5,34.2,0.0,,,,,,
1997-09-21,29.4,24.2,33.6,0.0,,,,,,
1997-09-22,27.4,21.9,33.5,0.0,,,,,,
1997-09-23,28.3,23.2,33.2,0.0,,,,,,
1997-09-24,25.3,21.0,30.0,0.0,,,,,,
1997-09-25,26.0,19.0,33.1,0.0,,,,,,
1997-09-26,26.6,18.9,32.5,0.0,,,,,,
1997-09-27,25.9,20.8,32.0,0.0,,,,,,
1997-09-28,25.6,17.2,32.3,0.0,,,,,,
1997-09-29,26.3,21.8,30.8,0.0,,,,,,
1997-09-30,26.7,21.0,31.6,0.0,,,,,,
1997-10-01,25.9,21.2,31.0,0.0,,,,,,
1997-10-02,24.4,17.5,31.3,1.0,,,,,,
1997-10-03,25.1,17.4,32.2,0.0,,,,,,
1997-10-04,25.9,17.5,32.9,0.0,,,,,,
1997-10-05,25.8,18.8,34.3,0.0,,,,,,
1997-10-06,27.1,22.0,33.0,0.0,,,,,,
1997-10-07,27.4,23.8,31.2,0.0,,,,,,
1997-10-08,25.2,19.0,31.4,0.0,,,,,,
1997-10-09,25.7,23.0,29.9,0.0,,,,,,
1997-10-10,24.9,17.8,30.4,0.0,,,,,,
1997-10-11,24.9,19.1,30.6,0.0,,,,,,
1997-10-12,25.1,17.6,30.9,0.0,,,,,,
1997-10-13,25.5,19.0,31.0,0.0,,,,,,
1997-10-14,25.1,19.0,32.0,0.0,,,,,,
1997-10-15,25.6,15.7,33.2,0.0,,,,,,
1997-10-16,21.4,14.0,30.7,0.0,,,,,,
1997-10-17,21.4,13.0,31.2,0.0,,,,,,
1997-10-18,22.6,14.1,28.9,0.0,,,,,,
1997-10-19,23.6,19.0,29.5,0.0,,,,,,
1997-10-20,24.4,18.4,29.3,0.0,,,,,,
1997-10-21,23.2,16.2,29.8,0.0,,,,,,
1997-10-22,24.0,15.4,30.7,0.0,,,,,,
1997-10-23,25.1,18.5,30.5,0.0,,,,,,
1997-10-24,24.3,17.6,31.0,0.0,,,,,,
1997-10-25,23.7,16.0,31.5,0.0,,,,,,
1997-10-26,24.1,15.0,31.7,0.0,,,,,,
1997-10-27,23.0,14.7,31.7,0.0,,,,,,
1997-10-28,23.1,14.5,30.6,0.0,,,,,,
1997-10-29,24.5,14.3,30.0,0.0,,,,,,
1997-10-30,23.7,14.0,30.6,0.0,,,,,,
1997-10-31,22.2,12.7,29.2,0.0,,,,,,
1997-11-01,21.4,14.0,29.4,0.0,,,,,,
1997-11-02,21.1,14.5,29.7,0.0,,,,,,
1997-11-03,20.1,12.6,29.1,0.0,,,,,,
1997-11-04,20.8,10.9,29.5,0.0,,,,,,
1997-11-05,20.1,10.0,29.4,0.0,,,,,,
1997-11-06,20.2,11.6,29.2,0.0,,,,,,
1997-11-07,24.7,11.8,28.6,0.0,,,,,,
1997-11-08,20.4,11.8,29.5,0.0,,,,,,
1997-11-09,23.4,13.2,30.1,0.0,,,,,,
1997-11-10,21.3,13.0,29.1,0.0,,,,,,
1997-11-11,23.9,16.0,27.9,0.0,,,,,,
1997-11-12,19.2,12.5,28.4,0.0,,,,,,
1997-11-13,19.6,12.5,27.6,0.0,,,,,,
1997-11-14,21.1,14.3,26.3,0.0,,,,,,
1997-11-15,19.1,13.0,25.7,0.0,,,,,,
1997-11-16,17.7,10.4,26.1,0.0,,,,,,
1997-11-17,17.1,10.0,25.1,0.0,,,,,,
1997-11-18,13.7,7.5,23.8,0.0,,,,,,
1997-11-19,14.8,6.0,24.0,0.0,,,,,,
1997-11-20,16.2,6.4,24.2,0.0,,,,,,
1997-11-21,19.1,10.0,24.9,0.0,,,,,,
1997-11-22,19.1,11.0,25.2,0.0,,,,,,
1997-11-23,17.3,6.6,27.4,0.0,,,,,,
1997-11-24,13.5,6.0,26.0,0.0,,,,,,
1997-11-25,,6.2,25.0,0.0,,,,,,
1997-11-26,18.1,8.9,24.5,0.0,,,,,,
1997-11-27,17.4,9.0,25.8,0.0,,,,,,
1997-11-28,15.2,6.5,25.4,0.0,,,,,,
1997-11-29,16.2,7.5,25.3,0.0,,,,,,
1997-11-30,16.6,7.5,25.0,0.0,,,,,,
1997-12-01,16.0,6.0,24.6,0.0,,,,,,
1997-12-02,15.6,4.5,25.3,0.0,,,,,,
1997-12-03,,7.5,23.2,0.0,,,,,,
1997-12-04,,9.0,25.0,0.0,,,,,,
1997-12-05,18.7,13.9,25.0,0.0,,,,,,
1997-12-06,18.3,10.6,22.0,0.0,,,,,,
1997-12-07,11.5,3.5,22.1,0.0,,,,,,
1997-12-08,14.6,7.7,21.0,0.0,,,,,,
1997-12-09,12.4,4.6,20.0,0.0,,,,,,
1997-12-10,12.4,2.0,20.0,0.0,,,,,,
1997-12-11,12.2,3.0,19.2,0.0,,,,,,
1997-12-12,12.3,4.4,21.7,0.0,,,,,,
1997-12-13,9.5,2.3,19.4,0.0,,,,,,
1997-12-14,10.9,1.2,19.4,0.0,,,,,,
1997-12-15,11.6,3.0,21.0,0.0,,,,,,
1997-12-16,12.1,3.0,21.8,0.0,,,,,,
1997-12-17,14.8,5.8,23.0,0.0,,,,,,
1997-12-18,19.2,5.0,25.0,0.0,,,,,,
1997-12-19,15.2,5.5,25.7,0.0,,,,,,
1997-12-20,14.2,5.6,24.3,0.0,,,,,,
1997-12-21,15.5,5.3,26.2,0.0,,,,,,
1997-12-22,15.9,7.0,25.8,0.0,,,,,,
1997-12-23,15.9,7.0,24.3,0.0,,,,,,
1997-12-24,13.8,5.2,20.8,0.0,,,,,,
1997-12-25,14.9,7.0,21.5,0.0,,,,,,
1997-12-26,13.6,6.7,19.6,0.0,,,,,,
1997-12-27,11.7,1.5,19.1,0.0,,,,,,
1997-12-28,13.7,1.5,21.2,0.0,,,,,,
1997-12-29,12.9,2.5,22.2,0.0,,,,,,
1997-12-30,15.0,7.5,20.9,0.0,,,,,,
1997-12-31,13.6,5.0,19.7,0.0,,,,,,
1998-01-01,12.6,3.5,20.6,0.0,,,,,,
1998-01-02,15.6,12.9,19.8,0.0,,,,,,
1998-01-03,13.5,4.4,24.2,0.0,,,,,,
1998-01-04,15.8,3.0,21.6,0.0,,,,,,
1998-01-05,11.9,3.3,19.6,0.0,,,,,,
1998-01-06,10.8,1.5,19.6,0.0,,,,,,
1998-01-07,13.1,4.4,22.5,0.0,,,,,,
1998-01-08,14.6,7.6,22.6,0.0,,,,,,
1998-01-09,15.4,10.6,21.5,0.0,,,,,,
1998-01-10,15.1,10.4,21.6,0.0,,,,,,
1998-01-11,14.9,9.3,21.2,0.0,,,,,,
1998-01-12,14.6,8.9,21.0,0.0,,,,,,
1998-01-13,14.9,3.0,22.4,0.0,,,,,,
1998-01-14,13.7,3.4,21.0,0.0,,,,,,
1998-01-15,13.3,3.0,21.7,0.0,,,,,,
1998-01-16,,2.5,21.5,0.0,,,,,,
1998-01-17,11.3,4.1,20.7,0.0,,,,,,
1998-01-18,11.9,2.5,20.7,0.0,,,,,,
1998-01-19,11.5,5.7,20.6,0.0,,,,,,
1998-01-20,10.6,1.2,21.2,0.0,,,,,,
1998-01-21,9.6,1.4,22.0,0.0,,,,,,
1998-01-22,13.0,3.1,22.2,0.0,,,,,,
1998-01-23,13.6,4.4,21.5,0.0,,,,,,
1998-01-24,13.8,4.0,22.8,0.0,,,,,,
1998-01-25,15.3,6.2,23.7,0.0,,,,,,
1998-01-26,13.9,5.5,22.3,0.0,,,,,,
1998-01-27,12.0,5.2,22.3,0.0,,,,,,
1998-01-28,17.4,8.9,26.5,0.0,,,,,,
1998-01-29,18.4,12.5,24.2,0.0,,,,,,
1998-01-30,14.6,6.5,25.4,0.0,,,,,,
1998-01-31,,6.9,25.5,0.0,,,,,,
1998-02-01,18.0,9.4,26.1,0.0,,,,,,
1998-02-02,16.9,9.5,27.0,0.0,,,,,,
1998-02-03,18.8,10.0,29.4,0.0,,,,,,
1998-02-04,20.4,12.8,28.3,0.0,,,,,,
1998-02-05,17.3,10.2,27.4,0.0,,,,,,
1998-02-06,18.7,8.0,27.6,0.0,,,,,,
1998-02-07,21.1,11.1,28.0,0.0,,,,,,
1998-02-08,21.0,12.3,26.8,0.0,,,,,,
1998-02-09,16.5,11.5,25.6,0.0,,,,,,
1998-02-10,18.1,11.1,24.6,0.0,,,,,,
1998-02-11,17.2,11.0,23.5,0.0,,,,,,
1998-02-12,17.2,11.8,23.3,0.0,,,,,,
1998-02-13,16.8,7.6,23.4,0.0,,,,,,
1998-02-14,15.8,5.2,22.8,0.0,,,,,,
1998-02-15,15.5,9.0,21.5,0.0,,,,,,
1998-02-16,16.7,9.4,21.2,0.0,,,,,,
1998-02-17,14.4,5.7,21.7,0.0,,,,,,
1998-02-18,14.5,5.0,22.6,0.0,,,,,,
1998-02-19,16.1,10.6,22.3,0.0,,,,,,
1998-02-20,15.4,10.9,20.0,0.0,,,,,,
1998-02-21,15.7,7.9,20.9,0.0,,,,,,
1998-02-22,16.2,7.0,22.2,0.0,,,,,,
1998-02-23,13.4,3.1,22.5,0.0,,,,,,
1998-02-24,13.6,5.4,21.0,0.0,,,,,,
1998-02-25,14.3,6.9,20.6,0.0,,,,,,
1998-02-26,14.6,3.5,22.7,0.0,,,,,,
1998-02-27,16.2,7.6,23.5,0.0,,,,,,
1998-02-28,14.3,6.6,21.6,0.0,,,,,,
1998-03-01,13.7,5.6,21.8,0.0,,,,,,
1998-03-02,12.8,5.5,22.3,0.0,,,,,,
1998-03-03,14.1,4.5,21.6,0.0,,,,,,
1998-03-04,16.8,8.0,21.7,0.0,,,,,,
1998-03-05,15.1,7.6,21.7,0.0,,,,,,
1998-03-06,15.3,9.5,22.5,0.0,,,,,,
1998-03-07,16.8,11.1,23.0,0.0,,,,,,
1998-03-08,17.4,9.6,23.5,0.0,,,,,,
1998-03-09,16.4,6.1,24.6,0.0,,,,,,
1998-03-10,16.1,7.3,25.6,0.0,,,,,,
1998-03-11,19.3,11.8,25.7,0.0,,,,,,
1998-03-12,16.6,9.4,23.2,0.0,,,,,,
1998-03-13,16.9,7.4,26.1,0.0,,,,,,
1998-03-14,15.2,12.2,19.7,0.0,,,,,,
1998-03-15,12.3,3.0,20.5,0.0,,,,,,
1998-03-16,14.3,6.0,21.2,0.0,,,,,,
1998-03-17,14.6,10.4,21.8,0.0,,,,,,
1998-03-18,,10.4,22.8,0.0,,,,,,
1998-03-19,16.3,10.2,24.2,0.0,,,,,,
1998-03-20,15.7,9.5,23.6,0.0,,,,,,
1998-03-21,16.1,6.0,24.0,0.0,,,,,,
1998-03-22,17.7,6.6,25.6,0.0,,,,,,
1998-03-23,18.4,7.0,25.5,0.0,,,,,,
1998-03-24,19.7,8.7,26.7,0.0,,,,,,
1998-03-25,20.5,11.1,28.5,0.0,,,,,,
1998-03-26,19.4,11.0,27.0,0.0,,,,,,
1998-03-27,20.1,12.0,26.6,0.0,,,,,,
1998-03-28,16.7,12.2,22.5,0.0,,,,,,
1998-03-29,17.6,8.9,24.4,0.0,,,,,,
1998-03-30,,11.1,27.8,0.0,,,,,,
1998-03-31,22.7,13.4,30.0,0.0,,,,,,
1998-04-01,21.3,12.6,30.0,0.0,,,,,,
1998-04-02,22.6,12.6,30.4,0.0,,,,,,
1998-04-03,22.8,14.5,31.2,0.0,,,,,,
1998-04-04,24.9,16.6,30.6,0.0,,,,,,
1998-04-05,22.9,13.8,30.0,0.0,,,,,,
1998-04-06,25.1,19.7,32.5,0.0,,,,,,
1998-04-07,25.3,16.8,33.4,0.0,,,,,,
1998-04-08,26.2,18.0,32.6,0.0,,,,,,
1998-04-09,26.0,18.5,32.5,0.0,,,,,,
1998-04-10,26.1,18.4,31.5,0.0,,,,,,
1998-04-11,24.9,17.5,34.3,0.0,,,,,,
1998-04-12,26.3,18.2,33.6,0.0,,,,,,
1998-04-13,25.3,16.4,33.8,0.0,,,,,,
1998-04-14,24.9,14.6,32.3,0.0,,,,,,
1998-04-15,27.9,20.1,34.0,0.0,,,,,,
1998-04-16,27.9,17.6,35.8,0.0,,,,,,
1998-04-17,30.2,19.9,35.6,0.0,,,,,,
1998-04-18,28.3,18.7,35.6,0.0,,,,,,
1998-04-19,28.2,19.6,35.2,0.0,,,,,,
1998-04-20,27.1,18.4,35.5,0.0,,,,,,
1998-04-21,28.4,24.5,32.5,0.0,,,,,,
1998-04-22,26.1,20.8,31.2,0.0,,,,,,
1998-04-23,25.9,20.5,32.7,0.0,,,,,,
1998-04-24,24.1,14.3,31.5,0.0,,,,,,
1998-04-25,24.5,12.1,31.7,0.0,,,,,,
1998-04-26,24.1,17.6,30.5,0.0,,,,,,
1998-04-27,25.6,16.6,31.6,0.0,,,,,,
1998-04-28,24.7,13.2,33.8,0.0,,,,,,
1998-04-29,25.0,13.1,34.3,0.0,,,,,,
1998-04-30,26.7,16.0,35.2,0.0,,,,,,
1998-05-01,26.6,19.5,35.2,0.0,,,,,,
1998-05-02,26.4,21.5,31.0,0.0,,,,,,
1998-05-03,25.3,18.2,32.8,0.0,,,,,,
1998-05-04,25.3,16.5,32.6,0.0,,,,,,
1998-05-05,25.1,17.0,33.6,0.0,,,,,,
1998-05-06,24.8,16.6,31.5,0.0,,,,,,
1998-05-07,25.1,14.5,32.9,0.0,,,,,,
1998-05-08,26.7,16.0,33.4,0.0,,,,,,
1998-05-09,26.5,19.4,33.7,0.0,,,,,,
1998-05-10,25.7,18.4,32.8,0.0,,,,,,
1998-05-11,26.4,18.5,33.5,0.0,,,,,,
1998-05-12,27.4,18.9,34.8,0.0,,,,,,
1998-05-13,27.9,19.0,34.9,0.0,,,,,,
1998-05-14,27.6,22.5,34.0,0.0,,,,,,
1998-05-15,26.4,22.0,33.2,0.0,,,,,,
1998-05-16,30.2,20.4,35.6,0.0,,,,,,
1998-05-17,30.0,23.1,35.3,0.0,,,,,,
1998-05-18,30.3,25.5,34.6,0.0,,,,,,
1998-05-19,28.9,25.6,33.8,0.0,,,,,,
1998-05-20,30.1,24.4,35.2,0.0,,,,,,
1998-05-21,30.5,23.4,36.5,0.0,,,,,,
1998-05-22,30.4,22.0,36.5,0.0,,,,,,
1998-05-23,30.4,25.5,36.5,0.0,,,,,,
1998-05-24,30.2,22.2,34.7,0.0,,,,,,
1998-05-25,30.3,25.4,35.6,0.0,,,,,,
1998-05-26,30.8,25.0,36.2,0.0,,,,,,
1998-05-27,31.7,24.4,37.8,0.0,,,,,,
1998-05-28,30.9,26.6,35.8,0.0,,,,,,
1998-05-29,28.6,24.0,34.0,0.0,,,,,,
1998-05-30,28.3,24.0,32.5,0.0,,,,,,
1998-05-31,25.7,24.0,30.4,3.0,,,,,,
1998-06-01,23.8,18.4,30.3,2.0,,,,,,
1998-06-02,25.8,17.8,34.0,0.0,,,,,,
1998-06-03,29.3,24.0,34.4,0.0,,,,,,
1998-06-04,25.1,21.0,29.5,3.0,,,,,,
1998-06-05,25.2,20.4,33.6,1.0,,,,,,
1998-06-06,26.9,21.0,32.4,0.0,,,,,,
1998-06-07,28.6,22.8,34.2,0.0,,,,,,
1998-06-08,30.7,23.0,35.0,0.0,,,,,,
1998-06-09,30.7,23.5,35.5,0.0,,,,,,
1998-06-10,30.5,22.4,35.6,0.0,,,,,,
1998-06-11,30.8,25.2,35.4,0.0,,,,,,
1998-06-12,31.3,21.5,38.6,0.0,,,,,,
1998-06-13,32.4,24.5,38.6,0.0,,,,,,
1998-06-14,32.7,29.0,36.4,0.0,,,,,,
1998-06-15,31.3,27.2,36.5,0.0,,,,,,
1998-06-16,31.9,26.9,37.4,0.0,,,,,,
1998-06-17,31.5,28.0,35.4,0.0,,,,,,
1998-06-18,32.1,25.2,36.4,0.0,,,,,,
1998-06-19,29.7,24.6,35.1,0.0,,,,,,
1998-06-20,29.6,23.0,35.6,0.0,,,,,,
1998-06-21,30.7,22.5,36.7,0.0,,,,,,
1998-06-22,30.7,22.7,36.5,0.0,,,,,,
1998-06-23,32.3,24.3,37.2,0.0,,,,,,
1998-06-24,31.7,25.6,36.6,0.0,,,,,,
1998-06-25,31.3,23.5,36.7,0.0,,,,,,
1998-06-26,29.7,21.0,35.4,5.0,,,,,,
1998-06-27,27.2,19.8,35.3,1.0,,,,,,
1998-06-28,29.3,21.0,35.5,0.0,,,,,,
1998-06-29,30.7,23.5,36.0,0.0,,,,,,
1998-06-30,30.3,23.5,35.6,0.0,,,,,,
1998-07-01,29.8,22.3,35.5,0.0,,,,,,
1998-07-02,30.9,24.0,36.2,0.0,,,,,,
1998-07-03,29.7,24.0,34.9,0.0,,,,,,
1998-07-04,29.2,21.3,34.5,0.0,,,,,,
1998-07-05,31.5,24.9,35.8,0.0,,,,,,
1998-07-06,31.7,24.0,36.3,0.0,,,,,,
1998-07-07,31.0,25.8,36.2,0.0,,,,,,
1998-07-08,29.4,20.0,37.2,0.0,,,,,,
1998-07-09,31.7,22.5,37.4,0.0,,,,,,
1998-07-10,31.9,22.5,37.0,0.0,,,,,,
1998-07-11,31.6,26.5,36.8,0.0,,,,,,
1998-07-12,30.6,23.6,36.3,0.0,,,,,,
1998-07-13,28.9,24.9,34.5,0.0,,,,,,
1998-07-14,32.4,23.5,37.4,0.0,,,,,,
1998-07-15,31.6,22.5,36.5,0.0,,,,,,
1998-07-16,30.3,23.0,37.2,0.0,,,,,,
1998-07-17,31.3,23.0,37.5,0.0,,,,,,
1998-07-18,31.5,22.0,38.4,0.0,,,,,,
1998-07-19,31.4,24.0,37.2,0.0,,,,,,
1998-07-20,31.1,26.2,35.7,0.0,,,,,,
1998-07-21,26.7,19.8,34.2,11.0,,,,,,
1998-07-22,26.3,18.4,34.4,0.0,,,,,,
1998-07-23,32.3,26.2,36.6,0.0,,,,,,
1998-07-24,31.3,24.5,35.8,0.0,,,,,,
1998-07-25,28.6,23.5,34.5,0.0,,,,,,
1998-07-26,28.9,22.0,34.3,0.0,,,,,,
1998-07-27,29.2,25.5,34.3,0.0,,,,,,
1998-07-28,29.6,23.6,37.0,0.0,,,,,,
1998-07-29,32.0,25.7,37.2,0.0,,,,,,
1998-07-30,32.3,28.2,35.4,0.0,,,,,,
1998-07-31,30.9,25.0,36.3,0.0,,,,,,
1998-08-01,30.5,21.8,37.5,0.0,,,,,,
1998-08-02,27.5,22.2,34.5,2.0,,,,,,
1998-08-03,28.2,20.0,34.9,0.0,,,,,,
1998-08-04,29.6,23.5,35.8,0.0,,,,,,
1998-08-05,30.9,25.1,35.8,0.0,,,,,,
1998-08-06,30.2,23.8,36.6,0.0,,,,,,
1998-08-07,27.8,24.6,33.8,1.0,,,,,,
1998-08-08,26.9,20.9,33.8,0.0,,,,,,
1998-08-09,28.4,22.5,34.8,0.0,,,,,,
1998-08-10,31.7,27.1,36.5,0.0,,,,,,
1998-08-11,31.7,27.1,36.2,0.0,,,,,,
1998-08-12,29.9,26.2,35.2,0.0,,,,,,
1998-08-13,30.8,24.4,35.9,0.0,,,,,,
1998-08-14,28.6,25.2,36.0,0.0,,,,,,
1998-08-15,30.9,22.4,36.7,0.0,,,,,,
1998-08-16,,24.0,36.7,0.0,,,,,,
1998-08-17,30.3,24.5,36.2,0.0,,,,,,
1998-08-18,29.6,22.2,33.8,0.0,,,,,,
1998-08-19,28.7,22.5,34.3,0.0,,,,,,
1998-08-20,29.3,24.5,34.5,0.0,,,,,,
1998-08-21,29.3,23.4,35.2,0.0,,,,,,
1998-08-22,30.0,25.3,35.3,0.0,,,,,,
1998-08-23,30.6,25.2,35.4,0.0,,,,,,
1998-08-24,30.8,25.8,36.4,0.0,,,,,,
1998-08-25,30.6,22.3,36.8,0.0,,,,,,
1998-08-26,31.3,27.2,37.0,0.0,,,,,,
1998-08-27,32.4,26.5,37.7,0.0,,,,,,
1998-08-28,31.1,25.4,36.1,0.0,,,,,,
1998-08-29,29.8,22.5,36.0,0.0,,,,,,
1998-08-30,30.1,23.1,36.3,0.0,,,,,,
1998-08-31,29.5,21.4,36.0,0.0,,,,,,
1998-09-01,28.8,24.8,35.8,0.0,,,,,,
1998-09-02,29.6,25.8,35.0,0.0,,,,,,
1998-09-03,28.6,23.4,33.5,0.0,,,,,,
1998-09-04,28.1,23.2,33.5,0.0,,,,,,
1998-09-05,28.6,23.0,34.5,0.0,,,,,,
1998-09-06,29.5,23.8,34.5,0.0,,,,,,
1998-09-07,27.9,22.6,32.4,0.0,,,,,,
1998-09-08,26.8,20.5,31.2,0.0,,,,,,
1998-09-09,30.6,22.5,36.2,0.0,,,,,,
1998-09-10,30.3,26.2,35.9,0.0,,,,,,
1998-09-11,30.4,22.2,36.4,0.0,,,,,,
1998-09-12,31.5,26.5,36.5,0.0,,,,,,
1998-09-13,29.3,25.4,34.6,0.0,,,,,,
1998-09-14,30.7,26.0,35.9,0.0,,,,,,
1998-09-15,29.2,24.2,35.0,0.0,,,,,,
1998-09-16,31.5,25.9,36.5,0.0,,,,,,
1998-09-17,31.2,27.2,35.0,0.0,,,,,,
1998-09-18,28.4,22.0,35.5,0.0,,,,,,
1998-09-19,29.7,26.0,34.5,0.0,,,,,,
1998-09-20,29.8,23.1,35.6,0.0,,,,,,
1998-09-21,29.2,23.0,34.3,0.0,,,,,,
1998-09-22,25.9,21.6,31.6,0.0,,,,,,
1998-09-23,,21.5,31.6,0.0,,,,,,
1998-09-24,27.7,20.0,32.2,0.0,,,,,,
1998-09-25,26.7,19.8,32.5,0.0,,,,,,
1998-09-26,29.6,24.5,34.5,0.0,,,,,,
1998-09-27,28.7,22.8,35.0,0.0,,,,,,
1998-09-28,29.9,23.6,35.4,0.0,,,,,,
1998-09-29,29.4,24.6,36.2,1.0,,,,,,
1998-09-30,27.7,20.5,35.2,0.0,,,,,,
1998-10-01,29.1,22.5,35.2,0.0,,,,,,
1998-10-02,27.9,19.0,34.8,0.0,,,,,,
1998-10-03,29.6,21.4,35.5,0.0,,,,,,
1998-10-04,29.8,25.6,34.8,0.0,,,,,,
1998-10-05,28.6,20.4,35.2,0.0,,,,,,
1998-10-06,27.9,21.6,34.8,0.0,,,,,,
1998-10-07,27.7,18.8,34.5,0.0,,,,,,
1998-10-08,27.2,19.5,33.4,0.0,,,,,,
1998-10-09,27.2,21.1,33.6,0.0,,,,,,
1998-10-10,26.8,19.2,33.0,0.0,,,,,,
1998-10-11,25.7,15.6,33.4,0.0,,,,,,
1998-10-12,25.4,17.5,32.2,0.0,,,,,,
1998-10-13,24.4,19.4,30.2,0.0,,,,,,
1998-10-14,24.3,17.6,30.6,0.0,,,,,,
1998-10-15,25.3,20.3,30.4,0.0,,,,,,
1998-10-16,24.9,19.9,30.4,0.0,,,,,,
1998-10-17,25.4,19.5,30.9,0.0,,,,,,
1998-10-18,24.3,16.4,31.7,0.0,,,,,,
1998-10-19,23.4,15.0,30.5,0.0,,,,,,
1998-10-20,22.8,15.1,30.2,0.0,,,,,,
1998-10-21,20.7,13.4,27.8,0.0,,,,,,
1998-10-22,19.6,7.4,29.0,0.0,,,,,,
1998-10-23,20.6,10.6,28.4,0.0,,,,,,
1998-10-24,21.6,14.0,29.1,0.0,,,,,,
1998-10-25,22.7,17.5,29.1,0.0,,,,,,
1998-10-26,21.6,11.5,29.4,0.0,,,,,,
1998-10-27,22.6,15.8,28.1,0.0,,,,,,
1998-10-28,21.6,17.4,26.5,0.0,,,,,,
1998-10-29,20.5,17.0,25.0,0.0,,,,,,
1998-10-30,21.1,14.8,26.7,0.0,,,,,,
1998-10-31,17.9,8.8,25.7,0.0,,,,,,
1998-11-01,17.8,6.8,25.5,0.0,,,,,,
1998-11-02,17.3,6.6,26.8,0.0,,,,,,
1998-11-03,18.1,8.0,26.0,0.0,,,,,,
1998-11-04,18.4,10.9,25.8,0.0,,,,,,
1998-11-05,18.3,9.2,27.2,0.0,,,,,,
1998-11-06,18.9,7.9,27.7,0.0,,,,,,
1998-11-07,19.7,10.0,26.8,0.0,,,,,,
1998-11-08,18.3,12.0,25.3,0.0,,,,,,
1998-11-09,18.1,13.2,25.4,0.0,,,,,,
1998-11-10,17.5,12.5,23.7,0.0,,,,,,
1998-11-11,15.2,9.5,22.7,0.0,,,,,,
1998-11-12,16.7,7.5,22.6,0.0,,,,,,
1998-11-13,16.7,6.6,24.6,0.0,,,,,,
1998-11-14,16.7,5.9,24.0,0.0,,,,,,
1998-11-15,16.1,9.3,25.3,0.0,,,,,,
1998-11-16,18.7,8.4,25.5,0.0,,,,,,
1998-11-17,17.3,8.4,25.4,0.0,,,,,,
1998-11-18,16.4,6.6,25.8,0.0,,,,,,
1998-11-19,16.1,7.0,24.3,0.0,,,,,,
1998-11-20,16.9,8.3,24.6,0.0,,,,,,
1998-11-21,17.4,12.0,24.0,0.0,,,,,,
1998-11-22,14.3,5.4,21.6,0.0,,,,,,
1998-11-23,13.6,4.3,22.4,0.0,,,,,,
1998-11-24,14.4,5.5,21.8,0.0,,,,,,
1998-11-25,12.8,7.5,19.2,0.0,,,,,,
1998-11-26,11.9,2.4,20.2,0.0,,,,,,
1998-11-27,11.9,2.4,20.0,0.0,,,,,,
1998-11-28,13.8,-1.0,20.6,0.0,,,,,,
1998-11-29,13.4,4.1,21.5,0.0,,,,,,
1998-11-30,12.9,4.2,22.6,0.0,,,,,,
1998-12-01,17.6,10.2,23.8,0.0,,,,,,
1998-12-02,18.6,11.0,26.0,0.0,,,,,,
1998-12-03,18.6,12.5,26.0,0.0,,,,,,
1998-12-04,17.9,10.0,26.2,0.0,,,,,,
1998-12-05,19.3,15.4,25.6,0.0,,,,,,
1998-12-06,18.9,12.4,24.5,0.0,,,,,,
1998-12-07,20.6,15.0,25.0,0.0,,,,,,
1998-12-08,16.6,14.0,20.8,0.0,,,,,,
1998-12-09,16.5,13.0,20.6,0.0,,,,,,
1998-12-10,15.7,11.8,19.5,0.0,,,,,,
1998-12-11,16.6,13.2,20.2,0.0,,,,,,
1998-12-12,15.9,7.0,22.6,0.0,,,,,,
1998-12-13,16.3,9.5,21.4,0.0,,,,,,
1998-12-14,14.7,9.2,20.6,0.0,,,,,,
1998-12-15,13.2,6.8,19.1,0.0,,,,,,
1998-12-16,11.8,2.5,18.8,0.0,,,,,,
1998-12-17,11.5,5.0,18.8,0.0,,,,,,
1998-12-18,12.3,2.4,17.9,0.0,,,,,,
1998-12-19,10.8,2.2,18.2,0.0,,,,,,
1998-12-20,11.4,2.5,18.7,0.0,,,,,,
1998-12-21,11.5,2.2,18.2,0.0,,,,,,
1998-12-22,16.3,3.9,21.2,0.0,,,,,,
1998-12-23,16.2,4.6,22.0,0.0,,,,,,
1998-12-24,15.3,4.0,24.6,0.0,,,,,,
1998-12-25,13.8,5.0,23.6,0.0,,,,,,
1998-12-26,13.2,4.6,21.6,0.0,,,,,,
1998-12-27,15.9,10.0,22.1,0.0,,,,,,
1998-12-28,16.8,10.6,22.2,0.0,,,,,,
1998-12-29,13.4,8.0,20.4,0.0,,,,,,
1998-12-30,14.7,4.0,21.6,0.0,,,,,,
1998-12-31,12.1,9.6,13.9,3.0,,,,,,
1999-01-01,12.6,5.0,21.0,,,,,,,
1999-01-02,11.8,3.5,20.6,,,,,,,
1999-01-03,14.3,6.6,22.0,,,,,,,
1999-01-05,13.1,3.0,21.5,,,,,,,
1999-01-06,12.1,3.5,19.9,,,,,,,
1999-01-08,12.7,5.6,22.0,,,,,,,
1999-01-09,11.2,0.0,21.5,,,,,,,
1999-01-11,14.8,,19.4,,,,,,,
1999-01-12,13.6,7.5,21.0,,,,,,,
1999-01-13,17.1,9.5,24.7,,,,,,,
1999-01-14,19.2,,23.8,,,,,,,
1999-01-15,17.8,11.1,21.7,,,,,,,
1999-01-16,14.9,8.5,21.5,,,,,,,
1999-01-17,12.2,3.0,21.0,,,,,,,
1999-01-18,13.4,5.4,20.6,,,,,,,
1999-01-20,9.6,2.0,20.5,,,,,,,
1999-01-21,11.9,4.0,20.4,,,,,,,
1999-01-22,14.3,,19.6,,,,,,,
1999-01-23,10.2,-1.6,19.0,,,,,,,
1999-01-24,10.8,2.3,20.0,,,,,,,
1999-01-25,10.8,2.0,19.2,,,,,,,
1999-01-26,10.9,1.0,19.0,,,,,,,
1999-01-27,11.8,6.9,17.8,,,,,,,
1999-01-29,12.2,3.4,18.5,,,,,,,
1999-01-30,11.3,1.2,20.7,,,,,,,
1999-02-03,9.3,1.9,14.8,,,,,,,
1999-02-04,9.7,0.3,18.0,,,,,,,
1999-02-05,8.1,,13.3,,,,,,,
1999-02-06,8.1,-1.5,18.9,,,,,,,
1999-02-07,9.8,0.0,17.3,,,,,,,
1999-02-09,10.6,0.5,19.8,,,,,,,
1999-02-10,13.0,1.0,20.5,,,,,,,
1999-02-11,13.4,-1.0,20.5,,,,,,,
1999-02-12,14.4,7.4,22.5,,,,,,,
1999-02-13,13.7,4.0,21.6,,,,,,,
1999-02-14,14.8,5.4,24.8,,,,,,,
1999-02-15,19.7,15.0,25.0,,,,,,,
1999-02-16,17.9,,22.8,,,,,,,
1999-02-17,15.2,11.4,20.0,,,,,,,
1999-02-18,11.4,7.6,15.2,,,,,,,
1999-02-19,11.1,0.0,20.6,,,,,,,
1999-02-21,12.0,7.0,17.1,,,,,,,
1999-02-22,12.2,4.5,18.3,,,,,,,
1999-02-23,13.1,4.6,20.7,,,,,,,
1999-02-24,12.4,3.0,21.4,,,,,,,
1999-02-26,13.7,2.0,22.7,,,,,,,
1999-02-27,14.9,3.1,24.4,,,,,,,
1999-02-28,17.1,8.5,25.0,,,,,,,
1999-03-01,17.1,6.9,25.0,,,,,,,
1999-03-02,18.6,14.5,24.6,,,,,,,
1999-03-03,16.7,,22.0,,,,,,,
1999-03-04,17.5,7.5,24.3,,,,,,,
1999-03-05,13.1,2.5,25.8,,,,,,,
1999-03-06,19.2,7.4,26.0,,,,,,,
1999-03-07,17.8,5.2,25.8,,,,,,,
1999-03-08,19.6,12.5,26.3,,,,,,,
1999-03-09,14.8,6.1,26.5,,,,,,,
1999-03-10,16.9,8.0,25.4,,,,,,,
1999-03-11,17.8,9.6,25.0,,,,,,,
1999-03-12,16.7,8.0,24.2,,,,,,,
1999-03-13,18.9,7.5,27.4,,,,,,,
1999-03-14,20.7,8.8,28.6,,,,,,,
1999-03-15,20.8,13.3,27.0,,,,,,,
1999-03-16,22.0,16.0,28.2,,,,,,,
1999-03-18,17.5,9.8,24.9,,,,,,,
1999-03-19,18.2,9.0,27.2,,,,,,,
1999-03-20,18.6,7.6,26.3,,,,,,,
1999-03-21,18.8,9.4,27.0,,,,,,,
1999-03-22,19.5,9.2,27.9,,,,,,,
1999-03-23,21.1,11.0,28.6,,,,,,,
1999-03-24,23.3,17.0,29.4,,,,,,,
1999-03-25,25.7,,30.5,,,,,,,
1999-03-28,22.3,,29.1,,,,,,,
1999-03-29,17.4,6.9,28.2,,,,,,,
1999-03-30,17.4,8.5,26.6,,,,,,,
1999-03-31,17.8,12.3,26.5,,,,,,,
1999-04-01,21.7,,27.0,,,,,,,
1999-04-03,21.8,17.0,27.1,,,,,,,
1999-04-04,21.1,15.2,28.2,,,,,,,
1999-04-05,22.4,17.5,27.8,,,,,,,
1999-04-06,22.9,17.9,28.3,,,,,,,
1999-04-08,21.8,17.5,27.5,,,,,,,
1999-04-09,24.3,18.0,29.8,,,,,,,
1999-04-10,24.6,19.5,30.0,,,,,,,
1999-04-11,24.3,,30.2,,,,,,,
1999-04-12,23.3,13.2,31.5,,,,,,,
1999-04-13,22.4,13.6,30.4,,,,,,,
1999-04-14,21.9,13.0,32.0,,,,,,,
1999-04-15,23.4,16.5,34.2,,,,,,,
1999-04-16,27.4,18.7,34.5,,,,,,,
1999-04-17,28.4,16.1,34.6,,,,,,,
1999-04-18,28.3,22.4,33.6,,,,,,,
1999-04-19,25.8,,33.5,,,,,,,
1999-04-21,27.4,23.1,32.1,,,,,,,
1999-04-22,26.9,21.8,32.8,,,,,,,
1999-04-23,25.9,17.5,33.1,,,,,,,
1999-04-24,27.8,18.5,34.4,,,,,,,
1999-04-25,27.7,15.8,34.0,,,,,,,
1999-04-26,25.8,17.0,35.5,,,,,,,
1999-04-29,29.9,,34.2,,,,,,,
1999-04-30,28.9,19.9,35.5,,,,,,,
1999-05-01,30.2,,34.1,,,,,,,
1999-05-02,27.4,19.6,33.6,,,,,,,
1999-05-03,27.2,18.9,33.8,,,,,,,
1999-05-04,29.6,,35.3,,,,,,,
1999-05-05,28.7,22.5,33.5,,,,,,,
1999-05-06,28.4,19.5,35.1,,,,,,,
1999-05-07,29.6,,35.3,,,,,,,
1999-05-08,28.5,17.5,35.4,,,,,,,
1999-05-11,28.8,20.0,34.5,,,,,,,
1999-05-12,27.8,21.3,34.0,,,,,,,
1999-05-13,27.2,18.8,34.0,,,,,,,
1999-05-14,29.5,21.5,33.4,,,,,,,
1999-05-15,27.7,20.5,34.5,,,,,,,
1999-05-16,29.2,20.8,34.2,,,,,,,
1999-05-17,29.1,21.1,34.6,,,,,,,
1999-05-18,28.3,19.0,35.6,,,,,,,
1999-05-19,28.8,19.5,35.7,,,,,,,
1999-05-20,28.5,20.0,35.7,,,,,,,
1999-05-22,28.1,23.0,35.3,,,,,,,
1999-05-24,26.3,,33.0,,,,,,,
1999-05-27,27.2,23.6,32.5,,,,,,,
1999-05-28,27.3,21.0,33.7,,,,,,,
1999-05-29,26.9,18.0,33.6,,,,,,,
1999-05-30,24.9,20.9,36.2,,,,,,,
1999-05-31,27.7,21.0,33.2,,,,,,,
1999-06-02,26.8,20.5,32.6,,,,,,,
1999-06-03,26.9,20.0,32.5,,,,,,,
1999-06-04,26.4,18.5,32.7,,,,,,,
1999-06-06,28.0,20.8,34.4,,,,,,,
1999-06-07,30.1,21.0,35.4,,,,,,,
1999-06-09,29.6,,36.3,,,,,,,
1999-06-10,30.4,26.1,34.6,,,,,,,
1999-06-11,30.3,25.0,35.8,,,,,,,
1999-06-12,29.7,22.6,35.1,,,,,,,
1999-06-14,29.1,23.2,36.4,,,,,,,
1999-06-15,28.4,19.8,37.0,,,,,,,
1999-06-16,30.1,19.8,37.0,,,,,,,
1999-06-17,31.6,26.6,36.6,,,,,,,
1999-06-18,30.2,,36.4,,,,,,,
1999-06-19,30.8,22.9,36.8,,,,,,,
1999-06-22,31.6,25.6,36.3,,,,,,,
1999-06-23,31.0,20.5,37.0,,,,,,,
1999-06-24,31.1,23.6,36.6,,,,,,,
1999-06-25,31.6,24.5,36.9,,,,,,,
1999-06-26,30.7,24.3,35.0,,,,,,,
1999-06-27,31.2,22.6,37.4,,,,,,,
1999-06-28,30.4,,36.2,,,,,,,
1999-06-29,29.1,22.5,34.0,,,,,,,
1999-06-30,29.4,22.3,35.9,,,,,,,
1999-07-01,30.4,22.5,37.8,,,,,,,
1999-07-02,31.1,23.3,37.4,,,,,,,
1999-07-03,30.1,22.1,36.0,,,,,,,
1999-07-04,30.6,,35.5,,,,,,,
1999-07-05,29.9,24.0,35.0,,,,,,,
1999-07-06,30.4,22.0,35.5,,,,,,,
1999-07-07,31.1,,35.2,,,,,,,
1999-07-08,30.4,26.1,35.6,,,,,,,
1999-07-09,30.2,24.0,37.6,,,,,,,
1999-07-10,31.9,23.5,36.6,,,,,,,
1999-07-12,31.2,24.2,37.0,,,,,,,
1999-07-13,30.7,24.5,37.9,,,,,,,
1999-07-15,29.8,22.0,36.2,,,,,,,
1999-07-16,30.7,25.7,36.5,,,,,,,
1999-07-17,31.3,22.6,37.0,,,,,,,
1999-07-18,31.1,24.3,37.6,,,,,,,
1999-07-19,30.6,26.6,34.7,,,,,,,
1999-07-20,29.9,25.0,35.3,,,,,,,
1999-07-21,30.4,24.4,36.1,,,,,,,
1999-07-22,29.7,23.1,35.5,,,,,,,
1999-07-23,31.2,,37.0,,,,,,,
1999-07-24,31.6,27.0,37.0,,,,,,,
1999-07-25,29.7,20.4,36.5,,,,,,,
1999-07-26,29.1,,37.2,,,,,,,
1999-07-27,31.7,24.0,36.7,,,,,,,
1999-07-28,31.6,,36.6,,,,,,,
1999-07-30,29.7,22.5,36.9,,,,,,,
1999-07-31,30.4,23.0,37.1,,,,,,,
1999-08-01,31.3,24.8,36.5,,,,,,,
1999-08-02,31.1,25.0,36.9,,,,,,,
1999-08-03,32.4,27.0,37.0,,,,,,,
1999-08-04,32.4,25.8,37.5,,,,,,,
1999-08-05,30.8,26.1,37.4,,,,,,,
1999-08-07,31.6,,35.8,,,,,,,
1999-08-08,30.4,24.0,35.4,,,,,,,
1999-08-09,28.8,22.0,34.5,,,,,,,
1999-08-10,29.2,23.9,35.6,,,,,,,
1999-08-11,30.6,22.5,36.5,,,,,,,
1999-08-12,30.9,,36.5,,,,,,,
1999-08-13,30.5,23.0,36.5,,,,,,,
1999-08-14,29.9,22.5,35.8,,,,,,,
1999-08-15,28.4,,34.5,,,,,,,
1999-08-16,31.6,25.5,37.4,,,,,,,
1999-08-17,31.3,22.4,37.0,,,,,,,
1999-08-18,28.1,23.5,37.0,,,,,,,
1999-08-19,28.1,23.5,34.5,,,,,,,
1999-08-20,32.2,24.0,41.0,,,,,,,
1999-08-24,26.1,19.6,31.8,,,,,,,
1999-08-26,29.5,20.6,34.5,,,,,,,
1999-08-27,28.9,22.0,34.5,,,,,,,
1999-08-29,26.1,21.1,31.9,,,,,,,
1999-08-30,27.7,22.2,32.8,,,,,,,
1999-08-31,26.8,19.4,34.2,,,,,,,
1999-09-01,29.4,23.1,34.7,,,,,,,
1999-09-02,29.8,,35.0,,,,,,,
1999-09-13,26.0,17.5,32.8,,,,,,,
1999-09-14,24.8,20.8,32.4,,,,,,,
1999-09-15,29.1,23.5,35.0,,,,,,,
1999-09-16,28.1,,35.2,,,,,,,
1999-09-17,27.8,21.5,34.2,0.0,,,,,,
1999-09-18,26.9,,34.5,,,,,,,
1999-09-20,27.7,22.4,34.4,,,,,,,
1999-09-21,28.9,24.9,35.0,,,,,,,
1999-09-22,28.9,22.5,34.4,,,,,,,
1999-09-23,27.7,22.0,36.6,,,,,,,
1999-09-24,28.6,,35.2,,,,,,,
1999-09-25,25.6,,32.1,,,,,,,
1999-09-26,27.2,,31.1,,,,,,,
1999-09-27,26.1,18.9,30.6,,,,,,,
1999-09-28,27.4,22.4,32.0,0.0,,,,,,
1999-09-30,27.6,21.4,33.4,0.0,,,,,,
1999-10-02,27.9,,32.9,,,,,,,
1999-10-03,27.2,21.2,32.7,,,,,,,
1999-10-04,25.6,18.0,33.2,0.0,,,,,,
1999-10-05,27.2,18.2,34.0,0.0,,,,,,
1999-10-06,27.3,21.2,33.0,0.0,,,,,,
1999-10-07,27.4,,40.3,0.0,,,,,,
1999-10-08,28.2,22.4,32.6,0.0,,,,,,
1999-10-09,26.2,20.0,34.0,0.0,,,,,,
1999-10-10,25.3,21.0,31.6,,,,,,,
1999-10-11,26.3,18.5,31.7,,,,,,,
1999-10-12,24.6,19.5,30.2,0.0,,,,,,
1999-10-13,22.8,18.4,30.2,0.0,,,,,,
1999-10-14,23.6,18.5,28.6,0.0,,,,,,
1999-10-15,22.6,16.0,29.5,0.0,,,,,,
1999-10-16,22.3,15.2,29.6,0.0,,,,,,
1999-10-17,22.6,14.4,29.4,0.0,,,,,,
1999-10-18,23.3,15.0,30.1,0.0,,,,,,
1999-10-19,23.4,14.5,29.8,0.0,,,,,,
1999-10-20,23.8,14.3,29.6,,,,,,,
1999-10-21,23.6,15.9,31.0,0.0,,,,,,
1999-10-22,22.9,14.6,30.7,0.0,,,,,,
1999-10-23,23.9,15.6,30.4,0.0,,,,,,
1999-10-24,23.1,15.5,29.7,0.0,,,,,,
1999-10-25,21.9,16.0,28.5,0.0,,,,,,
1999-10-27,23.2,18.4,28.9,0.0,,,,,,
1999-10-28,22.9,16.8,29.2,0.0,,,,,,
1999-10-29,22.1,18.0,27.7,0.0,,,,,,
1999-10-30,21.8,,26.5,,,,,,,
1999-10-31,19.6,12.2,25.8,0.0,,,,,,
1999-11-01,18.6,12.1,25.3,0.0,,,,,,
1999-11-02,18.7,12.5,24.2,,,,,,,
1999-11-03,18.9,14.5,24.5,0.0,,,,,,
1999-11-06,19.4,11.0,25.5,0.0,,,,,,
1999-11-07,16.4,10.2,24.6,,,,,,,
1999-11-08,17.8,9.0,24.8,0.0,,,,,,
1999-11-09,17.6,9.6,24.8,0.0,,,,,,
1999-11-10,18.5,12.5,25.0,,,,,,,
1999-11-11,18.6,8.6,26.6,,,,,,,
1999-11-12,18.2,,26.4,0.0,,,,,,
1999-11-13,18.5,10.1,26.5,0.0,,,,,,
1999-11-14,18.2,9.5,26.9,0.0,,,,,,
1999-11-15,19.5,12.4,26.6,,,,,,,
1999-11-16,19.4,14.5,24.6,0.0,,,,,,
1999-11-17,20.7,16.2,26.4,0.0,,,,,,
1999-11-19,18.9,9.8,28.4,0.0,,,,,,
1999-11-20,19.7,12.5,26.2,0.0,,,,,,
1999-11-21,19.9,12.6,27.3,0.0,,,,,,
1999-11-22,19.1,13.6,27.0,0.0,,,,,,
1999-11-23,19.8,14.5,25.8,0.0,,,,,,
1999-11-24,19.3,14.0,25.6,0.0,,,,,,
1999-11-25,19.2,11.5,26.6,0.0,,,,,,
1999-11-26,18.9,12.2,24.9,0.0,,,,,,
1999-11-27,17.7,10.5,25.6,0.0,,,,,,
1999-11-28,19.1,,23.8,0.0,,,,,,
1999-11-29,16.9,12.7,22.5,0.0,,,,,,
1999-11-30,16.3,9.4,23.1,0.0,,,,,,
1999-12-01,15.7,8.6,23.9,0.0,,,,,,
1999-12-02,18.1,,24.4,,,,,,,
1999-12-03,19.5,9.2,24.1,,,,,,,
1999-12-04,15.8,11.5,23.5,,,,,,,
1999-12-05,16.0,8.6,25.5,0.0,,,,,,
1999-12-06,15.1,8.6,21.7,0.0,,,,,,
1999-12-07,15.4,7.0,23.6,0.0,,,,,,
1999-12-08,15.7,10.5,23.7,0.0,,,,,,
1999-12-09,15.0,8.0,21.6,0.0,,,,,,
1999-12-10,15.8,,20.9,,,,,,,
1999-12-11,13.4,,21.5,0.0,,,,,,
1999-12-12,14.4,8.3,21.5,,,,,,,
1999-12-13,13.2,4.8,22.5,0.0,,,,,,
1999-12-14,14.7,,21.0,,,,,,,
1999-12-16,12.2,1.6,21.2,0.0,,,,,,
1999-12-17,12.0,2.8,20.0,0.0,,,,,,
1999-12-18,10.0,3.5,15.5,0.0,,,,,,
1999-12-19,7.7,-1.6,13.4,,,,,,,
1999-12-22,15.4,7.1,20.7,,,,,,,
1999-12-24,13.2,4.8,20.5,0.0,,,,,,
1999-12-25,13.8,9.6,20.2,0.0,,,,,,
1999-12-26,14.9,7.6,21.9,0.0,,,,,,
1999-12-27,16.8,10.2,24.4,0.0,,,,,,
1999-12-29,13.2,2.7,23.0,0.0,,,,,,
1999-12-30,13.8,1.6,21.8,0.0,,,,,,
2000-01-02,13.1,7.0,17.6,0.0,,,,,,
2000-01-03,12.7,9.5,16.4,0.0,,,,,,
2000-01-04,11.2,6.6,16.2,0.0,,,,,,
2000-01-05,11.1,,15.0,,,,,,,
2000-01-07,9.0,1.4,15.8,0.0,,,,,,
2000-01-08,10.7,0.0,17.4,,,,,,,
2000-01-09,10.8,,17.6,,,,,,,
2000-01-10,10.9,5.3,16.5,0.0,,,,,,
2000-01-11,10.9,7.5,13.5,0.0,,,,,,
2000-01-12,12.8,8.1,18.3,,,,,,,
2000-01-13,10.6,6.0,15.8,0.0,,,,,,
2000-01-14,10.9,1.3,18.2,,,,,,,
2000-01-15,12.8,5.0,19.6,,,,,,,
2000-01-16,15.5,4.5,23.3,,,,,,,
2000-01-18,16.1,,21.6,,,,,,,
2000-01-19,13.0,4.2,22.4,,,,,,,
2000-01-20,14.6,4.8,23.3,,,,,,,
2000-01-21,16.0,6.0,25.2,,,,,,,
2000-01-22,16.9,7.6,25.6,,,,,,,
2000-01-23,14.7,7.6,21.5,,,,,,,
2000-01-24,11.1,1.5,23.2,,,,,,,
2000-01-25,13.7,3.2,22.6,,,,,,,
2000-01-26,17.9,13.2,24.3,,,,,,,
2000-01-27,18.3,,26.6,,,,,,,
2000-01-29,18.5,,21.1,,,,,,,
2000-01-30,13.5,6.0,19.3,,,,,,,
2000-01-31,12.6,7.0,18.0,0.0,,,,,,
2000-02-01,16.1,,20.0,0.0,,,,,,
2000-02-02,14.4,6.0,21.6,,,,,,,
2000-02-04,14.1,,20.5,,,,,,,
2000-02-05,12.9,5.0,20.6,,,,,,,
2000-02-06,11.6,4.4,17.6,,,,,,,
2000-02-08,11.3,2.0,17.6,,,,,,,
2000-02-10,12.8,,17.6,,,,,,,
2000-02-11,12.3,2.0,22.0,,,,,,,
2000-02-12,12.3,-1.2,19.6,,,,,,,
2000-02-13,11.6,2.5,19.5,,,,,,,
2000-02-14,10.7,1.5,19.7,,,,,,,
2000-02-15,12.2,2.5,19.5,,,,,,,
2000-02-17,12.1,3.5,18.6,,,,,,,
2000-02-19,13.5,0.8,20.6,,,,,,,
2000-02-20,14.1,5.4,22.0,,,,,,,
2000-02-21,13.4,3.6,22.8,,,,,,,
2000-02-24,16.1,6.4,23.0,,,,,,,
2000-02-25,14.9,4.5,22.5,,,,,,,
2000-02-26,11.9,6.0,21.6,,,,,,,
2000-02-27,14.1,8.5,20.6,,,,,,,
2000-02-28,14.7,9.6,22.2,,,,,,,
2000-02-29,15.6,9.5,22.5,,,,,,,
2000-03-01,17.8,9.4,25.8,,,,,,,
2000-03-02,16.8,7.0,25.1,,,,,,,
2000-03-03,20.7,12.4,28.2,,,,,,,
2000-03-04,20.6,12.0,27.3,,,,,,,
2000-03-05,19.8,9.5,28.2,,,,,,,
2000-03-07,19.8,9.0,27.2,,,,,,,
2000-03-08,17.2,10.5,27.0,,,,,,,
2000-03-09,17.3,8.0,28.5,,,,,,,
2000-03-10,15.8,6.6,22.1,,,,,,,
2000-03-11,16.3,10.5,21.2,,,,,,,
2000-03-12,15.7,10.0,21.0,,,,,,,
2000-03-13,16.7,10.5,23.5,,,,,,,
2000-03-15,16.2,,24.6,,,,,,,
2000-03-18,17.4,7.5,25.9,,,,,,,
2000-03-19,15.3,6.0,21.5,,,,,,,
2000-03-20,15.4,5.4,23.1,,,,,,,
2000-03-21,17.9,9.0,24.2,,,,,,,
2000-03-22,18.9,12.0,25.1,,,,,,,
2000-03-23,18.7,,27.0,,,,,,,
2000-03-24,20.2,11.5,27.0,,,,,,,
2000-03-25,19.9,12.0,28.0,,,,,,,
2000-03-26,21.1,12.5,27.5,,,,,,,
2000-03-27,21.9,14.4,28.9,,,,,,,
2000-03-28,23.1,15.5,30.0,,,,,,,
2000-03-29,24.6,,31.1,,,,,,,
2000-03-30,25.4,15.0,33.0,,,,,,,
2000-03-31,27.1,16.9,32.8,,,,,,,
2000-04-01,26.7,,32.8,,,,,,,
2000-04-02,25.1,15.4,33.5,,,,,,,
2000-04-03,27.1,18.0,33.9,,,,,,,
2000-04-04,25.7,15.0,32.8,,,,,,,
2000-04-05,25.9,18.5,33.6,,,,,,,
2000-04-06,27.2,19.0,33.6,,,,,,,
2000-04-07,28.3,20.9,34.8,,,,,,,
2000-04-08,28.9,24.4,33.8,,,,,,,
2000-04-09,27.4,20.0,34.0,,,,,,,
2000-04-10,27.6,17.5,36.0,,,,,,,
2000-04-11,27.2,17.0,34.8,,,,,,,
2000-04-14,26.0,16.5,33.8,,,,,,,
2000-04-15,24.7,15.6,33.0,,,,,,,
2000-04-16,26.2,15.2,33.8,,,,,,,
2000-04-17,26.8,18.5,33.5,,,,,,,
2000-04-18,25.2,16.0,31.0,,,,,,,
2000-04-23,24.3,15.0,32.2,,,,,,,
2000-04-24,24.2,14.6,32.8,,,,,,,
2000-04-25,25.1,17.0,31.0,,,,,,,
2000-04-26,26.5,,32.4,,,,,,,
2000-04-27,26.8,18.5,33.5,,,,,,,
2000-04-28,26.7,17.0,34.0,,,,,,,
2000-04-29,27.1,18.6,34.5,,,,,,,
2000-04-30,26.9,17.1,34.0,,,,,,,
2000-05-01,24.8,16.6,32.2,,,,,,,
2000-05-02,23.6,14.6,31.8,,,,,,,
2000-05-03,25.4,14.9,33.6,,,,,,,
2000-05-04,26.5,18.4,34.5,,,,,,,
2000-05-05,27.1,17.0,33.8,,,,,,,
2000-05-06,28.8,17.5,33.3,,,,,,,
2000-05-08,28.2,21.6,33.5,,,,,,,
2000-05-09,27.8,22.5,32.6,,,,,,,
2000-05-11,26.8,20.4,32.7,,,,,,,
2000-05-12,26.8,18.8,33.5,,,,,,,
2000-05-13,26.3,19.5,33.5,,,,,,,
2000-05-15,27.2,18.0,33.4,,,,,,,
2000-05-16,28.1,18.0,36.0,,,,,,,
2000-05-17,28.6,19.6,35.1,,,,,,,
2000-05-19,30.4,23.4,36.5,,,,,,,
2000-05-20,33.3,23.4,37.0,,,,,,,
2000-05-21,31.2,23.5,37.0,,,,,,,
2000-05-22,31.3,,36.5,,,,,,,
2000-05-24,31.2,23.8,37.5,,,,,,,
2000-05-26,31.0,23.0,35.9,,,,,,,
2000-05-27,29.2,22.0,35.8,,,,,,,
2000-05-29,29.0,23.1,35.0,,,,,,,
2000-05-30,29.5,22.9,34.0,,,,,,,
2000-05-31,28.4,23.4,33.2,,,,,,,
2000-06-01,27.7,21.6,34.5,,,,,,,
2000-06-02,28.2,19.6,35.1,,,,,,,
2000-06-03,28.2,20.5,33.4,,,,,,,
2000-06-04,28.3,22.2,33.0,,,,,,,
2000-06-05,25.2,19.9,33.0,,,,,,,
2000-06-06,24.7,19.2,31.1,0.3,,,,,,
2000-06-07,23.3,,28.7,2.0,,,,,,
2000-06-08,25.0,16.0,31.7,7.1,,,,,,
2000-06-10,30.3,22.5,36.2,,,,,,,
2000-06-11,31.2,22.0,36.5,,,,,,,
2000-06-12,31.3,24.0,36.4,,,,,,,
2000-06-13,31.8,,36.3,,,,,,,
2000-06-16,30.9,24.5,36.2,,,,,,,
2000-06-17,31.1,25.1,35.4,,,,,,,
2000-06-18,30.1,21.6,35.6,,,,,,,
2000-06-19,30.1,24.7,35.3,,,,,,,
2000-06-21,29.2,23.5,34.0,,,,,,,
2000-06-22,28.2,24.0,33.2,,,,,,,
2000-06-23,28.5,21.5,33.4,,,,,,,
2000-06-25,29.5,21.4,34.0,,,,,,,
2000-06-26,29.1,21.0,34.3,,,,,,,
2000-06-27,28.6,20.5,34.7,,,,,,,
2000-06-28,28.1,20.0,34.7,,,,,,,
2000-06-29,28.4,20.0,35.5,,,,,,,
2000-06-30,29.4,22.6,35.1,,,,,,,
2000-07-01,29.6,23.4,35.0,,,,,,,
2000-07-02,29.6,21.4,34.6,,,,,,,
2000-07-03,27.7,21.5,34.8,,,,,,,
2000-07-04,29.4,22.4,33.7,,,,,,,
2000-07-05,28.8,20.6,34.3,,,,,,,
2000-07-06,28.4,19.0,35.3,,,,,,,
2000-07-07,31.4,,37.0,,,,,,,
2000-07-08,29.4,23.5,35.6,,,,,,,
2000-07-09,30.7,22.3,35.8,,,,,,,
2000-07-10,30.2,22.6,35.8,,,,,,,
2000-07-11,30.5,19.5,37.6,,,,,,,
2000-07-12,31.4,22.0,38.2,,,,,,,
2000-07-13,34.4,28.0,39.6,,,,,,,
2000-07-14,31.6,22.5,37.2,,,,,,,
2000-07-15,30.3,24.0,36.0,,,,,,,
2000-07-16,29.5,23.0,37.4,,,,,,,
2000-07-18,30.6,24.4,37.3,,,,,,,
2000-07-19,29.6,22.1,34.9,,,,,,,
2000-07-20,29.8,20.4,35.7,,,,,,,
2000-07-21,30.5,23.4,36.6,,,,,,,
2000-07-22,31.7,26.1,36.5,,,,,,,
2000-07-23,29.6,22.6,34.3,,,,,,,
2000-07-24,29.0,22.1,34.9,,,,,,,
2000-07-25,24.9,21.2,32.4,,,,,,,
2000-07-26,26.2,,32.7,,,,,,,
2000-07-28,29.9,,35.0,,,,,,,
2000-07-29,29.3,22.5,34.2,,,,,,,
2000-07-30,26.8,21.6,31.2,,,,,,,
2000-07-31,27.8,20.2,34.4,,,,,,,
2000-08-01,29.7,22.7,35.6,,,,,,,
2000-08-02,28.9,23.3,34.2,,,,,,,
2000-08-03,26.7,22.0,32.8,,,,,,,
2000-08-04,27.7,21.9,33.5,0.0,,,,,,
2000-08-05,28.9,23.7,34.5,0.0,,,,,,
2000-08-06,29.2,,34.5,,,,,,,
2000-08-07,27.9,21.3,35.0,,,,,,,
2000-08-08,29.4,21.0,34.5,,,,,,,
2000-08-09,28.8,23.1,35.3,,,,,,,
2000-08-10,28.8,,34.2,,,,,,,
2000-08-11,29.4,22.0,34.5,,,,,,,
2000-08-12,29.9,24.2,35.3,,,,,,,
2000-08-13,30.6,22.4,35.3,,,,,,,
2000-08-14,30.7,23.0,36.5,,,,,,,
2000-08-16,30.1,,33.5,,,,,,,
2000-08-17,28.4,21.9,34.5,,,,,,,
2000-08-18,30.2,,35.6,,,,,,,
2000-08-20,26.7,22.2,33.2,,,,,,,
2000-08-21,29.0,22.4,34.2,,,,,,,
2000-08-22,28.8,20.0,34.8,,,,,,,
2000-08-23,28.9,20.8,35.5,,,,,,,
2000-08-24,28.4,21.4,34.4,,,,,,,
2000-08-25,27.8,22.5,34.3,,,,,,,
2000-08-26,29.6,,33.1,,,,,,,
2000-08-27,28.4,20.6,33.2,,,,,,,
2000-08-28,29.9,20.6,35.4,,,,,,,
2000-08-29,27.7,19.2,34.0,,,,,,,
2000-08-30,27.2,21.4,34.8,,,,,,,
2000-08-31,29.7,24.1,35.1,,,,,,,
2000-09-01,29.3,22.6,34.5,,,,,,,
2000-09-02,29.1,19.5,35.4,,,,,,,
2000-09-03,29.2,21.6,35.0,,,,,,,
2000-09-04,27.7,20.5,34.2,,,,,,,
2000-09-05,28.7,19.0,34.2,,,,,,,
2000-09-06,28.4,20.0,35.2,,,,,,,
2000-09-07,28.8,19.8,35.2,,,,,,,
2000-09-08,27.7,18.5,34.5,,,,,,,
2000-09-09,28.3,19.1,33.8,,,,,,,
2000-09-10,27.8,18.9,34.8,,,,,,,
2000-09-11,29.1,19.5,36.0,,,,,,,
2000-09-12,29.1,22.5,34.0,,,,,,,
2000-09-13,28.5,22.0,33.3,,,,,,,
2000-09-14,30.3,24.4,35.2,,,,,,,
2000-09-15,29.3,20.9,35.2,,,,,,,
2000-09-16,28.1,22.4,33.6,,,,,,,
2000-09-17,25.4,19.5,32.1,,,,,,,
2000-09-18,25.8,20.4,32.2,,,,,,,
2000-09-19,23.6,18.0,32.2,6.1,,,,,,
2000-09-20,26.2,16.1,32.4,1.0,,,,,,
2000-09-21,27.8,19.0,33.2,0.0,,,,,,
2000-09-22,27.9,20.8,33.2,,,,,,,
2000-09-24,26.1,16.5,32.5,,,,,,,
2000-09-27,26.2,,33.0,,,,,,,
2000-09-28,27.4,,33.1,,,,,,,
2000-09-29,27.2,,31.6,,,,,,,
2000-09-30,25.3,17.6,32.2,,,,,,,
2000-10-01,26.3,19.6,31.8,,,,,,,
2000-10-02,26.5,,32.0,,,,,,,
2000-10-03,24.7,16.0,31.7,,,,,,,
2000-10-05,26.8,19.5,31.5,,,,,,,
2000-10-07,26.4,,31.8,,,,,,,
2000-10-08,24.9,19.0,31.4,,,,,,,
2000-10-09,26.8,19.1,32.2,,,,,,,
2000-10-10,24.7,16.2,32.9,,,,,,,
2000-10-11,25.1,15.9,33.4,,,,,,,
2000-10-12,26.2,15.9,32.2,,,,,,,
2000-10-13,26.0,19.0,31.1,,,,,,,
2000-10-14,24.9,20.9,30.2,,,,,,,
2000-10-15,23.8,21.2,29.5,,,,,,,
2000-10-17,25.5,19.0,30.9,,,,,,,
2000-10-18,24.0,,29.5,,,,,,,
2000-10-19,20.6,,24.5,,,,,,,
2000-10-20,17.8,8.1,26.9,,,,,,,
2000-10-21,18.5,8.0,27.0,,,,,,,
2000-10-22,21.3,12.2,28.6,,,,,,,
2000-10-23,23.6,18.4,29.0,,,,,,,
2000-10-24,24.2,19.5,28.0,,,,,,,
2000-10-25,23.1,16.0,27.8,,,,,,,
2000-10-26,22.5,16.3,27.6,,,,,,,
2000-10-27,21.6,14.0,26.5,,,,,,,
2000-10-28,21.1,18.0,23.7,,,,,,,
2000-10-29,20.6,17.0,24.7,,,,,,,
2000-10-31,18.2,10.5,26.0,,,,,,,
2000-11-01,18.7,10.0,25.7,,,,,,,
2000-11-02,20.7,11.0,27.2,,,,,,,
2000-11-03,21.0,11.7,26.4,,,,,,,
2000-11-04,19.9,10.4,26.6,,,,,,,
2000-11-05,18.8,8.5,26.4,,,,,,,
2000-11-07,18.7,10.2,26.4,,,,,,,
2000-11-08,21.4,11.5,26.4,,,,,,,
2000-11-09,19.3,,24.7,,,,,,,
2000-11-10,18.9,11.9,25.4,,,,,,,
2000-11-11,19.4,10.0,27.8,,,,,,,
2000-11-12,19.2,13.5,24.6,,,,,,,
2000-11-14,18.8,13.7,24.6,,,,,,,
2000-11-15,18.1,9.6,26.0,,,,,,,
2000-11-16,18.6,8.5,26.2,,,,,,,
2000-11-17,17.7,9.5,25.3,,,,,,,
2000-11-18,16.0,7.9,23.2,,,,,,,
2000-11-19,16.2,8.2,23.0,,,,,,,
2000-11-20,16.3,9.5,23.5,,,,,,,
2000-11-21,15.5,,24.0,,,,,,,
2000-11-22,15.9,5.5,25.8,,,,,,,
2000-11-23,19.3,14.6,25.1,,,,,,,
2000-11-24,15.5,6.6,23.4,,,,,,,
2000-11-25,18.7,,25.5,,,,,,,
2000-11-26,17.5,4.0,24.9,,,,,,,
2000-11-28,16.7,,25.4,,,,,,,
2000-11-29,14.1,5.5,23.8,,,,,,,
2000-11-30,16.3,5.5,24.3,,,,,,,
2000-12-01,17.1,,24.8,,,,,,,
2000-12-02,15.9,8.3,23.0,,,,,,,
2000-12-03,15.1,6.0,23.0,,,,,,,
2000-12-04,16.3,5.8,24.0,,,,,,,
2000-12-05,15.4,5.0,22.9,,,,,,,
2000-12-06,15.6,7.0,23.6,,,,,,,
2000-12-07,15.6,5.5,24.5,,,,,,,
2000-12-08,15.9,5.5,24.5,,,,,,,
2000-12-09,15.7,5.0,24.5,,,,,,,
2000-12-11,16.4,7.4,23.3,,,,,,,
2000-12-12,15.8,8.0,23.3,,,,,,,
2000-12-13,15.7,,19.6,,,,,,,
2000-12-14,13.6,8.5,19.2,,,,,,,
2000-12-16,12.8,2.2,21.5,,,,,,,
2000-12-17,15.2,6.0,23.2,,,,,,,
2000-12-18,16.2,10.4,21.6,,,,,,,
2000-12-19,15.6,,28.5,,,,,,,
2000-12-21,11.2,2.5,20.1,,,,,,,
2000-12-22,12.2,,20.5,,,,,,,
2000-12-23,9.8,,20.3,,,,,,,
2000-12-24,12.7,2.5,22.5,,,,,,,
2000-12-25,13.2,5.6,21.5,,,,,,,
2000-12-26,13.4,2.9,23.1,,,,,,,
2000-12-27,14.1,,22.5,,,,,,,
2000-12-28,14.3,6.3,23.5,,,,,,,
2000-12-29,14.3,4.2,23.4,,,,,,,
2000-12-30,14.9,4.6,23.7,,,,,,,
2001-01-01,15.1,6.4,23.1,,,,,,,
2001-01-02,13.5,3.7,22.4,,,,,,,
2001-01-03,13.8,4.5,23.3,,,,,,,
2001-01-04,15.1,8.6,23.3,,,,,,,
2001-01-05,16.6,6.5,23.5,,,,,,,
2001-01-06,13.6,3.5,22.8,,,,,,,
2001-01-07,15.0,5.5,22.3,,,,,,,
2001-01-08,13.9,4.4,23.6,,,,,,,
2001-01-09,14.3,4.6,24.0,,,,,,,
2001-01-10,15.4,4.5,25.6,,,,,,,
2001-01-11,16.7,5.5,25.9,,,,,,,
2001-01-12,14.1,5.4,22.4,,,,,,,
2001-01-14,11.9,2.5,20.2,,,,,,,
2001-01-17,13.2,3.0,23.8,,,,,,,
2001-01-19,14.2,,21.6,,,,,,,
2001-01-20,13.2,2.2,22.7,,,,,,,
2001-01-21,12.2,2.1,23.1,,,,,,,
2001-01-22,11.6,2.0,20.2,,,,,,,
2001-01-23,12.3,2.5,22.5,,,,,,,
2001-01-24,13.8,,22.1,,,,,,,
2001-01-25,12.1,1.2,22.8,,,,,,,
2001-01-26,12.1,1.1,21.1,,,,,,,
2001-01-27,13.1,3.0,22.6,,,,,,,
2001-01-28,10.1,2.3,21.5,,,,,,,
2001-01-30,11.5,1.8,21.0,,,,,,,
2001-01-31,13.4,3.8,20.7,,,,,,,
2001-02-01,13.4,3.6,22.1,,,,,,,
2001-02-02,11.9,0.7,23.0,,,,,,,
2001-02-03,14.1,6.5,21.8,,,,,,,
2001-02-04,14.6,5.0,23.8,,,,,,,
2001-02-05,15.6,4.5,23.7,,,,,,,
2001-02-06,15.1,3.5,24.5,,,,,,,
2001-02-07,15.2,3.6,23.6,,,,,,,
2001-02-09,16.5,,24.6,,,,,,,
2001-02-10,16.2,6.0,24.8,,,,,,,
2001-02-11,13.8,2.5,22.4,,,,,,,
2001-02-12,11.0,2.5,18.2,,,,,,,
2001-02-14,11.7,4.1,18.6,,,,,,,
2001-02-15,12.4,1.2,20.2,,,,,,,
2001-02-16,11.3,1.1,21.7,,,,,,,
2001-02-18,12.7,1.7,21.2,,,,,,,
2001-02-19,12.7,4.8,25.6,,,,,,,
2001-02-20,15.9,6.5,23.2,,,,,,,
2001-02-21,15.9,9.4,22.6,,,,,,,
2001-02-22,17.4,9.5,23.6,,,,,,,
2001-02-23,15.5,7.0,23.6,,,,,,,
2001-02-24,16.3,5.8,25.0,,,,,,,
2001-02-25,19.3,,25.7,,,,,,,
2001-02-26,17.9,8.4,27.4,,,,,,,
2001-02-27,17.2,,22.1,,,,,,,
2001-02-28,15.2,7.5,21.9,,,,,,,
2001-03-01,16.3,,23.6,,,,,,,
2001-03-02,18.6,10.5,25.0,,,,,,,
2001-03-03,21.2,,26.7,,,,,,,
2001-03-04,18.9,6.5,27.9,,,,,,,
2001-03-05,18.9,7.5,27.5,,,,,,,
2001-03-06,19.3,6.9,28.2,,,,,,,
2001-03-07,23.1,10.0,29.1,,,,,,,
2001-03-08,21.4,9.6,28.5,,,,,,,
2001-03-09,20.0,10.0,28.0,,,,,,,
2001-03-10,22.9,,27.8,,,,,,,
2001-03-11,21.6,15.5,28.2,,,,,,,
2001-03-12,19.9,11.1,27.7,,,,,,,
2001-03-13,20.1,11.0,32.8,,,,,,,
2001-03-14,20.2,10.6,29.9,,,,,,,
2001-03-15,21.4,12.2,27.4,,,,,,,
2001-03-16,19.4,10.5,27.3,,,,,,,
2001-03-17,20.7,13.8,28.5,,,,,,,
2001-03-18,20.8,11.5,28.8,,,,,,,
2001-03-19,21.6,11.0,29.0,,,,,,,
2001-03-20,20.8,11.4,29.5,,,,,,,
2001-03-21,23.2,13.5,29.6,,,,,,,
2001-03-22,23.4,15.4,30.5,,,,,,,
2001-03-23,24.2,,29.5,,,,,,,
2001-03-24,22.3,14.8,29.0,,,,,,,
2001-03-25,22.4,10.2,29.5,,,,,,,
2001-03-26,22.6,11.5,30.3,,,,,,,
2001-03-28,21.6,12.2,31.0,,,,,,,
2001-03-29,25.0,,31.0,,,,,,,
2001-03-30,22.4,13.0,32.0,,,,,,,
2001-03-31,21.3,11.5,28.1,,,,,,,
2001-04-01,20.0,11.0,27.6,,,,,,,
2001-04-02,19.8,14.1,26.3,,,,,,,
2001-04-03,19.2,11.9,27.2,,,,,,,
2001-04-04,17.4,11.0,27.2,,,,,,,
2001-04-05,19.7,11.4,27.0,,,,,,,
2001-04-06,20.5,12.8,27.0,,,,,,,
2001-04-13,21.6,8.5,30.5,,,,,,,
2001-04-14,22.4,13.0,29.6,,,,,,,
2001-04-15,23.9,13.5,30.5,,,,,,,
2001-04-16,23.9,,30.5,,,,,,,
2001-04-17,23.4,,31.5,,,,,,,
2001-04-18,22.4,14.3,31.8,,,,,,,
2001-04-19,24.9,14.5,33.4,,,,,,,
2001-04-20,26.4,15.5,34.5,,,,,,,
2001-04-21,22.7,18.1,32.5,,,,,,,
2001-04-22,25.2,18.0,31.2,,,,,,,
2001-04-23,26.3,20.5,32.0,,,,,,,
2001-04-24,21.5,15.1,27.1,,,,,,,
2001-04-25,21.2,10.2,31.5,,,,,,,
2001-04-28,24.7,14.2,34.4,,,,,,,
2001-04-29,24.1,16.8,31.1,,,,,,,
2001-05-01,26.9,17.0,34.5,,,,,,,
2001-05-02,27.6,18.6,34.6,,,,,,,
2001-05-03,28.0,20.5,33.4,,,,,,,
2001-05-06,27.9,19.6,32.7,,,,,,,
2001-05-07,28.3,,35.0,,,,,,,
2001-05-08,29.9,20.5,35.6,,,,,,,
2001-05-10,29.7,19.6,37.5,,,,,,,
2001-05-11,29.2,22.9,35.5,,,,,,,
2001-05-13,26.3,,33.0,,,,,,,
2001-05-14,26.2,16.0,31.6,,,,,,,
2001-05-17,27.3,19.5,33.4,,,,,,,
2001-05-18,27.9,,34.2,,,,,,,
2001-05-19,26.7,20.0,33.2,,,,,,,
2001-05-22,28.3,18.0,34.9,,,,,,,
2001-05-23,27.4,16.5,35.4,,,,,,,
2001-05-24,29.1,,35.2,,,,,,,
2001-05-25,28.6,18.5,35.8,,,,,,,
2001-05-26,29.1,21.0,36.2,,,,,,,
2001-05-27,30.2,22.5,34.9,,,,,,,
2001-05-28,30.0,20.4,35.0,,,,,,,
2001-05-29,27.4,18.0,35.0,,,,,,,
2001-05-31,25.3,22.2,28.2,,,,,,,
2001-06-01,26.9,20.4,32.8,,,,,,,
2001-06-02,29.3,,34.2,,,,,,,
2001-06-03,28.2,20.5,33.3,,,,,,,
2001-06-04,30.6,21.6,36.6,,,,,,,
2001-06-05,31.1,26.0,36.5,,,,,,,
2001-06-06,31.1,23.6,36.9,,,,,,,
2001-06-07,29.7,19.4,36.0,,,,,,,
2001-06-11,33.3,,37.9,,,,,,,
2001-06-12,30.0,22.0,36.0,,,,,,,
2001-06-13,32.5,24.8,38.8,,,,,,,
2001-06-14,32.9,27.9,37.5,,,,,,,
2001-06-15,32.2,23.2,38.3,,,,,,,
2001-06-16,30.5,22.9,37.0,,,,,,,
2001-06-17,30.6,21.5,36.4,,,,,,,
2001-06-18,30.4,25.0,36.6,,,,,,,
2001-06-19,29.7,21.6,36.3,,,,,,,
2001-06-20,28.6,22.0,35.2,,,,,,,
2001-06-21,30.3,23.0,36.4,,,,,,,
2001-06-22,31.8,,36.4,,,,,,,
2001-06-24,30.4,24.6,35.7,,,,,,,
2001-06-25,29.9,21.6,36.6,,,,,,,
2001-06-26,29.8,26.0,37.0,,,,,,,
2001-06-27,29.8,24.2,34.8,,,,,,,
2001-06-28,28.8,19.1,35.4,,,,,,,
2001-06-29,27.9,18.2,35.5,,,,,,,
2001-06-30,28.4,19.5,35.5,,,,,,,
2001-07-01,28.8,20.5,34.9,,,,,,,
2001-07-02,29.2,21.5,35.5,,,,,,,
2001-07-03,27.8,18.3,35.3,,,,,,,
2001-07-04,28.7,20.4,36.2,,,,,,,
2001-07-05,29.2,23.0,35.4,,,,,,,
2001-07-06,29.8,22.2,36.5,,,,,,,
2001-07-07,31.2,24.9,37.0,,,,,,,
2001-07-08,29.1,22.5,35.8,,,,,,,
2001-07-09,28.8,21.6,34.6,,,,,,,
2001-07-10,29.8,23.4,35.0,,,,,,,
2001-07-11,30.2,,36.2,,,,,,,
2001-07-12,30.2,22.1,37.2,,,,,,,
2001-07-13,31.3,20.9,37.7,,,,,,,
2001-07-14,31.3,26.5,36.5,,,,,,,
2001-07-15,30.2,23.0,35.5,,,,,,,
2001-07-16,29.7,25.5,34.4,,,,,,,
2001-07-17,30.3,22.1,35.7,,,,,,,
2001-07-18,28.6,18.0,35.3,,,,,,,
2001-07-19,31.1,22.0,37.6,,,,,,,
2001-07-20,31.5,21.7,38.6,,,,,,,
2001-07-21,31.9,23.7,36.5,,,,,,,
2001-07-22,30.4,24.0,36.0,,,,,,,
2001-07-23,32.1,24.0,37.0,,,,,,,
2001-07-24,30.9,26.1,36.0,,,,,,,
2001-07-25,30.6,22.0,35.4,,,,,,,
2001-07-26,30.3,23.5,36.2,,,,,,,
2001-07-28,33.4,27.0,39.2,,,,,,,
2001-07-29,31.4,26.6,35.8,,,,,,,
2001-07-30,31.4,,36.4,,,,,,,
2001-07-31,30.9,25.9,36.2,,,,,,,
2001-08-01,31.0,23.9,36.6,,,,,,,
2001-08-02,30.2,22.6,35.8,,,,,,,
2001-08-03,29.9,22.7,35.2,,,,,,,
2001-08-04,29.6,21.2,35.5,,,,,,,
2001-08-06,30.3,23.9,36.7,,,,,,,
2001-08-07,30.5,26.2,34.5,,,,,,,
2001-08-08,29.1,20.9,35.1,,,,,,,
2001-08-11,32.7,,37.0,,,,,,,
2001-08-12,31.5,25.0,36.1,,,,,,,
2001-08-14,31.8,,35.5,,,,,,,
2001-08-16,31.2,25.7,36.0,,,,,,,
2001-08-18,30.1,23.9,36.0,,,,,,,
2001-08-20,28.6,20.5,35.6,,,,,,,
2001-08-21,30.4,23.1,36.2,,,,,,,
2001-08-22,30.0,22.1,35.5,,,,,,,
2001-08-23,27.4,24.2,35.0,,,,,,,
2001-08-24,27.5,21.2,35.0,,,,,,,
2001-08-25,28.3,,33.8,,,,,,,
2001-08-26,27.1,20.8,33.6,0.0,,,,,,
2001-08-28,28.7,23.0,35.0,0.0,,,,,,
2001-08-29,28.2,24.0,35.6,0.8,,,,,,
2001-08-31,27.6,,32.0,,,,,,,
2001-09-01,26.8,21.6,34.0,,,,,,,
2001-09-02,29.7,22.6,35.6,,,,,,,
2001-09-03,27.3,23.0,33.7,,,,,,,
2001-09-04,29.5,22.2,34.5,,,,,,,
2001-09-05,29.8,23.4,34.8,,,,,,,
2001-09-06,29.3,23.6,36.0,,,,,,,
2001-09-07,29.5,23.0,35.0,,,,,,,
2001-09-08,29.1,19.0,36.5,,,,,,,
2001-09-09,30.9,24.4,36.2,,,,,,,
2001-09-10,29.4,20.5,36.4,,,,,,,
2001-09-11,29.8,21.4,36.3,,,,,,,
2001-09-13,30.7,23.4,35.8,,,,,,,
2001-09-14,29.8,22.6,36.6,,,,,,,
2001-09-15,29.0,21.5,35.0,,,,,,,
2001-09-16,28.6,20.2,35.5,,,,,,,
2001-09-17,30.2,24.0,35.4,,,,,,,
2001-09-18,30.9,,35.3,,,,,,,
2001-09-20,27.3,24.4,33.4,,,,,,,
2001-09-21,28.5,20.5,34.8,,,,,,,
2001-09-23,27.1,16.5,33.9,,,,,,,
2001-09-24,28.2,18.5,34.4,,,,,,,
2001-09-25,29.7,24.7,34.5,,,,,,,
2001-09-26,28.1,21.6,34.8,,,,,,,
2001-09-27,27.4,19.0,34.5,,,,,,,
2001-09-29,26.6,16.4,33.2,,,,,,,
2001-10-01,26.8,20.5,33.2,,,,,,,
2001-10-03,26.4,21.0,32.2,,,,,,,
2001-10-04,26.4,19.1,32.0,,,,,,,
2001-10-05,26.9,17.3,33.5,,,,,,,
2001-10-06,27.5,20.0,32.1,,,,,,,
2001-10-07,27.2,21.4,31.2,,,,,,,
2001-10-08,25.4,19.4,31.4,,,,,,,
2001-10-09,24.9,16.5,30.6,,,,,,,
2001-10-11,23.9,20.0,29.4,,,,,,,
2001-10-12,23.5,17.4,28.5,,,,,,,
2001-10-13,24.6,16.7,30.5,,,,,,,
2001-10-14,22.9,16.5,28.8,,,,,,,
2001-10-16,22.6,13.6,30.3,,,,,,,
2001-10-18,22.3,,27.7,,,,,,,
2001-10-19,22.1,14.0,27.8,,,,,,,
2001-10-20,22.2,14.0,29.0,,,,,,,
2001-10-21,22.9,,28.8,,,,,,,
2001-10-24,21.6,14.8,26.8,,,,,,,
2001-10-25,21.9,16.0,26.7,,,,,,,
2001-10-27,20.3,12.4,26.0,,,,,,,
2001-10-28,19.1,12.4,25.0,,,,,,,
2001-10-29,19.1,14.2,23.9,,,,,,,
2001-10-30,18.0,12.5,22.7,,,,,,,
2001-10-31,17.2,11.2,22.0,,,,,,,
2001-11-01,18.4,11.2,23.2,,,,,,,
2001-11-02,17.3,8.5,23.4,,,,,,,
2001-11-03,17.3,8.2,24.1,,,,,,,
2001-11-09,21.4,,26.8,,,,,,,
2001-11-11,19.9,10.5,27.9,,,,,,,
2001-11-12,20.2,11.5,27.6,,,,,,,
2001-11-13,17.2,9.0,25.5,,,,,,,
2001-11-14,17.9,8.8,26.1,,,,,,,
2001-11-15,19.5,10.0,27.1,,,,,,,
2001-11-16,19.3,9.5,27.7,,,,,,,
2001-11-17,20.1,10.5,28.8,,,,,,,
2001-11-18,19.8,10.6,27.6,,,,,,,
2001-11-19,20.0,,25.7,,,,,,,
2001-11-20,18.8,10.5,26.2,,,,,,,
2001-11-22,19.0,12.4,25.2,,,,,,,
2001-11-24,18.2,12.0,26.2,,,,,,,
2001-11-25,16.4,9.0,23.8,,,,,,,
2001-11-27,15.5,9.3,23.8,,,,,,,
2001-11-28,18.1,9.3,25.5,,,,,,,
2001-11-29,16.7,9.8,24.4,,,,,,,
2001-11-30,17.2,9.5,24.7,,,,,,,
2001-12-01,17.8,12.0,23.1,,,,,,,
2001-12-03,17.7,12.7,24.0,,,,,,,
2001-12-04,16.8,9.9,25.2,,,,,,,
2001-12-05,17.3,8.8,24.8,,,,,,,
2001-12-06,15.2,8.0,21.8,,,,,,,
2001-12-07,15.3,6.9,31.7,,,,,,,
2001-12-08,14.7,6.9,21.0,,,,,,,
2001-12-09,13.0,4.5,20.8,,,,,,,
2001-12-10,13.4,4.6,19.8,,,,,,,
2001-12-11,14.1,6.6,20.7,,,,,,,
2001-12-12,15.1,11.6,19.0,,,,,,,
2001-12-13,13.6,5.0,21.7,,,,,,,
2001-12-14,14.8,6.0,22.7,,,,,,,
2001-12-15,15.1,7.0,22.9,,,,,,,
2001-12-16,16.6,6.3,23.4,,,,,,,
2001-12-17,16.4,8.5,23.0,,,,,,,
2001-12-18,16.7,11.5,23.0,,,,,,,
2001-12-19,12.7,3.0,21.9,,,,,,,
2001-12-20,13.4,4.8,27.5,,,,,,,
2001-12-21,14.9,4.0,23.6,,,,,,,
2001-12-23,16.0,8.1,24.5,,,,,,,
2001-12-24,16.3,7.2,25.0,,,,,,,
2001-12-25,17.9,,25.8,,,,,,,
2001-12-26,15.6,8.2,24.5,,,,,,,
2001-12-27,16.6,9.2,23.5,,,,,,,
2001-12-29,14.9,10.4,20.4,,,,,,,
2001-12-30,12.4,4.9,20.1,,,,,,,
2001-12-31,13.2,5.8,23.0,,,,,,,
2002-01-01,13.4,,23.3,,,,,,,
2002-01-02,14.8,,23.4,,,,,,,
2002-01-03,13.1,8.4,20.2,,,,,,,
2002-01-05,12.2,2.2,21.4,,,,,,,
2002-01-06,12.3,5.9,18.3,,,,,,,
2002-01-07,12.3,6.2,19.4,,,,,,,
2002-01-08,14.7,9.2,20.7,,,,,,,
2002-01-09,17.1,13.0,23.6,,,,,,,
2002-01-10,14.9,11.0,20.2,,,,,,,
2002-01-11,14.1,7.4,20.6,,,,,,,
2002-01-12,13.1,8.0,18.4,,,,,,,
2002-01-13,11.8,5.2,17.8,,,,,,,
2002-01-14,11.0,6.5,17.5,,,,,,,
2002-01-15,9.3,1.2,15.8,,,,,,,
2002-01-16,9.2,1.1,16.6,,,,,,,
2002-01-17,9.7,0.0,18.4,,,,,,,
2002-01-18,10.3,1.0,19.0,,,,,,,
2002-01-19,11.7,5.4,16.2,,,,,,,
2002-01-20,12.3,6.5,17.1,,,,,,,
2002-01-21,12.1,5.0,19.2,,,,,,,
2002-01-23,13.9,6.2,21.1,,,,,,,
2002-01-25,10.4,-3.8,22.0,,,,,,,
2002-01-26,14.0,3.4,22.7,,,,,,,
2002-01-27,13.2,2.5,22.5,,,,,,,
2002-01-28,14.4,5.8,23.0,,,,,,,
2002-01-29,14.4,10.1,20.3,,,,,,,
2002-01-30,15.4,,21.4,,,,,,,
2002-01-31,14.5,6.8,21.8,,,,,,,
2002-02-01,14.9,7.0,22.3,,,,,,,
2002-02-02,16.1,10.5,22.8,,,,,,,
2002-02-03,13.9,9.5,19.6,,,,,,,
2002-02-04,13.1,6.7,19.5,,,,,,,
2002-02-05,11.8,2.2,20.1,,,,,,,
2002-02-06,13.7,4.8,20.3,,,,,,,
2002-02-07,11.3,1.8,18.6,,,,,,,
2002-02-08,11.1,5.0,17.2,,,,,,,
2002-02-09,11.2,2.0,19.0,,,,,,,
2002-02-10,12.4,1.7,21.2,,,,,,,
2002-02-11,14.0,4.0,24.0,,,,,,,
2002-02-12,14.6,4.4,22.8,,,,,,,
2002-02-13,15.1,8.5,23.4,,,,,,,
2002-02-14,14.8,4.0,22.1,,,,,,,
2002-02-15,16.9,,25.1,,,,,,,
2002-02-16,15.5,5.0,25.0,,,,,,,
2002-02-17,17.9,8.9,24.6,,,,,,,
2002-02-18,17.4,9.1,24.5,,,,,,,
2002-02-19,16.9,9.4,24.6,,,,,,,
2002-02-21,18.3,,24.2,,,,,,,
2002-02-22,15.6,5.5,24.0,,,,,,,
2002-02-24,17.8,8.0,24.3,,,,,,,
2002-02-25,19.0,,22.6,,,,,,,
2002-02-26,17.8,,23.5,,,,,,,
2002-02-27,17.8,13.0,23.5,,,,,,,
2002-02-28,18.2,12.6,23.7,,,,,,,
2002-03-01,17.1,9.6,24.7,,,,,,,
2002-03-02,18.3,9.9,27.0,,,,,,,
2002-03-03,20.6,11.5,28.7,,,,,,,
2002-03-05,21.8,14.4,28.5,,,,,,,
2002-03-06,21.9,15.5,28.1,,,,,,,
2002-03-07,20.8,13.4,26.8,,,,,,,
2002-03-08,17.7,12.6,22.2,,,,,,,
2002-03-09,15.6,7.0,23.7,,,,,,,
2002-03-10,16.3,9.0,23.2,,,,,,,
2002-03-11,17.7,11.5,24.8,,,,,,,
2002-03-13,20.3,11.0,26.5,,,,,,,
2002-03-14,20.8,12.5,28.5,,,,,,,
2002-03-15,19.8,10.5,28.0,,,,,,,
2002-03-16,20.3,9.4,29.7,,,,,,,
2002-03-17,18.7,14.4,22.6,,,,,,,
2002-03-19,19.8,13.5,25.8,,,,,,,
2002-03-20,18.8,13.2,24.8,,,,,,,
2002-03-21,19.3,12.7,25.6,,,,,,,
2002-03-22,19.4,12.5,25.5,,,,,,,
2002-03-23,18.9,11.7,26.0,,,,,,,
2002-03-24,19.2,9.1,26.0,,,,,,,
2002-03-25,20.3,12.0,27.7,,,,,,,
2002-03-27,21.7,9.9,29.4,,,,,,,
2002-03-28,21.3,13.0,28.0,,,,,,,
2002-03-29,22.4,14.2,29.5,,,,,,,
2002-03-30,22.4,13.9,30.0,,,,,,,
2002-03-31,21.4,12.4,28.5,,,,,,,
2002-04-01,22.9,15.0,30.4,,,,,,,
2002-04-02,24.1,,28.0,,,,,,,
2002-04-04,22.8,14.5,30.2,,,,,,,
2002-04-05,23.2,15.4,31.2,,,,,,,
2002-04-06,21.9,18.4,31.0,,,,,,,
2002-04-07,25.6,21.0,31.4,,,,,,,
2002-04-08,24.2,20.9,28.4,,,,,,,
2002-04-09,25.5,20.0,32.1,,,,,,,
2002-04-10,25.9,20.4,31.3,,,,,,,
2002-04-11,26.8,,33.3,,,,,,,
2002-04-12,23.4,19.4,28.0,,,,,,,
2002-04-13,21.6,13.0,30.0,,,,,,,
2002-04-14,20.9,14.6,29.7,,,,,,,
2002-04-16,21.2,10.0,29.0,,,,,,,
2002-04-18,22.8,12.9,30.3,,,,,,,
2002-04-19,22.6,12.6,30.8,,,,,,,
2002-04-20,23.5,12.0,30.5,,,,,,,
2002-04-21,22.4,12.0,31.7,,,,,,,
2002-04-22,23.3,13.8,32.2,,,,,,,
2002-04-23,23.5,17.0,29.6,,,,,,,
2002-04-24,22.8,17.0,28.8,,,,,,,
2002-04-25,23.3,16.6,29.0,,,,,,,
2002-04-26,24.8,18.5,29.5,,,,,,,
2002-04-27,23.9,16.4,30.8,,,,,,,
2002-04-28,23.3,16.3,30.0,,,,,,,
2002-04-29,24.7,16.8,31.8,,,,,,,
2002-05-01,27.2,21.2,32.6,,,,,,,
2002-05-03,26.6,22.4,33.7,,,,,,,
2002-05-05,25.2,16.5,32.5,,,,,,,
2002-05-06,25.9,18.9,31.8,,,,,,,
2002-05-07,25.5,21.8,31.2,,,,,,,
2002-05-08,25.8,12.5,33.6,,,,,,,
2002-05-09,26.5,18.2,33.8,,,,,,,
2002-05-10,27.5,22.0,33.5,,,,,,,
2002-05-11,26.8,20.6,33.5,,,,,,,
2002-05-13,30.6,22.0,35.8,,,,,,,
2002-05-14,29.9,23.4,35.7,,,,,,,
2002-05-15,30.2,21.4,36.8,,,,,,,
2002-05-16,29.3,23.2,33.9,,,,,,,
2002-05-17,28.6,23.0,33.4,,,,,,,
2002-05-18,28.0,23.5,33.4,,,,,,,
2002-05-19,28.8,,34.2,,,,,,,
2002-05-20,27.6,22.3,32.9,,,,,,,
2002-05-21,27.4,19.5,33.4,,,,,,,
2002-05-22,29.4,20.2,35.0,,,,,,,
2002-05-23,26.8,20.4,36.0,,,,,,,
2002-05-24,30.1,21.5,37.0,,,,,,,
2002-05-25,31.8,26.2,36.5,,,,,,,
2002-05-26,31.2,27.0,36.8,,,,,,,
2002-05-27,30.1,23.5,36.2,,,,,,,
2002-05-29,30.0,22.5,36.0,,,,,,,
2002-05-30,30.9,25.0,36.5,,,,,,,
2002-05-31,31.5,21.7,37.1,,,,,,,
2002-06-01,29.7,21.8,37.5,,,,,,,
2002-06-02,29.6,19.5,37.6,,,,,,,
2002-06-03,30.7,18.8,37.8,,,,,,,
2002-06-04,30.9,26.2,36.7,,,,,,,
2002-06-05,29.4,24.0,36.5,,,,,,,
2002-06-06,31.1,25.0,37.1,,,,,,,
2002-06-08,30.2,21.5,36.4,,,,,,,
2002-06-09,28.9,20.0,36.5,,,,,,,
2002-06-10,30.1,19.5,37.3,,,,,,,
2002-06-11,30.4,23.9,37.4,1.5,,,,,,
2002-06-12,31.4,25.1,36.6,0.0,,,,,,
2002-06-13,31.6,26.6,35.5,,,,,,,
2002-06-14,30.1,24.8,34.0,,,,,,,
2002-06-16,30.0,25.5,34.2,,,,,,,
2002-06-17,28.3,22.2,34.4,,,,,,,
2002-06-20,30.3,23.2,35.3,,,,,,,
2002-06-21,31.2,25.0,35.3,,,,,,,
2002-06-22,29.6,24.7,33.9,,,,,,,
2002-06-23,29.3,22.4,34.3,,,,,,,
2002-06-24,28.7,23.1,33.5,,,,,,,
2002-06-25,29.1,19.5,35.4,,,,,,,
2002-06-26,30.8,21.5,37.6,,,,,,,
2002-06-27,31.2,23.9,37.2,,,,,,,
2002-06-28,31.2,24.4,36.7,,,,,,,
2002-06-29,30.3,24.4,35.0,,,,,,,
2002-06-30,30.0,23.0,35.6,,,,,,,
2002-07-01,30.7,23.0,36.5,,,,,,,
2002-07-02,30.4,23.2,36.0,,,,,,,
2002-07-03,30.6,23.6,36.9,,,,,,,
2002-07-05,30.9,24.3,35.7,,,,,,,
2002-07-06,30.2,,36.7,,,,,,,
2002-07-07,30.2,24.6,36.2,,,,,,,
2002-07-08,31.7,24.1,36.7,,,,,,,
2002-07-09,30.8,20.6,37.5,,,,,,,
2002-07-10,31.1,21.0,37.5,,,,,,,
2002-07-11,31.6,23.1,38.5,3.0,,,,,,
2002-07-12,32.3,24.0,37.8,0.0,,,,,,
2002-07-13,32.1,24.5,37.6,,,,,,,
2002-07-14,31.1,25.0,36.1,,,,,,,
2002-07-15,30.8,25.0,37.0,,,,,,,
2002-07-16,30.6,23.2,38.3,,,,,,,
2002-07-17,31.8,24.0,37.5,,,,,,,
2002-07-18,30.8,25.4,38.2,,,,,,,
2002-07-19,32.2,26.6,38.2,,,,,,,
2002-07-20,32.6,,38.2,,,,,,,
2002-07-21,30.4,22.5,38.0,,,,,,,
2002-07-22,33.3,23.8,38.5,,,,,,,
2002-07-23,33.4,29.6,37.5,,,,,,,
2002-07-24,31.2,24.5,36.1,,,,,,,
2002-07-25,29.5,22.5,35.5,,,,,,,
2002-07-26,30.3,,36.2,,,,,,,
2002-07-27,26.7,,36.0,,,,,,,
2002-07-29,31.0,,36.8,4.6,,,,,,
2002-07-30,30.1,20.5,36.0,0.0,,,,,,
2002-07-31,30.2,24.5,35.5,,,,,,,
2002-08-01,27.6,,34.5,,,,,,,
2002-08-02,26.9,21.0,35.5,4.1,,,,,,
2002-08-04,31.4,21.0,37.4,,,,,,,
2002-08-05,30.8,25.9,35.7,,,,,,,
2002-08-06,30.6,24.5,36.0,,,,,,,
2002-08-07,29.3,21.0,35.7,,,,,,,
2002-08-08,29.6,23.2,35.0,,,,,,,
2002-08-09,31.9,26.0,37.4,,,,,,,
2002-08-10,32.6,26.0,37.5,,,,,,,
2002-08-12,28.5,,36.8,25.9,,,,,,
2002-08-13,32.8,28.5,37.5,0.0,,,,,,
2002-08-14,32.6,25.8,37.0,,,,,,,
2002-08-15,31.3,25.5,36.1,,,,,,,
2002-08-16,29.9,22.0,36.4,,,,,,,
2002-08-17,27.4,,34.5,,,,,,,
2002-08-18,28.4,21.4,35.3,,,,,,,
2002-08-19,30.7,22.6,37.1,,,,,,,
2002-08-21,29.4,24.2,35.2,,,,,,,
2002-08-22,29.9,24.2,35.2,,,,,,,
2002-08-23,29.9,24.4,35.1,,,,,,,
2002-08-24,30.6,24.0,36.4,,,,,,,
2002-08-25,31.2,24.6,36.5,,,,,,,
2002-08-26,31.9,24.5,36.3,,,,,,,
2002-08-27,30.1,21.9,35.5,,,,,,,
2002-08-28,30.8,25.6,36.4,,,,,,,
2002-08-29,30.7,25.5,36.6,,,,,,,
2002-08-30,30.9,24.2,36.3,0.0,,,,,,
2002-09-01,31.2,26.0,35.6,0.0,,,,,,
2002-09-02,29.8,24.0,36.4,0.0,,,,,,
2002-09-03,31.3,25.5,37.3,0.0,,,,,,
2002-09-04,29.1,26.0,35.8,0.0,,,,,,
2002-09-06,30.1,24.5,35.2,0.0,,,,,,
2002-09-07,28.8,23.2,34.6,,,,,,,
2002-09-08,26.2,22.4,34.4,0.0,,,,,,
2002-09-09,29.3,22.0,36.0,0.0,,,,,,
2002-09-10,30.3,23.5,35.5,0.0,,,,,,
2002-09-11,29.7,22.6,34.3,0.0,,,,,,
2002-09-12,30.6,26.0,34.2,0.0,,,,,,
2002-09-13,29.9,24.5,34.5,0.0,,,,,,
2002-09-14,29.6,23.5,35.4,0.0,,,,,,
2002-09-15,29.1,24.4,34.7,0.0,,,,,,
2002-09-16,28.6,25.0,35.0,0.0,,,,,,
2002-09-17,29.4,21.3,34.5,,,,,,,
2002-09-18,29.2,21.6,35.0,0.0,,,,,,
2002-09-19,27.9,22.0,34.0,0.0,,,,,,
2002-09-20,29.6,22.0,35.8,0.0,,,,,,
2002-09-21,30.8,26.0,36.6,0.0,,,,,,
2002-09-22,29.4,23.3,35.4,0.0,,,,,,
2002-09-23,28.9,21.1,35.2,0.0,,,,,,
2002-09-24,28.7,20.5,35.1,0.0,,,,,,
2002-09-25,27.9,20.0,34.5,0.8,,,,,,
2002-09-26,28.6,21.9,35.6,0.0,,,,,,
2002-09-27,28.3,21.3,34.5,0.0,,,,,,
2002-09-28,28.1,19.0,35.0,0.0,,,,,,
2002-09-29,26.2,18.5,33.6,0.0,,,,,,
2002-09-30,26.5,21.2,33.0,0.0,,,,,,
2002-10-01,22.8,,26.3,,,,,,,
2002-10-03,21.2,,26.6,,,,,,,
2002-10-04,20.4,16.5,23.8,3.0,,,,,,
2002-10-05,21.3,17.5,26.3,0.0,,,,,,
2002-10-06,21.0,17.1,25.7,5.1,,,,,,
2002-10-07,19.8,16.8,27.3,1.0,,,,,,
2002-10-09,22.6,19.0,27.9,0.0,,,,,,
2002-10-10,25.3,19.0,29.6,0.0,,,,,,
2002-10-11,23.9,16.5,30.3,0.0,,,,,,
2002-10-12,23.8,,29.0,0.0,,,,,,
2002-10-13,22.6,13.5,31.5,0.0,,,,,,
2002-10-14,24.1,16.0,31.5,0.0,,,,,,
2002-10-15,24.7,21.2,29.6,0.0,,,,,,
2002-10-16,23.6,17.5,29.2,0.0,,,,,,
2002-10-18,24.3,18.4,29.4,0.0,,,,,,
2002-10-19,24.1,18.0,30.2,0.0,,,,,,
2002-10-20,23.6,19.4,29.0,0.0,,,,,,
2002-10-21,22.0,16.0,27.5,0.0,,,,,,
2002-10-23,21.5,14.6,27.4,0.0,,,,,,
2002-10-24,21.6,13.0,27.5,0.0,,,,,,
2002-10-25,20.9,13.5,27.0,0.0,,,,,,
2002-10-27,20.6,,24.8,0.0,,,,,,
2002-10-28,20.7,14.6,25.1,0.0,,,,,,
2002-10-29,19.3,13.4,26.5,0.0,,,,,,
2002-10-30,18.8,14.0,25.0,0.0,,,,,,
2002-10-31,18.0,11.6,24.6,0.0,,,,,,
2002-11-01,17.9,9.4,24.5,0.0,,,,,,
2002-11-02,18.1,10.1,24.5,0.0,,,,,,
2002-11-03,17.1,9.1,24.0,0.0,,,,,,
2002-11-04,18.4,9.5,24.0,0.0,,,,,,
2002-11-05,17.7,10.4,25.4,0.0,,,,,,
2002-11-06,16.2,8.7,22.8,0.0,,,,,,
2002-11-07,16.0,7.1,28.6,0.0,,,,,,
2002-11-08,15.9,7.5,25.0,0.0,,,,,,
2002-11-09,16.8,10.0,24.7,0.0,,,,,,
2002-11-10,16.4,8.1,23.6,0.0,,,,,,
2002-11-11,18.1,12.0,24.7,0.0,,,,,,
2002-11-12,16.7,10.0,24.6,0.0,,,,,,
2002-11-13,17.7,9.5,24.8,0.0,,,,,,
2002-11-14,17.3,9.0,25.0,0.0,,,,,,
2002-11-15,18.2,9.5,26.4,0.0,,,,,,
2002-11-16,19.3,12.5,26.5,0.0,,,,,,
2002-11-17,19.6,12.9,26.5,0.0,,,,,,
2002-11-18,20.2,11.1,27.2,0.0,,,,,,
2002-11-19,21.2,13.6,27.0,0.0,,,,,,
2002-11-20,19.4,14.5,26.0,0.0,,,,,,
2002-11-21,19.6,10.9,25.8,0.0,,,,,,
2002-11-22,20.9,,26.6,,,,,,,
2002-11-23,19.1,10.5,24.5,0.0,,,,,,
2002-11-24,17.5,9.5,25.4,0.0,,,,,,
2002-11-25,17.5,9.0,25.2,0.0,,,,,,
2002-11-26,18.0,9.6,25.8,0.0,,,,,,
2002-11-27,17.6,10.0,23.8,0.0,,,,,,
2002-11-28,18.9,9.6,25.5,0.0,,,,,,
2002-11-29,17.5,12.5,23.2,0.0,,,,,,
2002-11-30,16.4,10.3,23.0,0.0,,,,,,
2002-12-01,15.4,8.0,22.1,0.0,,,,,,
2002-12-02,14.6,7.7,22.0,0.0,,,,,,
2002-12-03,14.6,6.0,22.3,0.0,,,,,,
2002-12-04,14.6,6.5,22.2,0.0,,,,,,
2002-12-05,14.6,5.8,22.1,0.0,,,,,,
2002-12-06,13.6,5.0,21.6,0.0,,,,,,
2002-12-07,14.0,6.5,22.0,0.0,,,,,,
2002-12-08,16.1,6.2,20.5,0.0,,,,,,
2002-12-09,17.4,,21.2,0.0,,,,,,
2002-12-10,17.2,14.8,21.2,0.0,,,,,,
2002-12-11,18.0,14.1,21.2,0.0,,,,,,
2002-12-12,19.0,13.5,24.6,0.0,,,,,,
2002-12-14,20.5,12.4,26.6,0.0,,,,,,
2002-12-15,18.4,11.0,26.0,0.0,,,,,,
2002-12-16,18.4,10.4,25.6,0.0,,,,,,
2002-12-17,17.4,10.0,24.6,0.0,,,,,,
2002-12-18,18.4,11.5,24.6,0.0,,,,,,
2002-12-19,16.1,7.1,23.8,0.0,,,,,,
2002-12-20,17.3,8.6,24.2,0.0,,,,,,
2002-12-21,15.7,9.5,22.7,0.0,,,,,,
2002-12-22,14.8,8.0,20.8,0.0,,,,,,
2002-12-23,14.4,6.1,22.4,0.0,,,,,,
2002-12-24,13.8,5.5,20.8,0.0,,,,,,
2002-12-25,14.2,,21.8,0.0,,,,,,
2002-12-27,13.4,4.0,22.2,0.0,,,,,,
2002-12-28,13.3,2.0,21.2,0.0,,,,,,
2002-12-29,13.6,,23.2,0.0,,,,,,
2002-12-30,12.8,3.2,23.4,0.0,,,,,,
2002-12-31,12.3,2.5,22.0,0.0,,,,,,
2003-01-01,14.9,,23.4,0.0,,,,,,
2003-01-02,14.2,4.2,24.6,0.0,,,,,,
2003-01-03,16.2,6.1,24.4,0.0,,,,,,
2003-01-04,17.0,11.5,23.0,0.0,,,,,,
2003-01-05,14.6,3.0,23.8,0.0,,,,,,
2003-01-06,15.3,,22.6,,,,,,,
2003-01-07,15.2,7.0,22.8,0.0,,,,,,
2003-01-08,16.5,7.5,25.0,0.0,,,,,,
2003-01-09,15.2,5.0,22.9,0.0,,,,,,
2003-01-10,12.1,3.6,22.4,0.0,,,,,,
2003-01-12,13.2,5.0,20.6,0.0,,,,,,
2003-01-13,13.9,8.2,20.2,0.0,,,,,,
2003-01-14,14.8,11.0,18.3,,,,,,,
2003-01-15,16.8,13.0,21.8,,,,,,,
2003-01-16,19.6,15.5,23.2,0.0,,,,,,
2003-01-17,18.7,14.7,23.9,0.0,,,,,,
2003-01-18,17.7,14.0,22.4,0.0,,,,,,
2003-01-19,17.2,10.0,22.4,0.0,,,,,,
2003-01-20,16.6,11.9,21.9,0.0,,,,,,
2003-01-21,15.3,7.6,22.4,0.0,,,,,,
2003-01-23,15.7,11.7,20.9,0.0,,,,,,
2003-01-24,14.8,6.7,20.2,0.0,,,,,,
2003-01-25,10.4,2.2,18.2,0.0,,,,,,
2003-01-26,8.2,-5.0,15.8,0.0,,,,,,
2003-01-27,9.2,1.0,15.5,0.0,,,,,,
2003-01-28,10.8,4.0,16.0,0.0,,,,,,
2003-01-29,9.8,1.6,18.3,0.0,,,,,,
2003-01-30,9.6,-4.8,17.1,0.0,,,,,,
2003-01-31,11.3,2.6,19.5,0.0,,,,,,
2003-02-01,13.2,4.0,21.5,0.0,,,,,,
2003-02-02,14.7,7.5,22.1,0.0,,,,,,
2003-02-03,15.2,8.0,21.6,0.0,,,,,,
2003-02-04,12.2,2.5,20.8,0.0,,,,,,
2003-02-05,13.8,5.5,20.9,0.0,,,,,,
2003-02-06,17.3,9.0,24.0,,,,,,,
2003-02-07,17.6,11.7,24.1,0.0,,,,,,
2003-02-08,16.9,8.1,21.6,,,,,,,
2003-02-09,17.2,5.4,23.5,0.0,,,,,,
2003-02-10,19.4,13.5,25.7,0.0,,,,,,
2003-02-11,18.7,11.0,24.4,0.0,,,,,,
2003-02-12,16.5,5.6,23.4,0.0,,,,,,
2003-02-13,16.7,9.5,23.7,0.0,,,,,,
2003-02-14,17.1,10.2,22.0,0.0,,,,,,
2003-02-17,13.9,4.0,20.2,,,,,,,
2003-02-18,12.7,,19.8,0.0,,,,,,
2003-02-20,14.0,2.1,22.8,0.0,,,,,,
2003-02-21,15.4,3.5,23.0,0.0,,,,,,
2003-02-22,13.8,,24.4,0.0,,,,,,
2003-02-24,17.3,9.3,25.0,0.0,,,,,,
2003-02-25,17.2,9.5,22.6,0.0,,,,,,
2003-02-26,19.3,9.6,26.0,0.0,,,,,,
2003-02-27,15.7,6.0,23.2,0.0,,,,,,
2003-02-28,16.9,7.2,24.4,0.0,,,,,,
2003-03-01,17.8,8.0,25.2,0.0,,,,,,
2003-03-02,16.1,10.5,22.5,0.0,,,,,,
2003-03-03,16.4,9.8,23.8,0.0,,,,,,
2003-03-04,16.1,4.8,25.0,0.0,,,,,,
2003-03-05,16.1,4.9,25.0,0.0,,,,,,
2003-03-07,16.3,6.5,24.4,0.0,,,,,,
2003-03-08,17.4,6.9,26.1,0.0,,,,,,
2003-03-09,17.3,9.0,24.0,0.0,,,,,,
2003-03-10,18.1,11.1,25.0,0.0,,,,,,
2003-03-11,18.6,10.0,24.9,0.0,,,,,,
2003-03-12,17.9,10.6,25.0,0.0,,,,,,
2003-03-13,17.3,8.6,25.0,0.0,,,,,,
2003-03-14,17.6,7.5,25.6,0.0,,,,,,
2003-03-15,19.2,10.0,28.0,0.0,,,,,,
2003-03-16,20.6,12.5,28.1,0.0,,,,,,
2003-03-17,21.0,14.0,28.6,0.0,,,,,,
2003-03-18,22.3,,28.8,,,,,,,
2003-03-20,19.3,11.3,27.3,0.0,,,,,,
2003-03-21,18.9,8.4,26.9,0.0,,,,,,
2003-03-22,23.4,13.5,30.0,0.0,,,,,,
2003-03-23,19.7,16.5,24.0,0.0,,,,,,
2003-03-24,16.7,6.7,24.8,0.0,,,,,,
2003-03-25,18.0,12.5,24.3,0.0,,,,,,
2003-03-26,18.1,11.5,24.4,,,,,,,
2003-03-27,19.2,10.0,26.2,0.0,,,,,,
2003-03-28,20.7,13.4,28.3,,,,,,,
2003-03-29,20.9,11.0,29.0,0.0,,,,,,
2003-03-30,21.7,11.2,29.6,0.0,,,,,,
2003-03-31,21.7,12.0,30.5,0.0,,,,,,
2003-04-01,23.4,14.3,32.7,0.0,,,,,,
2003-04-02,22.3,13.0,30.2,0.0,,,,,,
2003-04-03,21.2,15.2,26.6,0.0,,,,,,
2003-04-04,20.0,10.0,26.5,0.0,,,,,,
2003-04-05,21.3,12.0,30.0,0.0,,,,,,
2003-04-06,20.6,12.0,27.2,0.0,,,,,,
2003-04-07,18.9,10.0,27.2,0.0,,,,,,
2003-04-08,22.2,13.2,28.3,0.0,,,,,,
2003-04-09,23.8,15.2,31.5,0.0,,,,,,
2003-04-10,25.6,21.0,31.3,0.0,,,,,,
2003-04-11,27.5,19.6,33.4,,,,,,,
2003-04-12,29.4,,35.0,,,,,,,
2003-04-13,27.1,20.0,32.8,,,,,,,
2003-04-14,24.9,17.9,31.1,0.0,,,,,,
2003-04-15,25.5,19.1,31.7,0.0,,,,,,
2003-04-16,21.1,16.0,29.5,0.0,,,,,,
2003-04-17,19.3,10.2,28.1,0.0,,,,,,
2003-04-19,21.2,11.1,30.5,0.0,,,,,,
2003-04-20,22.3,13.1,32.5,0.0,,,,,,
2003-04-21,25.8,,31.6,0.0,,,,,,
2003-04-23,26.8,19.6,33.0,0.0,,,,,,
2003-04-24,25.4,16.0,33.0,0.0,,,,,,
2003-04-26,26.6,19.5,33.4,0.0,,,,,,
2003-04-27,25.6,20.0,33.5,0.0,,,,,,
2003-04-28,26.2,20.5,32.0,0.0,,,,,,
2003-04-29,26.9,20.5,31.7,0.0,,,,,,
2003-04-30,26.6,19.0,31.7,0.0,,,,,,
2003-05-01,25.8,19.1,31.8,0.0,,,,,,
2003-05-02,27.1,18.6,33.0,0.0,,,,,,
2003-05-03,26.3,16.8,33.5,0.0,,,,,,
2003-05-04,26.4,16.5,34.4,0.0,,,,,,
2003-05-05,26.8,17.1,34.5,0.0,,,,,,
2003-05-06,27.4,19.1,34.4,0.0,,,,,,
2003-05-07,27.4,20.4,34.1,0.0,,,,,,
2003-05-08,28.3,,34.9,,,,,,,
2003-05-09,26.6,17.2,34.2,0.0,,,,,,
2003-05-10,26.8,16.6,34.5,0.0,,,,,,
2003-05-11,27.0,17.7,35.1,0.0,,,,,,
2003-05-12,28.2,16.5,35.2,0.0,,,,,,
2003-05-13,28.1,17.4,35.2,0.0,,,,,,
2003-05-14,27.8,20.5,34.0,0.0,,,,,,
2003-05-15,27.8,19.4,33.8,0.0,,,,,,
2003-05-16,27.3,18.0,34.5,0.0,,,,,,
2003-05-17,28.6,23.2,34.7,0.0,,,,,,
2003-05-18,30.4,20.0,36.5,0.0,,,,,,
2003-05-20,27.9,,35.2,0.0,,,,,,
2003-05-21,28.0,23.2,32.8,0.0,,,,,,
2003-05-24,28.6,18.9,34.5,0.0,,,,,,
2003-05-25,27.7,21.9,35.0,0.0,,,,,,
2003-05-26,29.9,26.0,35.1,0.0,,,,,,
2003-05-27,28.1,21.3,35.5,0.0,,,,,,
2003-05-28,29.3,19.8,35.6,0.0,,,,,,
2003-05-29,29.1,18.6,33.9,0.0,,,,,,
2003-05-30,29.3,21.5,35.9,0.0,,,,,,
2003-05-31,31.2,25.5,35.9,0.0,,,,,,
2003-06-03,25.4,19.4,32.2,5.1,,,,,,
2003-06-04,27.8,17.4,33.8,0.0,,,,,,
2003-06-05,28.1,18.5,36.0,0.0,,,,,,
2003-06-06,31.1,24.0,35.7,0.0,,,,,,
2003-06-07,29.6,23.5,35.0,0.0,,,,,,
2003-06-08,29.2,24.9,34.8,0.0,,,,,,
2003-06-09,25.9,19.0,32.6,4.1,,,,,,
2003-06-10,25.8,20.5,33.2,1.0,,,,,,
2003-06-11,29.3,,34.5,0.0,,,,,,
2003-06-12,29.9,25.5,36.4,,,,,,,
2003-06-13,30.4,24.5,36.4,0.5,,,,,,
2003-06-14,32.5,25.2,36.7,0.0,,,,,,
2003-06-15,32.2,25.5,38.0,0.0,,,,,,
2003-06-16,31.5,26.3,36.3,0.0,,,,,,
2003-06-18,27.5,23.9,36.4,1.0,,,,,,
2003-06-19,28.1,21.6,35.4,3.0,,,,,,
2003-06-20,31.1,25.6,36.2,0.0,,,,,,
2003-06-21,29.3,21.5,37.0,0.0,,,,,,
2003-06-22,30.2,20.1,36.5,,,,,,,
2003-06-23,27.1,20.2,33.6,0.0,,,,,,
2003-06-24,27.5,22.6,33.3,0.0,,,,,,
2003-06-25,26.6,22.5,33.4,,,,,,,
2003-06-26,27.1,22.5,32.4,,,,,,,
2003-06-27,26.7,19.4,33.3,0.0,,,,,,
2003-06-28,26.9,21.0,33.3,,,,,,,
2003-06-29,28.3,21.0,34.7,0.0,,,,,,
2003-06-30,29.9,23.8,35.5,0.0,,,,,,
2003-07-01,30.1,23.0,35.7,0.0,,,,,,
2003-07-02,31.4,26.9,36.3,0.0,,,,,,
2003-07-03,31.1,23.0,37.0,0.0,,,,,,
2003-07-04,32.0,26.5,36.7,0.0,,,,,,
2003-07-05,31.4,26.1,36.8,0.0,,,,,,
2003-07-06,31.6,26.0,37.1,0.0,,,,,,
2003-07-07,31.3,26.8,36.5,0.0,,,,,,
2003-07-08,32.7,28.2,36.9,0.0,,,,,,
2003-07-09,32.8,21.0,37.8,0.0,,,,,,
2003-07-10,32.1,28.7,38.2,0.0,,,,,,
2003-07-11,31.0,23.6,37.2,0.0,,,,,,
2003-07-12,30.5,22.8,35.6,0.0,,,,,,
2003-07-13,29.2,24.4,35.5,0.0,,,,,,
2003-07-14,28.9,22.4,35.0,0.0,,,,,,
2003-07-15,30.3,23.0,36.8,0.0,,,,,,
2003-07-16,30.9,,37.0,0.0,,,,,,
2003-07-17,29.9,25.5,35.0,0.0,,,,,,
2003-07-18,29.8,23.0,35.6,0.0,,,,,,
2003-07-19,30.9,23.3,35.8,0.0,,,,,,
2003-07-20,30.7,27.0,36.0,,,,,,,
2003-07-21,31.2,24.5,35.3,,,,,,,
2003-07-23,30.4,20.0,35.5,0.0,,,,,,
2003-07-24,29.3,19.5,32.7,0.0,,,,,,
2003-07-25,30.1,25.8,33.8,0.0,,,,,,
2003-07-26,30.3,26.0,34.4,0.0,,,,,,
2003-07-27,30.4,21.9,35.7,0.0,,,,,,
2003-07-28,31.7,,36.2,,,,,,,
2003-07-29,30.8,25.0,34.6,0.0,,,,,,
2003-08-01,29.6,21.2,35.5,0.0,,,,,,
2003-08-02,29.8,24.0,36.0,0.0,,,,,,
2003-08-03,30.1,22.6,36.0,0.0,,,,,,
2003-08-04,29.7,24.2,34.2,,,,,,,
2003-08-05,31.3,25.1,36.5,,,,,,,
2003-08-06,28.8,26.2,34.5,0.0,,,,,,
2003-08-07,27.0,,33.4,2.0,,,,,,
2003-08-08,24.1,18.1,30.2,20.1,,,,,,
2003-08-09,25.6,18.1,30.9,3.0,,,,,,
2003-08-10,25.7,20.5,30.6,0.0,,,,,,
2003-08-11,27.5,20.7,34.0,,,,,,,
2003-08-13,27.6,23.0,34.1,0.8,,,,,,
2003-08-14,27.4,,32.5,0.0,,,,,,
2003-08-15,29.1,21.4,34.5,0.0,,,,,,
2003-08-16,28.7,23.0,33.8,0.0,,,,,,
2003-08-17,28.4,22.7,34.4,0.0,,,,,,
2003-08-18,30.7,25.5,35.8,0.0,,,,,,
2003-08-20,30.1,23.4,35.2,0.0,,,,,,
2003-08-21,28.3,22.2,34.7,0.0,,,,,,
2003-08-22,28.8,22.4,34.6,0.0,,,,,,
2003-08-23,30.6,25.5,34.2,0.0,,,,,,
2003-08-24,30.7,24.5,34.7,0.0,,,,,,
2003-08-25,29.2,22.7,34.6,0.0,,,,,,
2003-08-26,31.0,,34.5,,,,,,,
2003-08-28,30.3,23.0,35.0,0.0,,,,,,
2003-08-29,31.3,22.9,35.7,0.0,,,,,,
2003-08-30,30.7,23.5,36.4,0.0,,,,,,
2003-08-31,28.8,20.0,34.3,0.0,,,,,,
2003-09-01,29.4,22.5,33.7,0.0,,,,,,
2003-09-02,29.3,19.8,34.6,0.0,,,,,,
2003-09-03,30.3,24.9,34.9,,,,,,,
2003-09-05,29.7,24.8,34.4,0.0,,,,,,
2003-09-06,29.0,22.4,35.2,0.0,,,,,,
2003-09-07,27.8,20.2,33.2,0.0,,,,,,
2003-09-08,28.2,22.2,32.3,0.0,,,,,,
2003-09-11,28.8,20.2,34.4,0.0,,,,,,
2003-09-12,27.9,22.5,34.4,0.0,,,,,,
2003-09-13,29.0,21.7,35.2,0.0,,,,,,
2003-09-14,28.9,23.1,35.1,0.0,,,,,,
2003-09-15,29.8,23.2,34.0,0.0,,,,,,
2003-09-16,26.7,21.0,34.0,,,,,,,
2003-09-17,29.6,25.4,34.5,0.3,,,,,,
2003-09-18,30.2,25.5,34.5,0.0,,,,,,
2003-09-19,30.6,23.8,34.7,0.0,,,,,,
2003-09-20,28.9,23.0,34.4,0.0,,,,,,
2003-09-21,30.1,24.0,34.5,0.0,,,,,,
2003-09-22,30.1,24.6,34.0,,,,,,,
2003-09-24,26.4,22.0,33.4,,,,,,,
2003-09-25,26.4,19.8,33.4,,,,,,,
2003-09-26,26.4,21.5,32.4,0.0,,,,,,
2003-09-28,25.7,18.4,31.5,,,,,,,
2003-09-29,25.9,17.5,32.6,0.0,,,,,,
2003-09-30,27.9,18.8,33.4,0.0,,,,,,
2003-10-01,27.6,21.5,33.4,0.0,,,,,,
2003-10-02,28.3,21.5,32.8,0.0,,,,,,
2003-10-03,26.4,20.3,32.2,0.0,,,,,,
2003-10-04,25.6,20.5,30.1,0.0,,,,,,
2003-10-05,25.6,,30.4,,,,,,,
2003-10-06,25.3,16.9,31.2,0.0,,,,,,
2003-10-08,24.9,16.0,32.0,0.0,,,,,,
2003-10-09,25.5,17.6,31.8,0.0,,,,,,
2003-10-10,25.5,19.0,30.7,0.0,,,,,,
2003-10-11,24.9,18.5,29.0,,,,,,,
2003-10-12,24.1,18.2,29.0,0.0,,,,,,
2003-10-13,21.9,18.2,29.2,,,,,,,
2003-10-14,21.6,16.5,26.7,,,,,,,
2003-10-15,22.7,15.1,28.5,,,,,,,
2003-10-18,24.3,17.8,29.7,0.0,,,,,,
2003-10-19,26.2,,30.4,,,,,,,
2003-10-20,24.6,17.0,31.0,0.0,,,,,,
2003-10-21,25.1,17.0,31.4,0.0,,,,,,
2003-10-22,25.3,16.6,31.4,0.0,,,,,,
2003-10-23,24.7,16.0,32.2,0.0,,,,,,
2003-10-24,25.4,17.5,31.7,0.0,,,,,,
2003-10-25,25.4,15.6,32.5,0.0,,,,,,
2003-10-26,25.8,18.5,31.1,0.0,,,,,,
2003-10-27,24.7,18.6,31.0,0.0,,,,,,
2003-10-28,25.7,18.4,32.5,0.0,,,,,,
2003-10-29,25.4,19.4,32.5,0.0,,,,,,
2003-10-30,23.6,13.5,31.5,0.0,,,,,,
2003-10-31,23.1,,30.0,0.0,,,,,,
2003-11-01,23.1,15.8,30.0,0.0,,,,,,
2003-11-02,23.7,15.2,30.4,0.0,,,,,,
2003-11-03,22.9,15.5,29.6,0.0,,,,,,
2003-11-04,23.8,,30.0,0.0,,,,,,
2003-11-05,19.7,12.0,28.6,0.0,,,,,,
2003-11-06,20.9,11.0,27.8,0.0,,,,,,
2003-11-07,20.1,10.5,28.0,0.0,,,,,,
2003-11-08,21.3,11.9,28.3,0.0,,,,,,
2003-11-09,20.6,,28.3,0.0,,,,,,
2003-11-10,20.6,10.0,26.2,0.0,,,,,,
2003-11-11,17.7,10.1,23.5,0.0,,,,,,
2003-11-12,15.8,8.4,22.0,0.0,,,,,,
2003-11-13,17.1,13.0,23.0,2.0,,,,,,
2003-11-15,17.6,8.5,25.4,0.0,,,,,,
2003-11-16,18.3,12.0,24.5,0.0,,,,,,
2003-11-17,19.4,14.5,24.4,0.0,,,,,,
2003-11-18,20.3,14.6,25.8,0.0,,,,,,
2003-11-19,21.4,16.4,26.4,0.0,,,,,,
2003-11-20,20.1,13.1,26.4,0.0,,,,,,
2003-11-21,18.6,,25.7,0.0,,,,,,
2003-11-22,19.2,10.5,25.4,0.0,,,,,,
2003-11-23,15.4,,25.4,,,,,,,
2003-11-24,19.9,10.0,27.6,0.0,,,,,,
2003-11-25,20.2,15.7,26.6,,,,,,,
2003-11-26,17.2,9.5,26.0,0.0,,,,,,
2003-11-27,17.9,10.2,24.6,0.0,,,,,,
2003-11-28,17.7,10.6,25.6,0.0,,,,,,
2003-11-29,15.2,8.0,23.8,,,,,,,
2003-11-30,16.8,,24.9,,,,,,,
2003-12-01,16.7,7.1,24.3,,,,,,,
2003-12-02,18.2,11.5,24.3,0.0,,,,,,
2003-12-03,17.3,13.2,24.0,0.0,,,,,,
2003-12-05,19.7,13.2,26.1,0.0,,,,,,
2003-12-06,21.8,15.6,27.4,0.0,,,,,,
2003-12-07,20.7,13.8,27.2,0.0,,,,,,
2003-12-08,20.2,13.0,26.5,0.0,,,,,,
2003-12-09,16.7,11.0,22.1,0.0,,,,,,
2003-12-10,15.6,9.0,21.7,0.0,,,,,,
2003-12-12,10.8,1.0,19.6,0.0,,,,,,
2003-12-13,11.7,1.0,18.7,0.0,,,,,,
2003-12-14,11.7,2.0,18.9,0.0,,,,,,
2003-12-15,11.9,4.3,19.0,0.0,,,,,,
2003-12-16,12.4,2.6,21.8,0.0,,,,,,
2003-12-18,14.0,7.0,21.0,0.0,,,,,,
2003-12-19,13.2,3.8,20.7,0.0,,,,,,
2003-12-20,13.6,4.5,20.7,0.0,,,,,,
2003-12-21,13.7,4.5,22.1,0.0,,,,,,
2003-12-22,12.9,3.7,20.6,0.0,,,,,,
2003-12-23,13.1,6.6,20.5,0.0,,,,,,
2003-12-25,14.0,,18.4,,,,,,,
2003-12-26,9.8,5.0,15.2,0.0,,,,,,
2003-12-27,8.6,0.0,16.0,0.0,,,,,,
2003-12-29,10.4,0.0,19.0,0.0,,,,,,
2003-12-30,11.1,2.6,19.3,0.0,,,,,,
2004-01-01,12.4,1.0,21.0,0.0,,,,,,
2004-01-03,13.0,6.5,19.4,0.0,,,,,,
2004-01-04,10.7,2.0,19.4,0.0,,,,,,
2004-01-05,11.7,2.0,19.2,0.0,,,,,,
2004-01-06,14.4,7.0,20.1,0.0,,,,,,
2004-01-07,13.0,5.2,20.4,0.0,,,,,,
2004-01-08,11.3,2.5,20.4,0.0,,,,,,
2004-01-09,12.7,3.0,22.6,0.0,,,,,,
2004-01-10,12.3,1.1,21.8,0.0,,,,,,
2004-01-11,12.2,4.4,21.6,0.0,,,,,,
2004-01-12,14.7,,21.2,,,,,,,
2004-01-13,14.9,8.5,22.1,0.0,,,,,,
2004-01-14,15.3,,21.2,,,,,,,
2004-01-15,14.6,7.0,21.3,0.0,,,,,,
2004-01-16,16.8,12.0,20.3,0.0,,,,,,
2004-01-17,16.8,12.0,22.0,0.0,,,,,,
2004-01-18,13.9,,16.6,,,,,,,
2004-01-19,14.7,10.5,20.0,2.0,,,,,,
2004-01-23,11.2,3.6,18.0,0.0,,,,,,
2004-01-24,11.4,2.0,19.5,0.0,,,,,,
2004-01-25,12.5,2.5,19.0,0.0,,,,,,
2004-01-26,11.6,8.2,19.0,0.0,,,,,,
2004-01-27,12.2,7.2,18.0,0.0,,,,,,
2004-01-28,11.8,,21.0,0.0,,,,,,
2004-01-31,15.9,12.6,22.1,0.0,,,,,,
2004-02-02,15.6,8.5,21.2,0.0,,,,,,
2004-02-03,14.6,,18.5,,,,,,,
2004-02-04,13.7,8.5,19.5,0.0,,,,,,
2004-02-05,13.4,8.5,19.4,0.0,,,,,,
2004-02-06,13.0,8.0,18.8,0.0,,,,,,
2004-02-07,13.0,8.0,18.5,0.0,,,,,,
2004-02-08,11.4,3.6,18.5,0.0,,,,,,
2004-02-09,14.1,2.4,21.5,0.0,,,,,,
2004-02-10,15.3,9.0,19.8,0.0,,,,,,
2004-02-11,15.9,10.7,22.6,0.0,,,,,,
2004-02-12,12.9,4.8,23.1,0.0,,,,,,
2004-02-14,15.6,8.1,21.7,0.0,,,,,,
2004-02-15,16.4,10.5,21.1,0.0,,,,,,
2004-02-16,13.8,6.5,20.7,0.0,,,,,,
2004-02-17,13.5,0.0,24.0,0.0,,,,,,
2004-02-18,14.7,7.0,23.1,0.0,,,,,,
2004-02-19,16.4,5.5,24.6,0.0,,,,,,
2004-02-20,17.3,8.0,25.5,,,,,,,
2004-02-21,19.7,11.8,27.2,0.0,,,,,,
2004-02-22,20.0,,29.3,0.0,,,,,,
2004-02-23,20.5,12.5,28.3,0.0,,,,,,
2004-02-24,21.6,12.8,29.5,0.0,,,,,,
2004-02-25,21.9,11.5,29.7,0.0,,,,,,
2004-02-26,21.1,11.6,28.4,0.0,,,,,,
2004-02-28,20.1,10.1,27.0,0.0,,,,,,
2004-02-29,20.6,10.5,28.6,0.0,,,,,,
2004-03-01,19.8,15.5,24.0,0.0,,,,,,
2004-03-02,17.7,11.6,24.5,0.0,,,,,,
2004-03-03,8.4,,12.0,0.0,,,,,,
2004-03-04,8.3,-1.0,17.2,0.0,,,,,,
2004-03-05,9.3,0.0,19.2,0.0,,,,,,
2004-03-06,15.1,3.0,23.5,0.0,,,,,,
2004-03-07,15.6,3.5,24.0,0.0,,,,,,
2004-03-08,18.1,8.2,25.0,0.0,,,,,,
2004-03-09,17.1,9.5,25.4,0.0,,,,,,
2004-03-10,18.2,9.8,26.0,0.0,,,,,,
2004-03-11,18.0,8.2,26.5,0.0,,,,,,
2004-03-12,19.5,7.5,26.5,0.0,,,,,,
2004-03-13,19.7,10.4,26.1,0.0,,,,,,
2004-03-14,19.9,13.0,26.0,0.0,,,,,,
2004-03-15,19.3,11.5,25.2,0.0,,,,,,
2004-03-16,19.7,9.8,26.5,0.0,,,,,,
2004-03-17,21.4,15.5,28.2,0.0,,,,,,
2004-03-18,21.2,14.5,28.3,0.0,,,,,,
2004-03-19,19.3,14.0,24.5,0.0,,,,,,
2004-03-20,19.0,13.0,24.8,0.0,,,,,,
2004-03-21,18.5,,25.4,,,,,,,
2004-03-22,19.3,10.7,25.3,0.0,,,,,,
2004-03-23,18.9,10.8,25.3,0.0,,,,,,
2004-03-24,20.1,10.6,26.5,0.0,,,,,,
2004-03-25,21.8,13.0,29.1,0.0,,,,,,
2004-03-27,24.9,18.5,30.4,0.0,,,,,,
2004-03-28,25.3,20.3,30.6,0.0,,,,,,
2004-03-29,25.4,18.8,31.5,0.0,,,,,,
2004-03-30,23.2,17.9,29.5,0.0,,,,,,
2004-03-31,23.2,18.6,29.5,0.0,,,,,,
2004-04-01,20.1,12.6,27.7,0.0,,,,,,
2004-04-02,19.4,10.0,27.4,0.0,,,,,,
2004-04-03,21.6,,28.5,,,,,,,
2004-04-04,22.7,14.9,28.0,0.0,,,,,,
2004-04-05,22.8,18.2,28.2,0.0,,,,,,
2004-04-06,21.2,13.2,27.6,0.0,,,,,,
2004-04-07,21.7,14.4,28.7,0.0,,,,,,
2004-04-08,23.3,,30.0,0.0,,,,,,
2004-04-09,23.8,14.9,30.3,0.0,,,,,,
2004-04-10,24.3,16.5,31.8,0.0,,,,,,
2004-04-11,24.8,16.5,31.5,0.0,,,,,,
2004-04-13,26.3,18.5,33.1,0.0,,,,,,
2004-04-14,27.7,22.6,32.6,0.0,,,,,,
2004-04-15,26.6,22.5,31.0,0.0,,,,,,
2004-04-16,26.4,18.1,33.0,0.0,,,,,,
2004-04-17,26.8,19.0,33.5,0.0,,,,,,
2004-04-18,27.2,19.5,33.7,0.0,,,,,,
2004-04-19,24.9,19.4,33.2,0.0,,,,,,
2004-04-20,23.7,16.0,31.0,0.0,,,,,,
2004-04-21,24.7,18.2,30.7,0.0,,,,,,
2004-04-22,24.2,16.4,31.8,0.0,,,,,,
2004-04-23,24.2,15.5,32.4,0.0,,,,,,
2004-04-24,24.1,15.8,33.0,0.0,,,,,,
2004-04-25,26.1,15.0,33.3,0.0,,,,,,
2004-04-26,25.3,16.0,32.3,0.0,,,,,,
2004-04-27,26.0,17.5,33.5,0.0,,,,,,
2004-04-28,27.8,21.6,33.5,0.0,,,,,,
2004-04-29,27.8,22.0,33.6,0.0,,,,,,
2004-04-30,26.8,23.5,31.4,0.0,,,,,,
2004-05-01,25.1,17.5,32.0,0.0,,,,,,
2004-05-02,25.4,16.2,32.5,0.0,,,,,,
2004-05-03,28.1,20.5,35.4,0.0,,,,,,
2004-05-05,25.6,19.5,31.8,0.0,,,,,,
2004-05-06,22.8,12.0,31.0,0.0,,,,,,
2004-05-07,24.1,12.0,32.0,0.0,,,,,,
2004-05-08,26.2,16.6,33.6,0.0,,,,,,
2004-05-10,27.9,18.6,33.8,0.0,,,,,,
2004-05-11,27.3,18.6,34.0,0.0,,,,,,
2004-05-12,27.5,18.5,34.4,0.0,,,,,,
2004-05-13,27.4,19.6,34.8,0.0,,,,,,
2004-05-14,28.6,19.8,35.9,0.0,,,,,,
2004-05-15,30.3,25.5,36.0,0.0,,,,,,
2004-05-16,30.5,24.4,35.6,0.0,,,,,,
2004-05-18,26.8,21.0,31.7,0.0,,,,,,
2004-05-19,27.8,20.6,33.8,0.0,,,,,,
2004-05-20,27.7,21.0,35.3,0.0,,,,,,
2004-05-21,27.3,,34.9,0.0,,,,,,
2004-05-22,27.5,19.3,35.5,0.0,,,,,,
2004-05-23,26.3,17.0,34.8,0.0,,,,,,
2004-05-24,26.8,18.0,33.2,0.0,,,,,,
2004-05-25,26.3,18.9,32.2,0.0,,,,,,
2004-05-26,26.8,16.5,33.8,0.0,,,,,,
2004-05-27,27.3,19.5,33.7,0.0,,,,,,
2004-05-28,26.6,18.5,32.6,0.0,,,,,,
2004-05-29,26.9,16.5,35.0,0.0,,,,,,
2004-05-30,27.6,19.5,35.6,0.0,,,,,,
2004-05-31,27.4,23.3,32.4,0.0,,,,,,
2004-06-01,24.6,19.5,29.0,0.0,,,,,,
2004-06-02,27.9,20.2,33.5,0.0,,,,,,
2004-06-04,28.8,21.7,35.2,0.0,,,,,,
2004-06-05,28.8,21.0,34.5,0.0,,,,,,
2004-06-06,29.4,21.2,34.7,0.0,,,,,,
2004-06-07,27.8,,35.0,0.0,,,,,,
2004-06-08,30.5,24.5,36.0,1.0,,,,,,
2004-06-09,30.7,19.0,36.5,0.0,,,,,,
2004-06-10,31.5,25.2,36.1,0.0,,,,,,
2004-06-11,31.1,26.2,36.0,0.0,,,,,,
2004-06-12,27.8,24.0,33.1,0.0,,,,,,
2004-06-13,27.8,23.2,33.2,1.0,,,,,,
2004-06-14,29.8,22.4,34.8,0.0,,,,,,
2004-06-15,31.7,25.0,36.5,0.0,,,,,,
2004-06-16,31.9,25.5,37.2,0.0,,,,,,
2004-06-17,31.7,24.8,37.4,0.0,,,,,,
2004-06-18,30.2,23.2,36.0,0.0,,,,,,
2004-06-19,28.3,19.5,35.7,0.0,,,,,,
2004-06-20,28.8,17.0,36.6,0.0,,,,,,
2004-06-22,31.6,,37.1,,,,,,,
2004-06-23,30.1,21.4,36.0,0.0,,,,,,
2004-06-24,30.4,23.5,35.4,0.0,,,,,,
2004-06-25,29.5,24.0,34.8,0.0,,,,,,
2004-06-26,30.0,,36.3,0.0,,,,,,
2004-06-27,31.1,23.5,35.1,0.0,,,,,,
2004-06-28,29.8,24.5,33.8,0.0,,,,,,
2004-06-29,30.1,22.0,35.3,0.0,,,,,,
2004-06-30,30.3,24.3,35.5,0.0,,,,,,
2004-07-01,31.3,,36.0,,,,,,,
2004-07-02,30.2,,35.1,,,,,,,
2004-07-03,29.9,24.5,34.8,0.0,,,,,,
2004-07-04,30.6,24.1,35.5,0.0,,,,,,
2004-07-05,31.0,22.0,36.6,0.0,,,,,,
2004-07-06,30.3,24.0,36.0,0.0,,,,,,
2004-07-07,28.9,22.5,35.4,0.0,,,,,,
2004-07-09,29.7,23.4,35.5,0.0,,,,,,
2004-07-10,29.8,25.1,34.6,0.0,,,,,,
2004-07-11,29.4,19.0,35.6,0.0,,,,,,
2004-07-12,30.3,26.4,36.0,0.0,,,,,,
2004-07-13,32.4,25.9,38.0,0.0,,,,,,
2004-07-14,32.0,26.8,36.3,0.0,,,,,,
2004-07-15,30.7,23.5,36.7,0.0,,,,,,
2004-07-16,31.0,21.5,36.2,0.0,,,,,,
2004-07-17,30.6,26.8,35.1,0.0,,,,,,
2004-07-18,29.7,,35.6,0.0,,,,,,
2004-07-19,25.8,19.5,33.2,4.1,,,,,,
2004-07-20,27.2,19.7,33.0,0.0,,,,,,
2004-07-21,29.4,22.8,34.4,0.0,,,,,,
2004-07-22,27.0,22.7,32.5,0.0,,,,,,
2004-07-23,24.4,22.0,32.4,0.0,,,,,,
2004-07-24,26.4,19.0,32.4,4.1,,,,,,
2004-07-25,27.1,21.9,32.6,0.0,,,,,,
2004-07-26,27.6,20.5,33.3,0.0,,,,,,
2004-07-27,27.4,22.0,34.0,0.0,,,,,,
2004-07-28,25.6,20.0,33.9,0.0,,,,,,
2004-07-29,26.3,19.3,34.4,4.1,,,,,,
2004-07-30,28.4,20.0,35.8,0.5,,,,,,
2004-07-31,30.8,20.0,37.1,0.0,,,,,,
2004-08-01,32.3,24.0,37.1,0.0,,,,,,
2004-08-02,32.5,26.3,36.9,0.0,,,,,,
2004-08-03,31.3,,36.4,0.0,,,,,,
2004-08-04,30.1,22.8,36.6,0.0,,,,,,
2004-08-06,31.3,25.8,37.4,0.0,,,,,,
2004-08-07,29.6,25.7,36.2,0.0,,,,,,
2004-08-08,30.1,24.0,35.8,3.0,,,,,,
2004-08-09,31.4,23.1,36.8,0.0,,,,,,
2004-08-10,31.3,24.2,36.6,0.0,,,,,,
2004-08-11,30.7,20.4,37.2,0.0,,,,,,
2004-08-12,30.2,24.5,35.4,0.0,,,,,,
2004-08-13,30.8,26.0,35.7,0.0,,,,,,
2004-08-14,32.4,25.2,37.6,0.0,,,,,,
2004-08-15,31.8,26.2,37.3,0.0,,,,,,
2004-08-16,31.7,24.4,37.3,0.0,,,,,,
2004-08-17,28.9,,34.5,0.0,,,,,,
2004-08-18,25.6,22.0,34.5,2.0,,,,,,
2004-08-19,28.2,20.1,34.6,0.0,,,,,,
2004-08-20,30.6,25.5,35.7,0.0,,,,,,
2004-08-21,28.2,,34.2,0.0,,,,,,
2004-08-22,28.0,24.0,34.3,0.0,,,,,,
2004-08-23,28.5,23.5,33.9,0.0,,,,,,
2004-08-24,28.8,20.5,34.5,0.0,,,,,,
2004-08-25,28.5,20.5,35.0,0.0,,,,,,
2004-08-26,28.9,23.2,34.3,0.0,,,,,,
2004-08-27,28.7,22.3,34.0,0.0,,,,,,
2004-08-28,28.4,20.6,34.5,0.0,,,,,,
2004-08-29,28.4,19.1,35.2,0.0,,,,,,
2004-08-30,29.2,19.5,35.4,0.0,,,,,,
2004-08-31,29.8,21.1,35.8,0.0,,,,,,
2004-09-01,29.4,23.5,34.7,0.0,,,,,,
2004-09-02,30.2,23.9,35.4,0.0,,,,,,
2004-09-03,30.1,23.5,35.8,0.0,,,,,,
2004-09-05,29.4,24.5,34.1,0.0,,,,,,
2004-09-06,27.8,21.6,33.2,0.0,,,,,,
2004-09-07,27.9,21.7,33.4,0.0,,,,,,
2004-09-08,26.8,20.5,32.6,0.0,,,,,,
2004-09-09,27.1,22.4,31.9,0.0,,,,,,
2004-09-10,26.2,19.1,32.2,0.0,,,,,,
2004-09-11,26.7,21.5,31.6,0.0,,,,,,
2004-09-12,26.4,20.1,32.0,0.0,,,,,,
2004-09-13,26.5,20.2,31.8,0.0,,,,,,
2004-09-14,25.9,19.4,31.8,0.0,,,,,,
2004-09-15,26.4,19.2,32.7,0.0,,,,,,
2004-09-16,27.4,,33.8,0.0,,,,,,
2004-09-17,28.2,19.0,35.0,0.0,,,,,,
2004-09-19,26.3,18.5,33.3,0.0,,,,,,
2004-09-20,26.6,18.4,33.2,0.0,,,,,,
2004-09-21,27.4,17.5,33.8,0.0,,,,,,
2004-09-22,27.3,17.3,34.0,0.0,,,,,,
2004-09-23,27.7,21.3,34.5,0.0,,,,,,
2004-09-24,27.1,18.1,34.6,0.0,,,,,,
2004-09-25,26.9,18.5,33.4,0.0,,,,,,
2004-09-26,26.2,17.6,33.8,0.0,,,,,,
2004-09-27,25.7,16.8,34.0,0.0,,,,,,
2004-09-28,26.4,16.5,32.4,0.0,,,,,,
2004-09-29,25.3,15.5,32.4,0.0,,,,,,
2004-09-30,27.4,20.8,33.5,0.0,,,,,,
2004-10-01,27.5,22.1,32.3,0.0,,,,,,
2004-10-02,26.9,20.0,32.6,0.0,,,,,,
2004-10-03,27.5,22.6,32.4,0.0,,,,,,
2004-10-04,25.6,,32.2,0.0,,,,,,
2004-10-05,26.1,19.5,32.8,0.0,,,,,,
2004-10-06,25.6,17.6,31.4,0.0,,,,,,
2004-10-07,25.3,16.4,32.3,0.0,,,,,,
2004-10-08,25.6,18.8,31.5,0.0,,,,,,
2004-10-09,25.1,19.5,30.1,0.0,,,,,,
2004-10-10,24.6,19.2,30.0,0.0,,,,,,
2004-10-11,23.6,18.0,29.2,0.0,,,,,,
2004-10-12,23.5,17.0,31.0,0.0,,,,,,
2004-10-13,22.8,14.5,31.1,0.0,,,,,,
2004-10-15,23.4,14.0,30.5,0.0,,,,,,
2004-10-16,22.9,14.7,31.0,0.0,,,,,,
2004-10-17,23.3,,31.5,0.0,,,,,,
2004-10-18,24.4,17.1,30.5,0.0,,,,,,
2004-10-19,23.3,18.0,28.0,0.0,,,,,,
2004-10-20,22.7,15.5,28.2,0.0,,,,,,
2004-10-21,23.8,19.2,28.6,0.0,,,,,,
2004-10-22,23.7,19.0,28.5,0.0,,,,,,
2004-10-23,23.3,15.6,29.1,0.0,,,,,,
2004-10-25,23.3,,28.6,,,,,,,
2004-10-26,21.1,14.1,28.0,0.0,,,,,,
2004-10-27,21.5,13.2,28.0,0.0,,,,,,
2004-10-28,22.0,13.5,29.2,0.0,,,,,,
2004-10-29,22.4,14.6,29.6,0.0,,,,,,
2004-10-30,22.1,12.8,29.7,0.0,,,,,,
2004-10-31,23.0,14.6,29.0,0.0,,,,,,
2004-11-01,21.2,12.0,27.7,0.0,,,,,,
2004-11-02,17.9,10.5,24.9,0.0,,,,,,
2004-11-03,14.6,7.1,26.2,0.0,,,,,,
2004-11-04,16.9,8.8,26.7,0.0,,,,,,
2004-11-05,17.9,10.0,27.6,0.0,,,,,,
2004-11-06,21.5,14.4,28.5,0.0,,,,,,
2004-11-07,19.2,10.8,27.3,0.0,,,,,,
2004-11-08,18.4,8.8,26.2,0.0,,,,,,
2004-11-09,18.4,7.5,27.5,0.0,,,,,,
2004-11-10,18.8,10.0,26.7,0.0,,,,,,
2004-11-11,19.1,11.0,24.4,0.0,,,,,,
2004-11-12,18.7,11.6,24.4,0.0,,,,,,
2004-11-13,17.9,12.6,23.4,0.0,,,,,,
2004-11-14,15.6,9.0,23.6,0.0,,,,,,
2004-11-15,17.2,9.0,26.9,0.0,,,,,,
2004-11-16,18.9,11.5,27.3,0.0,,,,,,
2004-11-17,19.0,9.8,27.3,0.0,,,,,,
2004-11-18,19.4,12.6,26.7,0.0,,,,,,
2004-11-19,19.5,13.4,25.7,0.0,,,,,,
2004-11-20,18.7,10.0,26.4,0.0,,,,,,
2004-11-21,19.4,11.6,27.7,0.0,,,,,,
2004-11-22,18.9,12.4,27.6,0.0,,,,,,
2004-11-23,19.2,15.0,25.7,0.0,,,,,,
2004-11-24,16.9,12.0,22.4,0.0,,,,,,
2004-11-25,15.9,9.5,22.4,0.0,,,,,,
2004-11-26,15.1,7.8,23.2,0.0,,,,,,
2004-11-27,16.6,11.5,22.2,0.0,,,,,,
2004-11-28,16.3,10.0,22.8,0.0,,,,,,
2004-11-29,15.4,7.5,22.1,0.0,,,,,,
2004-11-30,16.2,8.6,22.5,0.0,,,,,,
2004-12-01,16.6,9.0,23.6,0.0,,,,,,
2004-12-02,16.7,9.0,24.7,0.0,,,,,,
2004-12-03,18.0,8.0,25.3,0.0,,,,,,
2004-12-04,16.8,6.3,27.3,0.0,,,,,,
2004-12-05,17.6,7.0,23.0,0.0,,,,,,
2004-12-06,17.4,10.6,24.5,0.0,,,,,,
2004-12-07,16.7,11.0,22.3,0.0,,,,,,
2004-12-08,16.3,9.6,22.5,0.0,,,,,,
2004-12-09,16.7,9.1,23.2,0.0,,,,,,
2004-12-10,15.4,6.2,23.7,0.0,,,,,,
2004-12-11,16.4,9.0,24.2,0.0,,,,,,
2004-12-12,14.6,6.6,24.2,0.0,,,,,,
2004-12-13,15.2,4.5,24.6,0.0,,,,,,
2004-12-14,18.7,11.1,24.8,0.0,,,,,,
2004-12-15,18.2,13.8,23.0,0.0,,,,,,
2004-12-16,17.3,13.4,22.8,0.0,,,,,,
2004-12-17,17.4,13.1,22.7,0.0,,,,,,
2004-12-18,15.7,10.1,21.8,0.3,,,,,,
2004-12-19,13.8,7.0,19.8,0.0,,,,,,
2004-12-20,13.1,4.9,20.7,0.0,,,,,,
2004-12-21,12.3,3.6,21.8,0.0,,,,,,
2004-12-22,13.3,5.3,23.5,0.0,,,,,,
2004-12-23,15.6,8.0,23.4,0.0,,,,,,
2004-12-24,18.2,11.4,25.5,0.0,,,,,,
2004-12-25,18.1,14.0,23.6,0.0,,,,,,
2004-12-26,15.9,13.5,20.6,0.0,,,,,,
2004-12-27,17.8,12.5,24.2,0.3,,,,,,
2004-12-28,16.2,10.0,22.4,0.0,,,,,,
2004-12-29,10.9,1.5,20.3,0.0,,,,,,
2004-12-30,9.7,1.1,17.8,0.0,,,,,,
2004-12-31,9.7,5.0,15.1,0.0,,,,,,
2018-07-21,30.8,24.9,37.7,,,,23.5,,1009.9,
2018-07-22,30.5,22.2,37.6,,,,12.8,,1009.6,
2018-07-23,30.9,24.2,36.7,,,,12.7,,1008.4,
2018-07-24,30.9,24.6,37.0,,,,17.0,,1007.2,
2018-07-25,30.3,24.7,36.0,,,,20.8,,1008.2,
2018-07-26,30.1,24.1,36.7,,,,14.3,,1009.8,
2018-07-27,31.5,24.9,37.5,,,,15.1,,1010.4,
2018-07-28,32.9,26.9,38.9,,,,14.3,,1009.4,
2018-07-29,33.4,26.9,39.2,,,,13.4,,1007.4,
2018-07-30,31.5,27.9,35.8,,,,14.4,,1006.2,
2018-07-31,28.9,24.4,34.0,,,,15.1,,1006.4,
2018-08-01,28.0,22.0,33.6,,,,14.3,,1006.8,
2018-08-02,30.2,25.2,35.6,,,,16.2,,1007.5,
2018-08-03,29.2,26.0,34.8,,,,19.1,,1008.8,
2018-08-04,25.8,22.3,33.1,,,,16.2,,1010.8,
2018-08-05,25.7,21.3,31.0,,,,16.7,,1010.5,
2018-08-06,26.9,22.8,32.2,,,,16.1,,1009.3,
2018-08-07,28.4,23.6,34.1,,,,14.7,,1008.0,
2018-08-08,26.2,21.8,31.2,,,,16.2,,1010.0,
2018-08-09,25.5,21.9,31.6,,,,16.8,,1011.4,
2018-08-10,26.4,22.2,31.8,,,,17.6,,1012.7,
2018-08-11,27.4,23.3,33.3,,,,18.7,,1012.3,
2018-08-12,26.6,23.1,32.7,,,,17.1,,1011.7,
2018-08-13,27.5,22.4,33.4,,,,15.9,,1010.3,
2018-08-14,28.8,23.2,34.4,,,,14.7,,1009.7,
2018-08-15,26.9,22.8,32.5,,,,13.8,,1011.1,
2018-08-16,26.1,22.2,31.5,,,,14.8,,1011.3,
2018-08-17,27.2,23.4,32.7,,,,14.6,,1010.1,
2018-08-18,28.6,23.4,35.1,,,,17.1,,1008.8,
2018-08-19,29.2,23.8,35.0,,,,17.6,,1009.5,
2018-08-20,29.0,24.7,34.8,,,,17.0,,1008.9,
2018-08-21,29.5,24.3,35.2,,,,14.1,,1008.2,
2018-08-22,29.2,24.4,34.8,,,,13.0,,1008.8,
2018-08-23,29.8,24.9,35.6,,,,14.5,,1008.5,
2018-08-24,29.6,25.8,35.3,,,,14.8,,1007.8,
2018-08-25,27.2,22.6,33.0,,,,17.0,,1008.4,
2018-08-26,25.1,21.2,31.8,,,,15.6,,1011.4,
2018-08-27,25.3,21.5,32.0,,,,14.2,,1011.5,
2018-08-28,25.8,21.7,32.1,,,,15.1,,1011.4,
2018-08-29,26.2,22.5,32.0,,,,13.2,,1009.9,
2018-08-30,27.1,22.4,32.4,,,,13.0,,1007.9,
2018-08-31,28.4,24.4,33.6,,,,17.5,,1007.4,
2018-09-01,27.0,22.2,32.7,,,,13.6,,1010.0,
2018-09-02,28.0,22.8,33.3,,,,14.7,,1010.8,
2018-09-03,29.0,23.7,33.8,,,,15.3,,1009.7,
2018-09-04,29.2,24.4,34.0,,,,12.3,,1009.8,
2018-09-05,29.0,24.1,33.9,,,,12.3,,1009.9,
2018-09-06,28.6,24.6,32.9,,,,17.1,,1009.3,
2018-09-07,28.8,23.9,34.3,,,,18.5,,1008.8,
2018-09-08,28.6,24.4,33.5,,,,19.8,,1010.2,
2018-09-09,27.1,23.5,32.2,,,,19.1,,1013.0,
2018-09-10,27.1,21.6,32.7,,,,14.4,,1013.7,
2018-09-11,28.3,23.8,33.8,,,,19.2,,1013.7,
2018-09-12,28.5,22.3,34.0,,,,16.4,,1013.5,
2018-09-13,28.4,22.3,34.3,,,,10.7,,1010.7,
2018-09-14,28.4,24.0,33.4,,,,17.5,,1010.3,
2018-09-15,27.3,22.7,32.0,,,,17.1,,1012.6,
2018-09-16,27.5,21.9,33.0,,,,13.1,,1013.1,
2018-09-17,28.2,23.1,33.3,,,,12.8,,1011.8,
2018-09-18,28.0,24.2,32.3,,,,16.1,,1011.0,
2018-09-19,27.3,23.2,32.1,,,,15.7,,1011.3,
2018-09-20,26.4,23.9,30.2,,,,17.1,,1011.3,
2018-09-21,25.4,22.0,29.9,,,,17.4,,1010.8,
2018-09-22,24.7,20.3,29.5,,,,17.5,,1011.8,
2018-09-23,24.9,21.2,29.6,,,,18.4,,1013.4,
2018-09-24,25.6,23.0,29.7,,,,18.7,,1014.2,
2018-09-25,26.9,23.3,31.6,,,,17.2,,1014.1,
2018-09-26,26.7,23.2,31.4,,,,16.1,,1013.1,
2018-09-27,25.3,21.7,31.2,,,,15.1,,1011.8,
2018-09-28,23.8,20.0,28.5,,,,16.1,,1011.4,
2018-09-29,24.5,20.5,28.8,,,,15.5,,1011.7,
2018-09-30,25.8,21.8,31.2,,,,16.1,,1012.4,
2018-10-01,24.2,20.0,29.6,,,,15.6,,1012.7,
2018-10-02,22.3,18.8,27.1,,,,15.7,,1013.2,
2018-10-03,23.1,16.9,29.1,,,,12.1,,1011.8,
2018-10-04,23.5,16.5,29.8,,,,13.1,,1011.5,
2018-10-05,24.1,16.7,30.5,,,,12.8,,1012.3,
2018-10-06,25.3,18.2,31.9,,,,12.0,,1013.2,
2018-10-07,25.6,17.6,32.5,,,,12.6,,1012.1,
2018-10-08,25.5,17.6,32.4,,,,12.3,,1009.8,
2018-10-09,24.8,17.1,31.4,,,,13.6,,1008.9,
2018-10-10,24.7,16.7,31.5,,,,12.3,,1009.9,
2018-10-11,25.1,17.8,31.6,,,,13.4,,1011.3,
2018-10-12,25.3,19.4,30.9,,,,13.5,,1012.1,
2018-10-13,23.8,17.9,29.3,,,,13.9,,1011.9,
2018-10-14,23.8,16.5,30.2,,,,12.3,,1011.4,
2018-10-15,24.4,17.6,31.0,,,,12.8,,1012.2,
2018-10-16,24.7,17.6,31.8,,,,12.5,,1012.8,
2018-10-17,24.8,17.9,30.5,,,,13.6,,1011.3,
2018-10-18,24.3,17.4,30.5,,,,14.4,,1008.9,
2018-10-19,24.4,17.5,31.2,,,,11.8,,1009.5,
2018-10-20,25.7,18.7,32.4,,,,10.0,,1011.9,
2018-10-21,26.6,20.5,32.9,,,,12.6,,1012.3,
2018-10-22,27.3,22.7,32.3,,,,15.8,,1012.5,
2018-10-23,26.0,19.8,31.2,,,,13.8,,1012.8,
2018-10-24,24.0,18.7,29.0,,,,14.0,,1012.5,
2018-10-25,21.9,17.0,27.0,,,,11.7,,1011.1,
2018-10-26,20.3,14.1,26.0,,,,13.8,,1011.0,
2018-10-27,20.3,12.9,27.4,,,,11.6,,1012.2,
2018-10-28,21.8,14.6,28.9,,,,15.2,,1012.0,
2018-10-29,22.7,15.9,29.5,,,,14.6,,1012.2,
2018-10-30,22.5,16.8,29.4,,,,13.0,,1013.3,
2018-10-31,19.9,17.0,25.0,,,,14.0,,1015.0,
2018-11-01,21.2,17.0,26.0,,,,11.5,,1014.1,
2018-11-02,21.9,15.6,28.2,,,,10.4,,1013.7,
2018-11-03,21.7,14.2,28.4,,,,10.9,,1012.2,
2018-11-04,21.8,14.2,28.6,,,,11.0,,1012.0,
2018-11-05,21.8,14.4,28.6,,,,9.9,,1012.4,
2018-11-06,22.0,14.9,28.7,,,,8.9,,1013.2,
2018-11-07,22.0,14.7,29.0,,,,8.6,,1014.8,
2018-11-08,22.3,15.2,29.0,,,,9.1,,1016.4,
2018-11-09,21.4,14.4,27.9,,,,9.3,,1015.2,
2018-11-10,20.5,13.1,27.3,,,,10.2,,1013.4,
2018-11-11,19.4,11.1,26.6,,,,10.1,,1013.1,
2018-11-12,18.8,10.2,26.2,,,,10.4,,1013.1,
2018-11-13,19.3,13.0,25.5,,,,12.8,,1013.6,
2018-11-14,19.7,12.5,25.9,,,,14.1,,1014.6,
2018-11-15,20.0,14.5,26.2,,,,12.4,,1015.6,
2018-11-16,19.0,11.8,25.4,,,,8.9,,1016.3,
2018-11-17,20.1,14.8,25.7,,,,14.2,,1013.6,
2018-11-18,19.1,12.0,25.5,,,,11.4,,1012.5,
2018-11-19,18.4,13.3,23.8,,,,11.9,,1013.4,
2018-11-20,19.1,15.0,24.2,,,,12.1,,1015.2,
2018-11-21,20.1,14.1,26.4,,,,9.4,,1016.5,
2018-11-22,21.2,14.4,28.3,,,,8.8,,1016.3,
2018-11-23,21.5,17.2,27.1,,,,12.1,,1016.7,
2018-11-24,20.7,15.8,26.5,,,,16.4,,1016.7,
2018-11-25,19.1,11.7,26.3,,,,9.0,,1015.9,
2018-11-26,18.4,10.0,26.4,,,,7.8,,1014.3,
2018-11-27,17.9,9.9,25.3,,,,8.4,,1014.8,
2018-11-28,18.2,11.1,25.0,,,,9.0,,1015.6,
2018-11-29,17.6,11.9,23.7,,,,11.9,,1016.3,
2018-11-30,16.6,9.8,23.6,,,,10.0,,1016.6,
2018-12-01,16.2,9.2,23.5,,,,9.6,,1016.5,
2018-12-02,16.2,7.6,24.4,,,,9.2,,1015.9,
2018-12-03,16.3,11.0,22.7,,,,13.2,,1016.3,
2018-12-04,15.9,9.4,22.9,,,,10.8,,1018.0,
2018-12-05,15.9,10.1,22.9,,,,13.4,,1019.3,
2018-12-06,16.3,10.6,23.1,,,,13.8,,1019.5,
2018-12-07,14.3,6.7,21.8,,,,9.7,,1018.5,
2018-12-08,14.4,7.0,22.3,,,,7.9,,1018.4,
2018-12-09,14.2,8.5,20.6,,,,13.0,,1020.8,
2018-12-10,13.3,6.5,20.6,,,,9.4,,1021.8,
2018-12-11,12.7,5.6,20.2,,,,9.3,,1020.4,
2018-12-12,12.4,5.8,19.7,,,,8.6,,1020.4,
2018-12-13,11.7,4.6,18.9,,,,9.7,,1020.2,
2018-12-14,12.2,6.1,18.7,,,,14.7,,1019.2,
2018-12-15,13.2,6.5,20.5,,,,15.2,,1019.4,
2018-12-16,14.6,7.9,22.7,,,,11.7,,1021.6,
2018-12-17,14.5,8.7,22.0,,,,11.6,,1022.5,
2018-12-18,14.3,7.3,22.5,,,,13.4,,1021.9,
2018-12-19,14.8,9.7,21.1,,,,17.1,,1021.5,
2018-12-20,14.4,10.0,20.3,,,,11.8,,1020.9,
2018-12-21,13.4,5.6,21.0,,,,7.2,,1020.7,
2018-12-22,13.4,6.2,21.1,,,,10.5,,1019.7,
2018-12-23,13.8,9.0,20.0,,,,15.4,,1020.4,
2018-12-24,12.9,8.9,18.7,,,,21.8,,1021.0,
2018-12-25,12.2,5.8,19.6,,,,13.0,,1020.4,
2018-12-26,13.1,6.0,21.3,,,,10.2,,1020.3,
2018-12-27,13.1,6.8,20.2,,,,11.4,,1020.2,
2018-12-28,12.5,6.8,19.6,,,,11.1,,1019.8,
2018-12-29,11.9,6.4,18.2,,,,12.4,,1018.9,
2018-12-30,12.0,7.1,18.1,,,,11.5,,1019.0,
2018-12-31,11.2,3.2,18.7,,,,9.1,,1020.6,
2019-01-01,12.1,5.1,19.6,,,,9.5,,1022.3,
2019-01-02,12.1,6.3,18.9,,,,11.3,,1022.4,
2019-01-03,10.2,1.9,17.1,,,,9.0,,1020.3,
2019-01-04,10.3,2.0,18.5,,,,8.5,,1020.2,
2019-01-05,11.3,3.9,19.0,,,,8.6,,1021.7,
2019-01-06,11.5,5.6,18.2,,,,12.0,,1022.7,
2019-01-07,10.3,3.5,17.6,,,,9.2,,1022.3,
2019-01-08,10.9,4.1,18.9,,,,8.2,,1020.8,
2019-01-09,11.2,4.8,18.7,,,,9.5,,1018.3,
2019-01-10,10.8,2.8,19.5,,,,8.6,,1016.2,
2019-01-11,10.8,3.0,18.7,,,,11.6,,1016.1,
2019-01-12,11.7,3.3,19.9,,,,10.4,,1017.4,
2019-01-13,11.6,3.4,19.4,,,,12.7,,1019.6,
2019-01-14,9.8,0.4,18.1,,,,9.4,,1019.5,
2019-01-15,10.2,0.5,19.2,,,,8.0,,1018.4,
2019-01-16,11.2,4.4,19.0,,,,11.5,,1017.5,
2019-01-17,12.0,4.5,19.5,,,,11.0,,1016.3,
2019-01-18,13.8,8.4,19.5,,,,16.6,,1014.7,
2019-01-19,12.8,7.5,16.5,,,,16.1,,1014.2,
2019-01-20,10.3,0.6,18.9,,,,11.4,,1017.6,
2019-01-21,11.4,3.1,19.7,,,,9.5,,1017.5,
2019-01-22,11.0,3.9,17.6,,,,13.9,,1015.4,
2019-01-23,9.4,2.9,15.6,,,,19.7,,1015.4,
2019-01-24,10.1,1.8,18.3,,,,15.3,,1014.1,
2019-01-25,11.0,4.0,18.6,,,,18.0,,1014.3,
2019-01-26,11.4,3.4,19.1,,,,12.7,,1016.1,
2019-01-27,12.9,5.8,20.3,,,,10.3,,1017.2,
2019-01-28,11.8,4.1,18.9,,,,12.1,,1016.2,
2019-01-29,12.1,4.0,20.2,,,,12.0,,1016.0,
2019-01-30,13.2,5.2,21.4,,,,9.3,,1016.0,
2019-01-31,13.9,5.0,21.9,,,,9.3,,1016.3,
2019-02-01,14.3,4.8,22.3,,,,10.2,,1016.1,
2019-02-02,14.5,6.2,22.8,,,,11.7,,1014.0,
2019-02-03,14.2,6.1,21.3,,,,14.6,,1012.4,
2019-02-04,12.0,5.4,18.7,,,,15.1,,1015.3,
2019-02-05,10.3,0.3,19.0,,,,9.7,,1019.5,
2019-02-06,10.9,1.2,18.9,,,,9.6,,1019.3,
2019-02-07,11.0,3.1,18.7,,,,9.3,,1018.3,
2019-02-08,11.2,3.0,18.4,,,,10.5,,1019.0,
2019-02-09,11.6,2.6,19.9,,,,9.0,,1020.6,
2019-02-10,13.1,6.1,20.5,,,,11.4,,1021.4,
2019-02-11,13.1,5.4,20.6,,,,11.1,,1019.9,
2019-02-12,13.0,3.3,21.6,,,,8.9,,1018.6,
2019-02-13,14.2,7.3,21.7,,,,16.2,,1020.5,
2019-02-14,14.2,8.6,20.8,,,,15.7,,1023.2,
2019-02-15,13.8,8.1,20.3,,,,14.7,,1023.2,
2019-02-16,13.6,6.4,21.0,,,,12.2,,1021.1,
2019-02-17,14.7,9.5,21.4,,,,19.1,,1018.8,
2019-02-18,14.1,7.3,20.8,,,,16.4,,1017.6,
2019-02-19,14.8,8.6,21.5,,,,19.8,,1014.8,
2019-02-20,16.0,11.6,22.0,,,,21.9,,1012.6,
2019-02-21,14.6,6.0,22.4,,,,11.5,,1014.5,
2019-02-22,15.4,6.9,23.3,,,,12.1,,1014.3,
2019-02-23,16.1,10.2,22.1,,,,17.4,,1014.3,
2019-02-24,14.2,5.5,21.2,,,,12.0,,1014.4,
2019-02-25,13.2,6.0,19.8,,,,13.5,,1014.1,
2019-02-26,12.9,7.6,18.6,,,,18.2,,1015.0,
2019-02-27,13.3,6.6,20.2,,,,15.9,,1015.0,
2019-02-28,10.8,4.0,16.4,,,,19.2,,1015.1,
2019-03-01,11.3,2.7,19.5,,,,16.0,,1017.1,
2019-03-02,14.2,6.1,22.2,,,,10.4,,1018.7,
2019-03-03,15.8,9.1,23.1,,,,12.7,,1018.9,
2019-03-04,16.0,8.2,23.6,,,,9.8,,1017.5,
2019-03-05,16.4,9.8,23.3,,,,11.4,,1016.8,
2019-03-06,16.5,9.1,23.8,,,,11.7,,1017.1,
2019-03-07,17.3,11.6,23.5,,,,19.0,,1015.7,
2019-03-08,18.5,13.9,24.1,,,,28.1,,1010.5,
2019-03-09,16.8,11.5,22.7,,,,20.6,,1010.3,
2019-03-10,16.4,9.6,23.6,,,,14.0,,1014.4,
2019-03-11,15.8,8.7,22.8,,,,16.4,,1015.6,
2019-03-12,16.6,8.2,24.6,,,,13.6,,1016.0,
2019-03-13,18.4,14.0,24.1,,,,21.4,,1016.5,
2019-03-14,18.5,13.4,24.8,,,,17.1,,1016.1,
2019-03-15,18.4,11.3,25.5,,,,14.1,,1016.1,
2019-03-16,18.7,12.8,25.2,,,,17.7,,1016.8,
2019-03-17,19.6,13.2,26.5,,,,18.6,,1015.5,
2019-03-18,21.2,17.0,26.0,,,,22.3,,1011.5,
2019-03-19,20.3,14.4,26.1,,,,16.5,,1009.2,
2019-03-20,18.7,10.0,25.8,,,,13.4,,1009.1,
2019-03-21,18.2,10.6,24.4,,,,14.8,,1009.3,
2019-03-22,18.6,11.8,24.1,,,,18.0,,1012.0,
2019-03-23,19.3,11.7,24.8,,,,12.4,,1013.9,
2019-03-24,19.4,14.6,24.2,,,,10.8,,1014.6,
2019-03-25,19.9,13.8,25.7,,,,12.4,,1014.8,
2019-03-26,20.7,15.5,25.3,,,,12.0,,1015.1,
2019-03-27,21.5,16.3,26.1,,,,14.5,,1016.0,
2019-03-28,23.4,16.8,29.5,,,,15.7,,1015.2,
2019-03-29,24.3,18.5,29.3,,,,17.8,,1014.5,
2019-03-30,23.5,19.3,27.6,,,,13.5,,1014.6,
2019-03-31,23.1,17.4,27.6,,,,13.6,,1013.1,
2019-04-01,23.8,17.9,29.1,,,,14.7,,1011.0,
2019-04-02,23.8,16.2,30.4,,,,17.1,,1011.0,
2019-04-03,23.4,16.6,29.0,,,,20.5,,1010.6,
2019-04-04,24.4,17.0,30.2,,,,18.1,,1009.0,
2019-04-05,23.1,19.4,26.9,,,,22.1,,1008.5,
2019-04-06,21.2,16.5,25.8,,,,25.8,,1008.5,
2019-04-07,19.1,13.1,25.0,,,,20.4,,1010.6,
2019-04-08,19.8,10.8,27.8,,,,10.5,,1011.7,
2019-04-09,20.9,14.4,27.4,,,,14.7,,1010.8,
2019-04-10,21.1,14.8,28.1,,,,16.3,,1008.6,
2019-04-11,20.1,11.8,27.1,,,,15.8,,1007.5,
2019-04-12,20.4,12.4,27.7,,,,12.4,,1008.2,
2019-04-13,21.2,13.9,28.5,,,,16.5,,1008.0,
2019-04-14,20.2,13.5,26.1,,,,15.7,,1012.3,
2019-04-15,21.3,15.4,28.3,,,,14.6,,1015.5,
2019-04-16,21.1,12.2,28.7,,,,9.4,,1015.3,
2019-04-17,21.7,13.5,29.1,,,,13.4,,1014.2,
2019-04-18,23.2,16.9,30.0,,,,17.1,,1012.4,
2019-04-19,24.2,18.1,30.8,,,,18.3,,1011.1,
2019-04-20,25.1,18.7,30.6,,,,20.8,,1010.3,
2019-04-21,25.7,20.3,30.5,,,,20.1,,1008.6,
2019-04-22,24.4,20.2,28.3,,,,18.8,,1007.2,
2019-04-23,23.7,19.4,28.0,,,,20.8,,1007.7,
2019-04-24,24.0,18.1,29.7,,,,18.4,,1010.9,
2019-04-25,24.7,17.8,31.2,,,,14.8,,1013.3,
2019-04-26,25.9,19.1,32.1,,,,15.6,,1015.0,
2019-04-27,26.2,20.5,31.3,,,,18.1,,1013.8,
2019-04-28,25.7,21.3,30.5,,,,18.1,,1011.9,
2019-04-29,24.1,16.0,31.1,,,,15.0,,1010.3,
2019-04-30,24.2,17.9,30.1,,,,18.1,,1010.4,
2019-05-01,25.0,18.4,31.5,,,,14.9,,1010.4,
2019-05-02,26.9,19.9,33.4,,,,14.1,,1011.2,
2019-05-03,27.9,21.1,34.0,,,,18.8,,1010.1,
2019-05-04,27.6,21.5,33.6,,,,20.5,,1010.1,
2019-05-05,26.8,20.2,32.6,,,,20.1,,1011.6,
2019-05-06,27.0,19.7,33.5,,,,14.3,,1012.6,
2019-05-07,26.9,19.4,33.8,,,,12.8,,1011.8,
2019-05-08,27.2,19.6,33.3,,,,20.1,,1010.3,
2019-05-09,28.7,24.9,33.2,,,,27.9,,1008.9,
2019-05-10,29.4,25.6,34.1,,,,29.3,,1008.1,
2019-05-11,28.4,25.8,31.0,,,,30.7,,1011.4,
2019-05-12,27.6,24.4,30.8,,,,24.3,,1013.3,
2019-05-13,28.0,22.7,32.6,,,,18.5,,1010.1,
2019-05-14,28.0,22.1,33.3,,,,17.4,,1008.3,
2019-05-15,26.4,21.1,31.8,,,,20.0,,1009.7,
2019-05-16,26.1,19.3,32.4,,,,19.7,,1011.2,
2019-05-17,27.1,18.3,34.1,,,,12.1,,1011.2,
2019-05-18,28.5,20.3,34.9,,,,14.4,,1010.3,
2019-05-19,29.0,21.9,35.3,,,,14.4,,1008.9,
2019-05-20,29.6,24.2,35.0,,,,16.1,,1008.0,
2019-05-21,26.9,22.2,31.8,,,,22.2,,1010.1,
2019-05-22,26.1,20.3,32.1,,,,17.0,,1011.2,
2019-05-23,27.3,20.9,33.3,,,,13.5,,,
2019-05-24,29.1,23.8,34.7,,,,14.2,,1010.9,
2019-05-25,28.5,23.8,33.0,,,,16.2,,1011.0,
2019-05-26,28.6,24.0,33.7,,,,18.0,,1009.8,
2019-05-27,27.6,20.0,33.6,,,,16.6,,1008.9,
2019-05-28,27.6,21.3,33.6,,,,17.1,,1009.8,
2019-05-29,27.3,20.2,33.7,,,,15.7,,1009.7,
2019-05-30,28.5,21.1,34.9,,,,14.4,,1009.6,
2019-05-31,28.2,21.0,34.0,,,,16.5,,1009.1,
2019-06-01,27.6,20.5,34.2,,,,14.8,,1008.9,
2019-06-02,27.7,21.0,33.4,,,,14.8,,1010.2,
2019-06-03,27.6,21.3,32.9,,,,15.1,,1012.5,
2019-06-04,27.9,23.0,32.3,,,,15.6,,1012.1,
2019-06-05,28.3,24.4,32.6,,,,19.8,,1011.0,
2019-06-06,28.9,24.3,33.2,,,,17.1,,1011.6,
2019-06-07,29.3,23.5,34.4,,,,14.5,,1012.9,
2019-06-08,30.4,25.4,35.4,,,,14.1,,1014.6,
2019-06-09,30.0,26.1,34.8,,,,13.7,,1015.4,
2019-06-10,29.0,23.8,33.9,,,,14.4,,1013.0,
2019-06-11,28.1,24.0,32.9,,,,15.9,,1011.5,
2019-06-12,28.1,22.7,33.0,,,,12.7,,1012.6,
2019-06-13,29.7,24.0,35.2,,,,14.7,,1014.3,
2019-06-14,30.6,24.6,36.2,,,,14.7,,1015.6,
2019-06-15,31.7,26.3,37.2,,,,13.9,,1015.4,
2019-06-16,32.1,27.5,37.4,,,,11.4,,1015.2,
2019-06-17,31.9,26.1,38.8,,,,11.6,,1013.3,
2019-06-18,32.6,27.0,38.0,,,,13.0,,1012.2,
2019-06-19,33.5,26.9,39.2,,,,14.1,,1011.0,
2019-06-20,33.4,27.8,38.5,,,,13.0,,1010.4,
2019-06-21,32.3,28.0,36.4,,,,14.9,,1012.4,
2019-06-22,31.9,26.0,37.7,,,,11.1,,1011.5,
2019-06-23,32.7,27.0,37.6,,,,15.3,,1011.1,
2019-06-24,32.2,25.9,37.4,,,,16.4,,1011.6,
2019-06-25,31.7,26.0,36.5,,,,16.7,,1012.5,
2019-06-26,31.2,26.3,36.5,,,,24.9,,1014.1,
2019-06-27,30.6,25.3,35.4,,,,22.6,,1014.1,
2019-06-28,30.2,24.9,35.4,,,,14.9,,1013.2,
2019-06-29,31.0,24.8,36.7,,,,11.7,,1012.9,
2019-06-30,31.6,26.0,36.8,,,,16.1,,,
2019-07-01,30.2,25.7,34.5,,,,18.5,,,
2019-07-02,29.3,25.3,33.8,,,,17.7,,1011.1,
2019-07-03,29.9,25.2,34.2,,,,13.7,,1012.0,
2019-07-04,30.2,23.9,35.5,,,,13.0,,1012.8,
2019-07-05,30.8,24.9,36.0,,,,12.6,,1013.9,
2019-07-06,31.2,27.2,35.8,,,,13.3,,1013.3,
2019-07-07,31.0,24.7,36.3,,,,18.1,,1011.9,
2019-07-08,30.2,24.9,35.4,,,,19.3,,1012.8,
2019-07-09,28.9,23.1,34.8,,,,14.4,,1013.9,
2019-07-10,29.6,25.1,34.3,,,,14.1,,1012.7,
2019-07-11,32.0,25.6,38.5,,,,13.9,,1009.8,
2019-07-12,31.9,26.7,37.9,,,,26.1,,1011.9,
2019-07-13,31.3,27.1,36.5,,,,20.0,,1014.1,
2019-07-14,31.2,24.5,37.5,,,,12.0,,1013.0,
2019-07-15,32.6,25.7,39.2,,,,13.0,,1010.6,
2019-07-16,32.1,25.8,38.5,,,,15.1,,1011.2,
2019-07-17,31.3,26.3,36.3,,,,15.3,,1011.3,
2019-07-18,33.2,26.8,38.5,,,,17.5,,1009.0,
2019-07-19,32.9,27.6,38.1,,,,16.7,,1010.3,
2019-07-20,30.4,26.9,35.6,,,,14.5,,1012.8,
2019-07-21,29.6,25.0,35.5,,,,12.8,,1013.0,
2019-07-22,29.9,25.1,34.8,,,,18.0,,1012.7,
2019-07-23,30.5,26.6,35.0,,,,14.1,,1012.6,
2019-07-24,28.1,25.1,33.1,,,,14.4,,1013.2,
2019-07-25,28.5,24.4,33.8,,,,14.5,,1012.7,
2019-07-26,30.0,25.0,36.0,,,,13.0,,1011.1,
2019-07-27,30.5,26.1,35.5,,,,13.7,,1009.4,
2019-07-28,31.3,27.0,36.1,,,,14.4,,1008.8,
2019-07-29,29.4,25.2,33.8,,,,16.1,,1010.6,
2019-07-30,27.7,23.9,34.0,,,,14.0,,1012.3,
2019-07-31,29.9,23.2,36.7,,,,18.0,,1011.7,
2019-08-01,32.1,26.0,37.5,,,,20.3,,1011.8,
2019-08-02,32.6,28.2,37.1,,,,20.4,,1011.5,
2019-08-03,30.2,24.0,35.7,,,,18.1,,1011.9,
2019-08-04,28.9,24.4,34.1,,,,12.7,,1012.8,
2019-08-05,30.5,25.2,36.1,,,,12.0,,1012.9,
2019-08-06,31.7,27.2,37.2,,,,20.4,,1014.1,
2019-08-07,30.9,26.0,36.3,,,,16.4,,1013.1,
2019-08-08,30.6,25.3,36.5,,,,18.5,,1012.9,
2019-08-09,30.7,25.5,36.6,,,,25.2,,1014.1,
2019-08-10,30.6,24.4,36.5,,,,19.8,,1013.9,
2019-08-11,30.6,24.4,35.7,,,,13.6,,1009.8,
2019-08-12,31.1,26.0,35.9,,,,14.6,,1007.1,
2019-08-13,29.4,25.2,34.3,,,,14.8,,,
2019-08-14,27.7,24.2,33.5,,,,14.1,,1013.3,
2019-08-15,28.9,24.0,33.9,,,,14.0,,1011.4,
2019-08-16,30.1,24.3,36.0,,,,15.1,,1011.8,
2019-08-17,29.8,25.4,34.2,,,,14.8,,1011.8,
2019-08-18,29.3,24.8,33.5,,,,11.6,,1011.1,
2019-08-19,29.5,25.3,34.1,,,,12.8,,1011.2,
2019-08-20,30.1,26.2,34.6,,,,15.6,,1011.5,
2019-08-21,28.9,25.8,34.1,,,,16.4,,1011.8,
2019-08-22,26.7,23.2,31.9,,,,20.6,,1013.0,
2019-08-23,25.2,20.7,31.5,,,,17.2,,1014.4,
2019-08-24,25.1,22.2,31.2,,,,16.4,,1014.8,
2019-08-25,23.9,20.7,30.1,,,,15.4,,1014.2,
2019-08-26,24.1,20.0,31.6,,,,15.8,,1015.0,
2019-08-27,24.5,20.2,31.1,,,,14.6,,1015.0,
2019-08-28,25.0,21.0,31.4,,,,14.0,,1015.3,
2019-08-29,25.0,20.8,30.6,,,,13.4,,1016.6,
2019-08-30,27.1,21.5,34.0,,,,13.0,,,
2019-08-31,28.9,23.1,34.8,,,,12.4,,1012.6,
2019-09-01,29.6,23.3,34.7,,,,12.3,,1011.7,
2019-09-02,30.3,24.7,35.3,,,,10.5,,1012.4,
2019-09-03,30.7,24.9,35.8,,,,10.4,,1013.8,
2019-09-04,30.8,25.6,36.3,,,,12.2,,1013.0,
2019-09-05,29.6,24.6,35.3,,,,12.7,,1011.4,
2019-09-06,29.1,23.0,34.9,,,,12.4,,1012.0,
2019-09-07,29.6,24.4,35.8,,,,13.9,,1013.2,
2019-09-08,28.1,23.5,33.7,,,,12.7,,1014.7,
2019-09-09,29.5,24.0,35.5,,,,13.4,,1015.4,
2019-09-10,30.0,25.3,35.8,,,,15.1,,1013.7,
2019-09-11,29.8,24.5,35.2,,,,13.7,,1012.4,
2019-09-12,30.5,24.8,36.0,,,,15.9,,1014.4,
2019-09-13,30.9,27.4,35.7,,,,26.5,,1017.1,
2019-09-14,29.9,25.6,34.7,,,,23.2,,1017.1,
2019-09-15,28.7,24.7,33.7,,,,19.2,,1015.8,
2019-09-16,26.8,21.9,31.7,,,,15.4,,1014.7,
2019-09-17,26.1,21.4,31.1,,,,15.4,,1014.9,
2019-09-18,26.0,19.8,31.8,,,,13.7,,1015.2,
2019-09-19,26.6,20.1,32.9,,,,15.5,,1016.1,
2019-09-20,26.7,20.6,33.0,,,,17.1,,1016.7,
2019-09-21,26.6,21.0,32.7,,,,18.5,,1016.8,
2019-09-22,26.7,21.3,32.5,,,,21.2,,1016.5,
2019-09-23,27.0,22.7,32.5,,,,24.0,,1017.6,
2019-09-24,27.1,21.0,33.1,,,,21.4,,1017.2,
2019-09-25,27.1,21.3,33.5,,,,17.6,,1015.7,
2019-09-26,27.5,22.1,33.5,,,,20.5,,1016.6,
2019-09-27,27.6,21.4,33.5,,,,21.1,,1016.4,
2019-09-28,28.1,22.5,34.3,,,,14.7,,1015.8,
2019-09-29,28.5,23.5,33.6,,,,16.0,,1014.8,
2019-09-30,27.9,24.0,32.3,,,,20.8,,1015.1,
2019-10-01,27.4,23.2,32.5,,,,18.0,,1015.5,
2019-10-02,26.2,20.1,32.1,,,,11.4,,1014.4,
2019-10-03,26.2,18.9,32.4,,,,9.3,,1013.4,
2019-10-04,26.5,19.1,33.2,,,,9.8,,1012.1,
2019-10-05,26.5,20.5,32.5,,,,15.1,,1013.4,
2019-10-06,26.3,20.0,32.9,,,,11.4,,1014.0,
2019-10-07,26.5,20.6,32.7,,,,10.9,,1012.5,
2019-10-08,26.3,19.6,32.4,,,,13.5,,1009.6,
2019-10-09,24.8,18.0,30.6,,,,14.3,,1009.9,
2019-10-10,24.5,18.3,30.1,,,,12.7,,1013.5,
2019-10-11,25.1,19.7,30.6,,,,10.7,,1015.6,
2019-10-12,26.4,21.3,32.1,,,,11.4,,1015.7,
2019-10-13,26.0,20.9,31.0,,,,13.6,,1014.9,
2019-10-14,24.8,19.0,30.1,,,,12.4,,1015.0,
2019-10-15,24.8,18.5,30.9,,,,10.4,,1014.1,
2019-10-16,25.2,18.7,31.4,,,,10.4,,1013.5,
2019-10-17,25.4,19.6,31.4,,,,14.0,,1012.8,
2019-10-18,24.9,18.6,31.1,,,,13.2,,1011.5,
2019-10-19,23.7,19.1,28.7,,,,19.2,,1013.0,
2019-10-20,24.4,20.9,28.8,,,,23.3,,1015.4,
2019-10-21,24.7,20.8,30.2,,,,15.4,,1016.6,
2019-10-22,24.2,19.2,30.1,,,,11.4,,1015.8,
2019-10-23,24.7,20.6,29.5,,,,12.8,,1015.8,
2019-10-24,24.8,20.5,29.9,,,,13.4,,1016.4,
2019-10-25,23.1,18.5,28.4,,,,12.0,,1016.7,
2019-10-26,21.7,15.5,27.6,,,,11.8,,1014.4,
2019-10-27,22.2,15.4,28.6,,,,13.6,,1013.1,
2019-10-28,20.6,12.7,28.0,,,,14.6,,1011.4,
2019-10-29,18.9,10.4,26.4,,,,9.6,,1011.8,
2019-10-30,19.5,11.7,27.2,,,,10.9,,1014.5,
2019-10-31,21.0,13.2,28.4,,,,12.0,,1016.0,
2019-11-01,22.3,14.5,29.1,,,,11.7,,1015.5,
2019-11-02,22.8,15.4,29.1,,,,11.6,,1014.4,
2019-11-03,22.8,15.8,29.4,,,,12.2,,1016.5,
2019-11-04,22.6,14.9,29.0,,,,10.9,,1017.8,
2019-11-05,22.4,15.0,29.1,,,,11.6,,1016.6,
2019-11-06,22.4,15.4,28.9,,,,13.5,,1013.0,
2019-11-07,22.0,14.4,28.7,,,,11.3,,1012.1,
2019-11-08,22.3,15.4,29.4,,,,13.4,,1012.8,
2019-11-09,21.9,16.1,28.0,,,,14.3,,1013.5,
2019-11-10,20.5,16.3,25.9,,,,14.0,,1013.6,
2019-11-11,17.2,12.2,22.9,,,,19.7,,1010.1,
2019-11-12,13.5,7.2,20.3,,,,17.7,,1010.7,
2019-11-13,14.1,6.7,21.8,,,,9.7,,1014.4,
2019-11-14,15.4,7.6,23.1,,,,8.4,,1015.6,
2019-11-15,15.7,8.0,23.2,,,,10.8,,1014.0,
2019-11-16,17.1,10.6,24.1,,,,13.4,,1012.8,
2019-11-17,17.2,9.7,24.9,,,,9.9,,1012.9,
2019-11-18,17.2,9.7,24.5,,,,11.6,,1012.6,
2019-11-19,17.2,9.7,24.7,,,,9.2,,1012.8,
2019-11-20,16.7,13.4,21.1,,,,11.9,,1015.9,
2019-11-21,16.8,10.2,24.2,,,,9.3,,1014.9,
2019-11-22,16.3,8.5,24.4,,,,11.8,,1014.7,
2019-11-23,16.6,7.4,25.1,,,,11.4,,1015.6,
2019-11-24,17.3,8.5,25.4,,,,11.8,,1015.5,
2019-11-25,17.1,9.7,25.0,,,,12.0,,1016.0,
2019-11-26,17.3,8.4,26.0,,,,8.7,,1015.7,
2019-11-27,17.9,10.3,26.0,,,,10.5,,1016.0,
2019-11-28,18.8,11.4,26.2,,,,12.9,,1017.1,
2019-11-29,19.5,13.6,26.6,,,,13.0,,1017.9,
2019-11-30,19.3,11.6,26.9,,,,9.2,,1018.3,
2019-12-01,18.7,11.9,25.5,,,,11.7,,1017.3,
2019-12-02,18.2,12.8,24.4,,,,14.9,,1016.0,
2019-12-03,18.6,14.3,24.5,,,,15.1,,1015.6,
2019-12-04,17.2,12.7,23.5,,,,10.4,,1015.0,
2019-12-05,17.2,10.7,23.9,,,,11.0,,1016.0,
2019-12-06,19.1,14.5,25.2,,,,19.3,,1018.0,
2019-12-07,19.6,15.4,26.0,,,,15.7,,1018.6,
2019-12-08,18.4,10.4,26.5,,,,9.1,,1018.2,
2019-12-09,18.1,10.6,25.7,,,,9.2,,1017.5,
2019-12-10,17.3,11.5,23.7,,,,9.9,,1016.1,
2019-12-11,16.8,10.2,24.1,,,,10.7,,1017.5,
2019-12-12,13.8,6.4,21.9,,,,9.9,,1018.7,
2019-12-13,12.4,3.8,21.2,,,,9.4,,1019.0,
2019-12-14,13.4,3.6,22.6,,,,7.0,,1019.5,
2019-12-15,14.8,8.1,22.3,,,,11.3,,1019.3,
2019-12-16,16.1,11.1,23.1,,,,17.7,,1017.8,
2019-12-17,15.2,10.3,21.5,,,,15.4,,1016.3,
2019-12-18,14.5,7.1,22.8,,,,10.0,,1017.9,
2019-12-19,14.7,6.0,23.6,,,,7.9,,1019.8,
2019-12-20,15.3,9.5,22.2,,,,9.4,,1019.9,
2019-12-21,14.9,6.4,23.7,,,,7.6,,1020.1,
2019-12-22,15.9,6.4,25.0,,,,7.9,,1020.7,
2019-12-23,17.7,9.0,27.0,,,,8.6,,1020.5,
2019-12-24,17.3,9.4,25.7,,,,10.1,,1021.0,
2019-12-25,16.8,10.2,24.0,,,,15.7,,1021.2,
2019-12-26,16.1,10.7,23.2,,,,14.1,,1020.5,
2019-12-27,15.7,10.0,22.6,,,,14.9,,1020.1,
2019-12-28,14.8,8.0,22.8,,,,9.7,,1018.8,
2019-12-29,13.3,5.6,20.9,,,,9.3,,1017.8,
2019-12-30,11.5,5.8,17.4,,,,14.4,,1018.1,
2019-12-31,9.0,1.9,15.6,,,,11.2,,1018.4,
2020-01-01,9.0,3.2,15.8,,,,16.7,,1022.6,
2020-01-02,9.4,3.3,16.0,,,,21.9,,1025.9,
2020-01-03,10.2,5.0,16.5,,,,23.1,,1026.1,
2020-01-04,10.4,4.9,17.0,,,,17.5,,1024.7,
2020-01-05,10.2,5.2,17.1,,,,15.3,,1021.9,
2020-01-06,9.4,0.9,17.9,,,,10.6,,1019.7,
2020-01-07,11.0,5.7,17.4,,,,21.6,,1019.9,
2020-01-08,12.1,7.1,18.5,,,,16.1,,1020.3,
2020-01-09,12.0,4.5,19.2,,,,10.6,,1019.3,
2020-01-10,11.8,6.0,17.8,,,,10.8,,1018.8,
2020-01-11,11.3,4.6,17.1,,,,10.6,,1018.0,
2020-01-12,9.5,1.8,16.1,,,,12.4,,1016.4,
2020-01-13,8.1,0.3,15.1,,,,12.9,,1016.3,
2020-01-14,9.5,1.1,17.6,,,,10.7,,1019.6,
2020-01-15,12.6,6.8,19.9,,,,19.8,,1020.8,
2020-01-16,14.0,9.3,20.6,,,,15.6,,1021.7,
2020-01-17,14.1,9.0,20.1,,,,11.5,,1022.1,
2020-01-18,13.9,8.3,20.7,,,,14.3,,1023.7,
2020-01-19,13.3,7.8,20.1,,,,13.4,,1021.0,
2020-01-20,12.7,6.8,19.2,,,,19.5,,1018.1,
2020-01-21,15.5,10.6,21.9,,,,22.4,,1020.0,
2020-01-22,17.8,12.7,23.7,,,,19.1,,1020.6,
2020-01-23,19.3,14.2,24.6,,,,10.2,,1021.1,
2020-01-24,19.6,12.8,25.3,,,,10.0,,1022.2,
2020-01-25,20.2,16.6,25.3,,,,14.9,,1021.7,
2020-01-26,18.7,12.5,25.4,,,,8.9,,1021.0,
2020-01-27,17.9,10.2,25.2,,,,9.1,,1019.8,
2020-01-28,18.5,11.2,25.4,,,,10.0,,1019.5,
2020-01-29,17.8,10.1,25.6,,,,8.6,,1019.8,
2020-01-30,17.7,9.5,25.8,,,,8.6,,1020.8,
2020-01-31,17.3,8.2,25.4,,,,9.2,,1020.2,
2020-02-01,16.8,8.4,25.0,,,,9.2,,1019.8,
2020-02-02,16.7,8.2,24.7,,,,9.3,,,
2020-02-03,16.8,12.0,22.6,,,,18.9,,1020.7,
2020-02-04,16.3,10.3,22.2,,,,17.2,,1022.5,
2020-02-05,15.1,6.6,22.3,,,,9.6,,1019.6,
2020-02-06,16.1,8.0,23.9,,,,8.9,,1018.0,
2020-02-07,16.4,9.2,22.9,,,,13.4,,1020.9,
2020-02-08,16.0,8.8,22.5,,,,9.6,,1021.7,
2020-02-09,16.4,10.3,22.9,,,,15.1,,1021.6,
2020-02-10,17.8,13.3,23.0,,,,23.9,,1024.7,
2020-02-11,18.7,14.4,23.9,,,,16.9,,1024.6,
2020-02-12,17.0,11.7,23.3,,,,10.7,,1022.4,
2020-02-13,16.9,10.1,23.8,,,,8.9,,1019.6,
2020-02-14,16.9,9.1,25.3,,,,9.0,,1018.9,
2020-02-15,17.5,10.1,25.0,,,,11.4,,1019.2,
2020-02-16,18.2,12.1,25.1,,,,15.2,,1020.5,
2020-02-17,17.8,11.1,25.0,,,,12.7,,1019.9,
2020-02-18,16.5,9.1,23.4,,,,9.6,,1019.3,
2020-02-19,16.2,10.4,22.4,,,,14.7,,1019.5,
2020-02-20,16.5,12.2,21.7,,,,13.8,,1018.0,
2020-02-21,18.0,10.7,25.3,,,,11.1,,1018.2,
2020-02-22,19.3,14.4,24.8,,,,14.7,,1019.7,
2020-02-23,18.8,13.8,24.6,,,,16.4,,1021.8,
2020-02-24,17.5,10.4,24.2,,,,15.4,,1022.1,
2020-02-25,16.7,10.8,23.1,,,,12.5,,1019.4,
2020-02-26,16.4,9.4,23.3,,,,8.8,,1016.4,
2020-02-27,17.1,8.9,25.2,,,,9.5,,1016.8,
2020-02-28,18.1,10.6,25.9,,,,11.7,,1018.6,
2020-02-29,18.5,10.5,26.0,,,,12.1,,1018.1,
2020-03-01,18.8,10.5,26.2,,,,9.7,,1017.3,
2020-03-02,19.0,10.6,26.7,,,,8.6,,1017.7,
2020-03-03,19.5,10.5,27.3,,,,13.1,,1018.3,
2020-03-04,20.1,11.7,27.3,,,,13.3,,1017.4,
2020-03-05,20.8,13.6,28.0,,,,11.1,,1016.8,
2020-03-06,20.6,13.3,27.3,,,,11.5,,1015.4,
2020-03-07,20.4,12.0,27.5,,,,13.0,,1013.3,
2020-03-08,20.1,11.2,27.8,,,,11.3,,1014.0,
2020-03-09,19.2,11.5,26.2,,,,12.7,,1013.8,
2020-03-10,19.0,10.5,26.7,,,,13.0,,1012.4,
2020-03-11,19.0,10.9,26.7,,,,13.7,,1014.4,
2020-03-12,19.0,13.5,25.5,,,,19.6,,1017.4,
2020-03-13,18.2,13.0,24.6,,,,16.7,,1017.8,
2020-03-14,18.6,11.0,26.3,,,,11.4,,1017.1,
2020-03-15,19.5,12.1,26.6,,,,13.6,,1015.2,
2020-03-16,21.5,15.9,26.4,,,,18.6,,1013.5,
2020-03-17,21.8,17.2,26.9,,,,18.4,,1013.5,
2020-03-18,22.6,19.1,27.2,,,,18.7,,1014.4,
2020-03-19,22.8,18.6,27.5,,,,16.4,,1013.6,
2020-03-20,23.6,19.3,28.0,,,,17.9,,1011.4,
2020-03-21,20.7,15.7,26.0,,,,21.1,,1010.5,
2020-03-22,18.7,10.5,26.2,,,,14.6,,1009.9,
2020-03-23,20.2,11.3,27.9,,,,15.4,,1010.4,
2020-03-24,20.1,12.7,25.7,,,,21.5,,1009.8,
2020-03-25,17.0,11.7,21.9,,,,30.2,,1009.7,
2020-03-26,16.0,9.0,22.8,,,,16.4,,1011.6,
2020-03-27,18.9,10.4,26.1,,,,13.4,,1012.5,
2020-03-28,20.5,14.6,25.3,,,,15.1,,1015.9,
2020-03-29,21.9,18.4,26.1,,,,22.2,,1013.4,
2020-03-30,20.1,11.9,27.4,,,,16.6,,1011.3,
2020-03-31,20.1,10.8,28.2,,,,15.2,,1011.8,
2020-04-01,21.6,13.5,29.0,,,,15.3,,1012.7,
2020-04-02,22.7,13.4,30.4,,,,14.2,,1011.4,
2020-04-03,23.0,15.2,29.7,,,,20.5,,1009.2,
2020-04-04,23.4,14.5,30.9,,,,16.2,,1010.3,
2020-04-05,23.1,15.0,30.5,,,,16.7,,1012.3,
2020-04-06,23.8,15.2,31.5,,,,11.3,,1012.7,
2020-04-07,24.4,18.2,30.9,,,,17.8,,1013.2,
2020-04-08,24.6,20.1,30.3,,,,20.8,,1013.3,
2020-04-09,23.8,19.4,29.5,,,,22.1,,1014.4,
2020-04-10,24.1,18.2,30.1,,,,18.1,,1014.6,
2020-04-11,25.6,20.4,31.5,,,,18.6,,1014.1,
2020-04-12,26.2,18.7,33.1,,,,17.6,,1013.8,
2020-04-13,26.7,19.6,32.8,,,,13.1,,1013.0,
2020-04-14,27.7,21.6,33.1,,,,13.6,,1012.9,
2020-04-15,26.8,23.3,30.5,,,,15.6,,1014.6,
2020-04-16,26.9,22.0,31.5,,,,13.6,,1014.9,
2020-04-17,27.2,21.8,32.4,,,,14.5,,1013.5,
2020-04-18,27.0,20.4,32.8,,,,14.8,,1012.6,
2020-04-19,27.2,20.8,33.3,,,,20.4,,1011.4,
2020-04-20,26.0,21.0,31.9,,,,21.3,,1010.7,
2020-04-21,25.0,17.7,32.2,,,,16.8,,1010.4,
2020-04-22,26.5,19.1,33.6,,,,15.2,,1009.8,
2020-04-23,28.3,21.3,34.7,,,,15.4,,1009.9,
2020-04-24,29.0,23.3,34.3,,,,14.3,,1010.2,
2020-04-25,29.0,22.8,34.3,,,,16.1,,1009.6,
2020-04-26,28.3,23.6,33.1,,,,19.7,,1011.3,
2020-04-27,28.4,21.3,34.1,,,,19.7,,1012.6,
2020-04-28,28.7,21.7,34.7,,,,19.5,,1013.5,
2020-04-29,28.4,21.5,34.8,,,,20.4,,1014.0,
2020-04-30,28.0,20.4,34.6,,,,18.8,,1013.7,
2020-05-01,28.5,20.7,35.2,,,,11.9,,1013.5,
2020-05-02,28.6,24.8,33.5,,,,19.1,,,
2020-05-03,28.0,22.6,33.5,,,,25.0,,,
2020-05-04,29.0,25.1,34.4,,,,24.3,,1013.9,
2020-05-05,28.6,23.8,34.1,,,,19.8,,1015.5,
2020-05-06,28.4,22.2,34.6,,,,15.1,,1014.8,
2020-05-07,28.2,21.4,34.3,,,,13.0,,,
2020-05-08,28.4,21.2,35.0,,,,12.6,,1013.4,
2020-05-09,28.7,22.7,34.2,,,,14.3,,1013.0,
2020-05-10,28.6,21.6,34.1,,,,11.1,,,
2020-05-11,29.3,22.5,35.1,,,,11.2,,1012.3,
2020-05-12,29.5,23.3,34.7,,,,13.8,,1013.1,
2020-05-13,28.8,22.5,34.4,,,,12.7,,1013.1,
2020-05-14,28.3,20.2,35.1,,,,10.2,,1012.9,
2020-05-15,28.6,21.2,35.3,,,,10.6,,1012.2,
2020-05-16,28.6,20.5,35.5,,,,11.3,,,
2020-05-17,28.5,20.1,35.0,,,,12.1,,1011.5,
2020-05-18,29.6,23.2,35.3,,,,13.9,,,
2020-05-19,28.5,20.9,35.0,,,,14.5,,1010.8,
2020-05-20,28.4,21.0,35.2,,,,14.2,,1009.4,
2020-05-21,27.9,21.6,33.7,,,,14.0,,,
2020-05-22,26.9,19.5,32.7,,,,17.9,,,
2020-05-23,27.3,22.7,32.2,,,,27.8,,,
2020-05-24,27.6,22.8,32.4,,,,26.1,,1012.4,
2020-05-25,26.9,24.9,30.1,,,,25.2,,,
2020-05-26,27.6,24.4,31.2,,,,29.6,,1017.4,
2020-05-27,26.5,24.1,30.1,,,,17.6,,1017.5,
2020-05-28,25.8,22.4,30.0,,,,13.8,,1016.0,
2020-05-29,26.5,22.0,31.4,,,,12.7,,1013.9,
2020-05-30,27.0,19.9,32.8,,,,12.5,,1012.3,
2020-05-31,29.8,23.4,35.1,,,,11.6,,,
2020-06-01,31.1,24.8,36.5,,,,10.9,,1012.8,
2020-06-02,32.2,27.0,37.1,,,,14.5,,,
2020-06-03,32.6,26.7,37.3,,,,16.6,,1009.8,
2020-06-04,32.5,26.7,37.7,,,,14.5,,,
2020-06-05,31.5,27.6,36.2,,,,13.0,,,
2020-06-06,30.6,26.1,35.6,,,,12.9,,,
2020-06-07,31.0,26.4,37.0,,,,13.7,,1013.0,
2020-06-08,31.9,26.1,37.1,,,,13.2,,1011.8,
2020-06-09,32.1,27.8,37.2,,,,15.1,,1011.0,
2020-06-10,32.3,25.9,37.8,,,,12.2,,,
2020-06-11,33.1,26.4,38.2,,,,14.0,,1011.2,
2020-06-12,33.3,27.4,38.1,,,,17.0,,,
2020-06-13,33.8,27.9,39.1,,,,16.5,,,
2020-06-14,34.4,28.8,39.2,,,,19.5,,1013.6,
2020-06-15,33.1,26.6,38.5,,,,15.4,,,
2020-06-16,32.0,26.8,36.7,,,,20.0,,1012.4,
2020-06-17,30.7,25.8,35.2,,,,19.5,,,
2020-06-18,30.7,24.5,36.4,,,,18.9,,,
2020-06-19,31.0,24.5,37.3,,,,12.0,,1014.6,
2020-06-20,31.6,24.0,37.5,,,,10.0,,,
2020-06-21,32.5,25.5,37.8,,,,15.8,,,
2020-06-22,31.6,25.1,36.2,,,,14.4,,,
2020-06-23,30.4,25.2,35.1,,,,18.5,,,
2020-06-24,30.5,24.1,36.0,,,,14.4,,1012.3,
2020-06-25,30.9,24.0,36.3,,,,10.7,,,
2020-06-26,31.9,25.5,36.8,,,,11.2,,,
2020-06-27,31.1,26.1,35.5,,,,20.3,,1010.6,
2020-06-28,30.0,25.0,35.3,,,,25.3,,,
2020-06-29,29.6,22.8,35.9,,,,24.2,,,
2020-06-30,30.0,23.9,36.2,,,,19.8,,,
2020-07-01,30.8,23.6,37.0,,,,12.8,,,
2020-07-02,32.0,25.1,37.8,,,,22.1,,,
2020-07-03,32.6,25.7,38.6,,,,23.8,,1011.7,
2020-07-04,32.4,26.8,38.2,,,,27.7,,,
2020-07-05,31.6,24.9,37.5,,,,22.2,,1013.0,
2020-07-06,31.3,25.2,37.4,,,,18.1,,,
2020-07-07,30.1,23.6,35.9,,,,15.9,,1009.2,
2020-07-08,29.6,23.7,35.0,,,,22.2,,,
2020-07-09,28.2,25.2,32.7,,,,17.4,,,
2020-07-10,28.1,23.8,33.0,,,,13.5,,1010.3,
2020-07-11,30.3,25.8,35.0,,,,13.8,,1011.0,
2020-07-12,30.5,24.8,35.5,,,,12.4,,,
2020-07-13,30.7,25.2,35.3,,,,18.3,,,
2020-07-14,30.1,25.8,34.6,,,,16.2,,,
2020-07-15,29.7,25.4,34.2,,,,15.2,,,
2020-07-16,29.9,23.6,36.4,,,,16.8,,1013.1,
2020-07-17,30.3,24.7,35.7,,,,19.2,,,
2020-07-18,30.5,23.5,36.2,,,,16.9,,,
2020-07-19,31.2,26.3,36.0,,,,14.1,,1010.9,
2020-07-20,32.3,27.8,37.0,,,,14.2,,,
2020-07-21,31.8,27.6,36.1,,,,19.4,,1010.6,
2020-07-22,31.4,26.2,36.1,,,,14.1,,,
2020-07-23,31.4,26.6,35.6,,,,12.4,,,
2020-07-24,30.8,26.4,34.6,,,,20.4,,,
2020-07-25,28.2,23.6,32.2,,,,17.7,,,
2020-07-26,24.9,21.8,30.9,,,,15.4,,1012.7,
2020-07-27,28.4,23.4,33.8,,,,17.1,,,
2020-07-28,29.8,24.0,34.3,,,,15.7,,,
2020-07-29,30.2,23.8,35.5,,,,13.6,,1009.8,
2020-07-30,30.6,25.5,35.1,,,,13.9,,,
2020-07-31,31.3,26.5,36.3,,,,20.9,,,
2020-08-01,31.5,25.3,36.3,,,,18.1,,,
2020-08-02,31.5,26.7,36.3,,,,12.4,,,
2020-08-03,28.4,20.7,33.6,,,,18.4,,,
2020-08-04,24.3,21.0,29.5,,,,15.7,,,
2020-08-05,26.1,22.3,31.5,,,,15.9,,,
2020-08-06,29.3,24.2,35.4,,,,16.0,,,
2020-08-07,31.0,26.9,35.8,,,,15.8,,,
2020-08-08,29.0,25.5,33.6,,,,15.1,,,
2020-08-09,28.5,23.9,33.4,,,,13.8,,,
2020-08-10,29.2,25.7,34.6,,,,16.1,,,
2020-08-11,27.0,23.7,32.5,,,,16.1,,,
2020-08-12,27.2,22.8,33.0,,,,13.8,,,
2020-08-13,29.5,23.5,35.9,,,,14.0,,,
2020-08-14,31.2,24.4,37.0,,,,12.1,,,
2020-08-15,31.9,28.0,36.0,,,,17.7,,,
2020-08-16,30.1,25.6,34.2,,,,16.7,,1010.0,
2020-08-17,29.3,24.6,34.8,,,,20.4,,1011.2,
2020-08-18,29.9,24.6,35.5,,,,24.1,,1011.8,
2020-08-19,29.4,23.4,35.3,,,,24.8,,,
2020-08-20,30.3,25.3,35.7,,,,23.1,,1011.6,
2020-08-21,31.7,25.3,37.2,,,,22.5,,,
2020-08-22,31.7,27.0,36.3,,,,18.6,,,
2020-08-23,29.7,24.8,34.3,,,,16.4,,,
2020-08-24,29.2,24.3,33.9,,,,17.2,,,
2020-08-25,29.3,24.2,34.8,,,,19.6,,1012.4,
2020-08-26,29.1,24.2,33.6,,,,17.8,,,
2020-08-27,28.6,22.9,33.5,,,,13.0,,,
2020-08-28,27.8,21.7,33.4,,,,13.6,,1010.0,
2020-08-29,26.7,23.2,31.7,,,,13.5,,1010.3,
2020-08-30,25.4,22.3,32.2,,,,14.4,,1011.6,
2020-08-31,28.4,22.5,34.7,,,,13.8,,1011.9,
2020-09-01,30.7,25.6,36.1,,,,18.4,,,
2020-09-02,30.5,24.1,36.1,,,,14.6,,,
2020-09-03,29.0,24.0,34.6,,,,10.8,,1011.8,
2020-09-04,28.0,22.7,33.6,,,,13.7,,,
2020-09-05,29.1,23.9,33.9,,,,15.4,,1011.7,
2020-09-06,28.6,23.7,33.5,,,,19.4,,1010.5,
2020-09-07,28.5,23.7,33.5,,,,22.5,,,
2020-09-08,28.5,23.4,33.5,,,,17.6,,1014.4,
2020-09-09,29.6,23.8,35.4,,,,15.9,,1016.0,
2020-09-10,29.8,23.9,34.8,,,,15.4,,,
2020-09-11,29.2,23.7,34.5,,,,15.0,,1012.6,
2020-09-12,29.4,21.9,34.9,,,,10.3,,,
2020-09-13,30.3,25.0,35.4,,,,12.1,,,
2020-09-14,30.5,25.6,35.2,,,,13.4,,1014.8,
2020-09-15,30.3,26.1,34.7,,,,14.0,,,
2020-09-16,29.3,25.3,33.5,,,,20.3,,1011.6,
2020-09-17,28.0,24.6,32.2,,,,18.6,,1013.5,
2020-09-18,26.7,22.4,32.8,,,,12.8,,1016.7,
2020-09-19,26.5,21.5,33.2,,,,14.6,,1015.6,
2020-09-20,27.4,21.6,32.9,,,,18.1,,1014.6,
2020-09-21,27.7,21.8,33.3,,,,17.1,,1015.1,
2020-09-22,27.3,20.4,32.7,,,,14.6,,1015.8,
2020-09-23,27.5,21.2,33.1,,,,12.4,,1016.5,
2020-09-24,27.7,20.9,33.9,,,,16.8,,1017.0,
2020-09-25,27.4,21.5,33.3,,,,22.1,,1017.1,
2020-09-26,27.1,21.4,32.8,,,,18.3,,1013.8,
2020-09-27,27.1,20.7,33.1,,,,15.1,,1011.8,
2020-09-28,27.7,22.0,33.7,,,,16.9,,1013.7,
2020-09-29,28.0,20.1,34.8,,,,15.2,,1015.6,
2020-09-30,28.8,24.2,34.0,,,,21.5,,1014.6,
2020-10-01,28.2,23.1,33.8,,,,18.4,,1012.4,
2020-10-02,27.7,21.8,33.3,,,,10.5,,1011.6,
2020-10-03,27.2,20.4,32.9,,,,9.2,,1012.7,
2020-10-04,27.4,21.2,33.2,,,,9.7,,1014.5,
2020-10-05,28.0,22.1,33.6,,,,11.4,,1014.9,
2020-10-06,27.0,20.6,33.4,,,,13.8,,1014.3,
2020-10-07,27.7,21.0,33.0,,,,14.5,,1013.1,
2020-10-08,27.3,23.2,32.3,,,,19.9,,1014.8,
2020-10-09,26.5,21.5,32.0,,,,18.8,,1016.3,
2020-10-10,25.3,21.5,30.2,,,,17.9,,,
2020-10-11,24.7,20.4,29.2,,,,12.4,,1016.6,
2020-10-12,25.4,20.2,30.7,,,,9.2,,1015.3,
2020-10-13,25.4,19.5,31.0,,,,10.8,,1014.6,
2020-10-14,25.8,19.4,31.4,,,,11.0,,1014.9,
2020-10-15,25.5,17.9,32.0,,,,11.1,,1014.9,
2020-10-16,25.5,17.4,32.6,,,,11.7,,1014.3,
2020-10-17,25.2,18.1,31.7,,,,11.8,,1013.6,
2020-10-18,25.0,18.4,31.5,,,,12.2,,1013.7,
2020-10-19,24.8,18.0,31.2,,,,11.7,,1013.8,
2020-10-20,25.0,18.0,31.2,,,,15.4,,1014.8,
2020-10-21,25.8,20.7,31.2,,,,20.4,,1016.1,
2020-10-22,24.9,18.0,31.1,,,,17.3,,1018.6,
2020-10-23,24.9,18.7,31.2,,,,14.7,,1019.9,
2020-10-24,24.8,18.8,31.4,,,,19.0,,1019.3,
2020-10-25,24.0,17.8,30.9,,,,14.8,,1018.0,
2020-10-26,22.2,15.1,28.9,,,,9.2,,1016.4,
2020-10-27,21.4,13.9,28.2,,,,7.9,,1014.9,
2020-10-28,21.4,13.9,28.0,,,,8.4,,1015.7,
2020-10-29,21.2,13.9,27.7,,,,10.1,,1018.0,
2020-10-30,21.2,15.0,27.4,,,,9.7,,1018.8,
2020-10-31,20.3,13.0,26.5,,,,9.9,,1018.6,
2020-11-01,19.6,13.8,25.9,,,,12.5,,1018.2,
2020-11-02,19.0,14.3,24.8,,,,18.5,,1019.7,
2020-11-03,18.8,15.1,23.9,,,,18.6,,1020.5,
2020-11-04,18.7,14.6,24.0,,,,13.1,,1019.2,
2020-11-05,19.6,13.5,26.2,,,,10.4,,1019.5,
2020-11-06,20.2,14.1,26.9,,,,12.2,,1020.1,
2020-11-07,19.7,14.5,25.8,,,,12.5,,1020.6,
2020-11-08,18.8,13.4,24.9,,,,12.0,,1021.1,
2020-11-09,18.1,12.9,24.2,,,,11.3,,1021.3,
2020-11-10,17.4,11.3,23.2,,,,11.7,,1020.0,
2020-11-11,16.9,10.8,22.4,,,,11.6,,,
2020-11-12,16.5,10.9,21.9,,,,11.3,,1019.8,
2020-11-13,16.2,9.4,22.9,,,,8.5,,1020.8,
2020-11-14,16.7,11.2,23.3,,,,11.1,,1021.9,
2020-11-15,16.8,11.4,23.3,,,,12.2,,1020.9,
2020-11-16,16.5,10.3,23.2,,,,8.9,,1019.6,
2020-11-17,17.0,11.7,23.3,,,,11.3,,1019.2,
2020-11-18,16.0,8.9,23.0,,,,8.4,,1018.3,
2020-11-19,15.9,8.1,23.0,,,,8.0,,1017.4,
2020-11-20,15.9,9.3,22.2,,,,10.3,,1018.1,
2020-11-21,14.8,7.3,21.4,,,,8.4,,1017.3,
2020-11-22,14.4,7.6,20.7,,,,13.7,,1015.6,
2020-11-23,13.3,6.3,20.4,,,,10.7,,1015.8,
2020-11-24,14.6,8.9,21.7,,,,15.7,,,
2020-11-25,14.6,9.7,20.6,,,,18.0,,1017.2,
2020-11-26,15.1,10.4,20.8,,,,16.3,,1015.4,
2020-11-27,16.7,12.8,21.5,,,,19.6,,1014.2,
2020-11-28,16.6,11.4,22.6,,,,14.1,,1014.7,
2020-11-29,15.3,8.3,22.7,,,,10.1,,1016.4,
2020-11-30,16.7,9.5,24.1,,,,9.2,,1018.2,
2020-12-01,18.9,13.9,24.8,,,,11.2,,1017.1,
2020-12-02,17.8,11.7,23.0,,,,14.2,,1016.4,
2020-12-03,17.6,12.8,22.3,,,,16.7,,1015.9,
2020-12-04,18.8,14.1,23.5,,,,18.4,,1013.7,
2020-12-05,17.5,13.7,21.7,,,,22.5,,1011.6,
2020-12-06,14.9,10.5,19.7,,,,20.4,,1013.7,
2020-12-07,15.1,9.8,21.3,,,,13.6,,1016.6,
2020-12-08,14.2,7.4,21.7,,,,11.0,,1017.9,
2020-12-09,14.0,4.4,22.8,,,,9.9,,1017.4,
2020-12-10,14.7,4.4,23.3,,,,8.6,,1017.3,
2020-12-11,15.5,8.7,23.3,,,,7.9,,1016.4,
2020-12-12,14.7,5.4,24.0,,,,8.6,,1015.6,
2020-12-13,16.7,9.2,25.2,,,,7.8,,1014.9,
2020-12-14,16.6,8.6,24.2,,,,11.3,,1015.8,
2020-12-15,16.9,12.8,22.8,,,,14.2,,1016.7,
2020-12-16,17.7,13.3,23.8,,,,12.6,,1017.2,
2020-12-17,17.0,11.0,23.0,,,,11.6,,1016.2,
2020-12-18,16.9,11.9,23.1,,,,12.5,,1015.2,
2020-12-19,16.7,11.0,23.3,,,,12.0,,1015.5,
2020-12-20,15.6,8.5,23.0,,,,10.8,,1015.9,
2020-12-21,13.4,5.9,20.3,,,,12.7,,1015.7,
2020-12-22,12.9,6.1,19.5,,,,11.3,,1016.4,
2020-12-23,14.0,9.0,20.1,,,,22.5,,1019.9,
2020-12-24,13.7,9.9,19.0,,,,27.2,,1020.6,
2020-12-25,12.9,8.0,19.6,,,,17.8,,1019.8,
2020-12-26,12.2,6.9,19.3,,,,11.1,,1017.4,
2020-12-27,11.4,4.1,19.0,,,,10.0,,1016.2,
2020-12-28,11.1,2.7,19.2,,,,8.2,,1015.7,
2020-12-29,12.2,5.1,20.3,,,,8.5,,1015.5,
2020-12-30,13.9,6.9,20.9,,,,9.8,,1016.4,
2020-12-31,15.4,8.1,22.3,,,,9.6,,1016.4,
2021-01-01,16.0,11.7,21.7,,,,15.1,,1013.3,
2021-01-02,14.8,8.5,21.6,,,,10.9,,1013.2,
2021-01-03,15.2,8.4,22.9,,,,12.1,,1013.7,
2021-01-04,15.5,8.4,23.5,,,,11.4,,,
2021-01-05,15.2,8.3,22.4,,,,11.3,,1014.0,
2021-01-06,16.8,9.5,25.2,,,,9.1,,1016.1,
2021-01-07,18.3,9.0,26.8,,,,8.3,,1018.2,
2021-01-08,19.4,10.3,28.1,,,,7.2,,1018.5,
2021-01-09,19.8,13.6,27.1,,,,11.4,,1017.8,
2021-01-10,19.4,14.7,25.7,,,,15.6,,1016.4,
2021-01-11,18.6,12.8,25.5,,,,10.9,,1015.6,
2021-01-12,17.6,11.0,24.7,,,,10.7,,1017.2,
2021-01-13,17.4,10.4,24.3,,,,9.6,,1018.2,
2021-01-14,16.7,9.6,23.5,,,,11.5,,1017.1,
2021-01-15,14.7,8.9,21.3,,,,12.0,,1015.1,
2021-01-16,14.0,6.1,21.4,,,,9.0,,1014.1,
2021-01-17,14.9,9.8,21.5,,,,16.3,,1017.5,
2021-01-18,14.2,9.7,19.9,,,,16.4,,1019.4,
2021-01-19,13.7,8.6,20.4,,,,12.0,,1020.8,
2021-01-20,13.4,8.5,19.7,,,,18.9,,1021.8,
2021-01-21,13.2,6.2,21.0,,,,9.7,,1021.1,
2021-01-22,13.6,5.0,22.9,,,,7.2,,1019.7,
2021-01-23,13.6,4.8,22.8,,,,7.2,,,
2021-01-24,14.0,5.0,23.0,,,,7.1,,1018.8,
2021-01-25,15.1,7.5,23.3,,,,8.6,,1019.0,
2021-01-26,15.2,7.5,23.3,,,,7.8,,1018.0,
2021-01-27,15.9,8.2,23.7,,,,10.7,,1018.5,
2021-01-28,16.0,11.1,22.1,,,,13.5,,,
2021-01-29,15.4,9.7,22.4,,,,17.8,,1021.9,
2021-01-30,14.8,7.6,22.7,,,,8.4,,1019.3,
2021-01-31,13.6,3.9,22.1,,,,12.1,,1016.0,
2021-02-01,15.2,7.1,23.4,,,,13.7,,,
2021-02-02,16.5,8.9,24.5,,,,9.2,,1017.5,
2021-02-03,16.4,8.7,24.5,,,,9.8,,1019.6,
2021-02-04,17.2,12.8,23.1,,,,19.4,,1019.2,
2021-02-05,17.3,12.8,23.2,,,,17.8,,1018.7,
2021-02-06,17.3,11.2,23.3,,,,16.1,,1017.4,
2021-02-07,16.6,11.8,22.0,,,,15.3,,1015.1,
2021-02-08,14.8,5.9,23.1,,,,9.6,,1015.7,
2021-02-09,16.6,10.2,24.6,,,,12.3,,1017.0,
2021-02-10,17.6,11.0,25.5,,,,11.0,,1017.4,
2021-02-11,17.1,7.5,26.2,,,,8.1,,1017.4,
2021-02-12,17.3,10.3,25.0,,,,11.6,,1017.6,
2021-02-13,16.7,8.4,24.8,,,,8.6,,1016.0,
2021-02-14,16.9,9.5,24.8,,,,9.8,,1015.5,
2021-02-15,17.4,10.3,24.4,,,,10.5,,1015.9,
2021-02-16,16.5,12.3,21.3,,,,26.0,,1019.4,
2021-02-17,14.8,9.6,20.3,,,,25.3,,1021.2,
2021-02-18,15.5,10.3,21.8,,,,15.8,,1021.0,
2021-02-19,15.6,8.6,22.5,,,,8.1,,1021.2,
2021-02-20,16.4,10.3,23.2,,,,10.4,,1020.5,
2021-02-21,16.0,7.6,23.7,,,,7.9,,1019.4,
2021-02-22,16.1,9.2,22.9,,,,9.8,,1019.5,
2021-02-23,15.9,9.9,22.4,,,,12.7,,1019.5,
2021-02-24,15.5,10.8,21.4,,,,18.9,,1017.9,
2021-02-25,14.5,10.5,18.9,,,,19.9,,1015.2,
2021-02-26,13.8,6.8,21.3,,,,17.5,,1015.6,
2021-02-27,15.9,11.4,22.1,,,,22.8,,1016.1,
2021-02-28,16.8,12.6,22.6,,,,21.5,,1016.6,
2021-03-01,18.1,12.6,24.5,,,,17.8,,1016.6,
2021-03-02,19.3,14.0,25.1,,,,17.8,,1016.6,
2021-03-03,19.4,14.4,24.6,,,,18.0,,1015.5,
2021-03-04,18.9,14.4,24.4,,,,18.0,,1014.1,
2021-03-05,18.0,8.7,25.2,,,,14.1,,1013.8,
2021-03-06,19.9,11.4,27.4,,,,12.7,,1015.7,
2021-03-07,21.9,15.6,27.9,,,,17.5,,1014.8,
2021-03-08,22.2,16.7,27.3,,,,17.0,,1010.9,
2021-03-09,21.8,15.1,27.7,,,,14.6,,1009.4,
2021-03-10,21.8,17.1,27.5,,,,18.1,,1008.9,
2021-03-11,19.6,14.5,25.1,,,,15.0,,1010.8,
2021-03-12,17.0,12.1,20.4,,,,19.3,,1010.7,
2021-03-13,14.6,7.9,20.8,,,,15.0,,1011.6,
2021-03-14,18.4,10.9,25.6,,,,9.7,,1012.7,
2021-03-15,20.4,13.9,27.1,,,,12.7,,1012.6,
2021-03-16,20.9,15.2,26.5,,,,14.6,,1012.5,
2021-03-17,21.2,15.9,26.7,,,,21.2,,1010.8,
2021-03-18,21.2,15.5,26.6,,,,19.6,,1009.3,
2021-03-19,19.7,13.4,26.1,,,,18.8,,1009.7,
2021-03-20,19.1,11.3,25.8,,,,20.0,,1010.2,
2021-03-21,19.8,12.8,25.9,,,,24.7,,1010.5,
2021-03-22,18.1,12.3,24.3,,,,23.8,,1011.4,
2021-03-23,17.8,8.4,25.9,,,,10.6,,1014.5,
2021-03-24,18.8,11.9,25.6,,,,14.4,,1016.0,
2021-03-25,17.7,10.9,24.2,,,,13.9,,1016.0,
2021-03-26,17.6,12.4,23.6,,,,19.7,,1019.7,
2021-03-27,17.9,12.5,24.5,,,,21.6,,1021.6,
2021-03-28,18.2,12.4,25.0,,,,21.1,,1022.0,
2021-03-29,19.1,13.3,26.2,,,,19.2,,,
2021-03-30,19.9,14.5,26.3,,,,18.5,,1019.0,
2021-03-31,20.1,13.6,26.9,,,,13.7,,1017.0,
2021-04-01,19.9,11.5,27.3,,,,11.4,,1016.2,
2021-04-02,20.0,13.3,26.5,,,,13.0,,,
2021-04-03,19.9,12.8,26.7,,,,10.9,,1017.2,
2021-04-04,21.2,14.9,27.5,,,,12.1,,1015.2,
2021-04-05,22.1,15.2,28.5,,,,13.4,,1012.9,
2021-04-06,23.5,16.5,30.6,,,,13.1,,,
2021-04-07,23.4,15.2,31.2,,,,13.6,,1012.4,
2021-04-08,23.1,14.2,30.9,,,,13.1,,1013.3,
2021-04-09,23.3,14.9,31.1,,,,11.7,,1012.0,
2021-04-10,23.5,16.0,30.6,,,,13.9,,1011.3,
2021-04-11,24.2,15.9,31.3,,,,13.3,,1012.3,
2021-04-12,24.8,17.9,31.6,,,,16.5,,1013.8,
2021-04-13,24.6,15.5,31.5,,,,15.2,,1014.1,
2021-04-14,26.0,18.1,32.7,,,,12.7,,1012.3,
2021-04-15,27.5,20.9,33.1,,,,16.1,,1010.7,
2021-04-16,26.9,19.5,33.1,,,,13.8,,1009.1,
2021-04-17,26.0,19.6,31.6,,,,15.4,,1009.6,
2021-04-18,25.8,20.3,31.0,,,,11.8,,1011.5,
2021-04-19,26.2,18.7,33.0,,,,13.1,,1010.9,
2021-04-20,26.1,19.2,32.7,,,,15.3,,1008.9,
2021-04-21,26.6,20.2,32.2,,,,16.0,,1007.1,
2021-04-22,25.0,16.1,32.3,,,,12.3,,1008.6,
2021-04-23,26.0,17.6,33.3,,,,12.4,,1009.4,
2021-04-24,27.5,20.1,33.6,,,,15.8,,1009.5,
2021-04-25,27.9,21.1,33.7,,,,15.3,,1010.4,
2021-04-26,27.9,20.8,33.7,,,,13.6,,1012.0,
2021-04-27,27.6,20.4,33.2,,,,15.3,,1011.1,
2021-04-28,29.2,22.4,34.7,,,,14.4,,1010.1,
2021-04-29,29.6,21.9,35.4,,,,11.2,,1010.9,
2021-04-30,29.9,23.6,35.3,,,,16.6,,1011.0,
2021-05-01,28.5,22.1,34.1,,,,12.2,,1011.3,
2021-05-02,28.7,20.8,35.0,,,,11.3,,1011.6,
2021-05-03,27.8,19.3,35.1,,,,12.7,,1011.9,
2021-05-04,27.6,19.2,35.3,,,,11.0,,1011.6,
2021-05-05,27.7,17.9,35.7,,,,9.5,,1010.2,
2021-05-06,28.0,17.8,35.4,,,,13.0,,1009.8,
2021-05-07,28.6,19.6,35.7,,,,11.6,,1009.6,
2021-05-08,29.6,22.2,35.5,,,,10.3,,1009.9,
2021-05-09,29.9,23.1,35.4,,,,11.6,,1009.6,
2021-05-10,29.4,21.1,35.8,,,,9.5,,1010.1,
2021-05-11,30.3,21.7,36.7,,,,10.3,,1010.3,
2021-05-12,31.8,24.7,37.1,,,,12.4,,1009.5,
2021-05-13,31.4,24.7,36.9,,,,12.0,,1007.5,
2021-05-14,30.9,24.0,36.6,,,,11.5,,1007.0,
2021-05-15,31.3,24.9,36.7,,,,11.6,,1008.9,
2021-05-16,31.8,24.9,37.4,,,,11.4,,1009.7,
2021-05-17,31.9,26.3,36.8,,,,14.9,,1009.7,
2021-05-18,31.9,27.2,36.7,,,,16.5,,1009.8,
2021-05-19,30.8,25.3,35.6,,,,16.2,,1009.8,
2021-05-20,30.4,25.7,35.2,,,,15.1,,1009.9,
2021-05-21,30.0,23.6,35.1,,,,16.2,,1010.1,
2021-05-22,30.6,25.5,35.3,,,,20.4,,1010.9,
2021-05-23,29.9,23.8,35.3,,,,17.8,,1011.4,
2021-05-24,29.8,22.9,35.8,,,,12.1,,1011.3,
2021-05-25,30.7,23.4,36.8,,,,12.4,,1011.4,
2021-05-26,30.6,23.6,36.3,,,,17.0,,1010.9,
2021-05-27,30.1,22.7,36.2,,,,15.2,,1009.2,
2021-05-28,30.4,23.2,36.5,,,,14.4,,1011.4,
2021-05-29,31.4,24.3,37.3,,,,13.2,,1011.5,
2021-05-30,31.7,24.2,37.0,,,,16.5,,1010.2,
2021-05-31,31.8,25.8,37.2,,,,14.7,,1009.8,
2021-06-01,31.2,23.2,37.2,,,,14.1,,1009.0,
2021-06-02,31.4,23.5,37.4,,,,17.0,,1009.2,
2021-06-03,32.0,25.1,37.9,,,,17.2,,1011.1,
2021-06-04,32.0,25.4,37.9,,,,18.3,,1012.0,
2021-06-05,32.6,26.9,37.8,,,,20.6,,1011.6,
2021-06-06,32.0,26.4,37.4,,,,20.8,,1010.9,
2021-06-07,31.5,25.2,37.3,,,,20.4,,1011.6,
2021-06-08,31.5,25.4,37.1,,,,20.5,,1011.7,
2021-06-09,31.4,25.6,36.9,,,,17.4,,1010.8,
2021-06-10,30.9,25.4,36.1,,,,14.5,,1009.3,
2021-06-11,30.3,25.1,35.6,,,,18.4,,1009.1,
2021-06-12,30.8,25.9,36.1,,,,19.4,,1010.8,
2021-06-13,30.7,25.5,35.9,,,,16.2,,1012.7,
2021-06-14,30.3,25.0,35.4,,,,15.7,,1012.5,
2021-06-15,30.3,23.4,35.5,,,,15.1,,1010.7,
2021-06-16,29.7,25.0,34.8,,,,20.4,,1010.3,
2021-06-17,29.9,23.0,36.1,,,,13.8,,1011.1,
2021-06-18,30.5,22.5,37.1,,,,15.3,,1011.8,
2021-06-19,31.0,24.7,37.5,,,,18.1,,1012.1,
2021-06-20,30.7,24.0,37.5,,,,16.2,,1011.6,
2021-06-21,30.7,23.3,37.4,,,,14.6,,1010.8,
2021-06-22,30.6,23.9,37.2,,,,14.5,,1010.1,
2021-06-23,31.0,24.6,37.0,,,,17.8,,1009.9,
2021-06-24,30.9,25.1,36.6,,,,18.3,,1011.0,
2021-06-25,31.5,25.0,36.9,,,,16.6,,1011.5,
2021-06-26,31.5,25.5,36.7,,,,16.6,,1010.7,
2021-06-27,31.6,26.1,37.5,,,,20.1,,1009.6,
2021-06-28,31.4,25.3,37.5,,,,25.6,,1010.4,
2021-06-29,30.9,25.3,37.1,,,,20.4,,1011.2,
2021-06-30,31.1,25.0,37.1,,,,20.2,,1011.8,
2021-07-01,31.4,25.7,37.3,,,,25.1,,1012.9,
2021-07-02,31.9,26.0,37.5,,,,24.8,,1012.2,
2021-07-03,31.6,26.0,37.4,,,,25.5,,1011.6,
2021-07-04,31.8,24.7,37.9,,,,21.1,,1012.1,
2021-07-05,33.4,26.9,38.6,,,,21.7,,1012.1,
2021-07-06,33.8,27.4,39.2,,,,14.4,,1009.3,
2021-07-07,34.7,29.6,39.5,,,,22.1,,1006.2,
2021-07-08,32.9,28.0,38.4,,,,23.1,,1006.6,
2021-07-09,30.3,27.0,35.1,,,,18.1,,1010.1,
2021-07-10,29.6,24.0,35.1,,,,12.8,,1011.5,
2021-07-11,31.0,24.3,37.3,,,,19.9,,1011.6,
2021-07-12,31.5,23.0,37.7,,,,15.9,,1010.8,
2021-07-13,32.1,26.9,37.3,,,,23.4,,1008.0,
2021-07-14,31.4,26.1,36.2,,,,13.7,,1008.5,
2021-07-15,32.1,26.4,38.0,,,,15.6,,1009.6,
2021-07-16,32.7,27.4,37.9,,,,27.2,,1010.5,
2021-07-17,32.6,25.8,38.2,,,,24.5,,1010.9,
2021-07-18,33.2,26.8,38.8,,,,15.5,,1008.2,
2021-07-19,33.5,29.0,37.8,,,,16.4,,1005.6,
2021-07-20,32.0,28.2,36.8,,,,15.4,,1006.1,
2021-07-21,29.4,26.3,35.3,,,,15.1,,1009.0,
2021-07-22,29.4,24.5,35.2,,,,15.0,,1010.6,
2021-07-23,30.2,25.7,35.4,,,,15.0,,1008.6,
2021-07-24,29.2,25.9,33.7,,,,13.4,,1008.1,
2021-07-25,28.2,24.7,33.5,,,,12.0,,1008.1,
2021-07-26,29.2,24.7,33.9,,,,14.4,,1007.5,
2021-07-27,30.1,26.0,33.8,,,,15.4,,1008.3,
2021-07-28,28.6,24.4,34.3,,,,11.7,,1009.4,
2021-07-29,27.4,22.3,33.1,,,,13.9,,1009.7,
2021-07-30,27.7,21.6,33.5,,,,11.9,,1010.0,
2021-07-31,30.3,26.6,34.1,,,,15.2,,1009.3,
2021-08-01,29.3,26.0,33.5,,,,13.5,,1009.9,
2021-08-02,29.7,26.1,33.6,,,,15.1,,1009.1,
2021-08-03,31.2,25.4,36.1,,,,10.3,,1008.0,
2021-08-04,32.2,25.4,37.9,,,,13.9,,1009.0,
2021-08-05,31.2,27.0,35.5,,,,13.9,,1010.6,
2021-08-06,30.1,25.7,34.1,,,,15.1,,1009.7,
2021-08-07,30.9,26.1,36.1,,,,11.7,,1007.4,
2021-08-08,31.8,26.1,37.4,,,,19.5,,1007.7,
2021-08-09,31.4,26.8,35.9,,,,19.1,,1010.5,
2021-08-10,31.0,25.2,36.6,,,,11.1,,1010.6,
2021-08-11,31.6,26.4,37.1,,,,22.7,,1010.1,
2021-08-12,31.1,26.5,36.4,,,,30.3,,1011.1,
2021-08-13,30.8,25.5,36.6,,,,26.5,,1012.8,
2021-08-14,30.6,25.5,35.6,,,,22.3,,1011.3,
2021-08-15,29.2,24.6,34.5,,,,16.0,,1009.8,
2021-08-16,28.4,23.8,33.1,,,,15.6,,1010.7,
2021-08-17,29.3,24.6,33.9,,,,11.4,,1012.4,
2021-08-18,30.1,25.3,34.9,,,,12.3,,1011.8,
2021-08-19,30.2,25.0,35.5,,,,13.3,,1009.8,
2021-08-20,30.6,26.1,35.8,,,,21.9,,1009.5,
2021-08-21,30.4,25.6,35.2,,,,24.8,,1010.6,
2021-08-22,29.5,24.7,34.7,,,,16.5,,1011.1,
2021-08-23,29.8,24.7,34.1,,,,12.2,,1009.4,
2021-08-24,29.8,25.5,34.4,,,,16.2,,1007.9,
2021-08-25,29.7,25.2,34.4,,,,15.2,,1008.3,
2021-08-26,29.1,24.3,34.0,,,,12.5,,1009.7,
2021-08-27,29.1,24.5,35.0,,,,12.7,,1009.8,
2021-08-28,28.9,24.2,33.8,,,,12.1,,1009.6,
2021-08-29,29.4,25.2,34.5,,,,15.5,,1009.5,
2021-08-30,29.9,24.9,35.3,,,,20.0,,1009.8,
2021-08-31,30.3,23.8,36.3,,,,20.8,,1011.5,
2021-09-01,30.6,24.7,36.2,,,,22.3,,1011.6,
2021-09-02,30.5,25.3,35.8,,,,24.2,,1011.7,
2021-09-03,29.6,24.4,34.9,,,,24.7,,1011.4,
2021-09-04,29.2,23.8,34.7,,,,22.0,,1010.9,
2021-09-05,29.0,23.5,35.1,,,,22.2,,1011.7,
2021-09-06,29.4,23.7,35.5,,,,23.6,,1012.1,
2021-09-07,30.2,25.3,35.5,,,,22.0,,1012.0,
2021-09-08,29.4,23.2,34.7,,,,11.9,,1011.5,
2021-09-09,29.5,24.8,33.9,,,,15.7,,1011.8,
2021-09-10,29.4,24.5,33.9,,,,9.7,,1013.2,
2021-09-11,28.9,24.1,34.7,,,,10.2,,1013.1,
2021-09-12,29.3,24.0,35.1,,,,12.0,,1010.7,
2021-09-13,30.4,26.2,35.2,,,,16.2,,1010.1,
2021-09-14,29.6,24.6,35.2,,,,19.0,,1011.5,
2021-09-15,28.2,21.9,33.6,,,,13.2,,1013.0,
2021-09-16,28.4,21.0,34.7,,,,9.9,,1013.0,
2021-09-17,28.0,22.4,34.1,,,,13.0,,1011.3,
2021-09-18,28.2,21.9,35.3,,,,13.4,,1010.6,
2021-09-19,28.4,22.3,34.9,,,,12.2,,1010.8,
2021-09-20,27.6,21.2,34.2,,,,14.8,,1011.3,
2021-09-21,26.8,21.1,33.6,,,,16.0,,1011.6,
2021-09-22,26.7,19.3,33.8,,,,13.4,,1011.7,
2021-09-23,27.5,21.1,34.3,,,,13.2,,1011.9,
2021-09-24,26.9,20.2,33.8,,,,17.6,,1013.3,
2021-09-25,26.8,21.4,33.6,,,,20.9,,1014.8,
2021-09-26,27.8,22.3,34.0,,,,19.2,,1014.9,
2021-09-27,27.3,22.5,33.2,,,,16.4,,1013.6,
2021-09-28,25.4,20.8,31.2,,,,21.0,,1013.4,
2021-09-29,25.6,20.9,31.6,,,,18.6,,1014.8,
2021-09-30,26.0,20.8,32.1,,,,19.2,,1015.8,
2021-10-01,26.7,20.7,32.7,,,,17.2,,1014.8,
2021-10-02,26.2,21.4,31.9,,,,14.3,,1013.2,
2021-10-03,24.8,18.3,30.5,,,,13.1,,1013.3,
2021-10-04,25.1,19.0,31.0,,,,13.1,,1014.0,
2021-10-05,25.2,18.4,31.2,,,,10.7,,1014.4,
2021-10-06,24.9,18.0,30.8,,,,12.0,,1014.4,
2021-10-07,24.5,17.8,30.9,,,,11.6,,1013.7,
2021-10-08,24.4,17.4,30.8,,,,10.0,,1013.1,
2021-10-09,24.5,16.2,31.5,,,,8.3,,1012.6,
2021-10-10,24.5,16.6,31.4,,,,9.0,,1013.1,
2021-10-11,24.9,16.9,31.9,,,,10.2,,1013.8,
2021-10-12,24.6,16.4,31.2,,,,12.0,,1012.5,
2021-10-13,25.3,18.9,31.4,,,,14.3,,1011.7,
2021-10-14,24.0,16.6,30.6,,,,9.9,,1012.6,
2021-10-15,24.2,15.5,31.2,,,,9.0,,1012.9,
2021-10-16,24.9,17.6,31.3,,,,9.0,,1012.9,
2021-10-17,24.2,16.6,31.0,,,,9.1,,1013.5,
2021-10-18,23.8,16.6,30.1,,,,10.3,,1013.3,
2021-10-19,23.0,16.0,29.8,,,,14.1,,1012.0,
2021-10-20,22.5,16.2,27.9,,,,19.7,,1011.7,
2021-10-21,23.3,18.3,27.8,,,,22.0,,1012.0,
2021-10-22,24.0,17.9,29.4,,,,16.5,,1011.7,
2021-10-23,24.6,19.3,29.8,,,,15.7,,1013.7,
2021-10-24,24.5,18.0,30.7,,,,10.3,,1015.6,
2021-10-25,24.2,16.9,30.4,,,,11.3,,1014.2,
2021-10-26,23.9,17.5,30.0,,,,13.0,,1013.0,
2021-10-27,22.9,15.8,29.1,,,,13.9,,1012.8,
2021-10-28,22.5,14.8,28.8,,,,11.7,,1013.2,
2021-10-29,23.6,18.0,28.7,,,,12.1,,1013.3,
2021-10-30,23.5,20.3,28.1,,,,14.4,,1015.2,
2021-10-31,22.7,15.9,28.8,,,,9.9,,1016.8,
2021-11-01,22.6,15.0,29.4,,,,9.1,,1016.0,
2021-11-02,21.8,14.3,28.4,,,,8.6,,1015.5,
2021-11-03,21.2,14.3,27.4,,,,7.1,,1015.2,
2021-11-04,22.0,14.9,28.3,,,,10.3,,1014.8,
2021-11-05,21.9,13.4,28.8,,,,10.9,,1014.1,
2021-11-06,22.3,14.9,29.3,,,,11.0,,1012.9,
2021-11-07,22.3,15.5,29.0,,,,12.1,,1011.8,
2021-11-08,21.9,15.7,28.1,,,,15.3,,1010.2,
2021-11-09,19.4,13.6,24.2,,,,15.3,,1010.8,
2021-11-10,17.1,8.4,25.3,,,,8.3,,1013.8,
2021-11-11,17.7,9.8,25.5,,,,9.3,,1014.0,
2021-11-12,18.1,10.7,25.2,,,,9.5,,1012.0,
2021-11-13,18.5,14.8,22.7,,,,10.5,,1012.7,
2021-11-14,18.3,12.7,23.9,,,,9.7,,1014.6,
2021-11-15,17.9,13.6,22.2,,,,17.8,,1014.7,
2021-11-16,16.4,8.6,23.4,,,,8.5,,1013.9,
2021-11-17,17.1,11.2,23.0,,,,10.3,,1012.5,
2021-11-18,18.9,12.3,25.2,,,,10.6,,1014.6,
2021-11-19,19.8,12.7,26.8,,,,8.8,,1016.3,
2021-11-20,20.3,13.9,26.7,,,,10.3,,1015.4,
2021-11-21,20.4,14.6,26.5,,,,11.0,,1012.8,
2021-11-22,19.0,11.1,26.0,,,,10.8,,1013.2,
2021-11-23,19.9,13.6,26.2,,,,10.7,,1015.7,
2021-11-24,19.8,14.0,25.8,,,,12.6,,1015.5,
2021-11-25,17.9,11.6,23.8,,,,15.8,,1014.0,
2021-11-26,17.6,10.8,24.0,,,,15.7,,1015.0,
2021-11-27,19.2,11.6,26.7,,,,8.9,,1015.6,
2021-11-28,19.6,13.4,25.8,,,,13.0,,1014.9,
2021-11-29,19.2,11.9,26.1,,,,8.6,,1016.2,
2021-11-30,19.1,12.0,25.7,,,,9.9,,1018.3,
2021-12-01,18.7,11.0,25.2,,,,8.4,,1018.3,
2021-12-02,17.9,10.4,24.2,,,,7.5,,1015.4,
2021-12-03,17.2,10.5,23.5,,,,11.7,,1014.1,
2021-12-04,16.9,10.1,23.8,,,,8.6,,1016.9,
2021-12-05,16.7,11.7,22.6,,,,10.2,,1017.8,
2021-12-06,15.3,7.6,22.6,,,,9.2,,1017.3,
2021-12-07,16.1,9.7,23.5,,,,9.8,,1019.9,
2021-12-08,14.3,5.0,22.2,,,,9.4,,1020.4,
2021-12-09,15.4,8.0,22.7,,,,7.5,,1018.0,
2021-12-10,16.6,10.9,23.1,,,,11.9,,1017.4,
2021-12-11,16.6,11.3,22.7,,,,7.2,,1016.6,
2021-12-12,16.9,9.3,24.6,,,,7.5,,1016.4,
2021-12-13,16.6,9.1,24.6,,,,7.9,,1017.1,
2021-12-14,17.2,11.9,23.5,,,,10.0,,1016.9,
2021-12-15,15.1,11.1,19.4,,,,7.2,,1018.1,
2021-12-16,15.6,8.6,22.2,,,,8.7,,1019.5,
2021-12-17,15.7,7.9,22.7,,,,8.8,,1021.3,
2021-12-18,14.8,8.1,21.2,,,,10.1,,1021.8,
2021-12-19,15.0,7.4,22.0,,,,10.1,,1021.1,
2021-12-20,13.8,7.7,19.1,,,,10.0,,1021.9,
2021-12-21,13.6,7.5,19.1,,,,10.0,,1021.8,
2021-12-22,14.3,11.1,18.2,,,,9.7,,1021.3,
2021-12-23,13.0,5.0,20.3,,,,8.1,,1020.3,
2021-12-24,13.4,6.4,20.6,,,,10.9,,1019.3,
2021-12-25,13.1,5.3,20.1,,,,7.2,,1018.8,
2021-12-26,12.5,6.0,18.9,,,,11.0,,1018.0,
2021-12-27,13.4,5.8,20.8,,,,8.8,,1019.5,
2021-12-28,14.1,6.6,22.0,,,,7.7,,1020.6,
2021-12-29,14.3,6.3,21.8,,,,7.3,,1020.4,
2021-12-30,14.5,7.3,22.0,,,,7.6,,1019.8,
2021-12-31,14.7,5.8,23.1,,,,7.2,,1019.5,
2022-01-01,14.5,8.0,21.5,,,,12.4,,1020.7,
2022-01-02,14.1,9.1,20.3,,,,18.0,,1021.6,
2022-01-03,13.8,8.9,19.9,,,,24.5,,1021.6,
2022-01-04,12.5,7.7,18.6,,,,16.1,,1021.1,
2022-01-05,10.8,2.4,18.2,,,,9.4,,1019.1,
2022-01-06,11.0,3.9,17.7,,,,13.4,,1017.0,
2022-01-07,10.2,3.0,16.7,,,,16.7,,1016.9,
2022-01-08,10.4,1.5,18.3,,,,8.6,,1018.8,
2022-01-09,11.2,4.2,18.8,,,,9.7,,1020.4,
2022-01-10,10.4,1.0,19.2,,,,7.8,,1018.4,
2022-01-11,11.4,4.1,18.3,,,,6.7,,1016.5,
2022-01-12,12.2,4.7,19.4,,,,10.9,,1016.1,
2022-01-13,12.6,5.1,19.9,,,,9.2,,1017.6,
2022-01-14,12.0,4.9,18.9,,,,10.1,,1018.4,
2022-01-15,11.2,4.3,17.6,,,,14.4,,1018.9,
2022-01-16,10.9,5.6,16.8,,,,13.5,,1021.5,
2022-01-17,9.6,3.7,15.8,,,,13.4,,1024.3,
2022-01-18,9.3,2.9,15.9,,,,14.6,,1025.8,
2022-01-19,10.0,5.7,15.7,,,,19.6,,1025.8,
2022-01-20,10.6,6.0,16.4,,,,14.5,,1023.9,
2022-01-21,9.9,1.3,17.6,,,,8.1,,1022.0,
2022-01-22,10.9,3.0,18.5,,,,10.5,,1021.4,
2022-01-23,12.0,5.6,19.3,,,,10.0,,1021.2,
2022-01-24,11.4,4.6,18.1,,,,9.0,,1021.3,
2022-01-25,11.2,3.3,17.9,,,,8.9,,1021.3,
2022-01-26,11.9,8.0,17.0,,,,18.9,,1021.4,
2022-01-27,12.6,8.1,18.4,,,,18.4,,1021.9,
2022-01-28,14.4,9.3,20.9,,,,14.2,,1021.7,
2022-01-29,15.6,10.7,21.5,,,,11.7,,1022.5,
2022-01-30,14.9,7.0,22.4,,,,9.5,,1022.5,
2022-01-31,14.0,6.9,21.2,,,,11.2,,1022.2,
2022-02-01,12.3,4.2,19.1,,,,17.2,,1018.3,
2022-02-02,13.0,3.8,21.7,,,,9.8,,1017.9,
2022-02-03,13.5,3.9,21.9,,,,10.9,,1021.8,
2022-02-04,13.5,6.9,21.2,,,,16.0,,1022.9,
2022-02-05,14.0,8.0,21.4,,,,16.0,,1021.6,
2022-02-06,12.7,3.3,20.9,,,,13.0,,1020.2,
2022-02-07,13.6,5.3,22.4,,,,9.1,,1019.3,
2022-02-08,14.1,4.8,22.9,,,,7.9,,1018.6,
2022-02-09,14.8,6.9,22.7,,,,11.8,,1018.9,
2022-02-10,14.7,8.7,21.0,,,,18.0,,1018.7,
2022-02-11,14.4,8.6,21.0,,,,11.8,,1017.2,
2022-02-12,14.0,5.9,21.1,,,,15.0,,1016.3,
2022-02-13,15.6,11.1,21.4,,,,23.4,,1015.7,
2022-02-14,15.9,10.5,22.1,,,,16.4,,1015.6,
2022-02-15,16.2,9.0,22.6,,,,13.1,,1015.8,
2022-02-16,17.8,12.3,23.2,,,,12.1,,1015.6,
2022-02-17,18.6,15.0,23.4,,,,19.0,,1015.1,
2022-02-18,18.3,13.9,23.7,,,,22.4,,1016.2,
2022-02-19,18.0,13.3,23.4,,,,20.2,,1017.6,
2022-02-20,19.2,15.0,24.8,,,,17.0,,1018.7,
2022-02-21,19.0,10.6,27.0,,,,8.7,,1019.1,
2022-02-22,20.3,11.5,28.8,,,,11.1,,1017.3,
2022-02-23,20.3,12.5,27.0,,,,10.3,,1017.5,
2022-02-24,19.5,13.7,25.4,,,,12.7,,1018.2,
2022-02-25,18.8,10.5,26.3,,,,11.3,,1017.4,
2022-02-26,20.1,11.7,27.3,,,,9.6,,1015.6,
2022-02-27,20.9,13.6,27.5,,,,10.5,,1015.3,
2022-02-28,21.4,14.9,28.2,,,,15.6,,1014.6,
2022-03-01,21.5,13.7,28.0,,,,13.3,,1012.9,
2022-03-02,21.7,14.9,27.2,,,,12.1,,1012.0,
2022-03-03,21.2,17.1,26.1,,,,19.6,,1011.1,
2022-03-04,19.5,14.0,25.8,,,,16.8,,1009.7,
2022-03-05,17.7,8.5,25.6,,,,12.5,,1009.8,
2022-03-06,17.6,11.1,23.3,,,,12.6,,1009.1,
2022-03-07,17.6,11.2,23.8,,,,22.1,,1008.0,
2022-03-08,16.5,8.5,24.4,,,,14.4,,1011.7,
2022-03-09,17.9,10.9,25.2,,,,12.3,,1013.6,
2022-03-10,17.8,13.4,23.5,,,,21.8,,1015.2,
2022-03-11,17.9,12.4,24.0,,,,13.6,,1014.9,
2022-03-12,17.6,10.6,24.5,,,,9.5,,1015.2,
2022-03-13,17.7,8.7,25.0,,,,8.7,,1014.6,
2022-03-14,18.7,12.6,25.6,,,,20.1,,1015.5,
2022-03-15,19.3,14.3,25.4,,,,25.2,,1016.4,
2022-03-16,20.7,16.1,26.1,,,,24.2,,1014.2,
2022-03-17,21.2,16.7,26.0,,,,19.2,,1012.0,
2022-03-18,21.6,16.1,26.4,,,,18.0,,1011.0,
2022-03-19,20.9,13.8,27.3,,,,16.3,,1011.5,
2022-03-20,19.6,11.3,26.9,,,,14.2,,1011.1,
2022-03-21,19.6,10.3,27.4,,,,10.0,,1011.4,
2022-03-22,20.0,12.1,26.5,,,,13.0,,1012.6,
2022-03-23,19.4,15.2,24.8,,,,21.7,,1013.9,
2022-03-24,19.3,15.1,25.2,,,,25.2,,1013.3,
2022-03-25,21.0,15.2,28.5,,,,22.0,,1013.8,
2022-03-26,22.2,17.5,27.2,,,,19.6,,1014.9,
2022-03-27,23.4,18.9,28.5,,,,18.5,,1017.3,
2022-03-28,24.2,15.8,31.2,,,,12.0,,1017.5,
2022-03-29,23.8,16.7,30.5,,,,10.4,,1014.2,
2022-03-30,23.6,17.4,29.5,,,,15.1,,1010.4,
2022-03-31,23.4,15.9,30.4,,,,16.0,,1008.6,
2022-04-01,23.8,16.1,30.8,,,,13.7,,1009.7,
2022-04-02,24.7,16.8,31.4,,,,14.0,,1009.9,
2022-04-03,24.7,16.0,32.6,,,,15.6,,1009.3,
2022-04-04,26.6,17.9,34.1,,,,11.7,,1009.6,
2022-04-05,27.1,19.3,34.9,,,,12.3,,1010.6,
2022-04-06,27.2,19.3,35.1,,,,12.4,,1011.0,
2022-04-07,27.4,18.5,35.0,,,,10.8,,1010.8,
2022-04-08,27.6,18.3,34.7,,,,12.6,,1010.2,
2022-04-09,27.1,18.8,33.6,,,,13.8,,1008.2,
2022-04-10,26.1,16.2,33.1,,,,12.2,,1007.2,
2022-04-11,27.6,20.2,33.7,,,,13.6,,1006.8,
2022-04-12,26.4,18.8,33.2,,,,15.0,,1007.0,
2022-04-13,25.1,17.5,32.7,,,,15.4,,1006.0,
2022-04-14,23.6,15.4,30.7,,,,19.9,,1004.8,
2022-04-15,21.7,14.5,28.2,,,,22.8,,1006.3,
2022-04-16,18.9,12.6,24.8,,,,23.2,,1009.6,
2022-04-17,19.2,12.7,24.8,,,,12.6,,1010.3,
2022-04-18,21.4,14.2,27.7,,,,12.2,,1011.2,
2022-04-19,22.7,17.3,28.4,,,,16.0,,1012.9,
2022-04-20,23.9,18.0,29.6,,,,18.6,,1010.0,
2022-04-21,24.5,16.1,31.3,,,,15.8,,1006.3,
2022-04-22,24.2,17.1,30.8,,,,17.5,,1007.2,
2022-04-23,23.1,14.8,30.9,,,,14.8,,1008.6,
2022-04-24,23.7,15.7,31.4,,,,13.8,,1007.3,
2022-04-25,23.0,15.2,30.0,,,,18.8,,1005.7,
2022-04-26,22.5,16.1,28.9,,,,17.2,,1006.1,
2022-04-27,21.7,15.4,27.7,,,,20.0,,1006.7,
2022-04-28,22.1,14.4,29.0,,,,20.0,,1008.6,
2022-04-29,23.6,15.2,30.9,,,,11.7,,1009.4,
2022-04-30,23.7,14.6,30.7,,,,17.6,,1010.0,
2022-05-01,22.8,15.6,29.3,,,,19.6,,1011.4,
2022-05-02,21.8,12.6,29.0,,,,11.5,,1010.8,
2022-05-03,22.8,14.5,30.5,,,,12.9,,1009.2,
2022-05-04,24.0,15.2,31.8,,,,12.7,,1010.6,
2022-05-05,26.4,19.9,31.9,,,,15.7,,1012.1,
2022-05-06,26.6,22.8,30.7,,,,15.7,,1012.6,
2022-05-07,25.6,19.1,32.2,,,,17.4,,1011.1,
2022-05-08,24.7,13.4,32.5,,,,11.9,,1011.0,
2022-05-09,26.6,19.1,33.0,,,,16.8,,1010.7,
2022-05-10,27.6,20.8,33.6,,,,15.4,,1009.7,
2022-05-11,26.4,18.6,32.5,,,,14.8,,1010.5,
2022-05-12,26.3,19.7,32.6,,,,14.8,,1011.9,
2022-05-13,26.1,21.1,31.5,,,,17.1,,1012.2,
2022-05-14,25.8,21.1,30.9,,,,22.1,,1012.0,
2022-05-15,26.0,21.6,31.4,,,,22.4,,1013.8,
2022-05-16,26.1,21.4,30.7,,,,16.4,,1014.6,
2022-05-17,26.8,21.7,31.7,,,,13.7,,1013.4,
2022-05-18,26.6,20.6,32.7,,,,19.4,,1011.8,
2022-05-19,27.2,20.8,33.0,,,,18.1,,1012.7,
2022-05-20,27.6,20.3,33.4,,,,13.3,,1013.4,
2022-05-21,27.4,20.1,33.1,,,,11.9,,1011.8,
2022-05-22,27.4,22.0,32.7,,,,16.1,,1010.7,
2022-05-23,25.7,21.2,29.7,,,,13.4,,1011.0,
2022-05-24,26.9,21.1,32.3,,,,13.9,,1010.7,
2022-05-25,27.7,21.7,33.2,,,,12.8,,1011.4,
2022-05-26,28.9,23.5,33.8,,,,14.6,,1012.0,
2022-05-27,30.2,24.1,35.7,,,,13.8,,1011.1,
2022-05-28,30.8,25.0,35.9,,,,16.0,,1008.2,
2022-05-29,30.7,25.0,35.9,,,,15.4,,1005.7,
2022-05-30,30.6,24.9,35.7,,,,15.6,,1005.7,
2022-05-31,30.3,25.0,35.2,,,,15.9,,1006.7,
2022-06-01,30.3,24.8,35.2,,,,16.3,,1007.1,
2022-06-14,28.5,25.3,33.1,,,,16.5,,1010.5,
2022-06-15,27.4,24.3,33.0,,,,15.7,,1010.4,
2022-06-16,27.9,23.6,32.5,,,,13.7,,1010.1,
2022-06-17,26.4,21.5,32.8,,,,13.0,,1011.4,
2022-06-18,27.4,20.5,34.2,,,,12.4,,1011.4,
2022-06-19,27.7,21.8,33.9,,,,12.4,,1010.6,
2022-06-20,28.6,23.4,33.5,,,,11.0,,1010.5,
2022-06-21,28.4,22.3,35.2,,,,10.9,,1009.7,
2022-06-22,29.9,21.6,36.5,,,,11.3,,1008.9,
2022-06-23,31.7,24.2,37.3,,,,10.0,,1008.7,
2022-06-24,31.9,25.6,37.8,,,,13.8,,1007.1,
2022-06-25,31.0,25.7,37.3,,,,18.4,,1006.5,
2022-06-26,30.8,23.0,36.7,,,,15.3,,1007.9,
2022-06-27,30.6,25.3,35.5,,,,12.5,,1009.6,
2022-06-28,31.4,25.6,36.8,,,,13.4,,1009.4,
2022-06-29,32.0,26.9,37.3,,,,20.3,,1008.9,
2022-06-30,30.8,25.9,36.4,,,,21.0,,1009.2,
2022-07-01,30.4,23.4,36.8,,,,23.1,,1010.7,
2022-07-02,30.8,24.2,36.8,,,,20.5,,1012.5,
2022-07-03,31.8,25.8,37.7,,,,24.8,,1012.2,
2022-07-04,31.4,24.4,37.6,,,,18.4,,1009.9,
2022-07-05,31.4,27.4,36.5,,,,23.7,,1009.8,
2022-07-06,30.6,23.5,36.7,,,,16.2,,1010.9,
2022-07-07,30.3,23.7,36.1,,,,19.6,,1012.0,
2022-07-08,30.4,24.2,36.6,,,,22.2,,1011.9,
2022-07-09,30.9,24.6,36.9,,,,19.5,,1010.7,
2022-07-10,30.6,23.3,35.9,,,,11.4,,1008.2,
2022-07-11,31.2,26.1,36.6,,,,16.6,,1006.8,
2022-07-12,31.8,26.0,36.7,,,,15.4,,1009.5,
2022-07-13,31.4,27.3,35.6,,,,13.2,,1009.6,
2022-07-14,30.4,26.8,35.4,,,,20.4,,1008.3,
2022-07-15,30.3,25.1,35.7,,,,18.2,,1007.4,
2022-07-16,30.7,25.8,35.4,,,,17.5,,1008.0,
2022-07-17,28.0,25.1,33.1,,,,13.8,,1010.3,
2022-07-18,27.2,23.9,33.0,,,,15.5,,1009.2,
2022-07-19,26.7,20.8,32.4,,,,14.6,,1008.6,
2022-07-20,26.6,19.7,32.4,,,,14.4,,1010.3,
2022-07-21,28.3,23.2,33.0,,,,11.8,,1010.7,
2022-07-22,29.6,24.3,34.6,,,,12.2,,1010.1,
2022-07-23,30.1,25.1,34.7,,,,12.6,,1010.1,
2022-07-24,29.9,23.9,35.2,,,,11.4,,1010.5,
2022-07-25,30.9,25.5,35.5,,,,13.7,,1008.8,
2022-07-26,30.8,26.2,35.9,,,,18.1,,1007.2,
2022-07-27,30.4,25.1,35.7,,,,17.0,,1006.6,
2022-07-28,31.2,25.6,36.5,,,,17.9,,1007.0,
2022-07-29,30.4,25.9,34.8,,,,15.0,,1009.0,
2022-07-30,30.4,24.5,36.0,,,,16.7,,1009.5,
2022-07-31,30.5,22.6,36.1,,,,12.6,,1008.2,
2022-08-01,31.0,25.6,35.7,,,,18.1,,1007.8,
2022-08-02,28.2,24.3,33.8,,,,14.9,,1009.3,
2022-08-03,28.5,22.0,34.7,,,,11.7,,1009.0,
2022-08-04,30.0,22.4,35.8,,,,14.2,,1008.7,
2022-08-05,29.7,24.7,34.9,,,,11.5,,1009.7,
2022-08-06,30.8,25.8,35.8,,,,11.0,,1008.8,
2022-08-07,31.9,27.8,36.5,,,,20.5,,1006.6,
2022-08-08,31.7,28.4,36.1,,,,23.0,,1006.9,
2022-08-09,30.2,25.6,34.7,,,,14.0,,1008.8,
2022-08-10,29.1,25.0,34.6,,,,11.8,,1008.7,
2022-08-11,29.4,24.6,35.2,,,,13.8,,1008.1,
2022-08-12,30.1,25.3,34.9,,,,14.4,,1009.0,
2022-08-13,30.5,24.9,35.8,,,,13.7,,1009.2,
2022-08-14,30.8,25.1,36.3,,,,17.2,,1008.0,
2022-08-15,30.4,25.0,36.8,,,,21.6,,1007.7,
2022-08-16,29.2,24.2,34.1,,,,18.3,,1010.0,
2022-08-17,29.5,23.7,34.8,,,,16.1,,1010.3,
2022-08-18,29.7,23.3,35.2,,,,18.8,,1009.5,
2022-08-19,30.7,25.7,36.5,,,,22.3,,1009.0,
2022-08-20,30.6,25.4,35.7,,,,23.1,,1010.7,
2022-08-21,29.9,22.8,36.0,,,,14.9,,1010.4,
2022-08-22,31.1,24.7,36.7,,,,14.8,,1006.7,
2022-08-23,31.2,26.2,36.0,,,,15.7,,1006.9,
2022-08-24,27.5,24.1,33.0,,,,15.4,,1010.7,
2022-08-25,28.1,23.0,33.4,,,,17.8,,1010.6,
2022-08-26,30.8,25.8,35.2,,,,20.5,,1007.5,
2022-08-27,29.2,25.3,34.0,,,,16.8,,1007.4,
2022-08-28,26.5,20.7,31.8,,,,13.5,,1010.4,
2022-08-29,27.6,22.0,33.5,,,,15.4,,1011.8,
2022-08-30,28.9,23.8,35.1,,,,23.8,,1012.4,
2022-08-31,29.1,23.8,34.8,,,,21.7,,1011.7,
2022-09-01,29.5,23.4,36.0,,,,16.9,,1010.6,
2022-09-02,28.6,24.1,34.0,,,,15.7,,1011.4,
2022-09-03,29.4,23.7,35.0,,,,15.4,,1012.9,
2022-09-04,29.8,24.5,35.4,,,,19.0,,1013.3,
2022-09-05,29.2,24.2,34.8,,,,22.7,,1013.6,
2022-09-06,28.9,24.5,34.3,,,,24.1,,1013.5,
2022-09-07,28.9,23.9,34.5,,,,21.8,,1012.0,
2022-09-08,28.9,24.4,34.0,,,,25.1,,1011.7,
2022-09-09,28.2,23.8,33.5,,,,20.0,,1012.4,
2022-09-10,28.1,21.4,33.6,,,,13.7,,1013.0,
2022-09-11,28.1,21.7,34.2,,,,11.5,,1011.9,
2022-09-12,28.1,22.5,33.9,,,,13.4,,1011.1,
2022-09-13,28.6,23.1,33.8,,,,15.4,,1010.9,
2022-09-14,29.0,23.7,34.4,,,,17.1,,1011.1,
2022-09-15,28.5,22.5,34.2,,,,10.7,,1011.3,
2022-09-16,28.6,21.6,34.7,,,,9.2,,1009.5,
2022-09-17,29.2,23.3,34.3,,,,9.7,,1007.8,
2022-09-18,29.2,24.1,34.3,,,,9.5,,1008.5,
2022-09-19,28.6,23.3,33.9,,,,11.8,,1010.1,
2022-09-20,29.0,23.8,33.7,,,,18.1,,1011.5,
2022-09-21,28.3,21.4,35.0,,,,15.8,,1012.2,
2022-09-22,27.6,19.8,34.7,,,,10.0,,1011.5,
2022-09-23,29.1,21.2,36.2,,,,9.3,,1010.4,
2022-09-24,29.2,24.4,33.9,,,,15.0,,1010.6,
2022-09-25,28.3,23.7,33.0,,,,10.9,,1010.5,
2022-09-26,28.7,23.1,34.2,,,,10.5,,1011.4,
2022-09-27,29.4,23.4,34.6,,,,10.9,,1011.8,
2022-09-28,28.6,21.8,33.9,,,,10.0,,1010.4,
2022-09-29,28.8,22.7,34.3,,,,11.0,,1008.2,
2022-09-30,28.8,22.8,34.3,,,,12.4,,1007.5,
2022-10-01,28.3,22.4,33.6,,,,14.5,,1012.0,
2022-10-02,29.2,22.8,35.2,,,,17.1,,1014.3,
2022-10-03,28.8,25.1,33.4,,,,26.8,,1013.5,
2022-10-04,28.0,21.3,33.4,,,,18.6,,1012.0,
2022-10-05,27.7,23.3,32.0,,,,16.2,,1013.1,
2022-10-06,26.0,20.7,30.9,,,,16.4,,1014.7,
2022-10-07,25.2,20.6,30.3,,,,15.1,,1014.8,
2022-10-08,25.3,19.4,31.0,,,,13.5,,1014.9,
2022-10-09,25.0,19.5,30.7,,,,12.1,,1015.7,
2022-10-10,24.4,18.4,30.9,,,,12.7,,1016.3,
2022-10-11,24.1,17.2,31.0,,,,12.1,,1015.8,
2022-10-12,24.2,17.5,31.1,,,,11.4,,1014.9,
2022-10-13,24.4,17.7,31.4,,,,11.5,,1015.3,
2022-10-14,24.7,18.2,31.9,,,,15.1,,1015.8,
2022-10-15,24.9,18.1,31.1,,,,19.4,,1015.2,
2022-10-16,24.3,19.1,30.1,,,,15.5,,1015.5,
2022-10-17,23.8,18.1,29.9,,,,14.4,,1017.8,
2022-10-18,23.5,18.3,29.3,,,,13.9,,1018.5,
2022-10-19,22.2,16.2,28.3,,,,13.2,,1016.6,
2022-10-20,20.8,14.4,26.9,,,,12.1,,1015.2,
2022-10-21,20.5,13.5,27.0,,,,11.5,,1016.1,
2022-10-22,20.2,14.9,26.6,,,,16.1,,1018.2,
2022-10-23,19.8,14.8,26.6,,,,17.8,,1019.9,
2022-10-24,20.5,16.0,27.1,,,,16.0,,1019.4,
2022-10-25,20.1,14.0,26.8,,,,12.4,,1018.1,
2022-10-26,20.7,15.7,26.4,,,,21.8,,1018.3,
2022-10-27,21.1,15.2,27.7,,,,21.8,,1019.5,
2022-10-28,20.9,15.9,27.6,,,,20.2,,1019.3,
2022-10-29,20.9,15.4,27.2,,,,18.1,,1018.4,
2022-10-30,20.1,14.3,26.6,,,,11.8,,1017.5,
2022-10-31,19.0,12.9,25.2,,,,10.8,,1018.3,
2022-11-01,18.5,11.9,24.7,,,,10.1,,1019.4,
2022-11-02,18.9,13.9,24.5,,,,13.0,,1019.2,
2022-11-03,18.1,12.9,24.2,,,,12.0,,1018.4,
2022-11-04,17.8,11.4,24.3,,,,9.6,,1017.8,
2022-11-05,17.7,9.9,24.8,,,,7.5,,1017.6,
2022-11-06,18.1,11.0,25.3,,,,7.4,,1017.7,
2022-11-07,18.2,11.0,25.5,,,,8.2,,1018.5,
2022-11-08,18.1,9.8,25.8,,,,7.9,,1018.5,
2022-11-09,17.6,9.5,25.2,,,,7.7,,1017.4,
2022-11-10,17.4,9.7,24.3,,,,8.0,,1015.9,
2022-11-11,17.6,12.0,24.1,,,,11.7,,1017.1,
2022-11-12,18.0,12.0,23.9,,,,12.4,,1018.6,
2022-11-13,17.8,11.3,24.0,,,,8.6,,1019.6,
2022-11-14,17.4,9.9,24.3,,,,8.2,,1020.2,
2022-11-15,16.2,11.5,21.5,,,,8.7,,1020.1,
2022-11-16,15.7,9.9,21.7,,,,8.2,,1018.9,
2022-11-17,15.7,7.4,23.6,,,,7.9,,1018.0,
2022-11-18,15.8,7.2,23.9,,,,8.7,,1017.9,
2022-11-19,16.0,9.2,22.6,,,,7.0,,1017.6,
2022-11-20,17.7,10.5,24.5,,,,8.9,,1018.0,
2022-11-21,17.9,10.9,24.4,,,,9.3,,1018.6,
2022-11-22,16.9,10.5,23.9,,,,9.2,,1019.0,
2022-11-23,16.7,8.9,24.8,,,,6.5,,1018.8,
2022-11-24,17.3,9.9,25.0,,,,7.3,,1018.7,
2022-11-25,17.6,11.4,24.7,,,,9.7,,1018.5,
2022-11-26,17.5,10.4,25.0,,,,8.4,,1017.8,
2022-11-27,17.0,9.8,23.7,,,,8.5,,1015.1,
2022-11-28,16.3,11.5,21.7,,,,10.4,,1013.8,
2022-11-29,15.1,8.0,22.0,,,,8.5,,1014.0,
2022-11-30,14.9,6.5,22.8,,,,7.8,,1013.9,
2022-12-01,14.9,9.2,20.7,,,,13.3,,1014.1,
2022-12-02,16.7,12.7,21.5,,,,12.7,,1013.4,
2022-12-03,17.7,12.2,23.7,,,,13.1,,1013.3,
2022-12-04,19.0,13.9,25.6,,,,12.6,,1016.3,
2022-12-05,19.6,14.0,26.6,,,,14.8,,1019.2,
2022-12-06,19.9,14.9,26.2,,,,15.7,,1019.1,
2022-12-07,18.5,11.3,25.7,,,,9.0,,1018.2,
2022-12-08,17.7,9.4,25.8,,,,7.4,,1018.9,
2022-12-09,17.8,10.3,25.6,,,,11.9,,1020.4,
2022-12-10,18.0,12.1,25.1,,,,10.6,,1019.8,
2022-12-11,17.3,8.8,25.8,,,,8.2,,1018.5,
2022-12-12,17.7,9.1,26.3,,,,7.9,,1017.8,
2022-12-13,17.9,9.3,26.2,,,,7.0,,1018.3,
2022-12-14,17.2,8.9,25.7,,,,7.0,,1017.7,
2022-12-15,16.9,9.2,25.1,,,,6.4,,1016.6,
2022-12-16,16.9,9.3,24.9,,,,7.8,,1016.4,
2022-12-17,16.4,8.4,24.8,,,,7.6,,1017.3,
2022-12-18,16.1,7.4,24.2,,,,6.8,,1019.1,
2022-12-19,15.3,7.3,22.7,,,,8.3,,1019.1,
2022-12-20,15.0,10.8,20.1,,,,16.4,,1019.9,
2022-12-21,12.1,6.1,17.7,,,,15.0,,1021.7,
2022-12-22,11.5,4.3,18.8,,,,9.0,,1022.2,
2022-12-23,12.3,5.3,19.8,,,,10.3,,1022.4,
2022-12-24,13.0,7.9,19.8,,,,13.7,,1023.1,
2022-12-25,13.4,7.8,20.5,,,,18.2,,1023.9,
2022-12-26,14.3,10.0,20.6,,,,23.3,,1023.9,
2022-12-27,14.8,10.6,20.8,,,,20.0,,1023.9,
2022-12-28,14.7,9.6,21.4,,,,11.9,,1023.5,
2022-12-29,13.9,7.7,21.0,,,,9.2,,1023.3,
2022-12-30,13.3,4.7,21.8,,,,8.0,,1022.7,
2022-12-31,13.5,8.2,20.5,,,,19.1,,1023.5,
2023-01-01,13.8,9.0,20.2,,,,23.6,,1023.6,
2023-01-02,12.5,6.6,19.5,,,,18.8,,1023.0,
2023-01-03,13.0,8.4,19.4,,,,19.4,,1023.2,
2023-01-04,13.5,8.6,19.7,,,,15.9,,1023.0,
2023-01-05,12.8,7.7,18.9,,,,12.3,,1021.7,
2023-01-06,12.4,6.5,18.9,,,,7.6,,1021.4,
2023-01-07,12.2,3.6,20.4,,,,8.9,,1021.3,
2023-01-08,13.2,6.4,20.6,,,,9.0,,1021.9,
2023-01-09,12.8,7.2,20.0,,,,10.4,,1023.9,
2023-01-10,12.6,6.2,20.3,,,,9.6,,1025.1,
2023-01-11,13.4,6.6,20.6,,,,10.9,,1023.4,
2023-01-12,13.4,6.8,20.1,,,,10.0,,1021.5,
2023-01-13,13.5,6.4,20.6,,,,8.6,,1020.6,
2023-01-14,13.6,6.0,20.8,,,,8.5,,1019.9,
2023-01-15,13.9,8.0,20.5,,,,10.2,,1020.9,
2023-01-16,11.5,4.7,18.7,,,,10.6,,1020.7,
2023-01-17,12.0,2.9,20.3,,,,8.2,,1019.8,
2023-01-18,11.9,3.3,20.2,,,,8.5,,1018.2,
2023-01-19,12.3,4.9,19.9,,,,11.0,,1017.6,
2023-01-20,13.4,6.8,20.7,,,,10.4,,1017.9,
2023-01-21,12.6,3.7,20.7,,,,8.3,,1016.8,
2023-01-22,13.8,5.1,21.7,,,,10.6,,1014.9,
2023-01-23,14.0,4.7,22.4,,,,11.7,,1014.4,
2023-01-24,14.7,6.6,22.8,,,,12.3,,1014.4,
2023-01-25,14.6,7.8,22.6,,,,15.7,,1013.7,
2023-01-26,13.1,6.8,19.7,,,,21.1,,1012.9,
2023-01-27,10.6,3.4,18.1,,,,14.4,,1013.1,
2023-01-28,8.6,0.0,16.7,,,,12.6,,1011.8,
2023-01-29,9.0,-1.5,18.0,,,,10.5,,1013.6,
2023-01-30,10.9,1.9,19.8,,,,9.7,,1016.0,
2023-01-31,12.9,6.2,20.5,,,,12.4,,1018.2,
2023-02-01,14.1,9.4,20.3,,,,21.1,,1019.3,
2023-02-02,14.8,10.3,20.1,,,,20.5,,1017.8,
2023-02-03,13.3,7.2,20.2,,,,13.7,,1017.3,
2023-02-04,12.9,3.9,21.3,,,,11.4,,1017.1,
2023-02-05,16.0,8.7,23.9,,,,9.7,,1017.9,
2023-02-06,17.5,12.6,23.7,,,,16.0,,1017.7,
2023-02-07,17.8,13.0,23.4,,,,13.1,,1016.4,
2023-02-08,17.9,11.2,24.6,,,,11.3,,1016.4,
2023-02-09,17.9,9.9,25.3,,,,9.8,,1017.4,
2023-02-10,18.5,10.7,25.7,,,,8.3,,1018.1,
2023-02-11,18.6,14.0,23.1,,,,13.4,,1019.3,
2023-02-12,18.3,12.6,23.5,,,,12.1,,1019.3,
2023-02-13,16.5,9.8,21.8,,,,10.9,,1019.9,
2023-02-14,15.1,11.0,19.7,,,,17.8,,1021.2,
2023-02-15,14.4,10.2,19.6,,,,23.2,,1022.0,
2023-02-16,14.8,10.2,19.8,,,,23.9,,1021.6,
2023-02-17,15.8,12.4,20.5,,,,23.5,,1021.1,
2023-02-18,17.1,11.3,23.9,,,,19.1,,1021.0,
2023-02-19,17.4,12.4,24.1,,,,16.8,,1019.8,
2023-02-20,17.8,11.7,24.4,,,,12.7,,1019.5,
2023-02-21,17.4,10.9,24.1,,,,9.9,,1018.4,
2023-02-22,16.7,7.2,24.3,,,,7.9,,1017.0,
2023-02-23,16.9,8.0,24.5,,,,9.6,,1015.3,
2023-02-24,17.9,8.3,25.8,,,,10.0,,1013.9,
2023-02-25,19.7,12.9,25.4,,,,18.6,,1011.4,
2023-02-26,17.8,12.1,23.2,,,,19.7,,1011.1,
2023-02-27,15.8,7.9,22.9,,,,19.3,,1012.9,
2023-02-28,15.7,7.3,23.2,,,,13.7,,1015.2,
2023-03-01,16.0,7.6,24.0,,,,15.4,,1014.8,
2023-03-02,17.5,9.1,25.4,,,,12.0,,1014.2,
2023-03-03,17.9,8.8,26.0,,,,13.7,,1012.9,
2023-03-04,18.8,9.0,27.2,,,,12.1,,1013.5,
2023-03-05,19.4,9.9,27.6,,,,10.2,,1013.6,
2023-03-06,19.7,11.1,27.8,,,,10.3,,1012.8,
2023-03-07,21.0,11.9,28.9,,,,11.0,,1012.3,
2023-03-08,22.0,14.3,29.6,,,,15.9,,1011.9,
2023-03-09,23.4,17.7,29.9,,,,18.6,,1013.1,
2023-03-10,23.5,16.3,30.5,,,,13.3,,1013.6,
2023-03-11,23.9,17.5,30.8,,,,15.4,,1014.1,
2023-03-12,23.4,15.6,30.5,,,,11.6,,1013.8,
2023-03-13,22.3,15.1,29.7,,,,10.9,,1013.4,
2023-03-14,21.8,15.5,28.5,,,,13.6,,1012.0,
2023-03-15,21.5,12.6,29.0,,,,11.8,,1010.3,
2023-03-16,23.0,16.2,29.3,,,,13.5,,1008.9,
2023-03-17,23.0,16.2,29.2,,,,15.8,,1009.2,
2023-03-18,22.1,12.4,28.7,,,,17.7,,1008.2,
2023-03-19,22.9,18.3,27.8,,,,22.8,,1007.0,
2023-03-20,19.9,14.9,24.6,,,,24.0,,1006.9,
2023-03-21,16.5,9.3,22.5,,,,22.5,,1009.4,
2023-03-22,18.2,9.8,25.5,,,,11.1,,1011.8,
2023-03-23,20.1,12.4,26.7,,,,9.9,,1012.0,
2023-03-24,21.1,14.7,26.8,,,,12.5,,1013.4,
2023-03-25,21.6,16.7,27.1,,,,17.4,,1015.5,
2023-03-26,20.9,14.6,27.0,,,,14.3,,1017.0,
2023-03-27,19.9,12.1,26.7,,,,11.8,,1015.5,
2023-03-28,20.4,11.2,27.8,,,,9.3,,1014.7,
2023-03-29,21.2,13.1,28.3,,,,11.2,,1016.4,
2023-03-30,21.1,15.2,27.5,,,,16.4,,1017.8,
2023-03-31,20.9,15.2,26.8,,,,16.2,,1017.9,
2023-04-01,20.5,13.2,27.6,,,,11.0,,1016.9,
2023-04-02,20.3,11.0,27.7,,,,11.0,,1014.2,
2023-04-03,21.4,12.2,28.4,,,,11.5,,1010.8,
2023-04-04,21.8,14.3,28.5,,,,11.9,,1009.0,
2023-04-05,22.5,15.3,28.8,,,,17.9,,1009.2,
2023-04-06,23.9,17.7,29.5,,,,15.1,,1008.4,
2023-04-07,22.1,17.3,26.6,,,,18.7,,1007.9,
2023-04-08,19.3,11.9,25.9,,,,16.4,,1010.3,
2023-04-09,20.9,13.4,27.6,,,,11.5,,1011.8,
2023-04-10,22.5,16.0,28.5,,,,12.3,,1012.6,
2023-04-11,22.1,17.5,27.3,,,,15.6,,1013.2,
2023-04-12,22.3,18.4,27.0,,,,18.4,,1014.0,
2023-04-13,22.6,17.9,27.1,,,,16.0,,1012.3,
2023-04-14,23.2,15.0,29.3,,,,12.1,,1011.2,
2023-04-15,24.7,20.8,28.4,,,,20.5,,1010.3,
2023-04-16,25.2,20.6,30.2,,,,19.9,,1007.3,
2023-04-17,23.8,16.5,30.5,,,,14.4,,1005.4,
2023-04-18,23.3,15.5,30.2,,,,13.9,,1008.4,
2023-04-19,24.9,17.4,31.1,,,,14.6,,1010.7,
2023-04-20,24.6,17.6,30.4,,,,14.8,,1008.8,
2023-04-21,24.3,17.4,29.8,,,,21.7,,1004.9,
2023-04-22,23.5,15.5,30.0,,,,17.8,,1004.6,
2023-04-23,24.1,17.1,29.7,,,,10.6,,1006.1,
2023-04-24,24.3,16.7,30.7,,,,10.4,,1007.7,
2023-04-25,25.4,16.9,31.7,,,,12.0,,1008.0,
2023-04-26,26.1,18.4,32.1,,,,16.7,,1007.3,
2023-04-27,27.2,21.2,32.8,,,,22.5,,1008.0,
2023-04-28,28.3,24.3,32.6,,,,22.0,,1010.9,
2023-04-29,27.9,23.0,33.1,,,,13.5,,1011.9,
2023-04-30,27.6,20.7,33.6,,,,12.0,,1009.8,
2023-05-01,27.7,20.8,33.7,,,,13.2,,1008.0,
2023-05-02,27.7,19.4,34.5,,,,13.1,,1007.9,
2023-05-03,29.0,21.2,35.3,,,,13.6,,1009.7,
2023-05-04,28.6,21.4,35.4,,,,12.1,,1012.0,
2023-05-05,28.2,21.7,34.6,,,,17.8,,1012.3,
2023-05-06,28.4,22.3,34.0,,,,19.9,,1012.0,
2023-05-07,27.7,22.4,33.2,,,,17.0,,1012.1,
2023-05-08,28.1,21.5,33.9,,,,12.5,,1012.3,
2023-05-09,27.7,21.1,33.9,,,,17.4,,1010.1,
2023-05-10,25.9,18.7,32.6,,,,11.6,,1010.0,
2023-05-11,26.1,20.2,31.1,,,,17.8,,1010.3,
2023-05-12,26.4,23.6,29.5,,,,19.3,,1011.8,
2023-05-13,27.1,22.2,31.5,,,,18.0,,1012.4,
2023-05-14,28.1,22.7,33.4,,,,20.8,,1011.4,
2023-05-15,27.6,22.2,33.1,,,,23.1,,1010.6,
2023-05-16,25.0,17.5,32.0,,,,11.3,,1010.5,
2023-05-17,25.4,15.9,32.6,,,,11.2,,1010.0,
2023-05-18,27.7,20.6,33.2,,,,13.6,,1009.4,
2023-05-19,28.3,23.4,32.7,,,,21.7,,1008.7,
2023-05-20,26.3,20.3,32.8,,,,22.5,,1008.9,
2023-05-21,24.4,17.5,30.0,,,,17.0,,1009.4,
2023-05-22,26.1,19.6,32.2,,,,22.7,,1009.1,
2023-05-23,26.2,18.7,32.3,,,,23.2,,1009.0,
2023-05-24,27.5,21.8,32.6,,,,25.5,,1009.1,
2023-05-25,27.0,22.6,31.5,,,,25.4,,1010.0,
2023-05-26,27.0,19.5,33.3,,,,17.4,,1009.6,
2023-05-27,27.5,20.1,33.5,,,,12.4,,1010.5,
2023-05-28,27.9,21.6,33.3,,,,13.5,,1010.4,
2023-05-29,27.9,22.2,33.4,,,,19.6,,1009.3,
2023-05-30,26.4,19.3,32.5,,,,22.8,,1009.4,
2023-05-31,25.3,18.8,32.2,,,,19.1,,1008.8,
2023-06-01,25.8,17.8,32.7,,,,13.3,,1007.4,
2023-06-02,27.3,19.8,33.8,,,,14.4,,1006.1,
2023-06-03,27.6,20.1,34.4,,,,17.4,,1007.0,
2023-06-04,27.3,20.1,33.7,,,,19.3,,1008.6,
2023-06-05,27.5,18.5,34.6,,,,15.4,,1008.5,
2023-06-06,28.7,21.5,35.5,,,,14.9,,1007.2,
2023-06-07,29.9,22.9,35.8,,,,11.9,,1007.2,
2023-06-08,31.1,22.6,37.0,,,,11.1,,1007.0,
2023-06-09,31.7,24.6,37.6,,,,12.2,,1007.2,
2023-06-10,31.9,25.6,37.2,,,,12.7,,1007.6,
2023-06-11,29.9,26.4,35.7,,,,13.4,,1008.5,
2023-06-12,30.6,22.6,36.5,,,,13.4,,1009.0,
2023-06-13,31.2,26.7,35.9,,,,14.6,,1008.6,
2023-06-14,31.8,26.6,36.8,,,,12.9,,1008.8,
2023-06-15,32.0,26.4,37.1,,,,11.9,,1009.4,
2023-06-16,31.9,26.1,37.2,,,,14.2,,1009.3,
2023-06-17,31.7,26.8,36.3,,,,15.4,,1008.8,
2023-06-18,31.4,25.7,36.4,,,,13.7,,1008.5,
2023-06-19,30.7,24.6,35.9,,,,13.5,,1008.9,
2023-06-20,31.1,26.3,36.6,,,,12.8,,1008.7,
2023-06-21,31.3,26.2,36.2,,,,12.8,,1008.7,
2023-06-22,31.4,26.3,36.2,,,,15.8,,1009.2,
2023-06-23,29.8,23.1,36.0,,,,14.9,,1009.1,
2023-06-24,28.6,23.2,34.4,,,,21.5,,1008.9,
2023-06-25,27.6,22.6,32.9,,,,14.4,,1011.0,
2023-06-26,29.4,23.7,34.3,,,,12.7,,1010.2,
2023-06-27,30.7,25.8,35.3,,,,15.9,,1009.3,
2023-06-28,31.6,25.4,36.7,,,,16.8,,1009.0,
2023-06-29,31.1,26.1,35.3,,,,13.7,,1011.2,
2023-06-30,29.3,23.0,35.3,,,,14.5,,1011.8,
2023-07-01,32.9,27.1,37.9,,,,13.9,,1009.4,
2023-07-02,32.9,26.7,37.3,,,,15.6,,1009.5,
2023-07-03,33.0,27.6,37.2,,,,18.1,,1011.6,
2023-07-04,32.7,27.0,38.0,,,,20.6,,1011.2,
2023-07-05,33.0,27.2,38.1,,,,13.5,,1010.3,
2023-07-06,33.2,27.3,38.7,,,,12.9,,1008.9,
2023-07-07,32.8,28.1,37.5,,,,20.1,,1009.5,
2023-07-08,31.5,26.6,37.3,,,,22.8,,1011.6,
2023-07-09,30.2,25.0,35.9,,,,23.7,,1013.2,
2023-07-10,31.4,26.6,36.8,,,,29.2,,1013.6,
2023-07-11,32.2,27.0,37.5,,,,26.1,,1011.5,
2023-07-12,31.5,26.6,36.8,,,,23.3,,1010.5,
2023-07-13,30.2,22.9,35.8,,,,15.6,,1010.3,
2023-07-14,29.7,23.8,35.6,,,,15.0,,1010.7,
2023-07-15,29.7,23.5,35.4,,,,10.4,,1011.4,
2023-07-16,29.5,24.9,34.5,,,,12.5,,1010.5,
2023-07-17,30.9,24.8,36.0,,,,11.1,,1010.2,
2023-07-18,31.4,25.1,36.8,,,,16.4,,1010.1,
2023-07-19,32.3,27.0,37.6,,,,16.1,,1008.8,
2023-07-20,31.5,26.6,36.9,,,,17.4,,1008.5,
2023-07-21,30.5,24.5,36.6,,,,15.8,,1008.7,
2023-07-22,30.9,24.1,36.8,,,,11.8,,1011.1,
2023-07-23,32.1,25.7,37.3,,,,12.1,,1012.0,
2023-07-24,32.1,27.7,36.6,,,,20.0,,1010.8,
2023-07-25,31.8,25.3,38.0,,,,18.9,,1009.7,
2023-07-26,32.2,26.1,38.3,,,,19.9,,1009.5,
2023-07-27,32.1,25.6,38.5,,,,21.1,,1010.2,
2023-07-28,32.0,26.5,38.0,,,,24.8,,1010.8,
2023-07-29,31.6,23.8,38.2,,,,18.2,,1011.3,
2023-07-30,32.0,25.9,37.9,,,,22.3,,1011.5,
2023-07-31,33.0,25.5,39.0,,,,20.5,,1010.8,
2023-08-01,33.5,26.3,39.8,,,,13.4,,1008.0,
2023-08-02,31.6,25.6,37.2,,,,15.5,,1007.4,
2023-08-03,30.4,24.7,36.6,,,,16.6,,1007.7,
2023-08-04,32.1,25.9,37.8,,,,11.3,,1006.5,
2023-08-05,32.1,28.0,37.0,,,,13.3,,1008.6,
2023-08-06,32.1,26.6,37.3,,,,12.0,,1009.4,
2023-08-07,32.0,26.5,37.6,,,,10.7,,1009.5,
2023-08-08,32.2,26.3,37.6,,,,14.4,,1008.1,
2023-08-09,30.0,25.8,35.7,,,,14.2,,1009.8,
2023-08-10,30.4,26.7,34.9,,,,21.8,,1010.4,
2023-08-11,29.6,23.2,35.4,,,,16.2,,1011.7,
2023-08-12,28.6,23.9,34.2,,,,15.6,,1010.8,
2023-08-13,29.9,23.6,34.8,,,,13.2,,1009.4,
2023-08-14,30.2,26.3,34.4,,,,15.7,,1009.6,
2023-08-15,26.7,23.2,31.7,,,,15.4,,1012.7,
2023-08-16,25.3,21.3,32.2,,,,14.2,,1013.1,
2023-08-17,24.0,21.3,29.1,,,,17.8,,1012.6,
2023-08-18,25.4,21.3,32.4,,,,15.2,,1011.5,
2023-08-19,27.7,21.5,34.5,,,,17.7,,1010.2,
2023-08-20,29.7,24.9,35.0,,,,19.4,,1009.9,
2023-08-21,30.3,26.3,34.6,,,,17.4,,1010.4,
2023-08-22,30.1,25.8,34.3,,,,12.9,,1009.4,
2023-08-23,30.9,25.9,35.6,,,,14.0,,1008.3,
2023-08-24,31.9,27.5,36.4,,,,16.4,,1007.4,
2023-08-25,31.0,25.7,36.4,,,,17.1,,1007.4,
2023-08-26,30.6,25.3,35.7,,,,18.1,,1009.3,
2023-08-27,28.4,22.6,34.5,,,,13.7,,1011.1,
2023-08-28,28.9,24.7,34.5,,,,14.7,,1012.5,
2023-08-29,29.2,25.2,35.6,,,,13.9,,1010.8,
2023-08-30,30.0,24.2,35.9,,,,14.0,,1009.2,
2023-08-31,31.1,25.7,37.3,,,,12.3,,1009.1,
2023-09-01,30.5,26.8,36.4,,,,14.4,,1010.0,
2023-09-02,31.0,26.6,36.7,,,,19.1,,1008.5,
2023-09-03,30.2,25.3,35.3,,,,14.2,,1010.6,
2023-09-04,30.0,24.5,36.1,,,,13.7,,1010.4,
2023-09-05,30.1,26.1,35.7,,,,14.7,,1006.8,
2023-09-06,29.8,22.9,36.0,,,,12.4,,1009.0,
2023-09-07,29.7,24.7,36.2,,,,10.8,,1009.7,
2023-09-08,30.0,24.4,35.7,,,,11.5,,1009.7,
2023-09-09,30.5,23.9,35.8,,,,10.3,,1009.3,
2023-09-10,28.7,23.2,33.9,,,,11.7,,1010.7,
2023-09-11,29.1,23.3,34.3,,,,10.4,,1010.2,
2023-09-12,29.5,25.4,34.3,,,,17.0,,1010.0,
2023-09-13,28.2,22.7,34.1,,,,12.7,,1010.6,
2023-09-14,28.6,22.6,34.6,,,,10.4,,1010.2,
2023-09-15,28.9,23.1,34.6,,,,9.6,,1010.3,
2023-09-16,28.8,22.9,34.9,,,,9.3,,1010.6,
2023-09-17,29.0,23.2,35.1,,,,11.4,,1010.6,
2023-09-18,28.2,22.7,34.4,,,,12.7,,1010.9,
2023-09-19,27.7,22.2,34.0,,,,15.0,,1011.4,
2023-09-20,27.9,21.1,34.2,,,,10.5,,1012.3,
2023-09-21,28.6,20.5,35.1,,,,8.3,,1011.0,
2023-09-22,28.8,21.6,35.8,,,,9.2,,1009.8,
2023-09-23,28.8,20.6,35.2,,,,10.3,,1011.2,
2023-09-24,29.0,21.8,35.0,,,,16.1,,1012.7,
2023-09-25,29.1,23.1,34.5,,,,13.5,,1012.9,
2023-09-26,28.8,21.9,33.9,,,,12.3,,1010.8,
2023-09-27,29.0,23.9,34.2,,,,13.9,,1009.4,
2023-09-28,27.3,21.6,32.7,,,,10.6,,1008.7,
2023-09-29,26.7,21.4,31.7,,,,16.6,,1010.6,
2023-09-30,27.7,24.2,32.4,,,,18.8,,1011.8,
2023-10-01,26.7,22.0,31.8,,,,14.4,,1012.6,
2023-10-02,25.6,20.4,31.2,,,,11.1,,1012.6,
2023-10-03,25.6,20.0,30.6,,,,11.4,,1012.5,
2023-10-04,24.5,19.9,29.6,,,,17.4,,1013.9,
2023-10-05,23.0,19.4,28.4,,,,14.6,,1015.2,
2023-10-06,23.4,17.9,28.2,,,,10.2,,1015.2,
2023-10-07,24.0,19.7,28.7,,,,13.7,,1014.7,
2023-10-08,23.9,18.2,29.1,,,,11.4,,1015.3,
2023-10-09,23.9,18.7,29.0,,,,10.1,,1015.5,
2023-10-10,23.6,17.7,29.0,,,,9.0,,1015.3,
2023-10-11,23.7,17.5,28.9,,,,9.7,,1014.6,
2023-10-12,23.8,19.5,28.6,,,,11.7,,1014.9,
2023-10-13,24.5,21.0,29.0,,,,15.0,,1016.4,
2023-10-14,24.3,20.6,28.9,,,,15.3,,1016.3,
2023-10-15,24.0,20.1,28.4,,,,15.0,,1014.6,
2023-10-16,24.2,20.1,28.8,,,,17.4,,1013.2,
2023-10-17,24.9,19.5,29.5,,,,16.2,,1014.7,
2023-10-18,25.4,18.8,31.0,,,,9.3,,1015.1,
2023-10-19,24.8,17.1,30.6,,,,10.4,,1014.3,
2023-10-20,24.8,16.3,31.5,,,,10.4,,1012.8,
2023-10-21,24.9,16.9,31.7,,,,9.3,,1012.9,
2023-10-22,25.2,17.1,32.3,,,,7.1,,1014.0,
2023-10-23,26.1,19.6,31.9,,,,16.4,,1014.4,
2023-10-24,26.1,22.2,31.4,,,,20.1,,1014.9,
2023-10-25,25.2,18.1,31.6,,,,13.4,,1013.9,
2023-10-26,24.9,17.4,31.5,,,,7.4,,1013.5,
2023-10-27,24.5,17.2,30.9,,,,8.2,,1013.4,
2023-10-28,24.4,16.9,30.6,,,,7.9,,1012.4,
2023-10-29,24.7,18.0,30.7,,,,7.7,,1012.4,
2023-10-30,24.5,17.1,30.7,,,,7.2,,1013.0,
2023-10-31,24.2,16.9,30.7,,,,8.5,,1014.0,
2023-11-01,23.2,16.5,29.9,,,,13.3,,1015.8,
2023-11-02,23.0,18.4,29.4,,,,16.4,,1015.5,
2023-11-03,21.8,14.2,29.4,,,,8.2,,1013.8,
2023-11-04,22.2,13.3,30.0,,,,5.4,,1013.1,
2023-11-05,22.2,14.3,29.9,,,,9.1,,1014.5,
2023-11-06,22.5,16.9,29.2,,,,13.1,,1015.5,
2023-11-07,21.5,15.2,28.5,,,,13.6,,1014.8,
2023-11-08,21.4,15.7,28.1,,,,15.0,,1013.8,
2023-11-09,21.5,15.4,27.8,,,,15.6,,1013.6,
2023-11-10,21.7,13.9,29.0,,,,8.7,,1014.4,
2023-11-11,21.5,12.6,29.4,,,,7.8,,1015.8,
2023-11-12,21.5,13.9,28.7,,,,9.2,,1016.5,
2023-11-13,21.3,14.9,28.0,,,,10.0,,1018.2,
2023-11-14,20.4,15.7,26.6,,,,15.5,,1018.8,
2023-11-15,20.0,15.5,25.9,,,,13.8,,1018.6,
2023-11-16,19.2,12.5,25.8,,,,9.0,,1018.5,
2023-11-17,18.6,11.5,25.5,,,,8.5,,1018.5,
2023-11-18,18.5,11.4,25.7,,,,8.3,,1019.1,
2023-11-19,18.0,12.9,24.7,,,,13.6,,1019.1,
2023-11-20,18.1,13.7,24.3,,,,12.3,,1018.3,
2023-11-21,16.1,7.7,23.7,,,,10.9,,1016.5,
2023-11-22,16.2,8.7,23.3,,,,12.0,,1012.4,
2023-11-23,15.5,8.2,22.8,,,,14.7,,1011.2,
2023-11-24,13.4,6.7,19.9,,,,17.8,,1011.6,
2023-11-25,13.6,3.6,22.8,,,,6.7,,1013.7,
2023-11-26,15.6,8.5,23.5,,,,12.6,,1015.7,
2023-11-27,17.0,11.1,24.2,,,,10.7,,1016.7,
2023-11-28,16.3,8.0,24.9,,,,8.0,,1015.8,
2023-11-29,16.5,7.8,24.8,,,,8.3,,1015.2,
2023-11-30,17.4,8.7,26.2,,,,9.0,,1016.7,
2023-12-01,18.3,8.5,26.4,,,,9.6,,1017.5,
2023-12-02,18.1,9.5,25.9,,,,9.5,,1016.4,
2023-12-03,17.1,7.9,25.8,,,,7.9,,1015.7,
2023-12-04,17.6,10.3,25.9,,,,9.8,,1016.9,
2023-12-05,17.5,8.7,26.1,,,,8.4,,1017.8,
2023-12-06,17.3,8.7,25.3,,,,9.0,,1017.5,
2023-12-07,17.6,9.4,25.9,,,,9.6,,1017.6,
2023-12-08,17.2,9.2,25.3,,,,7.9,,1018.0,
2023-12-09,16.7,8.1,24.6,,,,12.9,,1015.9,
2023-12-10,15.6,9.1,22.9,,,,11.4,,1018.6,
2023-12-11,16.3,11.0,23.4,,,,19.8,,1021.7,
2023-12-12,16.7,11.6,23.7,,,,17.1,,1023.1,
2023-12-13,15.9,8.3,24.3,,,,10.0,,1020.5,
2023-12-14,15.3,6.4,23.8,,,,7.6,,1018.6,
2023-12-15,16.0,7.7,24.3,,,,8.6,,1018.2,
2023-12-16,15.1,9.4,21.7,,,,11.6,,1018.2,
2023-12-17,13.0,7.9,19.3,,,,12.5,,1018.2,
2023-12-18,10.7,4.4,17.2,,,,10.9,,1017.8,
2023-12-19,9.7,0.6,18.2,,,,10.2,,1018.9,
2023-12-20,10.2,1.7,18.1,,,,10.2,,1019.9,
2023-12-21,11.3,3.9,18.9,,,,8.5,,1020.7,
2023-12-22,12.0,3.9,20.6,,,,7.9,,1021.6,
2023-12-23,13.1,4.5,22.3,,,,7.5,,1022.2,
2023-12-24,14.0,4.9,22.8,,,,7.4,,1022.3,
2023-12-25,15.1,8.0,23.8,,,,7.7,,1021.4,
2023-12-26,14.8,5.5,24.0,,,,7.4,,1020.6,
2023-12-27,15.4,7.3,24.0,,,,7.2,,1020.1,
2023-12-28,15.7,7.9,24.0,,,,7.9,,1020.8,
2023-12-29,14.3,5.5,22.8,,,,8.0,,1018.8,
2023-12-30,14.9,8.1,22.8,,,,9.7,,1018.0,
2023-12-31,15.2,7.7,23.2,,,,8.3,,1018.3,
2024-01-01,15.5,7.6,24.0,,,,7.6,,1019.0,
2024-01-02,15.4,7.7,22.8,,,,8.7,,1019.8,
2024-01-03,15.9,7.3,24.1,,,,7.6,,1019.5,
2024-01-04,16.1,9.9,23.0,,,,7.8,,1019.8,
2024-01-05,15.3,6.2,23.8,,,,7.5,,1018.3,
2024-01-06,15.3,5.9,24.1,,,,9.4,,1018.2,
2024-01-07,15.4,7.2,23.3,,,,9.3,,1017.9,
2024-01-08,15.1,7.6,23.1,,,,11.8,,1017.2,
2024-01-09,15.6,8.4,23.8,,,,9.9,,1018.0,
2024-01-10,15.9,11.1,22.4,,,,11.0,,1019.6,
2024-01-11,14.7,8.8,21.6,,,,8.1,,1018.9,
2024-01-12,14.2,3.9,23.9,,,,7.6,,1019.0,
2024-01-13,16.0,7.5,24.9,,,,9.2,,1020.4,
2024-01-14,15.0,6.0,23.9,,,,8.6,,1022.0,
2024-01-15,14.5,5.6,23.8,,,,6.9,,1022.6,
2024-01-16,14.8,4.5,24.7,,,,6.9,,1022.3,
2024-01-17,15.9,7.4,25.2,,,,7.0,,1021.9,
2024-01-18,16.8,7.5,26.4,,,,7.4,,1020.8,
2024-01-19,17.3,8.9,26.4,,,,9.5,,1020.0,
2024-01-20,17.6,8.8,26.8,,,,7.2,,1020.2,
2024-01-21,17.7,9.2,26.0,,,,6.5,,1020.2,
2024-01-22,17.1,9.6,24.8,,,,8.3,,1020.0,
2024-01-23,15.5,11.1,21.1,,,,21.9,,1022.2,
2024-01-24,15.5,10.3,21.7,,,,20.4,,1025.8,
2024-01-25,15.0,9.7,21.1,,,,17.0,,1026.0,
2024-01-26,15.0,8.7,22.1,,,,18.7,,1025.3,
2024-01-27,16.2,11.3,23.0,,,,19.6,,1023.9,
2024-01-28,16.0,9.7,23.6,,,,17.3,,1022.7,
2024-01-29,15.5,9.4,22.5,,,,12.0,,1022.1,
2024-01-30,14.3,8.2,20.7,,,,16.1,,1022.5,
2024-01-31,14.2,9.5,20.2,,,,19.4,,1024.2,
2024-02-01,13.6,7.6,20.4,,,,14.7,,1024.9,
2024-02-02,12.3,3.9,20.0,,,,8.5,,1023.6,
2024-02-03,12.1,2.1,20.6,,,,7.9,,1022.4,
2024-02-04,12.5,5.6,19.6,,,,16.4,,1024.1,
2024-02-05,13.0,8.2,19.2,,,,22.5,,1027.0,
2024-02-06,13.6,8.8,20.1,,,,18.1,,1026.6,
2024-02-07,12.6,2.1,21.7,,,,8.9,,1023.8,
2024-02-08,14.3,5.0,23.3,,,,8.6,,1020.3,
2024-02-09,15.2,5.1,24.4,,,,7.6,,1018.3,
2024-02-10,15.6,5.8,24.1,,,,9.5,,1016.0,
2024-02-11,17.1,8.7,25.5,,,,11.5,,1014.9,
2024-02-12,18.9,9.7,28.0,,,,9.1,,1016.4,
2024-02-13,20.5,12.4,29.1,,,,9.6,,1018.2,
2024-02-14,20.3,12.5,27.8,,,,9.0,,1019.3,
2024-02-15,19.4,13.0,26.3,,,,11.3,,1020.0,
2024-02-16,17.9,9.4,25.9,,,,8.3,,1019.1,
2024-02-17,17.2,7.5,24.9,,,,10.2,,1017.4,
2024-02-18,16.8,8.1,23.7,,,,13.0,,1015.5,
2024-02-19,16.0,9.6,22.0,,,,14.1,,1015.1,
2024-02-20,17.1,12.2,23.4,,,,17.3,,1015.4,
2024-02-21,16.7,9.6,23.3,,,,10.4,,1014.8,
2024-02-22,15.9,8.8,22.4,,,,10.8,,1014.4,
2024-02-23,15.9,8.5,22.7,,,,12.3,,1014.7,
2024-02-24,17.4,9.6,24.5,,,,15.0,,1014.7,
2024-02-25,18.2,8.7,26.4,,,,10.8,,1016.1,
2024-02-26,18.7,8.5,27.2,,,,10.9,,1014.1,
2024-02-27,18.6,9.7,26.3,,,,16.1,,1011.0,
2024-02-28,16.5,9.4,22.9,,,,23.3,,1010.5,
2024-02-29,13.4,6.4,19.7,,,,17.8,,1014.1,
2024-03-01,15.0,5.2,24.0,,,,8.6,,1015.8,
2024-03-02,17.9,11.8,24.6,,,,14.7,,1015.6,
2024-03-03,18.4,7.8,27.0,,,,10.6,,1014.2,
2024-03-04,19.1,10.6,26.7,,,,12.6,,1013.2,
2024-03-05,18.2,8.8,26.3,,,,10.6,,1013.3,
2024-03-06,18.6,10.9,26.5,,,,13.1,,1012.7,
2024-03-07,18.4,9.2,26.7,,,,14.6,,1011.7,
2024-03-08,18.5,10.9,25.9,,,,17.0,,1010.8,
2024-03-09,18.0,9.8,25.3,,,,15.9,,1013.0,
2024-03-10,18.6,9.6,26.4,,,,12.8,,1013.4,
2024-03-11,21.1,12.3,28.7,,,,11.5,,1014.3,
2024-03-12,21.8,13.5,29.2,,,,11.6,,1013.1,
2024-03-13,21.7,14.0,28.8,,,,13.7,,1011.5,
2024-03-14,20.1,10.8,27.4,,,,17.7,,1010.3,
2024-03-15,19.3,11.1,25.9,,,,16.4,,1012.1,
2024-03-16,20.3,14.8,26.0,,,,15.8,,1015.3,
2024-03-17,20.3,14.2,26.9,,,,17.1,,1017.7,
2024-03-18,20.0,14.3,26.3,,,,17.0,,1017.1,
2024-03-19,19.6,13.3,26.2,,,,13.1,,1015.5,
2024-03-20,19.6,10.0,27.3,,,,7.5,,1014.0,
2024-03-21,20.7,13.4,27.9,,,,13.2,,1014.1,
2024-03-22,21.6,15.1,27.9,,,,13.8,,1013.2,
2024-03-23,22.0,13.9,29.2,,,,9.4,,1012.4,
2024-03-24,22.7,16.6,28.5,,,,12.8,,1013.0,
2024-03-25,23.1,18.2,27.7,,,,14.1,,1011.9,
2024-03-26,22.8,17.4,27.3,,,,17.1,,1010.4,
2024-03-27,21.4,17.2,26.0,,,,20.6,,1011.3,
2024-03-28,20.4,11.4,28.5,,,,10.8,,1013.2,
2024-03-29,21.3,12.1,29.2,,,,13.3,,1011.8,
2024-03-30,21.3,11.6,28.9,,,,14.8,,1011.3,
2024-03-31,23.1,13.5,30.5,,,,14.2,,1012.6,
2024-04-01,24.6,16.1,31.5,,,,19.5,,1012.8,
2024-04-02,25.2,15.9,32.1,,,,15.3,,1011.9,
2024-04-03,25.0,17.1,31.4,,,,12.7,,1008.5,
2024-04-04,24.4,16.9,30.4,,,,9.9,,1007.2,
2024-04-05,24.1,17.3,30.8,,,,15.4,,1007.7,
2024-04-06,25.1,19.5,30.9,,,,24.2,,1009.2,
2024-04-07,26.3,22.2,31.8,,,,27.4,,1011.0,
2024-04-08,26.2,22.2,31.5,,,,25.6,,1010.0,
2024-04-09,26.6,21.9,31.6,,,,20.4,,1008.3,
2024-04-10,26.6,21.0,32.3,,,,16.6,,1008.2,
2024-04-11,26.2,19.0,32.0,,,,14.3,,1009.4,
2024-04-12,22.8,16.2,28.3,,,,18.7,,1009.7,
2024-04-13,18.6,11.7,24.0,,,,17.8,,1010.6,
2024-04-14,17.9,10.3,24.5,,,,16.6,,1011.9,
2024-04-15,18.3,12.1,24.4,,,,20.5,,1013.8,
2024-04-16,19.9,11.4,27.4,,,,13.8,,1012.8,
2024-04-17,22.2,14.2,29.2,,,,9.7,,1011.4,
2024-04-18,23.5,16.0,30.2,,,,8.8,,1011.7,
2024-04-19,23.8,15.3,31.5,,,,8.8,,1010.8,
2024-04-20,24.7,14.9,32.2,,,,9.0,,1008.3,
2024-04-21,26.0,18.5,32.1,,,,13.3,,1004.9,
2024-04-22,25.5,18.9,30.5,,,,22.8,,1005.5,
2024-04-23,24.7,17.9,30.4,,,,20.7,,1009.1,
2024-04-24,24.5,17.9,30.4,,,,21.5,,1009.3,
2024-04-25,24.6,16.2,31.4,,,,11.1,,1008.5,
2024-04-26,26.2,16.4,33.2,,,,13.0,,1006.4,
2024-04-27,26.5,18.9,32.3,,,,19.0,,1006.3,
2024-04-28,27.0,20.5,32.6,,,,18.4,,1008.9,
2024-04-29,27.7,20.5,33.9,,,,15.3,,1009.8,
2024-04-30,27.1,23.0,30.3,,,,18.0,,1010.1,
2024-05-01,27.4,21.9,32.4,,,,14.4,,1009.4,
2024-05-02,28.9,22.7,34.0,,,,13.8,,1008.3,
2024-05-03,30.0,25.4,34.5,,,,17.4,,1009.2,
2024-05-04,29.1,24.2,33.8,,,,15.1,,1010.1,
2024-05-05,28.3,24.2,32.4,,,,14.2,,1009.4,
2024-05-06,28.8,23.8,32.9,,,,18.2,,1007.7,
2024-05-07,29.6,24.3,34.8,,,,15.4,,1007.5,
2024-05-08,29.7,21.8,36.0,,,,13.7,,1007.4,
2024-05-09,29.4,23.7,34.9,,,,12.8,,1006.7,
2024-05-10,27.8,19.2,34.0,,,,11.4,,1008.1,
2024-05-11,28.1,22.7,33.3,,,,15.4,,1008.7,
2024-05-12,28.1,21.5,33.3,,,,13.5,,1009.4,
2024-05-13,28.4,21.8,33.8,,,,12.1,,1009.2,
2024-05-14,28.2,22.0,34.2,,,,13.4,,1008.3,
2024-05-15,28.3,19.1,35.5,,,,14.2,,1009.1,
2024-05-16,29.8,24.2,34.6,,,,12.7,,1009.5,
2024-05-17,30.8,27.2,34.5,,,,14.4,,1011.2,
2024-05-18,31.3,26.9,35.6,,,,13.8,,1010.3,
2024-05-19,31.8,26.8,36.2,,,,13.4,,1008.9,
2024-05-20,31.2,26.0,35.4,,,,14.4,,1009.1,
2024-05-21,31.6,26.2,36.1,,,,14.4,,1010.0,
2024-05-22,31.8,26.2,36.8,,,,12.3,,1009.3,
2024-05-23,32.2,26.1,37.5,,,,11.3,,1008.2,
2024-05-24,32.0,23.9,38.0,,,,10.1,,1008.5,
2024-05-25,31.8,23.4,37.8,,,,10.0,,1008.7,
2024-05-26,32.1,24.4,37.8,,,,10.8,,1008.5,
2024-05-27,32.2,25.2,37.9,,,,15.1,,1008.3,
2024-05-28,32.0,26.2,36.7,,,,18.0,,1008.5,
2024-05-29,30.7,23.3,36.5,,,,18.7,,1006.9,
2024-05-30,29.8,20.8,36.0,,,,12.0,,1005.2,
2024-05-31,30.1,22.8,36.3,,,,13.7,,1005.4,
2024-06-01,29.9,22.2,35.2,,,,12.6,,1008.5,
2024-06-02,30.9,24.4,35.8,,,,12.3,,1009.4,
2024-06-03,31.1,24.3,35.8,,,,12.3,,1009.6,
2024-06-04,31.4,26.1,36.0,,,,11.8,,1009.2,
2024-06-05,31.3,26.2,36.3,,,,11.7,,1009.6,
2024-06-06,31.5,24.9,37.0,,,,11.8,,1010.2,
2024-06-07,32.6,28.3,37.0,,,,16.8,,1011.6,
2024-06-08,32.8,26.2,37.6,,,,13.5,,1010.5,
2024-06-09,32.7,27.4,37.1,,,,14.2,,1008.9,
2024-06-10,32.5,27.3,37.5,,,,16.1,,1009.3,
2024-06-11,32.1,25.4,38.1,,,,13.1,,1010.1,
2024-06-12,32.0,24.1,37.6,,,,9.1,,1010.7,
2024-06-13,32.6,25.9,38.2,,,,8.6,,1009.9,
2024-06-14,33.1,24.7,38.7,,,,17.4,,1009.0,
2024-06-15,32.8,26.1,39.0,,,,18.1,,1008.3,
2024-06-16,31.8,23.0,38.5,,,,9.7,,1008.6,
2024-06-17,33.2,26.1,39.3,,,,15.3,,1009.6,
2024-06-18,33.9,26.9,39.3,,,,15.0,,1009.9,
2024-06-19,33.6,26.0,38.9,,,,10.3,,1008.3,
2024-06-20,34.3,29.0,38.5,,,,10.5,,1007.3,
2024-06-21,33.1,26.3,37.3,,,,13.0,,1007.9,
2024-06-22,33.6,28.1,38.3,,,,11.4,,1006.6,
2024-06-23,33.8,28.0,39.0,,,,11.0,,1005.1,
2024-06-24,32.9,27.7,37.5,,,,12.0,,1005.7,
2024-06-25,33.0,27.2,38.0,,,,10.2,,1007.2,
2024-06-26,33.6,27.5,38.7,,,,11.7,,1007.2,
2024-06-27,34.7,29.9,39.1,,,,18.1,,1008.0,
2024-06-28,33.8,29.1,38.6,,,,23.6,,1009.5,
2024-06-29,33.4,28.1,39.4,,,,24.3,,1010.0,
2024-06-30,33.3,25.9,39.4,,,,15.2,,1009.2,
2024-07-01,33.7,28.8,38.1,,,,22.7,,1009.2,
2024-07-02,31.4,25.4,36.3,,,,20.7,,1008.3,
2024-07-03,30.7,24.5,36.4,,,,12.7,,1008.0,
2024-07-04,31.2,24.6,36.8,,,,10.0,,1009.5,
2024-07-05,33.1,26.3,38.2,,,,10.7,,1009.0,
2024-07-06,33.9,28.9,38.3,,,,13.3,,1006.7,
2024-07-07,32.4,26.9,38.1,,,,12.4,,1005.6,
2024-07-08,31.2,25.9,36.3,,,,12.7,,1007.0,
2024-07-09,32.2,27.1,38.1,,,,14.7,,1007.3,
2024-07-10,32.2,27.4,38.0,,,,27.2,,1010.1,
2024-07-11,32.8,26.3,38.2,,,,18.6,,1010.2,
2024-07-12,33.4,27.3,38.3,,,,11.6,,1007.0,
2024-07-13,31.5,27.6,34.9,,,,14.6,,1007.3,
2024-07-14,30.3,25.9,35.2,,,,10.6,,1009.5,
2024-07-15,28.9,23.9,34.0,,,,16.7,,1011.1,
2024-07-16,29.4,22.1,35.9,,,,12.0,,1011.4,
2024-07-17,33.5,26.7,39.8,,,,20.5,,1008.9,
2024-07-18,33.7,28.9,38.6,,,,26.0,,1010.1,
2024-07-19,33.2,27.5,39.0,,,,17.8,,1009.2,
2024-07-20,32.1,27.1,37.5,,,,13.9,,1006.8,
2024-07-21,30.1,25.5,34.5,,,,9.8,,1009.0,
2024-07-22,31.1,25.6,36.2,,,,10.6,,1010.0,
2024-07-23,32.5,26.7,37.6,,,,9.4,,1010.8,
2024-07-24,33.3,26.8,38.2,,,,9.7,,1009.5,
2024-07-25,31.7,26.6,37.1,,,,13.6,,1005.4,
2024-07-26,30.0,23.7,36.2,,,,13.1,,1004.4,
2024-07-27,31.3,23.9,37.6,,,,10.1,,1006.4,
2024-07-28,32.8,26.8,37.1,,,,10.0,,1007.2,
2024-07-29,31.4,25.8,35.6,,,,11.1,,1008.3,
2024-07-30,29.7,24.0,35.1,,,,11.5,,1006.2,
2024-07-31,30.4,26.8,35.1,,,,20.2,,1005.7,
2024-08-01,29.8,22.8,35.7,,,,16.1,,1008.0,
2024-08-02,30.4,25.9,34.9,,,,12.7,,1008.8,
2024-08-03,30.0,24.1,34.9,,,,9.7,,1007.5,
2024-08-04,31.4,25.2,37.0,,,,11.4,,1008.0,
2024-08-05,30.9,23.4,36.7,,,,10.1,,1006.9,
2024-08-06,33.2,27.8,38.1,,,,14.8,,1004.5,
2024-08-07,32.3,27.2,37.9,,,,20.2,,1004.6,
2024-08-08,31.8,25.9,37.2,,,,15.7,,1007.2,
2024-08-09,31.9,26.2,37.0,,,,11.1,,1008.2,
2024-08-10,31.8,25.8,37.2,,,,14.8,,1007.7,
2024-08-11,30.6,24.6,35.4,,,,14.6,,1008.1,
2024-08-12,30.9,25.3,35.4,,,,12.4,,1007.4,
2024-08-13,30.6,26.6,34.2,,,,13.3,,1006.7,
2024-08-14,28.0,24.9,30.9,,,,13.4,,1008.3,
2024-08-15,27.0,23.3,31.5,,,,14.1,,1008.7,
2024-08-16,27.1,22.2,32.0,,,,21.7,,1010.3,
2024-08-17,26.1,22.2,32.6,,,,21.1,,1011.7,
2024-08-18,25.7,22.4,32.0,,,,12.8,,1012.4,
2024-08-19,29.1,22.8,35.5,,,,13.2,,1009.1,
2024-08-20,31.4,25.4,37.6,,,,13.6,,1008.2,
2024-08-21,30.6,25.0,36.3,,,,9.5,,1009.1,
2024-08-22,31.8,26.5,37.0,,,,12.1,,1007.2,
2024-08-23,32.9,28.8,36.9,,,,18.2,,1006.4,
2024-08-24,31.3,26.7,36.1,,,,11.2,,1009.4,
2024-08-25,31.0,22.5,36.8,,,,14.5,,1008.9,
2024-08-26,31.8,28.8,36.3,,,,20.8,,1006.7,
2024-08-27,30.8,27.8,34.9,,,,18.4,,1006.9,
2024-08-28,28.2,24.2,33.4,,,,13.8,,1009.3,
2024-08-29,28.1,23.2,33.4,,,,11.7,,1010.5,
2024-08-30,28.9,24.3,34.0,,,,14.4,,1008.8,
2024-08-31,28.0,23.8,33.8,,,,16.8,,1010.0,
2024-09-01,26.5,22.8,32.8,,,,15.4,,1010.5,
2024-09-02,26.3,22.5,32.7,,,,15.2,,1010.5,
2024-09-03,26.7,20.8,32.6,,,,15.6,,1010.6,
2024-09-04,26.0,21.8,31.9,,,,26.7,,1010.2,
2024-09-05,25.0,21.9,29.9,,,,25.5,,1011.9,
2024-09-06,25.0,20.1,30.4,,,,15.2,,1012.5,
2024-09-07,26.4,21.9,32.4,,,,13.2,,1013.8,
2024-09-08,26.8,21.8,32.9,,,,13.7,,1013.8,
2024-09-09,28.6,22.5,34.3,,,,14.0,,1011.6,
2024-09-10,28.2,22.7,34.4,,,,13.0,,1009.1,
2024-09-11,28.0,22.9,33.7,,,,12.5,,1007.3,
2024-09-12,27.1,23.6,32.7,,,,12.4,,1009.8,
2024-09-13,26.0,22.2,31.3,,,,12.2,,1013.0,
2024-09-14,26.6,21.7,31.9,,,,11.3,,1012.8,
2024-09-15,26.8,21.2,32.3,,,,11.8,,1011.7,
2024-09-16,25.6,21.7,31.5,,,,10.7,,1011.1,
2024-09-17,26.4,21.2,32.0,,,,10.4,,1010.1,
2024-09-18,26.8,21.4,32.4,,,,9.2,,1010.4,
2024-09-19,27.5,22.4,32.6,,,,10.6,,1010.4,
2024-09-20,28.4,22.6,33.9,,,,12.2,,1010.5,
2024-09-21,29.3,24.0,35.0,,,,16.8,,1010.3,
2024-09-22,29.4,23.7,35.1,,,,12.7,,1011.1,
2024-09-23,28.8,22.9,34.1,,,,9.9,,1011.1,
2024-09-24,29.7,24.9,35.3,,,,13.2,,1010.9,
2024-09-25,29.9,23.7,35.6,,,,11.9,,1012.1,
2024-09-26,29.2,24.5,34.6,,,,11.6,,1012.8,
2024-09-27,29.0,23.5,34.5,,,,11.3,,1011.1,
2024-09-28,28.6,23.2,33.9,,,,11.0,,1010.5,
2024-09-29,27.9,23.3,33.3,,,,13.0,,1011.8,
2024-09-30,27.6,24.0,32.7,,,,17.7,,1011.7,
2024-10-01,26.8,23.0,31.7,,,,17.3,,1011.9,
2024-10-02,25.9,19.9,31.4,,,,11.4,,1011.2,
2024-10-03,26.0,19.3,32.0,,,,8.4,,1011.4,
2024-10-04,26.5,19.7,32.7,,,,7.8,,1012.3,
2024-10-05,26.3,19.0,32.8,,,,7.5,,1012.3,
2024-10-06,25.3,19.7,32.0,,,,8.0,,1012.5,
2024-10-07,26.2,20.2,31.7,,,,9.0,,1012.8,
2024-10-08,28.0,20.7,33.9,,,,9.6,,1013.6,
2024-10-09,29.0,23.5,34.2,,,,11.4,,1014.0,
2024-10-10,28.5,22.4,33.6,,,,10.1,,1013.2,
2024-10-11,27.6,21.4,33.5,,,,8.9,,1012.7,
2024-10-12,27.3,20.7,33.3,,,,10.2,,1012.5,
2024-10-13,27.3,21.8,32.7,,,,14.8,,1012.8,
2024-10-14,26.7,21.6,32.6,,,,14.8,,1014.0,
2024-10-15,26.3,18.9,32.7,,,,9.3,,1013.6,
2024-10-16,26.7,20.1,32.5,,,,8.6,,1014.1,
2024-10-17,27.3,21.7,32.5,,,,11.4,,1014.6,
2024-10-18,26.9,20.9,32.1,,,,9.0,,1013.9,
2024-10-19,25.6,18.7,31.1,,,,9.3,,1012.0,
2024-10-20,24.6,18.3,29.9,,,,12.1,,1011.6,
2024-10-21,24.7,19.4,30.2,,,,15.8,,1012.0,
2024-10-22,24.2,16.7,30.7,,,,12.3,,1012.5,
2024-10-23,24.5,16.6,31.1,,,,10.0,,1013.6,
2024-10-24,25.0,18.9,31.2,,,,8.9,,1015.0,
2024-10-25,23.8,16.8,29.9,,,,9.6,,1014.6,
2024-10-26,23.2,16.2,29.2,,,,10.6,,1014.1,
2024-10-27,22.8,17.0,28.8,,,,11.4,,1014.2,
2024-10-28,22.9,17.2,29.1,,,,13.3,,1015.0,
2024-10-29,22.2,15.6,29.0,,,,14.7,,1016.0,
2024-10-30,22.8,18.4,27.5,,,,21.1,,1017.0,
2024-10-31,22.7,16.4,28.0,,,,17.0,,1017.0,
2024-11-01,22.6,17.7,27.5,,,,17.9,,1016.7,
2024-11-02,22.0,17.3,26.5,,,,18.9,,1016.0,
2024-11-03,21.4,15.2,26.6,,,,13.2,,1018.3,
2024-11-04,21.7,13.8,27.5,,,,7.9,,1019.3,
2024-11-05,22.0,15.7,27.3,,,,13.6,,1017.9,
2024-11-06,20.1,14.9,24.9,,,,16.8,,1017.3,
2024-11-07,18.4,13.6,23.2,,,,14.8,,1019.1,
2024-11-08,18.0,10.7,24.3,,,,8.4,,1020.1,
2024-11-09,17.9,9.3,24.8,,,,7.5,,1019.8,
2024-11-10,17.6,10.9,23.5,,,,8.5,,1018.6,
2024-11-11,17.3,9.0,23.9,,,,6.3,,1017.4,
2024-11-12,17.0,8.7,24.0,,,,6.7,,1015.8,
2024-11-13,17.6,11.4,23.9,,,,9.0,,1016.6,
2024-11-14,18.1,9.2,25.1,,,,7.5,,1017.3,
2024-11-15,18.9,11.3,25.6,,,,7.8,,1017.6,
2024-11-16,18.3,10.9,24.9,,,,8.2,,1018.8,
2024-11-17,18.2,10.5,25.2,,,,7.6,,1018.8,
2024-11-18,18.7,13.1,24.7,,,,11.3,,1019.5,
2024-11-19,19.1,12.9,24.9,,,,12.1,,1020.2,
2024-11-20,19.0,11.3,25.9,,,,8.6,,1020.3,
2024-11-21,19.2,10.2,26.8,,,,7.1,,1017.6,
2024-11-22,18.7,10.9,25.8,,,,9.4,,1016.6,
2024-11-23,18.4,9.4,25.9,,,,9.1,,1018.0,
2024-11-24,18.7,14.1,24.4,,,,16.1,,1020.2,
2024-11-25,18.0,12.0,23.8,,,,12.0,,1020.6,
2024-11-26,16.5,8.8,23.1,,,,7.1,,1020.8,
2024-11-27,16.0,8.1,22.8,,,,6.9,,1021.2,
2024-11-28,15.4,7.6,22.3,,,,7.5,,1021.8,
2024-11-29,15.2,7.5,22.4,,,,6.9,,1022.3,
2024-11-30,15.1,7.3,22.8,,,,5.9,,1021.9,
2024-12-01,15.2,6.5,23.0,,,,7.1,,1020.2,
2024-12-02,15.0,7.2,22.7,,,,6.5,,1019.0,
2024-12-03,14.9,8.3,21.9,,,,6.5,,1018.9,
2024-12-04,14.9,7.1,22.6,,,,7.1,,1019.6,
2024-12-05,14.3,6.9,21.9,,,,8.6,,1019.0,
2024-12-06,13.9,5.0,20.9,,,,10.0,,1020.0,
2024-12-07,12.7,4.7,20.4,,,,7.7,,1021.9,
2024-12-08,12.7,4.3,21.9,,,,6.5,,1020.4,
2024-12-09,13.0,4.3,22.3,,,,7.5,,1017.8,
2024-12-10,13.8,5.9,21.8,,,,8.3,,1017.0,
2024-12-11,15.8,9.5,23.3,,,,10.2,,1016.8,
2024-12-12,17.2,10.6,24.1,,,,8.0,,1017.2,
2024-12-13,18.3,12.3,25.2,,,,7.8,,1017.9,
2024-12-14,18.4,11.8,26.0,,,,8.6,,1020.0,
2024-12-15,17.1,9.0,25.8,,,,7.6,,1020.0,
2024-12-16,16.8,9.8,24.0,,,,9.3,,1020.4,
2024-12-17,14.8,10.8,19.4,,,,16.3,,1022.7,
2024-12-18,12.5,6.4,19.4,,,,15.2,,1025.6,
2024-12-19,12.4,6.6,19.3,,,,14.8,,1025.6,
2024-12-20,11.6,2.3,20.0,,,,7.1,,1024.2,
2024-12-21,12.3,3.4,20.6,,,,6.9,,1021.9,
2024-12-22,14.0,6.3,21.8,,,,9.1,,1021.4,
2024-12-23,14.0,5.7,21.8,,,,7.9,,1020.0,
2024-12-24,14.6,5.4,23.2,,,,7.1,,1018.5,
2024-12-25,15.7,7.6,23.3,,,,7.7,,1018.3,
2024-12-26,15.1,8.0,21.5,,,,7.7,,1018.5,
2024-12-27,13.7,6.0,20.6,,,,8.6,,1019.3,
2024-12-28,12.7,3.8,20.8,,,,6.9,,1019.1,
2024-12-29,13.5,7.3,19.5,,,,15.2,,1019.3,
2024-12-30,14.9,10.5,20.2,,,,17.1,,1019.6,
2024-12-31,15.3,11.1,20.7,,,,17.8,,1018.5,
2025-01-01,14.9,9.1,21.0,,,,12.9,,1016.9,
2025-01-02,12.3,4.5,19.7,,,,10.9,,1015.8,
2025-01-03,10.9,1.8,19.7,,,,8.6,,1017.6,
2025-01-04,12.3,1.0,21.5,,,,10.4,,1019.9,
2025-01-05,13.8,9.3,19.7,,,,22.1,,1019.5,
2025-01-06,14.0,8.7,20.3,,,,12.6,,1018.5,
2025-01-07,12.7,3.3,20.9,,,,9.9,,1019.2,
2025-01-08,13.6,5.8,21.5,,,,8.3,,1020.7,
2025-01-09,13.6,7.0,21.0,,,,9.8,,1021.5,
2025-01-10,13.2,4.0,21.5,,,,8.4,,1022.1,
2025-01-11,14.2,7.2,21.9,,,,10.7,,1022.3,
2025-01-12,13.5,3.4,21.8,,,,7.9,,1019.6,
2025-01-13,13.7,6.5,20.4,,,,11.4,,1015.2,
2025-01-14,11.9,3.1,19.1,,,,11.0,,1013.7,
2025-01-15,11.8,8.2,15.6,,,,11.3,,1014.2,
2025-01-16,10.4,5.0,16.1,,,,13.7,,1015.8,
2025-01-17,11.0,0.3,20.0,,,,9.4,,1018.6,
2025-01-18,13.4,7.8,20.3,,,,10.1,,1017.3,
2025-01-19,12.8,4.8,20.5,,,,10.2,,1016.1,
2025-01-20,13.3,4.2,21.8,,,,9.1,,1017.4,
2025-01-21,15.9,8.5,23.7,,,,12.5,,1019.9,
2025-01-22,16.2,9.1,23.8,,,,14.1,,1020.2,
2025-01-23,16.2,8.6,24.2,,,,11.3,,1019.7,
2025-01-24,16.4,8.6,24.9,,,,11.2,,1019.8,
2025-01-25,15.9,6.0,25.3,,,,9.1,,1019.8,
2025-01-26,16.3,6.0,25.1,,,,8.8,,1020.1,
2025-01-27,16.9,8.7,24.8,,,,6.5,,1020.6,
2025-01-28,16.2,7.8,24.9,,,,7.6,,1020.5,
2025-01-29,15.4,6.0,23.8,,,,7.9,,1021.0,
2025-01-30,15.5,10.7,21.3,,,,18.1,,1020.3,
2025-01-31,14.6,9.8,20.0,,,,18.6,,1016.7,
2025-02-01,13.4,4.2,20.9,,,,8.8,,1016.3,
2025-02-02,13.7,8.1,19.7,,,,7.7,,1015.8,
2025-02-03,13.0,3.2,21.7,,,,8.5,,1016.7,
2025-02-04,13.9,4.4,21.0,,,,8.1,,1016.9,
2025-02-05,15.5,12.0,19.7,,,,9.0,,1016.8,
2025-02-06,17.2,12.5,22.3,,,,12.4,,1015.3,
2025-02-07,17.7,11.5,23.8,,,,11.7,,1014.6,
2025-02-08,18.0,10.0,24.7,,,,9.0,,1016.5,
2025-02-09,18.4,12.7,24.2,,,,13.5,,1017.1,
2025-02-10,17.7,11.8,23.5,,,,12.3,,1015.6,
2025-02-11,16.8,10.0,23.2,,,,13.1,,1016.0,
2025-02-12,15.6,8.9,22.0,,,,11.9,,1017.2,
2025-02-13,16.1,7.3,22.9,,,,9.9,,1016.8,
2025-02-14,16.2,7.5,23.5,,,,9.6,,1015.5,
2025-02-15,15.7,6.5,23.3,,,,11.6,,1014.9,
2025-02-16,16.9,9.1,24.1,,,,12.4,,1013.7,
2025-02-17,19.0,14.1,24.8,,,,22.5,,1010.5,
2025-02-18,16.8,6.9,25.2,,,,12.0,,1011.6,
2025-02-19,17.7,9.5,25.6,,,,13.1,,1012.8,
2025-02-20,15.6,7.7,22.5,,,,16.7,,1012.1,
2025-02-21,13.3,6.4,18.5,,,,22.5,,1012.7,
2025-02-22,14.6,5.2,22.1,,,,10.3,,1015.1,
2025-02-23,16.1,11.3,21.6,,,,13.8,,1016.2,
2025-02-24,14.0,8.6,18.8,,,,11.7,,1015.8,
2025-02-25,14.1,6.3,20.9,,,,10.0,,1017.2,
2025-02-26,14.8,7.8,21.9,,,,10.3,,1019.2,
2025-02-27,14.9,7.4,22.3,,,,7.2,,1019.1,
2025-02-28,15.6,7.8,23.6,,,,9.7,,1017.5,
2025-03-01,16.3,9.4,23.8,,,,12.2,,1014.4,
2025-03-02,17.6,8.4,25.6,,,,13.6,,1013.6,
2025-03-03,19.9,11.1,27.4,,,,11.7,,1013.4,
2025-03-04,22.9,17.9,28.0,,,,15.3,,1011.4,
2025-03-05,22.7,18.3,27.7,,,,18.2,,1012.2,
2025-03-06,21.7,16.4,27.6,,,,16.0,,1013.0,
2025-03-07,21.5,16.7,26.4,,,,12.4,,1012.9,
2025-03-08,21.0,14.1,27.2,,,,13.9,,1011.9,
2025-03-09,20.4,13.9,28.0,,,,14.3,,1011.5,
2025-03-10,22.4,17.0,28.0,,,,15.8,,1012.4,
2025-03-11,23.5,17.0,29.1,,,,13.6,,1012.0,
2025-03-12,22.1,16.6,27.4,,,,16.8,,1010.9,
2025-03-13,20.2,10.8,28.6,,,,12.3,,1010.2,
2025-03-14,21.6,13.3,29.1,,,,15.8,,1011.6,
2025-03-15,23.8,17.4,30.1,,,,12.8,,1013.9,
2025-03-16,25.0,18.3,31.5,,,,12.3,,1014.4,
2025-03-17,25.3,18.7,31.6,,,,13.7,,1013.5,
2025-03-18,24.4,17.3,31.0,,,,16.0,,1011.3,
2025-03-19,24.0,16.7,30.3,,,,17.1,,1009.3,
2025-03-20,23.6,16.7,30.1,,,,15.4,,1010.4,
2025-03-21,24.6,15.5,32.7,,,,12.1,,1013.8,
2025-03-22,26.3,21.0,31.6,,,,14.8,,1013.8,
2025-03-23,25.7,21.0,31.1,,,,16.2,,1012.7,
2025-03-24,24.9,20.0,30.8,,,,16.8,,1013.1,
2025-03-25,23.3,17.3,29.1,,,,13.4,,1012.6,
2025-03-26,23.1,16.4,29.3,,,,15.4,,1008.8,
2025-03-27,21.5,13.8,28.6,,,,12.4,,1008.9,
2025-03-28,22.1,15.2,29.0,,,,13.0,,1010.2,
2025-03-29,22.4,14.6,29.9,,,,11.0,,1009.7,
2025-03-30,22.3,17.2,28.1,,,,18.4,,1008.8,
2025-03-31,19.6,13.0,26.1,,,,19.1,,1011.0,
2025-04-01,17.5,7.1,26.2,,,,10.0,,1011.5,
2025-04-02,19.7,9.0,28.2,,,,9.0,,1010.4,
2025-04-03,23.2,15.4,30.2,,,,11.2,,1013.2,
2025-04-04,25.2,17.4,31.5,,,,12.0,,1013.4,
2025-04-05,25.9,18.0,32.9,,,,19.8,,1009.8,
2025-04-06,22.9,17.3,27.2,,,,27.7,,1008.2,
2025-04-07,21.0,12.7,28.3,,,,16.6,,1009.0,
2025-04-08,21.5,13.1,28.7,,,,11.7,,1012.7,
2025-04-09,22.2,16.0,28.8,,,,13.5,,1014.4,
2025-04-10,23.5,16.6,30.3,,,,11.9,,1013.5,
2025-04-11,24.4,15.6,32.3,,,,8.5,,1013.1,
2025-04-12,24.9,19.7,30.9,,,,15.6,,1013.4,
2025-04-13,24.8,18.8,31.4,,,,19.1,,1012.8,
2025-04-14,24.9,18.4,30.9,,,,12.6,,1011.8,
2025-04-15,25.0,18.3,31.2,,,,14.4,,1010.4,
2025-04-16,25.7,19.1,32.0,,,,14.4,,1009.5,
2025-04-17,26.0,18.2,33.1,,,,14.0,,1011.1,
2025-04-18,26.5,19.4,33.5,,,,14.1,,1010.3,
2025-04-19,26.0,18.5,33.2,,,,13.7,,1009.9,
2025-04-20,26.0,18.7,32.9,,,,14.6,,1009.0,
2025-04-21,26.7,19.6,33.5,,,,16.1,,1008.7,
2025-04-22,27.3,21.7,33.9,,,,14.6,,1008.9,
2025-04-23,27.4,19.2,34.5,,,,11.4,,1010.8,
2025-04-24,27.7,21.3,33.9,,,,13.4,,1011.2,
2025-04-25,27.6,21.1,33.6,,,,10.8,,1010.4,
2025-04-26,27.9,21.5,33.8,,,,12.9,,1009.5,
2025-04-27,27.7,20.3,33.9,,,,13.7,,1008.5,
2025-04-28,26.2,20.0,32.6,,,,17.3,,1008.7,
2025-04-29,25.1,16.7,32.5,,,,10.8,,1008.9,
2025-04-30,26.5,21.2,31.9,,,,18.1,,1009.8,
2025-05-01,26.2,21.0,31.8,,,,16.4,,1011.5,
2025-05-02,25.6,21.5,31.1,,,,16.7,,1013.6,
2025-05-03,26.0,20.1,32.4,,,,10.8,,1014.3,
2025-05-04,26.1,19.9,33.0,,,,10.8,,1012.9,
2025-05-05,26.6,19.2,33.4,,,,9.1,,1011.5,
2025-05-06,27.2,18.4,34.4,,,,10.6,,1011.0,
2025-05-07,28.4,20.5,35.0,,,,11.0,,1011.3,
2025-05-08,29.9,23.6,35.4,,,,13.7,,1009.6,
2025-05-09,30.1,24.5,35.2,,,,11.0,,1009.2,
2025-05-10,31.1,25.0,36.1,,,,14.0,,1011.2,
2025-05-11,30.9,24.3,37.3,,,,11.6,,1011.2,
2025-05-12,30.4,22.7,37.5,,,,11.4,,1010.4,
2025-05-13,31.0,24.0,37.1,,,,10.7,,1008.4,
2025-05-14,30.8,24.2,37.1,,,,15.5,,1005.7,
2025-05-15,29.3,24.9,34.0,,,,18.0,,1007.1,
2025-05-16,24.7,19.3,27.8,,,,14.9,,1010.5,
2025-05-17,25.0,17.6,32.9,,,,10.3,,1012.0,
2025-05-18,28.6,21.0,34.9,,,,11.0,,1012.0,
2025-05-19,31.1,24.5,36.3,,,,14.1,,1011.2,
2025-05-20,31.9,27.3,36.5,,,,17.0,,1010.3,
2025-05-21,31.8,26.3,36.4,,,,14.4,,1009.4,
2025-05-22,32.1,25.3,37.1,,,,13.1,,1009.1,
2025-05-23,32.0,26.1,37.2,,,,12.7,,1007.9,
2025-05-24,31.5,25.7,36.4,,,,18.2,,1007.4,
2025-05-25,30.7,24.8,36.2,,,,15.1,,1009.0,
2025-05-26,29.4,23.3,34.8,,,,13.6,,1010.4,
2025-05-27,29.8,23.9,35.1,,,,14.4,,1010.1,
2025-05-28,30.6,25.0,35.7,,,,14.8,,1010.0,
2025-05-29,30.3,26.3,34.9,,,,14.6,,1010.9,
2025-05-30,31.0,26.0,36.4,,,,15.4,,1010.4,
2025-05-31,29.9,23.4,35.2,,,,15.5,,1006.8,
2025-06-01,28.2,24.5,32.2,,,,18.8,,1005.4,
2025-06-02,27.4,22.5,31.5,,,,20.0,,1007.4,
2025-06-03,26.7,22.6,31.2,,,,23.5,,1009.4,
2025-06-04,25.1,21.2,30.1,,,,19.4,,1012.8,
2025-06-05,25.7,22.1,31.7,2.2,,,13.7,,1013.5,
2025-06-06,25.2,21.8,30.8,4.8,,,14.4,,1013.9,
2025-06-07,26.9,22.5,32.7,1.7,,,12.7,,1013.6,
2025-06-08,28.7,22.7,34.4,0.0,,,12.4,,1012.4,
2025-06-09,30.0,24.7,34.9,0.0,,,13.4,,1011.5,
2025-06-10,29.8,24.3,35.3,0.0,,,12.7,,1011.4,
2025-06-11,29.2,23.3,35.1,0.0,,,9.8,,1009.2,
2025-06-12,29.4,22.8,35.5,0.0,,,11.2,,1008.0,
2025-06-13,30.3,24.7,35.8,0.0,,,13.3,,1008.6,
2025-06-14,30.6,24.7,35.8,0.0,,,12.7,,1009.6,
2025-06-15,29.7,25.1,35.0,0.0,,,11.6,,1010.9,
2025-06-16,31.2,25.8,36.2,0.0,,,10.2,,1010.5,
2025-06-17,32.0,24.7,37.2,0.0,,,9.1,,1009.1,
2025-06-18,32.4,25.3,37.6,0.0,,,10.0,,1007.2,
2025-06-19,31.4,26.4,35.3,0.0,,,18.4,,1007.6,
2025-06-20,29.0,23.9,34.0,0.0,,,18.2,,1010.3,
2025-06-21,28.7,21.8,34.2,1.1,,,14.4,,1010.6,
2025-06-22,30.9,26.4,35.6,0.0,,,13.8,,1010.2,
2025-06-23,31.7,28.3,35.9,0.0,,,15.8,,1008.3,
2025-06-24,31.5,27.4,35.4,0.0,,,16.1,,1007.9,
2025-06-25,29.5,26.1,34.4,0.2,,,11.5,,1010.6,
2025-06-26,30.5,25.3,35.7,0.0,,,12.4,,1009.7,
2025-06-27,31.6,27.6,36.8,0.0,,,14.8,,1009.8,
2025-06-28,31.6,26.9,37.2,0.0,,,15.9,,1010.1,
2025-06-29,30.0,23.6,36.7,0.0,,,11.4,,1008.7,
2025-06-30,29.3,22.9,35.8,0.0,,,11.5,,1008.4,
2025-07-01,29.8,22.7,36.0,0.0,,,8.6,,1009.0,
2025-07-02,29.7,22.9,36.3,0.0,,,8.3,,1009.9,
2025-07-03,30.7,23.8,36.3,0.0,,,8.7,,1009.6,
2025-07-04,30.8,26.4,35.7,0.0,,,13.4,,1009.5,
2025-07-05,31.1,26.8,35.0,0.0,,,12.7,,1009.5,
2025-07-06,30.6,25.5,35.0,0.0,,,11.0,,1009.1,
2025-07-07,30.1,25.4,34.1,0.4,,,11.6,,1009.9,
2025-07-08,30.2,25.5,35.4,0.0,,,12.0,,1010.3,
2025-07-09,32.8,27.3,37.6,0.0,,,13.1,,1009.1,
2025-07-10,33.8,28.9,38.0,0.0,,,13.5,,1007.5,
2025-07-11,32.7,27.9,36.8,0.0,,,14.0,,1006.0,
2025-07-12,32.0,27.3,37.2,0.0,,,19.9,,1006.7,
2025-07-13,29.3,25.8,33.7,1.9,,,14.9,,1012.4,
2025-07-14,29.2,24.0,34.2,0.6,,,11.5,,1014.2,
2025-07-15,31.5,26.3,36.4,0.0,,,17.7,,1011.2,
2025-07-16,30.9,25.0,35.7,0.0,,,15.8,,1009.2,
2025-07-17,31.2,26.0,35.6,0.0,,,12.9,,1009.1,
2025-07-18,30.7,24.8,35.4,0.0,,,9.5,,1010.0,
2025-07-19,30.9,26.3,35.3,0.0,,,11.6,,1009.9,
2025-07-20,32.2,26.7,37.5,0.0,,,11.2,,1007.3,
2025-07-21,32.8,28.1,37.7,0.0,,,13.0,,1006.4,
2025-07-22,32.2,27.9,36.4,0.0,,,12.6,,1007.0,
2025-07-23,31.7,27.8,35.8,0.0,,,17.9,,1008.0,
2025-07-24,29.8,25.5,33.9,0.0,,,11.0,,1009.1,
2025-07-25,30.5,23.8,36.8,0.0,,,11.0,,1009.5,
2025-07-26,31.9,24.8,38.7,0.0,,,12.3,,1009.1,
2025-07-27,32.1,25.5,37.5,0.0,,,10.7,,1009.3,
2025-07-28,32.2,26.3,37.3,0.0,,,9.4,,1008.4,
2025-07-29,31.9,26.0,37.8,0.0,,,9.5,,1007.2,
2025-07-30,32.2,26.9,37.2,0.0,,,8.7,,1008.1,
2025-07-31,29.5,26.0,33.9,3.3,,,13.3,,1011.1,
2025-08-01,27.9,24.8,33.1,4.0,,,13.2,,1011.7,
2025-08-02,28.1,24.1,33.5,1.9,,,12.6,,1011.0,
2025-08-03,30.5,24.7,37.2,0.0,,,18.8,,1011.3,
2025-08-04,30.9,24.5,36.5,0.0,,,19.2,,1011.8,
2025-08-05,30.1,26.5,35.7,0.4,,,14.0,,1011.6,
2025-08-06,29.2,25.2,35.0,0.1,,,12.6,,1010.0,
2025-08-07,29.9,23.9,35.1,0.0,,,13.0,,1008.9,
2025-08-08,30.9,26.6,35.3,0.0,,,10.8,,1009.4,
2025-08-09,31.5,27.0,35.6,0.0,,,9.6,,1008.9,
2025-08-10,31.3,27.8,35.8,0.0,,,15.0,,1009.1,
2025-08-11,30.8,26.5,35.4,0.0,,,11.8,,1009.1,
2025-08-12,30.6,25.5,35.0,0.0,,,9.3,,1008.2,
2025-08-13,29.4,23.1,34.3,0.0,,,13.1,,1008.3,
2025-08-14,27.3,22.8,33.0,1.2,,,11.4,,1011.4,
2025-08-15,28.3,24.3,33.6,0.6,,,13.1,,1012.2,
2025-08-16,29.9,25.4,35.6,0.0,,,11.7,,1008.8,
2025-08-17,29.6,24.4,35.1,0.0,,,17.5,,1007.5,
2025-08-18,26.6,20.2,31.7,3.3,,,12.2,,1010.6,
2025-08-19,27.6,22.3,33.5,2.8,,,11.4,,1011.3,
2025-08-20,29.5,24.9,34.8,0.5,,,12.4,,1010.0,
2025-08-21,31.2,25.5,36.9,0.0,,,9.1,,1007.9,
2025-08-22,31.3,26.0,36.6,0.0,,,9.3,,1006.9,
2025-08-23,30.7,27.4,34.9,0.0,,,18.8,,1006.4,
2025-08-24,29.7,24.9,35.4,0.0,,,17.3,,1008.8,
2025-08-25,30.5,24.6,36.3,0.0,,,15.4,,1010.9,
2025-08-26,31.5,27.3,36.6,0.0,,,22.8,,1011.1,
2025-08-27,30.7,26.4,35.4,0.0,,,15.6,,1012.5,
2025-08-28,29.4,23.6,34.7,0.0,,,9.4,,1011.6,
2025-08-29,29.9,23.4,35.3,0.0,,,10.0,,1009.0,
2025-08-30,30.9,24.5,35.9,0.0,,,10.6,,1008.8,
2025-08-31,30.7,23.9,36.0,0.0,,,10.7,,1009.8,
2025-09-01,30.1,25.0,34.8,0.0,,,9.6,,1010.4,
2025-09-02,31.1,25.8,35.8,0.0,,,11.6,,1008.6,
2025-09-03,28.9,22.2,33.5,7.6,,,15.5,,1010.1,
2025-09-04,24.3,20.9,30.8,6.1,,,13.0,,1011.5,
2025-09-05,25.2,21.4,30.7,0.0,,,12.4,,1012.4,
2025-09-06,27.2,20.1,33.3,0.0,,,13.8,,1013.1,
2025-09-07,28.8,23.4,34.2,0.0,,,13.9,,1013.5,
2025-09-08,28.7,23.3,34.3,0.0,,,11.9,,1012.6,
2025-09-09,27.8,21.2,33.9,0.0,,,12.8,,1012.0,
2025-09-10,28.1,21.2,34.6,,,,9.0,,1012.2,
2025-09-11,29.5,22.1,35.7,0.0,,,8.9,,1011.3,
2025-09-12,30.5,25.7,35.2,0.0,,,16.5,,1009.3,
2025-09-13,29.2,24.4,34.3,0.0,,,15.6,,1011.5,
2025-09-14,28.6,22.7,34.1,0.0,,,14.0,,1012.7,
2025-09-15,28.8,23.9,34.0,0.0,,,20.4,,1013.3,
2025-09-16,28.3,22.9,33.8,0.0,,,16.0,,1014.2,
2025-09-17,27.7,20.8,33.6,0.0,,,8.9,,1013.4,
2025-09-18,27.6,21.3,32.9,0.0,,,11.7,,1012.9,
2025-09-19,27.4,22.4,32.5,0.0,,,13.4,,1013.0,
2025-09-20,27.4,22.4,32.7,0.0,,,11.4,,1013.0,
2025-09-21,27.5,21.6,33.0,0.0,,,8.9,,1011.7,
2025-09-22,27.6,20.5,33.5,0.0,,,8.7,,1010.6,
2025-09-23,28.4,22.5,33.8,0.0,,,8.8,,1010.7,
2025-09-24,28.3,23.4,33.0,0.0,,,10.6,,1012.5,
2025-09-25,28.1,22.0,33.3,0.0,,,8.1,,1013.1,
2025-09-26,29.0,23.4,33.8,0.0,,,9.2,,1013.1,
2025-09-27,29.0,23.3,34.2,0.0,,,9.1,,1012.9,
2025-09-28,29.0,21.9,34.3,0.0,,,10.9,,1011.3,
2025-09-29,29.2,22.7,34.5,0.0,,,10.3,,1010.8,
2025-09-30,29.3,23.5,34.6,0.0,,,11.3,,1011.8,
2025-10-01,29.1,24.8,33.9,0.0,,,14.7,,1012.5,
2025-10-02,28.4,24.1,33.2,0.0,,,12.4,,1012.3,
2025-10-03,27.2,21.9,32.0,0.0,,,12.8,,1012.0,
2025-10-04,26.7,21.9,31.6,0.0,,,17.9,,1009.9,
2025-10-05,26.2,22.9,30.6,0.4,,,17.6,,1010.2,
2025-10-06,25.7,20.3,31.6,0.0,,,10.4,,1013.7,
2025-10-07,26.5,20.1,32.9,0.0,,,12.4,,1014.0,
2025-10-08,27.3,23.4,31.9,0.0,,,11.7,,1013.1,
2025-10-09,25.6,20.7,30.6,0.0,,,12.1,,1013.3,
2025-10-10,25.3,20.3,30.7,0.0,,,13.9,,1013.9,
2025-10-11,25.4,19.9,31.0,0.0,,,13.0,,1013.1,
2025-10-12,25.1,19.4,31.1,0.0,,,11.2,,1013.0,
2025-10-13,24.4,17.7,30.1,0.0,,,9.3,,1013.7,
2025-10-14,24.3,18.5,30.4,0.0,,,9.0,,1015.0,
2025-10-15,24.6,17.8,30.4,0.0,,,9.0,,1014.3,
2025-10-16,24.5,17.9,30.3,0.0,,,8.5,,1011.8,
2025-10-17,23.7,17.6,29.4,0.0,,,10.4,,1012.9,
2025-10-18,23.5,17.1,30.0,0.0,,,8.6,,1015.2,
2025-10-19,24.0,15.9,30.7,0.0,,,8.2,,1015.4,
2025-10-20,24.7,17.1,30.7,0.0,,,9.4,,1013.7,
2025-10-21,24.4,19.3,29.8,0.0,,,11.2,,1013.4,
2025-10-22,24.8,19.2,30.0,0.0,,,10.0,,1014.5,
2025-10-23,24.7,16.9,31.1,0.0,,,7.8,,1015.6,
2025-10-24,25.1,19.3,31.0,0.0,,,10.0,,1016.0,
2025-10-25,23.9,17.5,30.6,0.0,,,12.1,,1016.4,
2025-10-26,24.0,17.7,30.8,0.0,,,8.5,,1016.0,
2025-10-27,23.7,15.5,31.3,0.0,,,6.7,,1015.1,
2025-10-28,23.6,15.8,30.9,0.0,,,6.4,,1014.6,
2025-10-29,23.3,15.7,30.8,0.0,,,6.8,,1014.8,
2025-10-30,23.2,15.9,30.8,0.0,,,6.5,,1015.2,
2025-10-31,23.3,15.9,30.8,0.0,,,8.4,,1016.1,
2025-11-01,23.2,15.5,30.3,0.0,,,8.4,,1016.7,
2025-11-02,22.1,14.8,29.2,0.0,,,7.5,,1016.0,
2025-11-03,20.8,14.5,27.5,0.0,,,8.6,,1015.3,
2025-11-04,20.9,13.9,28.0,0.0,,,7.4,,1016.7,
2025-11-05,21.0,13.3,28.2,0.0,,,6.9,,1016.9,
2025-11-06,20.5,12.4,28.1,0.0,,,7.9,,1014.8,
2025-11-07,20.4,12.5,28.4,0.0,,,8.5,,1013.7,
2025-11-08,20.6,13.1,28.5,0.0,,,8.8,,1014.6,
2025-11-09,20.9,12.7,28.6,0.0,,,7.6,,1015.2,
2025-11-10,21.5,14.7,28.3,0.0,,,8.5,,1016.2,
2025-11-11,21.4,15.7,27.7,0.0,,,8.7,,1016.2,
2025-11-12,20.7,13.8,27.6,0.0,,,8.1,,1016.7,
2025-11-13,20.3,14.6,26.4,0.0,,,7.6,,1018.7,
2025-11-14,20.4,13.9,27.4,0.0,,,7.0,,1019.7,
2025-11-15,20.0,11.3,28.5,0.0,,,6.9,,1019.2,
2025-11-16,19.7,11.6,27.6,0.0,,,9.0,,1018.3,
2025-11-17,18.3,12.3,25.7,0.0,,,6.9,,1018.5,
2025-11-18,16.9,9.3,25.3,0.0,,,6.2,,1016.4,
2025-11-19,16.9,9.2,25.1,0.0,,,7.7,,1014.6,
2025-11-20,17.4,10.0,25.1,0.0,,,9.9,,1015.0,
2025-11-21,16.9,10.1,24.1,0.0,,,12.4,,1015.5,
2025-11-22,16.8,9.1,25.0,0.0,,,8.0,,1016.3,
2025-11-23,17.8,12.6,23.6,0.0,,,15.8,,1017.4,
2025-11-24,18.0,12.7,24.1,0.0,,,13.7,,1018.4,
2025-11-25,17.8,12.5,24.0,0.0,,,8.6,,1016.7,
2025-11-26,17.8,12.3,24.1,0.0,,,8.4,,1014.6,
2025-11-27,18.1,12.4,24.2,0.0,,,9.1,,1013.4,
2025-11-28,17.6,14.0,22.3,0.0,,,10.9,,1014.7,
2025-11-29,18.3,11.8,24.9,0.0,,,9.2,,1014.7,
2025-11-30,18.4,13.0,24.2,0.0,,,11.8,,1014.4,
2025-12-01,17.7,15.0,19.9,1.5,,,14.8,,1013.2,
2025-12-02,16.1,10.5,19.8,0.0,,,16.1,,1011.6,
2025-12-03,13.1,3.1,22.6,0.0,,,7.6,,1014.2,
2025-12-04,13.6,4.5,22.5,0.0,,,8.0,,1016.4,
2025-12-05,13.8,6.5,21.6,0.0,,,9.0,,1017.8,
2025-12-06,14.0,5.7,22.7,0.0,,,7.7,,1017.7,
2025-12-07,14.2,7.4,21.7,0.0,,,9.1,,1018.7,
2025-12-08,15.2,9.7,21.5,0.0,,,13.1,,1019.5,
2025-12-09,15.3,11.9,20.1,0.0,,,8.7,,1019.7,
2025-12-10,14.0,7.0,21.6,0.0,,,8.5,,1018.1,
2025-12-11,13.2,5.5,20.8,0.0,,,9.7,,1016.0,
2025-12-12,14.5,10.1,20.3,0.0,,,18.1,,1013.2,
2025-12-13,15.1,7.4,22.8,0.0,,,14.1,,1014.0,
2025-12-14,18.5,15.6,22.8,0.0,,,20.5,,1016.4,
2025-12-15,18.4,15.7,20.3,0.0,,,20.6,,1018.1,
2025-12-16,16.3,12.5,21.4,0.0,,,9.9,,1017.3,
2025-12-17,16.3,12.5,21.1,0.0,,,18.9,,1014.3,
2025-12-18,15.0,10.7,18.4,0.0,,,23.8,,1014.7,
2025-12-19,11.4,4.9,18.7,0.0,,,11.9,,1016.8,
2025-12-20,11.6,2.7,21.0,0.0,,,8.2,,1015.2,
2025-12-21,12.4,3.7,22.1,0.0,,,7.0,,1013.0,
2025-12-22,12.2,3.7,21.2,0.0,,,7.9,,1012.6,
2025-12-23,10.8,3.1,20.1,0.0,,,8.8,,1013.3,
2025-12-24,11.0,2.2,20.7,0.0,,,7.8,,1013.3,
2025-12-25,12.2,3.6,21.6,0.0,,,8.1,,1014.1,
2025-12-26,13.2,8.1,20.2,0.0,,,10.7,,1014.3,
2025-12-27,12.1,3.0,21.7,0.0,,,9.7,,1015.5,
2025-12-28,12.3,2.7,22.5,0.0,,,7.9,,1016.3,
2025-12-29,12.8,4.2,22.5,0.0,,,7.7,,1017.4,
2025-12-30,12.6,4.8,20.5,0.0,,,10.3,,1017.7,
2025-12-31,13.0,7.3,20.2,0.0,,,12.5,,1016.4,
2026-01-01,12.9,3.4,22.0,0.0,,,6.7,,1016.7,
2026-01-02,13.9,9.2,21.1,0.0,,,15.8,,1018.0,
2026-01-03,14.2,6.9,22.6,0.0,,,10.0,,1017.6,
2026-01-04,16.0,8.2,24.2,0.0,,,12.0,,1016.6,
2026-01-05,17.3,8.7,24.7,0.0,,,13.3,,1015.5,
2026-01-06,17.6,12.2,23.6,0.0,,,10.9,,1014.9,
2026-01-07,17.6,13.3,23.1,0.0,,,11.3,,1015.8,
2026-01-08,18.5,14.0,23.7,0.0,,,12.8,,1019.7,
2026-01-09,17.6,14.7,22.1,0.0,,,13.3,,1021.2,
2026-01-10,16.6,9.9,23.3,0.0,,,9.8,,1019.0,
2026-01-11,17.6,12.2,23.2,0.0,,,7.9,,1017.3,
2026-01-12,16.2,9.2,23.6,0.0,,,9.4,,1018.3,
2026-01-13,16.4,11.3,23.2,0.0,,,14.0,,1018.6,
2026-01-14,16.3,12.2,21.2,0.0,,,15.6,,1017.8,
2026-01-15,16.4,11.0,22.4,0.0,,,13.9,,1016.4,
2026-01-16,14.1,6.0,22.5,0.0,,,8.2,,1016.6,
2026-01-17,13.1,4.3,22.3,0.0,,,9.8,,1014.4,
2026-01-18,13.6,6.0,22.0,0.0,,,13.3,,1011.1,
2026-01-19,11.3,5.5,17.7,0.0,,,19.7,,1008.4,
2026-01-20,8.5,2.7,14.9,0.0,,,20.5,,1012.5,
2026-01-21,8.3,2.8,14.6,0.0,,,17.2,,1014.6,
2026-01-22,8.5,-0.9,17.4,0.0,,,10.6,,1016.9,
2026-01-23,11.5,2.6,21.3,0.0,,,8.5,,1017.2,
2026-01-24,12.7,4.0,21.9,0.0,,,10.5,,1016.3,
2026-01-25,11.5,5.9,18.6,0.0,,,20.1,,1017.5,
2026-01-26,11.3,1.6,21.3,0.0,,,7.3,,1021.2,
2026-01-27,13.0,3.6,23.3,0.0,,,6.3,,1021.1,
2026-01-28,13.1,3.5,23.2,0.0,,,6.1,,1020.5,
2026-01-29,13.9,3.9,23.9,0.0,,,6.9,,1019.1,
2026-01-30,14.9,6.1,24.6,0.0,,,7.7,,1017.0,
2026-01-31,15.2,5.6,25.0,0.0,,,10.6,,1015.2,
2026-02-01,16.4,7.6,25.1,0.0,,,8.3,,1015.0,
2026-02-02,16.2,8.4,24.1,0.0,,,10.3,,1015.0,
2026-02-03,16.4,9.0,24.6,0.0,,,10.9,,1014.9,
2026-02-04,16.5,7.5,25.4,0.0,,,9.6,,1014.5,
2026-02-05,17.0,8.1,26.4,0.0,,,8.6,,1014.1,
2026-02-06,17.9,9.6,26.7,0.0,,,8.8,,1014.1,
2026-02-07,17.9,9.4,26.6,0.0,,,11.0,,1015.7,
2026-02-08,18.4,11.3,25.9,0.0,,,9.3,,1014.8,
2026-02-09,18.4,11.3,25.9,0.0,,,9.5,,1013.3,
2026-02-10,17.8,10.1,25.5,0.0,,,10.4,,1014.3,
2026-02-11,17.7,10.5,25.2,0.0,,,11.0,,1014.7,
2026-02-12,18.4,9.6,27.4,0.0,,,7.6,,1017.8,
2026-02-13,19.0,11.3,27.3,0.0,,,9.4,,1015.6,
2026-02-14,17.9,9.2,25.9,0.0,,,17.2,,1011.8,
2026-02-15,14.4,7.7,21.8,0.0,,,16.2,,1017.4,
2026-02-16,12.8,3.5,22.2,0.0,,,8.2,,1022.4,
2026-02-17,15.4,6.5,25.1,0.0,,,6.9,,1020.2,
2026-02-18,16.7,8.2,25.4,0.0,,,10.0,,1018.6,
2026-02-19,17.7,10.3,25.8,0.0,,,9.2,,1018.1,
2026-02-20,17.6,8.7,26.4,0.0,,,6.7,,1018.8,
2026-02-21,18.5,11.2,26.4,0.0,,,8.3,,1018.6,
2026-02-22,17.5,11.6,24.1,0.0,,,13.4,,1018.6,
2026-02-23,16.4,11.3,22.9,0.0,,,17.4,,1019.2,
2026-02-24,15.3,10.1,22.0,0.0,,,17.1,,1019.2,
2026-02-25,14.7,7.5,22.7,0.0,,,10.1,,1018.9,
2026-02-26,15.6,9.2,23.9,0.0,,,13.4,,1019.4,
2026-02-27,16.6,11.3,23.9,0.0,,,18.1,,1018.8,
2026-02-28,16.6,11.3,24.1,0.0,,,19.3,,1016.6,
2026-03-01,16.9,12.1,23.2,0.0,,,20.9,,1015.4,
2026-03-02,17.6,13.8,22.8,0.0,,,16.1,,1015.8,
2026-03-03,17.4,15.0,21.0,0.0,,,13.6,,1016.3,
2026-03-04,18.9,14.7,24.7,0.0,,,16.7,,1016.6,
2026-03-05,19.5,14.4,26.0,0.0,,,15.3,,1014.9,
2026-03-06,18.6,9.2,26.7,0.0,,,11.0,,1013.5,
2026-03-07,19.8,12.6,26.9,0.0,,,11.0,,1013.3,
2026-03-08,21.0,16.1,25.9,0.0,,,10.3,,1014.3,
2026-03-09,21.7,16.0,27.0,0.0,,,14.5,,1012.2,
2026-03-10,20.9,14.8,27.1,0.0,,,14.4,,1008.8,
2026-03-11,17.2,9.5,25.1,0.0,,,15.5,,1009.4,
2026-03-12,17.1,9.1,24.7,0.0,,,14.5,,1009.8,
2026-03-13,17.6,9.6,24.6,0.0,,,9.9,,1008.9,
2026-03-14,17.0,10.9,23.3,0.0,,,10.5,,1008.8,
2026-03-15,16.5,8.8,23.4,0.0,,,13.9,,1008.4,
2026-03-16,16.5,9.4,23.2,0.0,,,22.0,,1009.9,
2026-03-17,15.0,6.5,21.4,0.0,,,15.1,,1011.3,
2026-03-18,15.6,5.7,23.7,0.0,,,8.0,,1012.6,
2026-03-19,18.7,11.2,25.6,0.0,,,10.4,,1013.1,
2026-03-20,20.9,12.9,27.5,0.0,,,14.8,,1012.5,
2026-03-21,22.9,16.5,28.0,0.0,,,15.0,,1010.5,
2026-03-22,23.7,18.2,28.5,0.0,,,13.1,,1010.0,
2026-03-23,24.4,18.7,29.6,0.0,,,15.1,,1010.4,
2026-03-24,24.3,18.5,29.4,0.0,,,14.7,,1011.9,
2026-03-25,24.2,18.2,29.3,0.0,,,14.4,,1011.7,
2026-03-26,24.5,19.5,29.0,0.0,,,15.8,,1009.2,
2026-03-27,23.4,20.5,27.1,0.0,,,17.6,,1007.7,
2026-03-28,21.9,17.2,27.7,0.0,,,20.8,,1008.4,
2026-03-29,18.6,11.7,24.4,0.0,,,20.7,,1007.8,
2026-03-30,17.1,11.3,23.0,0.0,,,18.7,,1006.5,
2026-03-31,12.0,6.8,15.1,0.0,,,29.5,,1009.1,
2026-04-01,11.6,3.5,19.4,0.0,,,17.4,,1013.6,
2026-04-02,14.8,6.3,22.1,0.0,,,10.3,,1014.1,
2026-04-03,16.9,8.9,24.4,0.0,,,8.3,,1015.1,
2026-04-04,18.2,10.7,25.6,0.0,,,10.3,,1015.2,
2026-04-05,19.2,12.2,26.4,0.0,,,11.2,,1015.3,
2026-04-06,20.2,15.0,26.4,0.0,,,18.5,,1017.1,
2026-04-07,20.0,15.2,26.2,0.0,,,17.9,,1018.1,
2026-04-08,20.8,15.1,27.5,0.0,,,14.4,,1016.7,
2026-04-09,22.5,15.4,30.1,0.0,,,9.4,,1015.5,
2026-04-10,23.9,16.2,31.5,0.0,,,11.3,,1015.1,
2026-04-11,24.1,18.0,30.6,0.0,,,16.7,,1012.9,
2026-04-12,24.1,17.2,30.9,0.0,,,14.7,,1010.1,
2026-04-13,23.4,18.6,28.1,0.0,,,12.6,,1007.7,
2026-04-14,22.2,16.1,28.4,0.0,,,14.4,,1008.1,
2026-04-15,20.1,12.1,27.5,0.0,,,13.9,,1010.4,
2026-04-16,20.6,13.1,28.1,0.0,,,9.6,,1009.9,
2026-04-17,20.3,13.7,27.1,0.0,,,11.3,,1009.5,
2026-04-18,21.3,14.9,28.0,0.0,,,11.8,,1009.9,
2026-04-19,22.3,16.6,28.2,0.0,,,17.4,,1011.0,
2026-04-20,23.7,19.5,28.1,0.0,,,18.2,,1011.1,
2026-04-21,25.2,21.2,29.5,0.0,,,18.1,,1010.2,
2026-04-22,25.1,20.7,30.0,0.0,,,16.0,,1010.0,
2026-04-23,24.4,16.8,31.0,0.0,,,14.6,,1009.0,
2026-04-24,25.2,18.5,31.6,0.0,,,12.9,,1007.4,
2026-04-25,25.4,19.2,31.7,0.0,,,12.7,,1008.0,
2026-04-26,26.2,20.4,31.8,0.0,,,13.5,,1010.2,
2026-04-27,27.6,21.7,33.5,0.0,,,14.8,,1010.6,
2026-04-28,27.9,23.3,33.1,0.0,,,18.5,,1008.6,
2026-04-29,26.5,22.2,31.3,0.0,,,14.7,,1010.5,
2026-04-30,27.4,22.2,32.1,0.0,,,13.4,,1012.9,
2026-05-01,27.2,22.2,32.7,0.0,,,16.5,,1012.4,
2026-05-02,26.6,20.3,33.3,0.0,,,14.0,,1010.2,
2026-05-03,26.4,18.3,33.6,0.0,,,10.8,,1009.3,
2026-05-04,27.2,18.8,34.7,0.0,,,11.3,,1009.7,
2026-05-05,27.9,19.5,35.6,0.0,,,12.9,,1008.3,
2026-05-06,29.2,21.7,36.1,0.0,,,10.0,,1006.7,
2026-05-07,29.8,22.6,35.8,0.0,,,14.7,,1006.5,
2026-05-08,29.7,24.7,34.5,0.0,,,10.0,,1009.6,
2026-05-09,30.8,25.5,36.0,0.0,,,10.1,,1010.4,
2026-05-10,32.3,27.3,36.9,0.0,,,13.1,,1011.1,
2026-05-11,32.5,27.8,37.8,0.0,,,14.8,,1011.6,
2026-05-12,31.3,25.8,37.5,0.0,,,11.7,,1013.3,
2026-05-13,31.0,23.4,37.7,0.0,,,10.0,,1011.8,
2026-05-14,31.5,25.6,37.2,0.0,,,10.4,,1008.6,
2026-05-15,31.4,25.6,37.2,0.0,,,12.8,,1006.7,
2026-05-16,31.1,24.4,37.5,0.0,,,14.6,,1006.7,
2026-05-17,30.4,23.3,36.5,0.0,,,13.6,,1007.8,
2026-05-18,30.7,23.9,36.5,0.0,,,12.8,,1008.5,
2026-05-19,31.1,25.7,36.2,0.0,,,14.2,,1009.3,
2026-05-20,30.8,26.6,35.1,0.0,,,19.1,,1010.9,
2026-05-21,29.2,24.8,32.7,0.0,,,20.7,,1012.4,
2026-05-22,28.3,24.2,33.1,0.0,,,18.4,,1012.6,
2026-05-23,28.0,24.2,32.5,0.0,,,21.8,,1012.1,
2026-05-24,28.2,24.1,32.3,0.0,,,19.7,,1011.5,
2026-05-25,28.9,25.6,32.8,0.0,,,20.4,,1011.5,
2026-05-26,28.0,25.7,31.6,0.0,,,24.4,,1011.3,
2026-05-27,27.2,23.3,32.0,0.0,,,22.4,,1009.2,
2026-05-28,26.8,21.3,31.9,0.0,,,18.5,,1009.6,
2026-05-29,26.6,19.5,32.7,0.0,,,14.1,,1010.8,
2026-05-30,26.9,20.4,32.5,0.0,,,12.8,,1011.0,
2026-05-31,27.4,20.6,33.5,0.0,,,12.4,,1009.4,
2026-06-01,27.9,21.8,33.2,0.0,,,16.4,,1009.6,
2026-06-02,27.8,23.4,33.0,0.0,,,14.4,,1011.1,
2026-06-03,27.0,21.8,32.6,0.0,,,13.4,,1011.7,
2026-06-04,28.6,22.2,34.4,0.0,,,10.6,,1010.2,
2026-06-05,29.4,23.4,34.9,0.0,,,10.0,,1008.9,
2026-06-06,30.3,25.3,35.5,0.0,,,18.3,,1010.2,
2026-06-07,28.5,23.7,33.6,0.6,,,12.8,,1014.4,
2026-06-08,27.3,22.6,31.9,1.1,,,13.9,,1014.1,
2026-06-09,27.7,21.5,33.5,0.0,,,13.4,,1011.3,
2026-06-10,29.6,24.0,34.6,0.0,,,13.7,,1009.5,
2026-06-11,30.3,24.2,35.3,0.0,,,9.4,,1009.9,
2026-06-12,30.0,25.2,34.9,0.0,,,10.2,,1011.5,
2026-06-13,30.3,25.8,35.5,0.0,,,14.0,,1011.9,
2026-06-14,30.2,25.0,35.9,0.0,,,11.4,,1010.9,
2026-06-15,31.4,24.7,37.1,0.0,,,9.3,,1009.3,
2026-06-16,32.0,26.9,37.1,0.0,,,13.9,,1009.4,
2026-06-17,31.7,26.9,36.5,0.0,,,11.6,,1011.2,
2026-06-18,31.6,26.8,36.9,0.0,,,12.4,,1010.5,
2026-06-19,31.0,25.1,35.9,0.0,,,14.9,,1008.9,
2026-06-20,31.9,27.3,36.3,0.0,,,19.9,,1009.4,
2026-06-21,31.8,27.5,36.3,0.0,,,15.0,,1011.5,
2026-06-22,30.7,25.6,35.4,0.0,,,11.9,,1010.3,
2026-06-23,30.1,25.9,34.5,0.0,,,17.9,,1008.4,
2026-06-24,29.3,25.3,33.9,0.0,,,15.7,,1010.3,
2026-06-25,29.4,24.4,34.2,0.0,,,13.2,,1011.7,
2026-06-26,31.7,25.4,37.2,0.0,,,11.4,,1010.0,
2026-06-27,33.0,28.5,37.5,0.0,,,20.8,,1009.1,
2026-06-28,32.5,29.1,36.0,0.0,,,18.6,,1009.8,
2026-06-29,30.5,25.8,34.9,0.0,,,14.2,,1009.4,
2026-06-30,29.7,24.8,34.2,0.0,,,16.6,,1009.7,
2026-07-01,29.1,25.4,33.8,0.0,,,12.3,,1010.9,
2026-07-02,30.3,25.0,35.1,0.0,,,10.4,,1011.0,
2026-07-03,32.0,26.1,37.7,0.0,,,9.2,,1010.5,
2026-07-04,32.6,26.9,37.6,0.0,,,9.9,,1010.6,
2026-07-05,33.3,28.2,38.3,0.0,,,10.0,,1008.1,
2026-07-06,33.0,28.3,37.8,0.0,,,13.7,,1007.6,
2026-07-07,31.9,27.9,35.9,0.0,,,12.8,,1009.5,
2026-07-08,31.0,27.4,34.9,0.0,,,12.5,,1010.4,
2026-07-09,31.5,26.8,35.6,0.0,,,11.9,,1007.5,
2026-07-10,30.9,24.3,35.6,0.0,,,11.0,,1006.7,
2026-07-11,29.8,24.6,35.2,0.0,,,11.8,,1009.2,
2026-07-12,29.7,24.3,34.9,0.0,,,13.9,,1009.7,
2026-07-13,29.5,24.1,35.1,0.0,,,12.4,,1009.0,
2026-07-14,31.3,25.3,37.6,0.0,,,18.9,,1010.9,
2026-07-15,31.3,24.6,37.1,0.0,,,10.2,,1010.6,
2026-07-16,31.4,26.7,36.4,0.0,,,15.4,,1011.9,
2026-07-17,30.9,25.3,36.7,0.0,,,15.3,,1011.2,
2026-07-18,30.9,24.9,37.0,0.0,,,14.0,,1009.4,
2026-07-19,30.8,26.2,36.2,0.0,,,19.2,,1009.3,
2026-07-20,30.8,25.7,36.3,0.0,,,22.5,,1011.3,
2026-07-21,30.7,23.7,36.8,0.0,,,21.4,,1011.7,
