time,tavg,tmin,tmax,prcp,snow,wdir,wspd,wpgt,pres,tsun
1996-01-10,15.6,8.9,,,,,,,,
1996-01-17,18.4,9.5,27.0,,,,,,,
1996-02-05,27.7,14.6,34.2,,,,,,,
1996-02-11,23.2,11.5,,,,,,,,
1996-03-10,30.8,21.6,36.5,,,,,,,
1996-04-15,34.2,28.5,,,,,,,,
1996-05-05,33.9,19.0,41.0,,,,,,,
1996-05-07,35.4,21.0,44.0,,,,,,,
1996-05-08,37.4,22.5,,,,,,,,
1996-05-11,39.3,29.5,43.9,,,,,,,
1996-05-12,38.4,27.5,,,,,,,,
1996-05-13,38.3,27.5,,,,,,,,
1996-05-20,37.3,25.0,,,,,,,,
1996-05-31,37.2,30.5,41.5,,,,,,,
1996-06-05,35.3,26.3,,,,,,,,
1996-06-09,38.1,29.5,,,,,,,,
1996-06-13,37.8,28.0,,,,,,,,
1996-06-15,37.7,28.2,,,,,,,,
1996-06-23,40.1,32.0,,,,,,,,
1996-06-25,39.0,32.9,,,,,,,,
1996-06-26,39.1,32.4,,,,,,,,
1996-07-07,35.9,27.0,,,,,,,,
1996-07-08,36.8,23.0,,,,,,,,
1996-07-09,40.6,31.5,,,,,,,,
1996-07-10,39.9,29.1,,,,,,,,
1996-07-12,34.9,29.0,43.5,,,,,,,
1996-07-13,38.5,25.5,,,,,,,,
1996-07-14,38.4,30.5,,,,,,,,
1996-07-15,36.4,28.7,,,,,,,,
1996-07-16,39.0,31.0,,,,,,,,
1996-07-18,39.4,27.5,45.0,,,,,,,
1996-07-20,40.9,29.5,,,,,,,,
1996-07-22,35.2,23.2,40.2,3.0,,,,,,
1996-09-10,40.2,29.5,,,,,,,,
1996-09-14,37.5,26.8,,,,,,,,
1996-09-17,37.1,27.7,,,,,,,,
1996-09-18,33.8,21.0,,,,,,,,
1996-09-21,37.9,22.7,,,,,,,,
1996-09-22,35.8,26.5,,,,,,,,
1996-09-25,33.0,24.0,,,,,,,,
1996-09-26,35.2,20.5,,,,,,,,
1996-09-28,35.1,23.3,,,,,,,,
1996-10-27,28.2,18.7,,,,,,,,
1996-10-30,26.4,20.5,31.0,,,,,,,
1996-11-03,25.3,20.2,30.5,,,,,,,
1996-11-12,23.1,13.7,,,,,,,,
1997-01-11,21.0,7.1,,,,,,,,
1997-03-08,23.5,12.8,,,,,,,,
1997-05-08,35.4,25.5,42.0,,,,,,,
1997-05-11,36.9,27.5,,,,,,,,
1997-05-31,38.7,28.5,,,,,,,,
1997-06-22,37.9,28.3,,,,,,,,
1997-11-26,26.0,14.0,34.0,,,,,,,
1998-07-24,37.3,32.5,43.5,,,,,,,
1999-08-11,34.3,28.4,,,,,,,,
1999-12-18,19.2,11.8,,,,,,,,
1999-12-31,21.4,15.1,28.3,,,,,,,
2000-02-20,22.3,11.5,29.5,,,,,,,
2000-02-29,22.3,14.5,,,,,,,,
2000-08-17,35.2,28.5,,,,,,,,
2000-11-03,28.9,18.3,,,,,,,,
2000-11-06,26.9,16.6,33.0,,,,,,,
2000-11-14,26.2,19.3,33.0,,,,,,,
2001-03-14,27.9,18.5,35.0,,,,,,,
2001-08-22,35.2,28.0,,,,,,,,
2001-08-23,35.9,28.3,,,,,,,,
2001-08-25,36.1,30.0,,,,,,,,
2001-09-06,37.7,30.0,,,,,,,,
2001-09-07,38.4,28.0,,,,,,,,
2001-09-27,36.4,23.3,,,,,,,,
2002-02-02,19.4,12.4,28.0,,,,,,,
2002-02-03,19.6,12.0,26.0,,,,,,,
2002-03-15,29.9,16.5,,,,,,,,
2002-03-29,30.8,20.0,,,,,,,,
2002-09-11,36.9,26.5,,,,,,,,
2002-10-25,30.3,21.5,,,,,,,,
2002-10-28,26.8,22.0,,,,,,,,
2002-11-06,28.1,16.2,,,,,,,,
2002-11-16,27.4,14.5,,,,,,,,
2002-11-30,24.7,16.0,,,,,,,,
2002-12-08,21.0,12.5,,,,,,,,
2006-11-18,22.8,15.0,30.2,0.0,,,,,,
2018-12-20,19.9,11.8,,,,,,,,
2018-12-22,19.7,10.0,,,,,,,,
2018-12-24,17.9,12.0,,,,,,,,
2018-12-26,19.4,11.4,,,,,,,,
2018-12-27,19.1,11.9,,,,,,,,
2018-12-28,18.3,12.5,,,,,,,,
2018-12-29,17.9,11.5,,,,,,,,
2018-12-31,18.8,10.2,,,,,,,,
2019-01-01,18.4,9.6,,,,,,,,
2019-01-05,17.1,6.2,,,,,,,,
2019-01-09,18.7,10.0,,,,,,,,
2019-01-10,17.4,8.2,,,,,,,,
2019-01-11,19.4,8.5,,,,,,,,
2019-01-12,18.3,9.3,,,,,,,,
2019-01-13,17.4,9.0,,,,,,,,
2019-01-14,16.3,7.8,,,,,,,,
2019-01-15,15.5,5.3,,,,,,,,
2019-01-16,15.9,4.5,,,,,,,,
2019-01-18,20.4,4.2,,,,,,,,
2019-01-19,21.6,5.4,,,,,,,,
2019-01-20,17.2,8.2,,,,,,,,
2019-01-21,17.5,8.0,,,,,,,,
2019-01-22,17.6,6.1,,,,,,,,
2019-01-23,17.1,6.5,,,,,,,,
2019-01-24,17.1,6.4,,,,,,,,
2019-01-25,18.4,8.6,,,,,,,,
2019-01-26,18.9,8.3,,,,,,,,
2019-01-27,19.1,8.5,,,,,,,,
2019-01-28,18.3,6.8,,,,,,,,
2019-01-29,18.8,7.4,,,,,,,,
2019-01-30,18.5,6.5,,,,,,,,
2019-01-31,18.8,8.0,,,,,,,,
2019-02-01,20.6,9.0,,,,,,,,
2019-02-03,22.2,9.3,,,,,,,,
2019-02-05,17.2,10.6,,,,,,,,
2019-02-06,16.4,5.0,,,,,,,,
2019-02-07,17.7,7.5,,,,,,,,
2019-02-08,18.7,8.2,,,,,,,,
2019-02-10,20.1,12.0,,,,,,,,
2019-02-11,20.2,13.0,,,,,,,,
2019-02-12,19.5,9.0,,,,,,,,
2019-02-13,19.7,8.3,,0.0,,,,,,
2019-02-14,18.4,12.6,,,,,,,,
2019-02-15,18.1,12.2,,,,,,,,
2019-02-16,17.9,10.7,,,,,,,,
2019-02-17,19.1,9.3,,,,,,,,
2019-02-18,21.4,13.0,,,,,,,,
2019-02-19,21.2,10.0,,,,,,,,
2019-02-20,25.0,17.5,,,,,,,,
2019-02-21,24.6,14.6,,,,,,,,
2019-02-22,23.2,13.2,,,,,,,,
2019-02-23,21.7,11.6,,,,,,,,
2019-02-24,24.1,12.2,,,,,,,,
2019-02-26,22.6,14.5,,,,,,,,
2019-02-27,22.6,10.6,,,,,,,,
2019-02-28,20.7,12.5,,,,,,,,
2019-03-01,19.0,10.2,,,,,,,,
2019-03-02,22.2,13.0,,,,,,,,
2019-03-03,23.7,17.0,,,,,,,,
2019-03-04,24.8,18.2,,,,,,,,
2019-03-05,23.2,11.0,,,,,,,,
2019-03-06,25.4,17.3,,,,,,,,
2019-03-07,26.2,18.0,,,,,,,,
2019-03-08,27.5,18.8,,,,,,,,
2019-03-09,27.6,20.0,,,,,,,,
2019-03-11,26.2,20.5,,,,,,,,
2019-03-12,26.0,19.5,,,,,,,,
2019-03-14,25.3,19.0,,,,,,,,
2019-03-15,27.1,21.8,,,,,,,,
2019-03-17,27.9,19.5,,,,,,,,
2019-03-18,30.4,20.5,,,,,,,,
2019-03-19,32.6,26.5,,,,,,,,
2019-03-20,29.1,20.5,,,,,,,,
2019-03-21,27.8,16.2,,,,,,,,
2019-03-22,27.1,17.5,,,,,,,,
2019-03-23,28.2,21.0,,,,,,,,
2019-03-27,30.3,22.0,,,,,,,,
2019-03-28,32.8,23.5,,,,,,,,
2019-03-29,33.6,25.5,,,,,,,,
2019-03-30,31.8,25.5,,,,,,,,
2019-03-31,31.4,23.5,,,,,,,,
2019-04-01,32.5,23.0,,,,,,,,
2019-04-02,34.4,25.0,,,,,,,,
2019-04-03,34.2,26.0,,,,,,,,
2019-04-04,34.9,24.2,,,,,,,,
2019-04-05,35.2,23.6,,,,,,,,
2019-04-06,33.0,25.6,,,,,,,,
2019-04-07,29.8,22.4,,,,,,,,
2019-04-08,29.4,19.5,,,,,,,,
2019-04-09,31.1,19.9,,,,,,,,
2019-04-10,30.1,18.0,,,,,,,,
2019-04-11,27.9,20.2,,,,,,,,
2019-04-12,30.1,17.3,,,,,,,,
2019-04-13,31.0,21.2,,,,,,,,
2019-04-14,28.9,17.1,,,,,,,,
2019-04-15,29.4,22.4,,,,,,,,
2019-04-16,28.9,19.0,,,,,,,,
2019-04-17,30.2,19.5,,,,,,,,
2019-04-19,31.6,17.6,,,,,,,,
2019-04-21,34.4,19.2,,,,,,,,
2019-04-22,35.9,24.6,,,,,,,,
2019-04-23,33.2,29.0,,,,,,,,
2019-04-24,32.7,22.0,,,,,,,,
2019-04-25,35.3,26.2,,,,,,,,
2019-04-26,37.2,29.5,,,,,,,,
2019-04-27,37.1,27.5,,,,,,,,
2019-04-28,36.6,29.5,,,,,,,,
2019-04-29,37.0,29.5,,,,,,,,
2019-04-30,34.1,22.6,,,,,,,,
2019-05-01,34.5,21.7,,,,,,,,
2019-05-02,34.7,21.0,,,,,,,,
2019-05-04,37.1,24.3,,,,,,,,
2019-05-05,37.6,27.1,,,,,,,,
2019-05-06,38.2,28.0,,,,,,,,
2019-05-07,38.2,26.5,,,,,,,,
2019-05-08,37.8,27.1,,,,,,,,
2019-05-09,39.3,28.2,,,,,,,,
2019-05-10,37.6,26.4,,,,,,,,
2019-05-12,36.6,28.8,,,,,,,,
2019-05-13,38.6,30.4,,,,,,,,
2019-05-14,36.7,28.7,,,,,,,,
2019-05-15,36.6,27.4,,,,,,,,
2019-05-16,34.8,23.0,,,,,,,,
2019-05-17,35.4,23.0,,,,,,,,
2019-05-18,35.9,21.0,,,,,,,,
2019-05-19,36.7,22.2,,,,,,,,
2019-05-20,36.5,23.5,,,,,,,,
2019-05-21,34.7,30.5,,,,,,,,
2019-05-22,36.4,28.3,,,,,,,,
2019-05-24,38.0,29.0,,,,,,,,
2019-05-25,38.7,32.7,,,,,,,,
2019-05-26,38.2,29.5,,,,,,,,
2019-05-27,37.9,29.2,,,,,,,,
2019-05-28,37.6,30.8,,,,,,,,
2019-05-29,37.1,25.5,,,,,,,,
2019-05-30,36.6,25.0,,,,,,,,
2019-05-31,37.4,30.0,,,,,,,,
2019-06-01,36.8,29.5,,,,,,,,
2019-06-02,36.6,29.5,,,,,,,,
2019-06-04,36.1,29.6,,,,,,,,
2019-06-05,36.6,30.0,,,,,,,,
2019-06-06,38.0,31.5,,,,,,,,
2019-06-07,39.0,33.3,,,,,,,,
2019-06-08,38.8,32.7,,,,,,,,
2019-06-09,37.9,32.0,,,,,,,,
2019-06-10,37.9,31.5,,,,,,,,
2019-06-13,37.6,28.0,,,,,,,,
2019-06-14,39.1,32.0,,,,,,,,
2019-06-15,39.6,30.8,,,,,,,,
2019-06-18,40.0,30.0,,,,,,,,
2019-06-19,39.3,33.0,,,,,,,,
2019-06-20,39.9,34.5,,,,,,,,
2019-06-21,39.0,34.5,,,,,,,,
2019-06-22,37.9,32.3,,,,,,,,
2019-06-23,38.9,32.7,,,,,,,,
2019-06-24,38.9,30.8,,,,,,,,
2019-06-25,40.0,32.5,,,,,,,,
2019-06-27,35.8,31.8,,,,,,,,
2019-06-28,38.0,30.0,,,,,,,,
2019-06-29,36.8,29.7,,,,,,,,
2019-06-30,38.8,31.8,,,,,,,,
2019-07-01,39.4,32.5,,,,,,,,
2019-07-02,37.3,33.3,,,,,,,,
2019-07-03,38.0,31.5,,,,,,,,
2019-07-04,37.3,30.0,,,,,,,,
2019-07-05,35.5,31.8,40.5,,,,,,,
2019-07-06,37.3,30.7,,,,,,,,
2019-07-07,38.0,30.6,,,,,,,,
2019-07-08,37.7,31.3,,,,,,,,
2019-07-09,36.0,29.5,,,,,,,,
2019-07-10,36.0,30.0,,,,,,,,
2019-07-11,38.9,32.5,,,,,,,,
2019-07-12,37.0,28.0,,,,,,,,
2019-07-13,35.4,29.0,,,,,,,,
2019-07-14,37.5,30.8,,,,,,,,
2019-07-15,38.4,28.0,,,,,,,,
2019-07-16,37.6,31.5,,,,,,,,
2019-07-17,37.7,31.2,,,,,,,,
2019-07-18,39.6,31.4,,,,,,,,
2019-07-19,37.9,31.4,,,,,,,,
2019-07-20,36.6,32.5,,,,,,,,
2019-07-21,35.4,27.0,,,,,,,,
2019-07-22,38.4,31.5,,,,,,,,
2019-07-23,37.0,30.0,,,,,,,,
2019-07-24,33.1,23.2,,7.1,,,,,,
2019-07-25,33.5,26.2,,0.0,,,,,,
2019-07-26,37.0,22.8,,,,,,,,
2019-07-28,37.3,31.6,,,,,,,,
2019-07-29,34.3,25.0,,5.1,,,,,,
2019-07-30,34.4,27.7,,0.0,,,,,,
2019-07-31,37.3,29.0,,,,,,,,
2019-08-01,38.1,30.8,,,,,,,,
2019-08-02,36.9,28.4,,,,,,,,
2019-08-03,34.9,28.6,,,,,,,,
2019-08-04,33.2,24.7,,,,,,,,
2019-08-05,37.3,30.5,,,,,,,,
2019-08-06,35.4,28.4,,,,,,,,
2019-08-07,35.1,29.5,,,,,,,,
2019-08-08,35.8,30.0,,,,,,,,
2019-08-09,35.9,26.5,,,,,,,,
2019-08-10,35.1,28.0,,,,,,,,
2019-08-12,36.0,30.0,,,,,,,,
2019-08-13,31.9,25.1,,,,,,,,
2019-08-14,35.6,29.5,,,,,,,,
2019-08-15,34.7,27.5,,4.1,,,,,,
2019-08-16,34.9,25.5,,0.0,,,,,,
2019-08-17,34.3,28.7,,,,,,,,
2019-08-18,35.1,28.7,,,,,,,,
2019-08-19,37.3,29.5,,,,,,,,
2019-08-20,34.1,27.0,,,,,,,,
2019-08-21,33.7,27.6,,,,,,,,
2019-08-22,30.8,26.6,,,,,,,,
2019-08-23,31.4,26.6,,,,,,,,
2019-08-24,30.7,23.7,,,,,,,,
2019-08-25,28.3,21.7,,9.9,,,,,,
2019-08-26,28.9,23.7,,3.0,,,,,,
2019-08-27,29.7,23.9,,2.0,,,,,,
2019-08-28,33.0,25.6,,0.0,,,,,,
2019-08-29,30.7,24.0,,3.0,,,,,,
2019-08-30,34.1,25.8,,0.0,,,,,,
2019-08-31,36.2,27.2,,,,,,,,
2019-09-01,35.9,25.5,,,,,,,,
2019-09-02,34.1,27.2,,,,,,,,
2019-09-03,36.6,28.6,,,,,,,,
2019-09-04,37.4,27.2,,,,,,,,
2019-09-05,38.2,29.4,,,,,,,,
2019-09-06,35.4,29.0,,,,,,,,
2019-09-08,35.1,28.0,,,,,,,,
2019-09-10,37.4,29.6,,,,,,,,
2019-09-11,36.9,28.8,,,,,,,,
2019-09-12,38.1,30.0,,,,,,,,
2019-09-14,37.2,30.0,,,,,,,,
2019-09-15,36.0,31.2,,,,,,,,
2019-09-16,34.0,26.0,,,,,,,,
2019-09-17,33.6,25.9,,,,,,,,
2019-09-18,34.7,28.5,,,,,,,,
2019-09-19,35.3,29.7,,,,,,,,
2019-09-20,34.8,27.8,,,,,,,,
2019-09-21,35.0,27.1,,,,,,,,
2019-09-22,35.5,30.3,,,,,,,,
2019-09-23,34.9,27.5,,,,,,,,
2019-09-24,35.2,29.0,,,,,,,,
2019-09-25,34.0,26.0,,,,,,,,
2019-09-26,33.8,23.4,,0.0,,,,,,
2019-09-27,35.7,26.0,,,,,,,,
2019-09-28,35.8,25.2,,,,,,,,
2019-09-29,35.8,25.6,,,,,,,,
2019-09-30,35.3,26.5,,,,,,,,
2019-10-01,34.8,26.9,,,,,,,,
2019-10-04,34.2,23.2,,,,,,,,
2019-10-05,33.8,27.5,,,,,,,,
2019-10-06,34.7,26.0,,,,,,,,
2019-10-07,34.7,26.2,,,,,,,,
2019-10-08,34.0,25.3,,,,,,,,
2019-10-09,32.6,25.1,,,,,,,,
2019-10-10,32.4,25.0,,,,,,,,
2019-10-11,32.2,25.8,,1.0,,,,,,
2019-10-12,34.5,28.1,,0.0,,,,,,
2019-10-14,32.6,25.9,,,,,,,,
2019-10-15,32.3,23.2,,,,,,,,
2019-10-16,33.1,22.2,,,,,,,,
2019-10-17,34.1,23.5,,,,,,,,
2019-10-18,34.2,27.0,,,,,,,,
2019-10-20,32.8,25.2,,,,,,,,
2019-10-21,33.2,26.7,,,,,,,,
2019-10-22,34.4,27.0,,,,,,,,
2019-10-23,34.7,27.3,,,,,,,,
2019-10-24,34.0,25.5,,,,,,,,
2019-10-25,32.7,25.7,,,,,,,,
2019-10-26,31.6,23.7,,,,,,,,
2019-10-27,32.4,23.0,,,,,,,,
2019-10-28,32.1,24.4,,,,,,,,
2019-10-29,28.6,18.8,,,,,,,,
2019-10-30,30.2,20.0,,,,,,,,
2019-10-31,31.1,21.2,,,,,,,,
2019-11-01,32.2,25.2,,,,,,,,
2019-11-03,30.5,20.0,,,,,,,,
2019-11-04,30.3,20.0,,,,,,,,
2019-11-05,29.8,18.6,,,,,,,,
2019-11-06,30.2,19.6,,,,,,,,
2019-11-08,30.7,19.0,,,,,,,,
2019-11-09,30.2,19.7,,,,,,,,
2019-11-10,30.3,19.5,,,,,,,,
2019-11-11,27.6,24.9,,,,,,,,
2019-11-12,22.1,13.0,,,,,,,,
2019-11-13,22.1,15.6,,,,,,,,
2019-11-14,22.6,16.3,,,,,,,,
2019-11-16,24.4,13.1,,,,,,,,
2019-11-17,25.3,13.3,,,,,,,,
2019-11-18,27.9,17.6,,,,,,,,
2019-11-19,26.9,17.2,,,,,,,,
2019-11-20,26.5,16.7,,,,,,,,
2019-11-21,26.5,18.4,,,,,,,,
2019-11-22,27.9,18.7,,,,,,,,
2019-11-23,26.7,19.0,,,,,,,,
2019-11-24,27.4,18.3,,,,,,,,
2019-11-25,28.6,20.5,,,,,,,,
2019-11-26,26.2,18.4,,,,,,,,
2019-11-27,26.9,17.0,,,,,,,,
2019-11-28,26.6,14.9,36.0,,,,,,,
2019-11-29,26.5,16.6,,,,,,,,
2019-11-30,25.6,15.0,,,,,,,,
2019-12-01,25.9,14.9,,,,,,,,
2019-12-02,24.3,14.4,,,,,,,,
2019-12-03,24.2,14.3,,,,,,,,
2019-12-04,23.4,12.9,,,,,,,,
2019-12-05,24.2,13.4,,,,,,,,
2019-12-06,22.8,12.5,,,,,,,,
2019-12-07,23.8,16.1,,,,,,,,
2019-12-08,24.3,14.9,,,,,,,,
2019-12-09,24.6,16.6,32.1,,,,,,,
2019-12-10,23.3,13.4,,,,,,,,
2019-12-11,22.7,14.7,,,,,,,,
2019-12-12,20.9,13.0,,,,,,,,
2019-12-13,19.1,9.7,,,,,,,,
2019-12-14,19.3,10.3,,,,,,,,
2019-12-15,18.9,9.3,,,,,,,,
2019-12-16,20.1,11.4,,,,,,,,
2019-12-17,20.1,10.3,,,,,,,,
2019-12-18,21.2,11.5,,,,,,,,
2019-12-19,21.4,11.1,,,,,,,,
2019-12-20,23.1,13.2,,,,,,,,
2019-12-21,22.1,13.0,,,,,,,,
2019-12-22,21.9,13.4,,,,,,,,
2019-12-23,22.2,11.8,,,,,,,,
2019-12-24,22.3,14.2,,,,,,,,
2019-12-25,22.1,17.8,,,,,,,,
2019-12-26,20.4,14.2,,,,,,,,
2019-12-27,20.4,11.4,,,,,,,,
2019-12-28,21.0,13.8,,,,,,,,
2019-12-29,19.5,12.0,,,,,,,,
2019-12-30,18.6,13.0,,,,,,,,
2019-12-31,17.2,9.3,,,,,,,,
2020-01-01,14.0,10.7,,,,,,,,
2020-01-02,13.0,8.4,,,,,,,,
2020-01-04,15.8,10.8,,,,,,,,
2020-01-05,15.4,9.8,,,,,,,,
2020-01-06,14.9,6.4,,,,,,,,
2020-01-07,16.8,10.3,,,,,,,,
2020-01-08,17.6,12.7,,,,,,,,
2020-01-10,20.3,14.5,,,,,,,,
2020-01-13,17.4,11.5,,,,,,,,
2020-01-14,16.3,12.4,,,,,,,,
2020-01-15,16.2,11.2,,,,,,,,
2020-01-16,17.3,12.7,,,,,,,,
2020-01-17,18.5,13.7,,,,,,,,
2020-01-19,18.0,12.4,,,,,,,,
2020-01-20,17.8,9.2,,,,,,,,
2020-01-21,19.7,11.0,,,,,,,,
2020-01-22,21.5,14.0,,,,,,,,
2020-01-23,22.3,14.3,,,,,,,,
2020-01-24,22.8,15.0,,,,,,,,
2020-01-25,23.1,17.0,,,,,,,,
2020-01-26,21.8,14.2,,,,,,,,
2020-01-27,22.0,13.6,,,,,,,,
2020-01-28,24.5,16.3,,,,,,,,
2020-01-29,23.5,14.0,,,,,,,,
2020-01-30,23.5,13.1,,,,,,,,
2020-02-01,23.7,13.6,,,,,,,,
2020-02-02,22.6,11.2,,,,,,,,
2020-02-03,22.1,10.8,,,,,,,,
2020-02-05,21.9,15.7,,,,,,,,
2020-02-06,21.4,11.1,,,,,,,,
2020-02-07,23.9,17.1,,,,,,,,
2020-02-08,19.8,14.6,,,,,,,,
2020-02-09,20.7,13.1,,,,,,,,
2020-02-11,20.7,15.5,,,,,,,,
2020-02-12,22.7,17.5,,,,,,,,
2020-02-13,21.8,14.0,,,,,,,,
2020-02-14,21.1,14.3,,,,,,,,
2020-02-15,23.6,13.7,,,,,,,,
2020-02-16,24.9,19.5,,,,,,,,
2020-02-19,21.8,15.7,,,,,,,,
2020-02-20,22.3,13.5,,,,,,,,
2020-02-21,23.2,16.3,,,,,,,,
2020-02-22,23.4,17.6,,,,,,,,
2020-02-23,25.1,19.6,,,,,,,,
2020-02-25,21.2,15.2,,,,,,,,
2020-02-26,21.1,11.5,,,,,,,,
2020-02-27,22.3,13.0,,,,,,,,
2020-02-29,26.1,17.0,,,,,,,,
2020-03-01,26.4,16.6,,,,,,,,
2020-03-02,27.2,19.4,,,,,,,,
2020-03-03,27.0,17.4,,,,,,,,
2020-03-04,26.1,13.3,,,,,,,,
2020-03-05,27.3,16.1,,,,,,,,
2020-03-06,28.7,21.7,,,,,,,,
2020-03-08,28.0,15.5,,,,,,,,
2020-03-09,27.5,17.3,,,,,,,,
2020-03-10,26.7,16.3,,,,,,,,
2020-03-11,24.8,16.5,,,,,,,,
2020-03-12,21.8,16.5,,,,,,,,
2020-03-13,22.7,15.8,,,,,,,,
2020-03-14,24.0,14.0,,,,,,,,
2020-03-15,25.9,15.4,,,,,,,,
2020-03-16,27.9,17.2,,,,,,,,
2020-03-17,28.8,16.5,,,,,,,,
2020-03-18,29.8,19.2,,,,,,,,
2020-03-19,32.0,24.3,,,,,,,,
2020-03-22,29.3,19.7,,,,,,,,
2020-03-23,30.3,17.3,,,,,,,,
2020-03-24,31.3,21.0,,,,,,,,
2020-03-25,27.0,23.0,,,,,,,,
2020-03-26,25.2,19.4,,,,,,,,
2020-03-27,27.4,17.0,,,,,,,,
2020-03-28,30.4,18.3,,,,,,,,
2020-03-29,32.0,26.6,,,,,,,,
2020-03-30,31.3,23.4,,,,,,,,
2020-03-31,31.8,22.0,,,,,,,,
2020-04-02,31.7,19.6,,,,,,,,
2020-04-03,31.6,19.3,,,,,,,,
2020-04-05,32.9,22.2,,,,,,,,
2020-04-06,33.1,20.3,,,,,,,,
2020-04-07,32.2,20.6,,,,,,,,
2020-04-08,33.2,26.0,,,,,,,,
2020-04-09,32.6,25.5,,,,,,,,
2020-04-10,32.9,25.1,,,,,,,,
2020-04-11,33.9,25.1,,,,,,,,
2020-04-12,34.4,25.5,,,,,,,,
2020-04-14,34.6,22.9,,,,,,,,
2020-04-15,32.7,23.2,,,,,,,,
2020-04-16,34.7,26.8,,,,,,,,
2020-04-17,34.6,24.3,,,,,,,,
2020-04-18,35.0,24.8,,,,,,,,
2020-04-19,34.8,23.1,,,,,,,,
2020-04-20,35.4,26.5,,,,,,,,
2020-04-22,36.8,28.1,,,,,,,,
2020-04-23,36.7,28.4,,,,,,,,
2020-04-24,37.8,28.1,,,,,,,,
2020-04-26,37.9,29.0,,,,,,,,
2020-04-27,37.1,26.4,,,,,,,,
2020-04-28,38.3,28.5,,0.0,,,,,,
2020-04-29,39.0,29.0,,,,,,,,
2020-04-30,39.3,30.6,,,,,,,,
2020-05-01,38.5,30.2,,,,,,,,
2020-05-02,37.8,29.8,,,,,,,,
2020-05-03,37.9,27.8,,,,,,,,
2020-05-04,36.8,28.7,,,,,,,,
2020-05-05,35.5,27.2,,,,,,,,
2020-05-06,36.6,28.2,,,,,,,,
2020-05-07,35.4,26.2,,,,,,,,
2020-05-08,34.9,24.9,,,,,,,,
2020-05-09,35.3,23.8,,,,,,,,
2020-05-10,37.1,24.1,,,,,,,,
2020-05-11,36.6,25.8,,,,,,,,
2020-05-12,36.4,27.5,,,,,,,,
2020-05-13,36.3,27.9,,,,,,,,
2020-05-14,36.8,25.0,,,,,,,,
2020-05-15,36.7,25.2,,,,,,,,
2020-05-16,36.4,24.6,,,,,,,,
2020-05-17,37.1,29.9,,,,,,,,
2020-05-18,38.9,28.7,,,,,,,,
2020-05-20,38.7,28.4,,,,,,,,
2020-05-21,36.1,28.1,,,,,,,,
2020-05-22,34.3,25.4,,,,,,,,
2020-05-23,34.9,24.6,,,,,,,,
2020-05-24,35.8,27.7,,,,,,,,
2020-05-25,37.9,30.2,,,,,,,,
2020-05-27,34.5,29.0,,,,,,,,
2020-05-28,35.6,30.1,,,,,,,,
2020-05-29,37.4,30.6,,,,,,,,
2020-05-30,38.1,31.4,,,,,,,,
2020-05-31,38.3,28.5,,,,,,,,
2020-06-02,41.0,31.1,,,,,,,,
2020-06-03,40.9,33.5,,,,,,,,
2020-06-04,40.1,30.8,,,,,,,,
2020-06-05,37.4,31.8,,,,,,,,
2020-06-06,37.7,30.1,,,,,,,,
2020-06-07,38.4,32.6,,,,,,,,
2020-06-08,38.0,31.1,,,,,,,,
2020-06-09,41.0,31.9,,,,,,,,
2020-06-10,38.4,31.2,,,,,,,,
2020-06-11,40.3,32.9,,,,,,,,
2020-06-12,40.2,32.1,,,,,,,,
2020-06-13,40.8,34.6,,,,,,,,
2020-06-14,40.2,33.6,,,,,,,,
2020-06-15,40.3,31.0,,,,,,,,
2020-06-16,39.9,29.9,,,,,,,,
2020-06-17,38.3,32.9,,,,,,,,
2020-06-18,37.0,31.5,,,,,,,,
2020-06-19,37.8,29.2,,,,,,,,
2020-06-20,38.6,27.2,,,,,,,,
2020-06-21,37.5,28.4,,,,,,,,
2020-06-22,36.8,24.7,,,,,,,,
2020-06-23,37.3,26.8,,,,,,,,
2020-06-24,38.5,29.0,,,,,,,,
2020-06-25,38.6,26.0,,,,,,,,
2020-06-26,39.1,27.3,,,,,,,,
2020-06-27,38.9,33.2,,,,,,,,
2020-06-28,37.6,31.6,,,,,,,,
2020-06-29,38.0,31.8,,,,,,,,
2020-06-30,36.4,27.5,,,,,,,,
2020-07-01,36.7,26.9,,,,,,,,
2020-07-02,38.8,30.4,,,,,,,,
2020-07-03,38.3,32.2,,,,,,,,
2020-07-04,38.1,31.7,,,,,,,,
2020-07-05,36.5,32.2,,,,,,,,
2020-07-06,37.5,25.6,,,,,,,,
2020-07-07,37.4,27.5,,,,,,,,
2020-07-08,35.3,29.6,,,,,,,,
2020-07-09,34.5,30.2,,,,,,,,
2020-07-10,36.3,30.6,,,,,,,,
2020-07-11,32.8,24.8,,,,,,,,
2020-07-12,38.0,29.8,,,,,,,,
2020-07-13,34.6,29.8,,,,,,,,
2020-07-14,34.3,28.3,,,,,,,,
2020-07-15,34.7,28.0,,,,,,,,
2020-07-18,33.4,26.1,,,,,,,,
2020-07-19,36.6,29.6,,,,,,,,
2020-07-20,36.5,29.3,,,,,,,,
2020-07-21,35.7,30.9,,,,,,,,
2020-07-22,35.0,26.4,,,,,,,,
2020-07-23,38.0,29.2,,,,,,,,
2020-07-24,34.1,30.8,,,,,,,,
2020-07-25,32.7,21.5,,3.0,,,,,,
2020-07-26,35.1,28.4,,0.0,,,,,,
2020-07-27,37.1,28.9,,,,,,,,
2020-07-28,35.1,28.2,,,,,,,,
2020-07-29,36.4,30.4,,,,,,,,
2020-08-01,35.7,30.3,,,,,,,,
2020-08-02,36.3,28.7,,,,,,,,
2020-08-03,36.5,29.9,,,,,,,,
2020-08-06,38.7,31.2,,,,,,,,
2020-08-07,34.4,29.3,,,,,,,,
2020-08-08,32.4,22.9,,8.9,,,,,,
2020-08-10,32.3,27.5,,,,,,,,
2020-08-11,33.4,28.5,,,,,,,,
2020-08-13,35.5,28.2,,,,,,,,
2020-08-14,38.3,31.3,,,,,,,,
2020-08-15,35.8,29.9,,,,,,,,
2020-08-16,34.7,29.7,,,,,,,,
2020-08-17,36.7,28.8,,,,,,,,
2020-08-18,36.5,30.4,,,,,,,,
2020-08-19,36.0,28.7,,,,,,,,
2020-08-20,37.9,31.0,,,,,,,,
2020-08-21,39.7,32.7,,,,,,,,
2020-08-22,34.8,29.3,,,,,,,,
2020-08-24,33.4,26.5,,,,,,,,
2020-08-26,31.8,27.8,,0.0,,,,,,
2020-08-27,33.9,26.7,,,,,,,,
2020-08-29,30.3,24.7,,,,,,,,
2020-08-30,25.9,21.5,,25.9,,,,,,
2020-09-01,34.1,27.9,,,,,,,,
2020-09-02,32.9,27.1,,,,,,,,
2020-09-03,31.9,27.6,,,,,,,,
2020-09-05,33.7,26.7,,,,,,,,
2020-09-07,32.7,27.5,,,,,,,,
2020-09-08,34.9,28.8,,,,,,,,
2020-09-09,37.4,32.3,,,,,,,,
2020-09-10,37.1,31.8,,,,,,,,
2020-09-11,34.0,27.5,,,,,,,,
2020-09-12,35.9,27.0,,,,,,,,
2020-09-13,36.3,25.9,,,,,,,,
2020-09-14,36.0,26.0,,,,,,,,
2020-09-15,37.1,27.6,,,,,,,,
2020-09-16,35.8,27.4,,,,,,,,
2020-09-17,32.3,28.7,,,,,,,,
2020-09-18,33.6,24.6,,1.0,,,,,,
2020-09-19,36.5,29.4,,0.0,,,,,,
2020-09-20,35.3,28.5,,,,,,,,
2020-09-21,35.8,28.6,,,,,,,,
2020-09-22,35.3,28.1,,,,,,,,
2020-09-23,34.6,27.3,,,,,,,,
2020-09-24,35.7,28.4,,,,,,,,
2020-09-25,35.0,27.4,,,,,,,,
2020-09-26,33.5,24.4,,,,,,,,
2020-09-27,33.7,24.9,,,,,,,,
2020-09-28,33.6,27.5,,,,,,,,
2020-09-29,35.8,25.4,,,,,,,,
2020-09-30,36.9,28.6,,,,,,,,
2020-10-01,35.3,26.8,,,,,,,,
2020-10-02,32.7,26.5,,,,,,,,
2020-10-03,34.3,26.3,,,,,,,,
2020-10-04,34.4,27.2,,,,,,,,
2020-10-05,35.1,26.4,,,,,,,,
2020-10-06,37.0,28.6,,,,,,,,
2020-10-07,35.7,28.0,,,,,,,,
2020-10-08,34.8,25.0,,,,,,,,
2020-10-09,32.4,24.5,,,,,,,,
2020-10-10,32.6,27.3,,,,,,,,
2020-10-11,34.9,28.7,,,,,,,,
2020-10-12,32.6,23.8,,,,,,,,
2020-10-13,33.2,23.8,,,,,,,,
2020-10-14,33.3,24.0,,,,,,,,
2020-10-15,34.1,24.0,,,,,,,,
2020-10-16,34.1,24.5,,,,,,,,
2020-10-17,34.4,24.4,,,,,,,,
2020-10-18,33.7,26.4,,,,,,,,
2020-10-19,33.5,24.9,,,,,,,,
2020-10-21,31.9,20.6,,,,,,,,
2020-10-22,32.5,22.7,,,,,,,,
2020-10-23,32.8,25.9,,,,,,,,
2020-10-24,29.6,22.4,,,,,,,,
2020-10-25,27.7,18.6,,,,,,,,
2020-10-26,27.8,19.7,,,,,,,,
2020-10-27,26.6,16.0,,,,,,,,
2020-10-28,27.8,18.5,34.6,,,,,,,
2020-10-29,28.3,19.1,35.4,0.0,,,,,,
2020-10-30,29.0,22.6,,0.0,,,,,,
2020-10-31,28.3,21.9,,,,,,,,
2020-11-01,26.3,20.5,,,,,,,,
2020-11-02,25.9,19.5,,,,,,,,
2020-11-03,26.1,19.9,,,,,,,,
2020-11-04,27.2,21.2,,,,,,,,
2020-11-05,26.6,18.7,,,,,,,,
2020-11-06,25.8,19.0,,,,,,,,
2020-11-07,26.2,19.7,,,,,,,,
2020-11-08,24.9,19.2,,,,,,,,
2020-11-09,24.5,19.1,,,,,,,,
2020-11-10,24.9,20.1,,,,,,,,
2020-11-11,24.9,18.6,,,,,,,,
2020-11-12,24.0,16.0,,,,,,,,
2020-11-13,24.3,15.9,,,,,,,,
2020-11-14,25.6,18.4,,,,,,,,
2020-11-15,24.8,19.5,,,,,,,,
2020-11-17,24.8,18.4,,,,,,,,
2020-11-18,26.2,16.4,29.7,,,,,,,
2020-11-19,23.1,14.7,,,,,,,,
2020-11-20,23.4,18.7,,,,,,,,
2020-11-21,21.9,14.0,,,,,,,,
2020-11-22,21.5,13.2,,,,,,,,
2020-11-23,22.9,13.0,,,,,,,,
2020-11-24,21.1,12.3,,,,,,,,
2020-11-25,23.2,15.6,,,,,,,,
2020-11-26,22.8,13.5,,,,,,,,
2020-11-27,24.1,13.9,,,,,,,,
2020-11-28,26.1,15.9,,,,,,,,
2020-11-29,23.9,16.0,,,,,,,,
2020-11-30,25.1,15.1,,,,,,,,
2020-12-01,25.6,17.6,,,,,,,,
2020-12-02,24.6,15.4,,,,,,,,
2020-12-03,26.4,16.0,,,,,,,,
2020-12-04,27.1,17.3,,,,,,,,
2020-12-05,27.1,15.4,,,,,,,,
2020-12-06,24.4,14.5,,,,,,,,
2020-12-07,24.4,14.5,,,,,,,,
2020-12-08,24.4,17.1,,,,,,,,
2020-12-09,25.7,17.0,,,,,,,,
2020-12-10,26.0,18.1,,,,,,,,
2020-12-11,25.4,16.4,,,,,,,,
2020-12-12,23.8,15.5,,,,,,,,
2020-12-13,21.5,11.5,,,,,,,,
2020-12-14,21.5,11.0,,,,,,,,
2020-12-15,21.6,12.1,,,,,,,,
2020-12-18,21.2,14.7,,,,,,,,
2020-12-19,22.8,13.3,,,,,,,,
2020-12-20,22.8,12.9,,,,,,,,
2020-12-21,22.7,14.3,,,,,,,,
2020-12-22,20.4,13.7,,,,,,,,
2020-12-23,21.0,16.2,,,,,,,,
2020-12-24,20.5,14.5,,,,,,,,
2020-12-25,19.1,15.4,,,,,,,,
2020-12-26,18.9,13.2,,,,,,,,
2020-12-27,18.2,10.9,,,,,,,,
2020-12-28,18.4,9.5,,,,,,,,
2020-12-29,18.8,9.3,,,,,,,,
2020-12-30,20.5,11.2,,,,,,,,
2020-12-31,21.9,11.2,,,,,,,,
2021-01-01,22.7,12.2,,,,,,,,
2021-01-02,23.3,13.1,30.7,0.0,,,10.4,,1011.1,
2021-01-03,25.7,15.4,31.3,0.0,,,9.9,,1011.2,
2021-01-04,24.8,15.3,31.9,0.0,,,8.5,,1011.2,
2021-01-05,24.7,15.1,30.9,0.0,,,9.1,,1011.6,
2021-01-06,24.8,16.3,31.1,0.0,,,12.1,,1013.8,
2021-01-07,25.8,15.5,33.4,0.0,,,13.5,,1014.9,
2021-01-08,26.3,15.5,36.0,0.0,,,14.9,,1014.9,
2021-01-09,25.7,16.3,32.5,0.0,,,14.1,,1014.2,
2021-01-10,25.3,15.7,31.6,0.0,,,11.6,,1013.6,
2021-01-11,23.2,12.7,31.1,0.0,,,8.3,,1013.3,
2021-01-12,24.9,14.8,30.3,0.0,,,8.2,,1014.7,
2021-01-13,24.9,16.3,30.3,0.0,,,15.0,,1015.9,
2021-01-14,22.8,14.8,28.4,0.0,,,12.8,,1015.8,
2021-01-15,21.6,13.6,29.2,0.0,,,9.0,,1013.5,
2021-01-16,21.6,13.6,27.3,0.0,,,13.7,,1013.1,
2021-01-17,20.7,12.8,26.4,0.0,,,25.0,,1015.1,
2021-01-18,19.9,14.8,25.0,0.0,,,26.1,,1017.5,
2021-01-19,19.3,14.1,23.6,0.0,,,25.3,,1019.3,
2021-01-20,18.4,12.5,23.3,0.0,,,25.4,,1019.7,
2021-01-21,18.8,13.0,25.8,0.0,,,20.1,,1019.5,
2021-01-22,19.4,12.8,24.7,0.0,,,21.0,,1018.4,
2021-01-23,18.9,9.0,25.3,0.0,,,20.7,,1017.0,
2021-01-24,20.0,9.8,29.0,0.0,,,21.5,,1016.8,
2021-01-25,20.2,11.1,27.2,0.0,,,18.9,,1016.7,
2021-01-26,20.0,10.7,27.1,0.0,,,16.9,,1016.4,
2021-01-27,21.8,10.8,29.0,0.0,,,21.1,,1015.9,
2021-01-28,22.2,15.8,27.4,0.0,,,24.4,,1017.6,
2021-01-29,21.2,15.5,26.0,0.0,,,23.9,,1019.2,
2021-01-30,20.9,13.2,25.8,0.0,,,17.3,,1017.6,
2021-01-31,19.4,10.0,26.1,0.0,,,12.1,,1014.9,
2021-02-01,20.5,8.2,27.9,0.0,,,11.9,,1014.0,
2021-02-02,22.1,10.6,29.0,0.0,,,14.6,,1015.2,
2021-02-03,22.7,12.5,28.9,0.0,,,19.2,,1016.9,
2021-02-04,22.5,16.0,27.3,0.0,,,19.4,,1017.1,
2021-02-05,20.1,11.7,26.6,0.0,,,11.7,,1017.1,
2021-02-06,22.0,13.1,27.8,0.0,,,9.3,,1015.7,
2021-02-07,22.5,13.0,28.3,0.0,,,7.9,,1013.8,
2021-02-08,24.1,17.2,28.9,0.0,,,13.4,,1013.5,
2021-02-09,23.3,17.0,29.6,0.0,,,12.5,,1014.0,
2021-02-10,23.0,15.1,30.3,0.0,,,11.5,,1014.4,
2021-02-11,23.1,15.2,31.0,0.0,,,13.4,,1014.2,
2021-02-12,23.6,16.2,31.1,0.0,,,18.9,,1014.2,
2021-02-13,22.6,15.0,30.2,0.0,,,19.9,,1013.3,
2021-02-14,24.1,14.4,30.6,0.0,,,16.4,,1012.5,
2021-02-15,25.0,14.7,31.5,0.0,,,14.7,,1013.0,
2021-02-16,21.8,17.5,26.5,0.0,,,31.2,,1016.6,
2021-02-17,17.4,12.5,22.0,0.0,,,31.5,,1020.4,
2021-02-18,19.1,12.1,23.8,0.0,,,18.0,,1020.4,
2021-02-19,19.2,11.1,26.1,0.0,,,17.2,,1019.9,
2021-02-20,20.3,14.2,26.9,0.0,,,16.3,,1019.1,
2021-02-21,20.3,12.6,27.4,0.0,,,19.3,,1017.7,
2021-02-22,23.0,14.0,28.3,0.0,,,19.0,,1017.5,
2021-02-23,22.3,12.6,27.6,0.0,,,16.3,,1017.6,
2021-02-24,21.4,10.0,27.8,0.0,,,11.5,,1016.5,
2021-02-25,22.9,12.0,28.2,0.0,,,11.5,,1014.1,
2021-02-26,21.9,12.4,27.8,0.0,,,12.4,,1013.4,
2021-02-27,23.5,12.8,29.3,0.0,,,11.8,,1013.3,
2021-02-28,25.2,16.5,30.4,0.0,,,18.9,,1013.5,
2021-03-01,25.0,20.8,28.8,0.0,,,17.5,,1014.4,
2021-03-02,26.8,18.9,33.0,0.0,,,15.5,,1013.7,
2021-03-03,26.6,17.7,32.4,0.0,,,12.3,,1013.4,
2021-03-04,29.8,18.5,32.8,0.0,,,10.4,,1011.7,
2021-03-05,27.2,18.9,32.0,0.0,,,9.9,,1012.0,
2021-03-06,28.3,18.9,34.5,0.0,,,8.2,,1013.1,
2021-03-07,28.9,18.4,36.1,0.0,,,10.5,,1012.3,
2021-03-08,31.4,21.4,36.9,0.0,,,13.7,,1009.2,
2021-03-09,30.2,17.0,37.2,0.0,,,12.2,,1007.2,
2021-03-10,32.2,20.6,40.2,0.0,,,16.1,,1006.3,
2021-03-11,29.4,19.7,36.8,0.0,,,13.0,,1006.2,
2021-03-12,27.5,20.6,30.4,0.0,,,15.0,,1006.7,
2021-03-13,25.3,20.0,29.7,0.0,,,13.9,,1009.9,
2021-03-14,25.9,17.6,30.9,0.0,,,10.9,,1010.3,
2021-03-15,28.4,19.2,33.2,0.0,,,17.5,,1009.2,
2021-03-16,29.3,21.1,34.0,0.0,,,17.6,,1008.4,
2021-03-17,30.5,24.8,35.6,0.0,,,15.6,,1007.3,
2021-03-18,30.4,22.1,35.5,0.0,,,10.9,,1007.4,
2021-03-19,28.5,21.5,35.0,0.0,,,10.6,,1007.7,
2021-03-20,29.7,20.1,35.1,0.0,,,12.1,,1008.2,
2021-03-21,30.4,19.9,35.3,0.0,,,9.3,,1008.4,
2021-03-22,29.2,22.5,33.4,0.0,,,18.3,,1008.9,
2021-03-23,27.6,19.5,32.8,0.0,,,18.1,,1012.1,
2021-03-24,28.1,20.6,32.6,0.0,,,21.3,,1013.3,
2021-03-25,26.3,17.6,31.5,0.0,,,21.5,,1013.5,
2021-03-26,24.7,17.3,28.9,0.0,,,30.8,,1017.0,
2021-03-27,23.2,16.4,26.9,0.0,,,31.3,,1018.6,
2021-03-28,23.9,16.0,28.5,0.0,,,24.3,,1018.8,
2021-03-29,25.1,17.5,29.5,0.0,,,22.8,,1017.4,
2021-03-30,25.9,17.9,30.5,0.0,,,22.4,,1016.0,
2021-03-31,26.6,17.4,31.5,0.0,,,17.8,,1014.6,
2021-04-01,26.7,14.3,32.2,0.0,,,13.7,,1014.2,
2021-04-02,28.4,20.7,32.0,0.0,,,15.9,,1015.4,
2021-04-03,25.7,17.1,32.1,0.0,,,12.8,,1014.4,
2021-04-04,25.8,17.5,32.9,0.0,,,11.1,,1013.1,
2021-04-05,28.7,16.0,34.1,0.0,,,8.1,,1011.0,
2021-04-06,30.0,15.5,35.6,0.0,,,4.3,,1009.4,
2021-04-07,32.8,18.3,37.4,0.0,,,7.8,,1009.6,
2021-04-08,32.3,21.8,37.8,0.0,,,14.2,,1010.1,
2021-04-09,30.8,23.5,37.8,0.0,,,13.4,,1009.0,
2021-04-10,32.7,21.1,37.9,0.0,,,12.7,,1008.4,
2021-04-11,33.6,21.3,38.7,0.0,,,13.8,,1009.0,
2021-04-12,33.1,21.5,38.7,0.0,,,7.4,,1010.2,
2021-04-13,32.8,24.6,38.9,0.0,,,9.5,,1011.0,
2021-04-14,32.4,23.9,39.2,0.0,,,9.9,,1009.9,
2021-04-15,33.2,25.3,40.0,0.0,,,14.8,,1008.6,
2021-04-16,35.6,21.2,40.0,0.0,,,13.1,,1007.3,
2021-04-17,33.2,24.5,39.9,0.0,,,12.9,,1007.0,
2021-04-18,34.7,23.5,39.5,0.0,,,9.5,,1007.4,
2021-04-19,35.0,22.4,39.9,0.0,,,9.1,,1007.0,
2021-04-20,34.2,21.9,40.5,0.0,,,9.4,,1005.7,
2021-04-21,35.8,26.7,40.5,0.0,,,11.6,,1004.9,
2021-04-22,34.7,25.1,38.9,0.0,,,12.6,,1006.3,
2021-04-23,33.5,21.6,38.5,0.0,,,11.2,,1006.7,
2021-04-24,33.8,23.0,39.7,0.0,,,9.6,,1006.1,
2021-04-25,36.2,22.5,41.2,0.0,,,12.5,,1006.5,
2021-04-26,38.7,32.4,41.1,0.0,,,10.8,,1008.0,
2021-04-27,38.1,29.1,41.3,0.0,,,12.6,,1007.0,
2021-04-28,37.2,27.2,41.5,0.0,,,11.7,,1006.9,
2021-04-29,36.6,24.4,41.4,0.0,,,9.7,,1007.6,
2021-04-30,36.3,23.6,41.3,0.0,,,10.7,,1007.0,
2021-05-01,35.9,24.4,39.9,0.0,,,11.2,,1007.1,
2021-05-02,34.9,22.0,39.8,0.0,,,10.0,,1007.6,
2021-05-03,33.0,23.9,40.5,0.0,,,11.2,,1007.8,
2021-05-04,35.7,22.1,40.5,0.0,,,11.3,,1007.9,
2021-05-05,35.0,21.7,40.9,0.0,,,10.7,,1006.6,
2021-05-06,35.7,22.6,41.2,0.0,,,8.6,,1007.2,
2021-05-07,37.2,22.4,41.4,0.0,,,9.8,,1008.5,
2021-05-08,37.2,23.8,41.9,0.0,,,11.3,,1008.2,
2021-05-09,36.5,23.6,41.5,0.0,,,16.5,,1008.4,
2021-05-10,38.0,29.3,41.7,0.0,,,11.9,,1009.0,
2021-05-11,38.6,28.8,42.3,0.0,,,9.7,,1008.6,
2021-05-12,39.0,26.0,42.7,0.0,,,5.1,,1007.7,
2021-05-13,38.9,26.1,43.1,0.0,,,10.8,,1005.6,
2021-05-14,39.3,30.7,42.5,0.0,,,12.6,,1006.0,
2021-05-15,39.8,29.2,42.1,0.0,,,9.7,,1007.9,
2021-05-16,39.3,28.6,42.6,0.0,,,6.9,,1008.2,
2021-05-17,40.2,29.1,43.3,0.0,,,10.3,,1007.9,
2021-05-18,39.0,28.6,45.3,0.0,,,13.1,,1008.3,
2021-05-19,38.6,27.9,42.0,0.0,,,9.5,,1008.0,
2021-05-20,38.7,29.9,42.2,0.0,,,10.5,,1007.5,
2021-05-21,38.1,32.4,42.4,0.0,,,13.6,,1007.6,
2021-05-22,38.8,30.2,42.0,0.0,,,12.7,,1009.1,
2021-05-23,38.3,30.1,41.6,0.0,,,14.3,,1009.8,
2021-05-24,37.6,28.3,41.7,0.0,,,11.3,,1010.1,
2021-05-25,38.3,26.6,41.8,0.0,,,12.7,,1009.8,
2021-05-26,36.9,25.9,41.6,0.0,,,16.1,,1008.9,
2021-05-27,36.3,24.7,40.8,0.0,,,10.9,,1009.1,
2021-05-28,37.6,27.6,40.1,0.0,,,14.8,,1009.9,
2021-05-29,37.9,24.3,41.3,0.0,,,10.0,,1009.7,
2021-05-30,38.5,25.8,42.1,0.0,,,11.0,,1008.3,
2021-05-31,37.6,26.9,41.5,0.0,,,12.4,,1008.0,
2021-06-01,37.3,24.0,44.5,0.0,,,10.6,,1007.2,
2021-06-02,39.2,27.6,42.5,0.0,,,11.4,,1007.7,
2021-06-03,38.7,28.6,43.6,0.0,,,10.9,,1009.2,
2021-06-04,40.2,30.9,43.8,0.0,,,9.7,,1009.7,
2021-06-05,40.3,32.0,43.6,0.0,,,15.5,,1009.1,
2021-06-06,38.7,29.5,43.1,0.0,,,15.7,,1008.6,
2021-06-07,37.9,29.1,41.5,0.0,,,15.8,,1008.9,
2021-06-08,37.8,31.6,40.5,0.0,,,17.4,,1009.7,
2021-06-09,38.2,30.0,41.1,0.0,,,13.5,,1009.0,
2021-06-10,37.6,27.8,41.7,0.0,,,13.0,,1007.5,
2021-06-11,38.2,27.3,42.4,0.0,,,15.5,,1006.4,
2021-06-12,38.6,30.0,42.0,0.0,,,18.5,,1008.7,
2021-06-13,38.1,28.8,41.7,0.0,,,17.1,,1010.8,
2021-06-14,37.4,30.3,40.6,0.0,,,20.1,,1011.0,
2021-06-15,37.6,27.5,40.2,0.0,,,14.3,,1009.5,
2021-06-16,37.7,29.8,40.4,0.0,,,13.5,,1008.6,
2021-06-17,36.2,25.6,40.0,0.0,,,10.4,,1009.8,
2021-06-18,37.1,25.7,40.7,0.0,,,9.2,,1010.3,
2021-06-19,38.2,27.8,41.3,0.0,,,12.8,,1009.8,
2021-06-20,38.6,29.7,44.1,0.0,,,14.6,,1009.2,
2021-06-21,38.0,27.9,41.2,0.0,,,10.5,,1008.9,
2021-06-22,37.2,28.7,41.1,0.0,,,13.4,,1008.3,
2021-06-23,36.8,29.6,40.7,0.0,,,9.6,,1008.4,
2021-06-24,37.6,30.1,40.6,0.0,,,11.4,,1009.8,
2021-06-25,37.9,28.6,42.0,0.0,,,9.6,,1010.1,
2021-06-26,38.3,31.0,43.9,0.0,,,15.1,,1008.8,
2021-06-27,39.4,33.6,41.7,0.0,,,19.0,,1007.7,
2021-06-28,38.6,32.5,41.9,0.0,,,18.1,,1007.8,
2021-06-29,38.2,31.2,40.9,0.0,,,9.9,,1009.5,
2021-06-30,37.4,30.4,41.7,0.0,,,15.4,,1010.0,
2021-07-01,38.9,32.5,42.4,0.0,,,24.7,,1009.8,
2021-07-02,39.2,33.9,42.5,0.0,,,20.7,,1009.0,
2021-07-03,37.7,28.2,41.1,0.0,,,13.5,,1009.1,
2021-07-04,38.8,29.2,43.0,0.0,,,13.9,,1010.0,
2021-07-05,37.6,30.7,42.0,0.0,,,8.7,,1010.7,
2021-07-06,38.3,28.4,44.7,0.0,,,12.8,,1006.9,
2021-07-07,40.8,30.1,44.1,0.0,,,13.6,,1003.7,
2021-07-08,38.1,28.4,41.6,0.1,,,15.6,,1005.2,
2021-07-09,29.7,23.1,35.1,0.0,,,17.0,,1011.4,
2021-07-10,33.8,28.3,38.1,0.0,,,12.0,,1010.6,
2021-07-11,36.8,30.4,41.3,0.0,,,17.7,,1009.8,
2021-07-12,38.3,27.3,42.8,0.0,,,12.3,,1008.7,
2021-07-13,35.8,27.4,40.9,0.0,,,14.8,,1006.8,
2021-07-14,34.9,30.4,40.2,0.0,,,16.0,,1008.4,
2021-07-15,38.1,31.2,42.5,0.0,,,14.7,,1007.7,
2021-07-16,39.1,34.1,42.1,0.0,,,26.1,,1007.5,
2021-07-17,39.1,33.0,42.0,0.0,,,16.1,,1008.4,
2021-07-18,37.7,29.6,43.6,0.0,,,16.1,,1007.1,
2021-07-19,37.9,30.1,43.0,0.0,,,13.4,,1004.9,
2021-07-20,37.8,31.6,42.2,0.0,,,16.5,,1006.6,
2021-07-21,35.3,30.3,40.5,0.0,,,16.5,,1009.6,
2021-07-22,36.4,30.6,41.4,0.0,,,13.0,,1009.8,
2021-07-23,34.9,29.4,40.7,2.5,,,15.9,,1008.0,
2021-07-24,34.5,28.4,40.3,0.0,,,14.1,,1007.7,
2021-07-25,38.3,32.1,41.5,0.0,,,14.8,,1006.6,
2021-07-26,38.5,31.8,40.8,0.0,,,10.6,,1005.9,
2021-07-27,32.6,28.3,39.5,0.0,,,19.1,,1007.8,
2021-07-28,32.5,25.5,38.4,0.0,,,13.2,,1009.7,
2021-07-29,34.3,26.2,39.6,0.0,,,11.5,,1009.8,
2021-07-30,37.5,30.8,42.2,0.0,,,14.2,,1008.4,
2021-07-31,36.7,27.9,41.9,0.0,,,13.3,,1008.1,
2021-08-01,34.7,29.3,40.2,0.0,,,19.2,,1010.5,
2021-08-02,31.7,27.0,41.9,0.0,,,21.0,,1009.2,
2021-08-03,36.2,29.2,41.7,0.0,,,15.7,,1007.6,
2021-08-04,36.9,28.5,41.1,0.0,,,10.9,,1008.4,
2021-08-05,34.4,27.4,39.8,0.0,,,16.7,,1011.0,
2021-08-06,35.7,30.2,40.9,0.0,,,16.0,,1009.6,
2021-08-07,35.8,24.6,41.4,7.9,,,13.8,,1006.7,
2021-08-08,35.3,27.8,42.3,0.0,,,10.7,,1006.7,
2021-08-09,34.4,29.5,38.9,0.0,,,16.9,,1010.6,
2021-08-10,33.7,23.8,40.5,0.0,,,12.6,,1009.8,
2021-08-11,38.0,29.3,44.2,0.0,,,18.6,,1007.5,
2021-08-12,33.2,28.2,38.8,0.2,,,10.9,,1008.6,
2021-08-13,33.8,27.3,40.0,0.0,,,11.0,,1010.8,
2021-08-14,35.8,29.5,40.7,0.0,,,10.1,,1009.3,
2021-08-15,36.1,30.2,41.0,0.0,,,13.8,,1007.6,
2021-08-16,33.5,27.7,39.0,0.0,,,10.5,,1009.8,
2021-08-17,35.2,29.3,40.1,0.0,,,11.7,,1011.5,
2021-08-18,33.8,26.4,39.6,0.0,,,13.3,,1011.6,
2021-08-19,37.9,31.4,42.0,0.0,,,14.6,,1008.4,
2021-08-20,36.8,27.3,41.5,0.0,,,18.5,,1007.3,
2021-08-21,34.5,29.2,39.1,0.0,,,18.3,,1008.8,
2021-08-22,31.1,23.6,39.2,0.0,,,10.1,,1009.8,
2021-08-23,36.3,27.7,41.2,0.0,,,12.9,,1007.7,
2021-08-24,37.4,31.1,41.2,0.0,,,14.3,,1006.1,
2021-08-25,35.7,29.9,39.4,0.0,,,10.8,,1007.3,
2021-08-26,33.3,28.0,39.9,0.0,,,13.2,,1009.1,
2021-08-27,36.7,28.1,41.1,0.0,,,12.2,,1009.0,
2021-08-28,36.2,30.0,40.3,0.0,,,9.9,,1009.3,
2021-08-29,37.9,30.3,41.3,0.0,,,8.9,,1007.5,
2021-08-30,38.2,30.0,40.9,0.0,,,12.2,,1007.8,
2021-08-31,36.4,29.3,41.5,0.0,,,15.0,,1009.0,
2021-09-01,38.2,28.5,42.3,0.0,,,22.8,,1008.6,
2021-09-02,38.4,31.2,41.9,0.0,,,22.5,,1008.6,
2021-09-03,36.4,30.7,40.2,0.0,,,23.1,,1008.6,
2021-09-04,36.2,27.9,39.7,0.0,,,16.8,,1008.4,
2021-09-05,36.9,31.0,39.9,0.0,,,15.7,,1009.1,
2021-09-06,37.3,29.5,40.2,0.0,,,21.3,,1009.4,
2021-09-07,37.3,26.8,39.9,0.0,,,17.3,,1009.4,
2021-09-08,34.5,27.5,38.8,0.0,,,9.1,,1010.3,
2021-09-09,35.4,27.8,39.7,0.0,,,10.5,,1010.7,
2021-09-10,37.3,30.1,42.4,0.0,,,14.3,,1010.6,
2021-09-11,37.9,28.7,42.2,0.0,,,17.2,,1010.6,
2021-09-12,36.6,28.4,41.5,0.0,,,11.8,,1008.8,
2021-09-13,36.8,26.8,41.6,0.0,,,13.9,,1007.9,
2021-09-14,35.9,29.0,39.3,0.0,,,11.6,,1009.7,
2021-09-15,35.4,28.0,39.7,0.0,,,7.6,,1011.4,
2021-09-16,36.1,26.7,40.6,0.0,,,10.3,,1011.5,
2021-09-17,35.3,26.4,39.3,0.0,,,12.6,,1009.7,
2021-09-18,35.6,27.2,39.2,0.0,,,12.8,,1009.0,
2021-09-19,35.6,28.5,39.4,0.0,,,8.4,,1008.9,
2021-09-20,34.9,26.9,39.0,0.0,,,14.8,,1009.2,
2021-09-21,35.3,28.0,39.4,0.0,,,14.0,,1009.2,
2021-09-22,34.7,25.7,39.7,0.0,,,10.6,,1009.6,
2021-09-23,33.3,25.0,38.6,0.0,,,10.3,,1010.4,
2021-09-24,34.7,26.3,39.2,0.0,,,14.0,,1011.0,
2021-09-25,35.9,27.2,38.9,0.0,,,18.7,,1011.9,
2021-09-26,35.4,29.4,38.7,0.0,,,23.8,,1012.5,
2021-09-27,32.2,25.3,35.9,0.0,,,20.8,,1011.6,
2021-09-28,33.6,27.1,37.9,0.0,,,17.7,,1010.5,
2021-09-29,34.7,27.8,37.9,0.0,,,22.8,,1012.4,
2021-09-30,34.5,26.2,37.6,0.0,,,17.0,,1013.4,
2021-10-01,33.6,26.1,37.5,0.0,,,20.0,,1012.4,
2021-10-02,31.9,24.0,35.5,0.0,,,16.6,,1011.5,
2021-10-03,31.4,21.2,35.9,0.0,,,16.4,,1010.9,
2021-10-04,35.1,26.7,37.9,0.0,,,13.6,,1011.3,
2021-10-05,34.5,27.9,37.7,0.0,,,16.8,,1012.0,
2021-10-06,33.9,28.0,36.9,0.0,,,18.8,,1012.3,
2021-10-07,32.2,24.3,36.0,0.0,,,18.7,,1011.8,
2021-10-08,31.7,22.5,35.7,0.0,,,18.3,,1010.9,
2021-10-09,32.0,21.2,36.3,0.0,,,16.8,,1010.7,
2021-10-10,32.0,20.3,36.9,0.0,,,14.5,,1011.4,
2021-10-11,32.2,21.2,36.9,0.0,,,10.8,,1012.3,
2021-10-12,32.3,20.7,37.2,0.0,,,6.5,,1010.7,
2021-10-13,31.8,21.0,37.7,0.0,,,10.7,,1009.3,
2021-10-14,32.6,25.5,37.0,0.0,,,12.7,,1010.7,
2021-10-15,31.8,20.8,37.1,0.0,,,11.0,,1011.4,
2021-10-16,32.3,22.3,38.1,0.0,,,13.4,,1010.8,
2021-10-17,31.7,22.9,36.0,0.0,,,12.4,,1011.8,
2021-10-18,32.9,25.4,35.1,0.0,,,7.8,,1011.7,
2021-10-19,33.5,25.6,38.4,0.0,,,8.0,,1010.0,
2021-10-20,33.5,24.9,38.8,0.0,,,12.9,,1009.2,
2021-10-21,32.6,23.9,38.2,0.0,,,14.9,,1009.4,
2021-10-22,33.2,26.0,38.6,0.0,,,11.5,,1010.1,
2021-10-23,33.8,27.7,38.0,0.0,,,13.3,,1012.2,
2021-10-24,32.2,22.3,37.2,0.0,,,9.7,,1013.8,
2021-10-25,32.2,22.5,37.1,0.0,,,8.5,,1012.5,
2021-10-26,32.2,23.7,36.5,0.0,,,8.4,,1011.6,
2021-10-27,32.0,22.0,36.3,0.0,,,7.9,,1011.2,
2021-10-28,32.4,22.4,37.2,0.0,,,9.8,,1011.1,
2021-10-29,31.4,21.0,36.4,0.0,,,6.7,,1010.9,
2021-10-30,30.5,21.0,35.2,0.0,,,12.6,,1012.6,
2021-10-31,31.8,22.9,35.8,0.0,,,16.6,,1014.7,
2021-11-01,30.8,21.8,35.3,0.0,,,12.6,,1014.4,
2021-11-02,30.5,21.7,34.8,0.0,,,12.7,,1013.9,
2021-11-03,29.3,21.2,34.7,0.0,,,12.2,,1013.4,
2021-11-04,29.7,18.5,35.8,0.0,,,10.2,,1012.9,
2021-11-05,30.4,20.8,36.0,0.0,,,9.0,,1012.2,
2021-11-06,29.6,19.0,35.4,0.0,,,7.8,,1011.4,
2021-11-07,29.4,19.2,35.0,0.0,,,8.3,,1010.5,
2021-11-08,29.0,18.1,34.8,0.0,,,8.8,,1008.6,
2021-11-09,28.4,21.4,33.6,0.0,,,13.4,,1009.3,
2021-11-10,27.7,19.8,32.0,0.0,,,11.1,,1011.8,
2021-11-11,26.9,18.4,32.5,0.0,,,11.9,,1011.7,
2021-11-12,26.8,17.4,32.8,0.0,,,9.6,,1009.8,
2021-11-13,27.2,18.9,31.6,0.0,,,13.5,,1011.2,
2021-11-14,28.4,22.4,31.7,0.0,,,13.3,,1012.6,
2021-11-15,27.3,17.9,31.4,0.0,,,15.1,,1012.9,
2021-11-16,26.8,18.6,31.0,0.0,,,13.9,,1011.6,
2021-11-17,27.7,17.4,33.0,0.0,,,10.5,,1010.4,
2021-11-18,28.0,17.4,33.4,0.0,,,8.8,,1012.3,
2021-11-19,28.0,18.4,33.7,0.0,,,8.4,,1013.8,
2021-11-20,28.3,18.2,34.3,0.0,,,10.2,,1012.7,
2021-11-21,27.8,19.4,33.2,0.0,,,11.9,,1010.8,
2021-11-22,26.7,18.4,31.9,0.0,,,13.1,,1011.9,
2021-11-23,26.6,18.7,31.8,0.0,,,10.3,,1013.6,
2021-11-24,27.4,19.4,33.1,0.0,,,11.3,,1013.5,
2021-11-25,27.3,18.5,32.5,0.0,,,14.6,,1012.8,
2021-11-26,27.1,19.3,31.8,0.0,,,11.4,,1013.7,
2021-11-27,26.8,18.4,32.3,0.0,,,10.1,,1013.9,
2021-11-28,27.1,17.0,33.3,0.0,,,7.8,,1013.4,
2021-11-29,27.6,18.1,33.4,0.0,,,12.6,,1013.6,
2021-11-30,26.3,18.0,31.1,0.0,,,18.0,,1015.7,
2021-12-01,25.5,18.8,30.2,0.0,,,21.4,,1015.8,
2021-12-02,23.7,15.4,29.6,0.0,,,11.3,,1013.6,
2021-12-03,23.7,13.5,30.3,0.0,,,7.9,,1012.8,
2021-12-04,23.0,14.4,29.7,0.0,,,9.2,,1014.5,
2021-12-05,23.4,17.2,27.8,0.0,,,15.0,,1015.4,
2021-12-06,20.8,13.4,28.4,0.0,,,12.9,,1015.4,
2021-12-07,20.7,14.6,27.6,0.0,,,22.1,,1017.2,
2021-12-08,17.0,11.9,23.3,0.0,,,21.7,,1018.8,
2021-12-09,16.5,8.9,24.1,0.0,,,14.8,,1016.6,
2021-12-10,19.4,13.2,26.4,0.0,,,18.0,,1015.1,
2021-12-11,19.9,13.9,26.2,0.0,,,15.7,,1014.3,
2021-12-12,21.7,13.1,27.9,0.0,,,14.9,,1014.1,
2021-12-13,22.2,12.2,27.8,0.0,,,16.4,,1014.3,
2021-12-14,22.3,16.5,25.8,0.0,,,21.8,,1014.6,
2021-12-15,21.3,17.9,21.4,0.0,,,18.9,,1016.4,
2021-12-16,22.6,17.7,27.5,0.0,,,20.8,,1017.3,
2021-12-17,22.0,16.6,26.3,0.0,,,24.4,,1019.2,
2021-12-18,20.3,13.9,24.5,0.0,,,23.1,,1020.0,
2021-12-19,20.3,12.7,25.1,0.0,,,22.8,,1019.4,
2021-12-20,19.6,12.1,25.0,0.0,,,22.4,,1019.8,
2021-12-21,20.2,14.0,23.7,0.0,,,21.9,,1019.4,
2021-12-22,20.2,15.4,23.6,0.0,,,19.5,,1019.0,
2021-12-23,20.1,12.4,25.2,0.0,,,21.8,,1017.6,
2021-12-24,20.7,12.8,25.7,0.0,,,20.9,,1016.7,
2021-12-25,20.2,14.6,24.6,0.0,,,17.7,,1016.6,
2021-12-26,19.0,10.5,25.2,0.0,,,16.6,,1016.1,
2021-12-27,20.7,11.5,25.9,0.0,,,18.6,,1017.5,
2021-12-28,20.0,11.7,25.5,0.0,,,16.2,,1018.7,
2021-12-29,21.7,13.8,26.6,0.0,,,19.4,,1018.1,
2021-12-30,21.0,12.9,25.8,0.0,,,18.0,,1017.5,
2021-12-31,21.0,10.4,26.5,0.0,,,20.3,,1017.4,
2022-01-01,20.8,14.0,25.6,0.0,,,23.8,,1018.5,
2022-01-02,18.4,13.6,22.0,0.0,,,27.8,,1019.3,
2022-01-03,18.8,13.0,22.9,0.0,,,24.0,,1019.1,
2022-01-04,18.3,12.4,23.0,0.0,,,15.6,,1018.8,
2022-01-05,18.0,10.5,23.5,0.0,,,10.6,,1017.6,
2022-01-06,17.9,8.4,23.9,0.0,,,9.2,,1015.4,
2022-01-07,18.0,8.6,24.7,0.0,,,13.7,,1015.5,
2022-01-08,18.1,10.4,23.3,0.0,,,18.8,,1016.1,
2022-01-09,17.4,12.5,21.3,0.0,,,26.1,,1018.1,
2022-01-10,15.7,7.0,21.9,0.0,,,19.6,,1016.7,
2022-01-11,17.1,8.5,24.2,0.0,,,11.8,,1014.9,
2022-01-12,18.7,8.9,24.9,0.0,,,9.9,,1014.5,
2022-01-13,20.0,10.7,25.6,0.0,,,10.8,,1015.7,
2022-01-14,19.0,10.8,24.4,0.0,,,12.3,,1016.1,
2022-01-15,18.4,10.9,23.9,0.0,,,19.1,,1016.1,
2022-01-16,17.6,12.3,22.1,0.0,,,25.2,,1019.2,
2022-01-17,16.1,11.0,19.7,0.0,,,23.8,,1022.6,
2022-01-18,16.3,11.7,19.9,0.0,,,24.6,,1023.8,
2022-01-19,16.5,12.1,20.6,0.0,,,24.5,,1023.3,
2022-01-20,16.6,11.4,20.5,0.0,,,18.9,,1022.0,
2022-01-21,16.3,8.3,21.7,0.0,,,15.7,,1020.1,
2022-01-22,17.5,8.5,23.7,0.0,,,18.1,,1019.5,
2022-01-23,18.5,10.2,24.3,0.0,,,20.7,,1018.7,
2022-01-24,18.3,10.5,22.7,0.0,,,22.3,,1019.2,
2022-01-25,18.2,10.5,22.9,0.0,,,24.0,,1019.3,
2022-01-26,18.5,14.0,22.7,0.0,,,27.3,,1018.9,
2022-01-27,16.9,12.1,21.5,0.0,,,24.8,,1019.5,
2022-01-28,18.3,12.3,23.5,0.0,,,21.8,,1019.8,
2022-01-29,19.5,13.6,24.6,0.0,,,24.3,,1020.5,
2022-01-30,21.1,15.2,25.4,0.0,,,24.5,,1020.5,
2022-01-31,18.8,14.4,22.0,0.0,,,25.9,,1020.5,
2022-02-01,15.8,8.3,23.7,0.0,,,13.7,,1017.3,
2022-02-02,18.8,8.0,24.8,0.0,,,18.6,,1016.1,
2022-02-03,18.6,13.8,22.5,0.0,,,26.8,,1020.2,
2022-02-04,18.8,12.1,23.5,0.0,,,24.4,,1020.9,
2022-02-05,18.0,11.0,23.4,0.0,,,17.2,,1019.9,
2022-02-06,18.3,8.8,24.6,0.0,,,15.3,,1018.2,
2022-02-07,20.3,11.1,26.0,0.0,,,12.8,,1017.0,
2022-02-08,19.7,10.4,27.2,0.0,,,13.3,,1016.2,
2022-02-09,20.5,10.4,28.4,0.0,,,14.6,,1016.2,
2022-02-10,21.2,15.2,26.5,0.0,,,20.2,,1016.1,
2022-02-11,20.2,13.0,25.7,0.0,,,15.6,,1015.2,
2022-02-12,20.1,11.7,26.8,0.0,,,12.6,,1014.6,
2022-02-13,22.1,13.3,28.3,0.0,,,11.0,,1014.1,
2022-02-14,22.4,10.7,28.9,0.0,,,8.7,,1013.7,
2022-02-15,22.9,11.9,30.3,0.0,,,9.3,,1013.7,
2022-02-16,24.1,12.6,30.8,0.0,,,8.5,,1013.2,
2022-02-17,24.3,13.7,30.7,0.0,,,18.2,,1012.3,
2022-02-18,24.0,18.4,29.1,0.0,,,25.1,,1014.1,
2022-02-19,21.9,15.9,26.6,0.0,,,21.9,,1016.0,
2022-02-20,21.4,12.6,28.1,0.0,,,14.0,,1017.3,
2022-02-21,22.0,12.1,29.4,0.0,,,13.5,,1017.3,
2022-02-22,24.2,13.0,30.7,0.0,,,12.0,,1015.6,
2022-02-23,26.7,14.5,33.0,0.0,,,19.2,,1014.8,
2022-02-24,25.3,20.2,29.0,0.0,,,22.9,,1016.4,
2022-02-25,23.6,15.8,28.8,0.0,,,18.6,,1016.1,
2022-02-26,23.6,13.5,29.4,0.0,,,9.7,,1014.6,
2022-02-27,25.1,14.7,31.5,0.0,,,8.3,,1013.7,
2022-02-28,26.2,16.4,32.2,0.0,,,8.6,,1012.7,
2022-03-01,26.4,14.5,33.7,0.0,,,9.2,,1011.2,
2022-03-02,27.9,17.1,34.0,0.0,,,6.2,,1010.0,
2022-03-03,30.5,22.5,35.9,0.0,,,10.1,,1008.7,
2022-03-04,29.3,23.0,35.3,0.0,,,11.2,,1007.5,
2022-03-05,27.0,20.7,32.3,0.0,,,11.5,,1007.9,
2022-03-06,28.0,21.7,31.5,0.2,,,9.6,,1007.8,
2022-03-07,29.1,24.0,33.4,0.6,,,14.0,,1007.1,
2022-03-08,24.1,17.4,29.4,0.0,,,20.5,,1009.7,
2022-03-09,25.6,17.0,31.4,0.0,,,26.9,,1010.2,
2022-03-10,25.1,19.8,28.8,0.0,,,31.2,,1011.8,
2022-03-11,24.1,18.1,29.6,0.0,,,23.1,,1012.6,
2022-03-12,24.0,14.4,30.8,0.0,,,19.9,,1012.8,
2022-03-13,25.7,17.5,30.8,0.0,,,16.1,,1013.0,
2022-03-14,24.9,15.9,30.8,0.0,,,18.9,,1013.8,
2022-03-15,25.8,17.7,31.8,0.0,,,17.5,,1014.6,
2022-03-16,26.5,18.5,32.1,0.0,,,10.3,,1013.0,
2022-03-17,26.1,20.5,30.2,0.0,,,10.6,,1011.9,
2022-03-18,30.1,25.1,33.5,0.0,,,12.0,,1010.8,
2022-03-19,31.2,24.0,36.2,0.0,,,16.1,,1009.4,
2022-03-20,30.2,22.2,36.3,0.0,,,11.4,,1008.6,
2022-03-21,29.0,20.2,34.2,0.0,,,15.5,,1008.8,
2022-03-22,27.8,21.5,33.7,0.0,,,23.5,,1009.9,
2022-03-23,26.8,19.9,32.4,0.0,,,19.6,,1011.6,
2022-03-24,28.6,20.9,33.7,0.0,,,14.5,,1011.0,
2022-03-25,28.6,25.1,31.2,0.0,,,13.9,,1012.0,
2022-03-26,29.9,23.5,35.7,0.0,,,16.0,,1012.9,
2022-03-27,30.0,20.6,34.8,0.0,,,17.2,,1015.4,
2022-03-28,31.7,24.7,35.9,0.0,,,21.4,,1015.2,
2022-03-29,29.8,18.5,36.5,0.0,,,13.1,,1011.8,
2022-03-30,27.9,15.0,34.9,0.0,,,8.4,,1009.6,
2022-03-31,30.1,18.2,36.1,0.0,,,10.7,,1008.3,
2022-04-01,30.7,19.5,37.4,0.0,,,5.9,,1008.5,
2022-04-02,33.1,20.0,38.4,0.0,,,7.2,,1008.3,
2022-04-03,33.1,21.8,39.2,0.0,,,8.9,,1007.2,
2022-04-04,33.9,21.8,40.3,0.0,,,11.8,,1007.5,
2022-04-05,34.2,20.3,40.6,0.0,,,7.9,,1008.8,
2022-04-06,34.3,20.5,43.4,0.0,,,11.2,,1008.7,
2022-04-07,33.5,24.1,41.6,0.0,,,12.2,,1008.3,
2022-04-08,36.2,23.8,41.7,0.0,,,8.6,,1007.7,
2022-04-09,34.8,22.9,40.9,0.0,,,11.0,,1005.6,
2022-04-10,36.0,24.0,41.6,0.0,,,10.0,,1004.5,
2022-04-11,34.1,25.1,41.3,0.0,,,9.4,,1004.9,
2022-04-12,35.6,25.1,41.2,0.0,,,8.4,,1004.6,
2022-04-13,33.5,25.2,40.1,0.0,,,9.5,,1003.7,
2022-04-14,34.0,22.5,40.4,0.0,,,12.7,,1003.9,
2022-04-15,32.8,22.7,40.2,0.0,,,18.6,,1004.7,
2022-04-16,28.0,21.7,33.6,0.0,,,19.4,,1008.2,
2022-04-17,28.0,23.3,31.3,0.0,,,16.4,,1008.4,
2022-04-18,30.6,21.4,37.1,0.0,,,18.8,,1008.3,
2022-04-19,30.3,23.6,36.8,0.0,,,18.8,,1009.7,
2022-04-20,33.3,24.4,40.6,0.0,,,15.9,,1008.4,
2022-04-21,32.6,26.2,39.0,0.0,,,13.3,,1005.5,
2022-04-22,33.9,24.0,40.8,0.0,,,13.1,,1005.9,
2022-04-23,33.2,23.1,40.4,0.0,,,12.4,,1006.6,
2022-04-24,32.9,20.7,40.3,0.0,,,14.5,,1005.9,
2022-04-25,32.5,22.4,39.3,0.0,,,15.4,,1004.8,
2022-04-26,30.9,22.4,36.9,0.0,,,14.0,,1005.8,
2022-04-27,31.2,22.9,37.1,0.0,,,16.8,,1006.5,
2022-04-28,31.1,22.8,36.6,0.0,,,13.6,,1008.1,
2022-04-29,32.2,21.3,39.6,0.0,,,9.6,,1008.4,
2022-04-30,34.5,24.0,40.3,0.0,,,11.0,,1008.8,
2022-05-01,33.5,23.3,39.1,0.0,,,15.7,,1009.8,
2022-05-02,31.3,22.0,38.0,0.0,,,15.2,,1008.6,
2022-05-03,32.3,21.7,39.6,0.0,,,10.5,,1007.7,
2022-05-04,33.6,22.0,41.3,0.0,,,11.4,,1008.7,
2022-05-05,35.8,27.0,41.3,0.0,,,16.1,,1009.6,
2022-05-06,37.0,29.5,42.3,0.0,,,25.2,,1009.4,
2022-05-07,36.6,28.0,41.2,0.0,,,16.0,,1008.3,
2022-05-08,35.9,27.7,41.6,0.0,,,16.7,,1007.5,
2022-05-09,36.3,26.8,42.6,0.0,,,15.6,,1006.7,
2022-05-10,35.5,27.1,42.3,0.0,,,17.0,,1006.0,
2022-05-11,35.9,27.6,42.6,0.0,,,18.3,,1007.6,
2022-05-12,34.6,24.7,42.6,0.0,,,16.0,,1009.3,
2022-05-13,36.2,28.6,42.9,0.0,,,13.8,,1009.6,
2022-05-14,35.2,28.0,41.3,0.0,,,20.2,,1009.3,
2022-05-15,35.1,29.1,40.5,0.0,,,19.8,,1011.5,
2022-05-16,35.7,28.6,41.6,0.0,,,13.4,,1012.7,
2022-05-17,34.8,28.3,40.6,0.0,,,17.8,,1011.3,
2022-05-18,35.4,27.8,40.7,0.0,,,21.1,,1009.6,
2022-05-19,36.2,29.4,41.7,0.0,,,17.7,,1009.9,
2022-05-20,35.6,27.1,41.2,0.0,,,10.7,,1011.5,
2022-05-21,35.3,26.6,41.9,0.0,,,7.7,,1010.8,
2022-05-22,34.0,25.8,40.6,0.0,,,13.8,,1010.5,
2022-05-23,34.3,29.0,39.6,0.0,,,18.2,,1011.3,
2022-05-24,36.2,28.8,41.2,0.0,,,10.5,,1009.8,
2022-05-25,36.5,31.3,41.6,0.0,,,9.1,,1010.1,
2022-05-26,38.2,32.7,42.7,0.0,,,,,,
2022-05-27,39.3,33.8,44.2,0.0,,,,,,
2022-05-28,39.2,29.9,45.4,0.0,,,7.7,,1007.1,
2022-05-29,38.2,29.1,44.1,0.0,,,12.2,,1006.5,
2022-05-30,37.2,29.4,43.3,0.0,,,10.2,,1007.7,
2022-05-31,38.5,30.2,44.6,0.0,,,14.0,,1008.5,
2022-06-01,39.6,31.4,44.0,0.0,,,13.3,,1007.7,
2022-06-02,38.8,31.4,44.4,0.0,,,16.4,,1005.7,
2022-06-03,38.3,30.8,42.9,0.0,,,21.6,,1007.8,
2022-06-04,37.3,27.3,42.8,0.0,,,20.0,,1008.2,
2022-06-05,36.5,25.9,43.8,0.0,,,14.0,,1007.9,
2022-06-06,36.2,29.5,41.9,0.0,,,17.4,,1010.2,
2022-06-07,36.3,29.4,41.3,0.3,,,13.3,,1010.8,
2022-06-08,35.7,25.2,42.2,0.0,,,18.0,,1009.3,
2022-06-09,38.6,29.4,42.9,0.0,,,20.7,,1007.7,
2022-06-10,38.1,30.5,43.9,0.0,,,16.3,,1007.8,
2022-06-11,35.2,31.5,41.0,0.0,,,13.5,,1010.8,
2022-06-12,36.9,31.3,42.2,0.0,,,14.9,,1010.1,
2022-06-13,39.7,32.4,45.9,0.0,,,20.0,,1007.0,
2022-06-14,40.2,33.4,45.4,0.0,,,23.5,,1006.2,
2022-06-15,35.4,31.7,39.6,0.0,,,20.0,,1008.6,
2022-06-16,35.0,29.5,39.4,0.0,,,12.7,,1010.1,
2022-06-17,34.2,30.8,36.8,0.0,,,11.2,,1011.5,
2022-06-18,35.1,30.2,39.6,0.0,,,12.7,,1010.1,
2022-06-19,34.7,28.8,40.4,0.0,,,11.7,,1010.2,
2022-06-20,36.0,30.8,41.7,0.0,,,15.1,,1009.7,
2022-06-21,37.4,27.5,43.6,0.0,,,9.9,,1008.0,
2022-06-22,35.6,27.6,42.7,0.0,,,12.8,,1008.3,
2022-06-23,38.1,31.4,44.2,0.0,,,9.9,,1007.7,
2022-06-24,39.0,29.1,44.9,0.0,,,11.0,,1005.7,
2022-06-25,38.4,30.0,44.3,0.0,,,13.9,,1005.6,
2022-06-26,37.2,30.3,43.6,0.0,,,9.8,,1007.8,
2022-06-27,37.0,31.0,43.4,0.0,,,14.3,,1009.5,
2022-06-28,39.9,32.4,44.9,0.0,,,14.6,,1007.4,
2022-06-29,37.7,27.9,44.8,0.0,,,13.6,,1006.8,
2022-06-30,34.9,29.0,39.9,0.0,,,9.3,,1008.2,
2022-07-01,36.0,27.9,43.4,0.0,,,14.7,,1009.0,
2022-07-02,36.8,29.5,42.2,0.0,,,11.6,,1011.6,
2022-07-03,38.1,29.1,43.6,0.0,,,20.0,,1009.4,
2022-07-04,38.3,26.1,43.3,0.0,,,16.4,,1007.8,
2022-07-05,35.2,29.5,41.0,0.0,,,11.4,,1008.8,
2022-07-06,37.3,30.5,42.6,0.0,,,12.8,,1009.8,
2022-07-07,37.4,29.6,42.1,0.0,,,21.6,,1010.0,
2022-07-08,37.9,30.9,43.0,0.0,,,18.2,,1009.3,
2022-07-09,39.1,30.1,43.8,0.0,,,20.9,,1008.4,
2022-07-10,36.2,27.3,42.6,0.0,,,9.1,,1006.5,
2022-07-11,37.1,29.7,43.2,0.0,,,12.6,,1006.0,
2022-07-12,37.3,29.5,43.6,0.0,,,11.8,,1009.2,
2022-07-13,37.7,31.3,43.4,0.0,,,14.3,,1008.0,
2022-07-14,38.3,31.8,43.3,0.0,,,14.9,,1006.6,
2022-07-15,37.9,31.1,42.9,33.0,,,18.3,,1005.5,
2022-07-16,33.4,29.7,40.3,0.0,,,19.7,,1007.0,
2022-07-17,35.6,29.4,40.5,0.0,,,8.9,,1009.7,
2022-07-18,34.5,26.8,41.8,2.0,,,10.5,,1008.4,
2022-07-19,32.9,28.3,36.6,0.0,,,13.8,,1008.6,
2022-07-20,33.5,28.0,38.7,0.0,,,10.6,,1009.1,
2022-07-21,36.6,28.8,41.7,0.0,,,18.3,,1008.5,
2022-07-22,35.0,28.5,41.1,0.0,,,17.9,,1007.9,
2022-07-23,36.7,31.4,41.7,0.0,,,9.8,,1009.1,
2022-07-24,35.4,30.3,40.1,0.0,,,11.7,,1009.6,
2022-07-25,39.2,32.5,44.0,0.0,,,17.5,,1007.2,
2022-07-26,39.1,32.7,44.1,0.0,,,18.8,,1004.9,
2022-07-27,36.8,29.3,42.9,0.0,,,11.8,,1005.2,
2022-07-28,36.1,29.3,43.3,0.0,,,19.0,,1005.9,
2022-07-29,32.8,26.5,39.3,0.0,,,13.6,,1009.8,
2022-07-30,35.1,27.6,41.7,0.0,,,17.5,,1008.6,
2022-07-31,37.5,28.3,43.8,0.0,,,13.3,,1006.2,
2022-08-01,34.4,28.9,40.4,0.0,,,17.9,,1007.9,
2022-08-02,30.4,23.0,37.5,3.0,,,12.9,,1009.4,
2022-08-03,35.2,27.9,41.4,0.0,,,19.1,,1007.2,
2022-08-04,35.2,29.3,40.3,0.0,,,17.8,,1007.6,
2022-08-05,33.6,26.7,39.9,0.0,,,8.6,,1009.3,
2022-08-06,36.3,29.9,41.8,0.0,,,16.1,,1008.0,
2022-08-07,38.2,32.2,44.5,0.0,,,10.8,,1005.1,
2022-08-08,38.4,32.5,43.3,0.0,,,14.1,,1005.0,
2022-08-09,34.5,27.2,40.6,0.0,,,14.7,,1008.5,
2022-08-10,35.5,28.1,41.9,0.0,,,13.1,,1007.3,
2022-08-11,35.7,30.7,43.4,0.0,,,13.5,,1006.5,
2022-08-12,35.3,29.4,41.9,0.0,,,12.5,,1007.9,
2022-08-13,35.4,27.9,41.5,0.0,,,16.9,,1007.6,
2022-08-14,35.7,27.6,42.3,0.0,,,16.3,,1005.3,
2022-08-15,35.8,30.6,41.9,0.0,,,14.9,,1006.2,
2022-08-16,32.4,28.4,38.1,0.0,,,11.4,,1010.0,
2022-08-17,33.4,28.4,39.5,0.0,,,13.4,,1010.1,
2022-08-18,36.7,29.0,42.7,0.0,,,19.6,,1007.5,
2022-08-19,39.2,33.4,44.1,0.0,,,20.3,,1005.9,
2022-08-20,34.3,28.5,39.7,0.0,,,16.1,,1010.6,
2022-08-21,35.7,29.2,41.6,0.0,,,14.3,,1009.3,
2022-08-22,36.9,27.5,43.8,0.0,,,12.9,,1005.3,
2022-08-23,33.8,27.5,39.4,0.0,,,16.7,,1008.2,
2022-08-24,33.6,28.4,39.1,0.0,,,10.0,,1011.4,
2022-08-25,31.9,25.5,38.2,0.0,,,18.7,,1009.5,
2022-08-26,34.6,27.7,40.9,0.0,,,13.0,,1005.6,
2022-08-27,33.4,29.4,37.8,0.3,,,18.1,,1007.5,
2022-08-28,31.3,26.8,34.2,0.7,,,8.7,,1010.4,
2022-08-29,30.7,24.9,37.8,2.4,,,10.8,,1012.0,
2022-08-30,34.5,27.9,40.0,0.0,,,15.4,,1010.3,
2022-08-31,35.1,26.2,41.6,0.0,,,13.7,,1009.3,
2022-09-01,36.3,27.7,42.9,0.0,,,14.5,,1008.0,
2022-09-02,32.7,25.8,38.3,0.0,,,13.9,,1011.1,
2022-09-03,35.8,29.7,41.8,0.0,,,18.4,,1010.7,
2022-09-04,37.2,29.2,42.1,0.0,,,16.2,,1011.0,
2022-09-05,34.9,28.4,39.3,0.0,,,14.4,,1011.0,
2022-09-06,35.4,27.7,40.9,0.0,,,16.9,,1010.4,
2022-09-07,37.2,30.0,41.9,0.0,,,19.2,,1009.0,
2022-09-08,34.6,27.3,40.9,0.0,,,18.6,,1009.1,
2022-09-09,35.1,30.0,40.4,0.0,,,19.6,,1010.1,
2022-09-10,35.3,27.4,40.6,0.0,,,15.6,,1011.4,
2022-09-11,34.9,26.9,40.7,0.0,,,12.4,,1010.8,
2022-09-12,35.8,28.2,41.8,0.0,,,15.8,,1009.8,
2022-09-13,36.4,29.3,41.6,0.0,,,16.9,,1009.1,
2022-09-14,33.5,25.9,39.9,0.0,,,13.3,,1009.1,
2022-09-15,36.5,26.7,43.3,0.0,,,12.2,,1008.5,
2022-09-16,35.8,28.6,40.9,0.0,,,16.1,,1008.2,
2022-09-17,33.8,27.7,41.5,0.0,,,14.8,,1007.7,
2022-09-18,34.9,27.5,41.9,0.0,,,12.6,,1008.3,
2022-09-19,34.4,29.1,41.1,0.0,,,10.8,,1009.3,
2022-09-20,34.3,27.9,39.6,0.0,,,12.4,,1010.8,
2022-09-21,33.8,28.5,39.7,0.0,,,10.3,,1011.0,
2022-09-22,35.9,29.7,42.1,0.0,,,8.5,,1010.0,
2022-09-23,35.3,27.4,42.0,0.0,,,9.0,,1009.1,
2022-09-24,34.9,25.5,41.9,0.0,,,10.2,,1009.3,
2022-09-25,35.5,25.1,42.5,0.0,,,7.1,,1008.4,
2022-09-26,36.7,27.5,43.1,0.0,,,13.4,,1009.0,
2022-09-27,35.9,27.8,42.8,0.0,,,9.1,,1009.9,
2022-09-28,35.9,26.0,42.9,0.0,,,7.6,,1008.4,
2022-09-29,35.6,26.7,42.8,0.0,,,12.2,,1007.2,
2022-09-30,35.4,28.3,41.8,0.0,,,13.7,,1007.3,
2022-10-01,34.4,29.2,39.2,0.0,,,10.7,,1011.4,
2022-10-02,36.8,29.2,41.3,0.0,,,15.5,,1011.7,
2022-10-03,36.7,31.6,40.7,0.0,,,26.8,,1009.1,
2022-10-04,33.8,27.6,39.6,0.0,,,20.6,,1009.0,
2022-10-05,32.5,25.6,38.8,0.0,,,18.6,,1010.7,
2022-10-06,32.1,26.0,38.0,0.0,,,18.8,,1012.0,
2022-10-07,31.6,26.2,36.7,0.0,,,22.6,,1012.3,
2022-10-08,30.3,23.7,36.3,0.0,,,21.6,,1012.9,
2022-10-09,29.4,23.2,35.5,0.0,,,21.7,,1013.8,
2022-10-10,31.6,25.1,35.4,0.0,,,17.6,,1014.1,
2022-10-11,32.6,25.4,38.2,0.0,,,15.0,,1013.4,
2022-10-12,32.1,23.7,38.4,0.0,,,12.6,,1012.6,
2022-10-13,33.4,25.4,39.4,0.0,,,14.5,,1012.9,
2022-10-14,29.5,23.9,36.0,0.0,,,19.6,,1013.2,
2022-10-15,29.2,22.3,36.3,0.0,,,23.0,,1012.4,
2022-10-16,31.7,24.0,37.3,0.0,,,18.7,,1013.1,
2022-10-17,30.9,24.9,36.1,0.0,,,20.8,,1015.5,
2022-10-18,30.1,24.2,35.5,0.0,,,22.2,,1016.1,
2022-10-19,28.5,22.0,34.1,0.0,,,20.2,,1014.7,
2022-10-20,25.9,18.9,32.3,0.0,,,19.5,,1013.5,
2022-10-21,28.7,22.9,33.6,0.0,,,20.5,,1014.5,
2022-10-22,28.4,23.4,32.4,0.0,,,22.0,,1016.2,
2022-10-23,27.7,22.6,33.1,0.0,,,24.0,,1017.2,
2022-10-24,26.8,19.8,34.0,0.0,,,21.3,,1016.3,
2022-10-25,26.7,21.4,32.6,0.0,,,24.0,,1015.6,
2022-10-26,25.2,18.3,31.4,0.0,,,24.4,,1015.7,
2022-10-27,25.7,20.7,31.3,0.0,,,26.7,,1016.8,
2022-10-28,24.4,18.7,29.9,0.0,,,23.5,,1017.1,
2022-10-29,24.2,18.2,29.9,0.0,,,22.8,,1016.4,
2022-10-30,24.7,18.1,31.1,0.0,,,23.2,,1015.5,
2022-10-31,24.6,18.0,30.8,0.0,,,23.3,,1016.2,
2022-11-01,23.9,17.4,29.8,0.0,,,21.1,,1017.4,
2022-11-02,24.5,18.9,30.8,0.0,,,18.2,,1016.6,
2022-11-03,24.5,18.4,30.8,0.0,,,21.4,,1016.0,
2022-11-04,23.4,17.4,29.0,0.0,,,21.0,,1016.2,
2022-11-05,23.5,17.4,29.5,0.0,,,17.6,,1016.1,
2022-11-06,22.9,14.9,30.0,0.0,,,16.1,,1016.1,
2022-11-07,23.4,15.9,30.1,0.0,,,17.8,,1016.8,
2022-11-08,23.1,16.6,29.4,0.0,,,20.2,,1016.3,
2022-11-09,22.3,14.9,29.5,0.0,,,18.1,,1015.6,
2022-11-10,22.8,15.7,29.8,0.0,,,19.1,,1013.9,
2022-11-11,25.4,17.9,29.5,0.0,,,19.4,,1014.9,
2022-11-12,23.4,16.9,29.8,0.0,,,20.6,,1016.3,
2022-11-13,23.1,16.5,29.5,0.0,,,19.1,,1017.8,
2022-11-14,22.2,15.5,28.8,0.0,,,19.8,,1018.6,
2022-11-15,21.6,15.3,27.2,0.0,,,20.9,,1018.3,
2022-11-16,21.8,17.0,26.4,0.0,,,18.5,,1016.8,
2022-11-17,21.4,14.8,27.9,0.0,,,19.1,,1015.8,
2022-11-18,21.3,14.8,28.4,0.0,,,16.7,,1015.6,
2022-11-19,21.0,14.4,27.4,0.0,,,11.9,,1015.8,
2022-11-20,21.7,14.7,29.2,0.0,,,14.0,,1016.1,
2022-11-21,22.6,15.4,29.4,0.0,,,18.4,,1016.1,
2022-11-22,22.9,16.8,29.2,0.0,,,20.2,,1016.4,
2022-11-23,22.3,17.2,28.0,0.0,,,21.7,,1016.4,
2022-11-24,21.3,15.0,27.8,0.0,,,21.8,,1016.3,
2022-11-25,23.4,14.9,28.4,0.0,,,17.2,,1016.3,
2022-11-26,21.9,15.3,28.9,0.0,,,15.4,,1015.4,
2022-11-27,21.9,15.4,28.5,0.0,,,14.4,,1012.9,
2022-11-28,21.9,17.3,27.5,0.0,,,17.4,,1011.6,
2022-11-29,23.4,18.0,27.1,0.0,,,12.7,,1012.1,
2022-11-30,22.1,12.5,27.8,0.0,,,10.7,,1012.3,
2022-12-01,22.9,15.8,28.0,0.0,,,11.3,,1012.7,
2022-12-02,23.6,16.5,30.4,0.0,,,8.9,,1012.2,
2022-12-03,24.9,14.7,32.8,0.0,,,10.8,,1011.6,
2022-12-04,25.2,17.0,32.8,0.0,,,13.6,,1014.0,
2022-12-05,27.1,19.0,33.8,0.0,,,17.6,,1016.3,
2022-12-06,27.0,18.9,33.8,0.0,,,18.5,,1016.1,
2022-12-07,26.1,19.0,33.0,0.0,,,15.1,,1015.7,
2022-12-08,24.1,14.3,31.6,0.0,,,15.4,,1016.9,
2022-12-09,24.1,15.4,32.0,0.0,,,14.5,,1017.9,
2022-12-10,23.9,13.2,31.2,0.0,,,13.7,,1017.4,
2022-12-11,22.1,13.8,29.5,0.0,,,12.4,,1016.5,
2022-12-12,23.4,12.9,31.9,0.0,,,16.1,,1015.6,
2022-12-13,23.7,13.5,32.1,0.0,,,15.4,,1015.8,
2022-12-14,24.1,16.1,31.9,0.0,,,14.8,,1015.2,
2022-12-15,24.4,17.2,31.5,0.0,,,11.1,,1014.4,
2022-12-16,23.4,14.2,31.4,0.0,,,11.9,,1013.9,
2022-12-17,22.4,12.7,30.7,0.0,,,13.1,,1014.9,
2022-12-18,24.4,14.7,31.6,0.0,,,17.2,,1016.6,
2022-12-19,22.6,14.9,29.1,0.0,,,21.2,,1016.5,
2022-12-20,20.7,16.6,25.9,0.0,,,25.1,,1017.6,
2022-12-21,19.7,15.6,24.3,0.0,,,24.3,,1019.4,
2022-12-22,18.7,12.6,23.6,0.0,,,20.1,,1020.5,
2022-12-23,18.0,11.1,24.2,0.0,,,22.8,,1020.4,
2022-12-24,19.6,15.3,24.9,0.0,,,24.3,,1021.0,
2022-12-25,19.3,15.0,25.0,0.0,,,22.9,,1021.6,
2022-12-26,20.3,14.2,26.5,0.0,,,20.9,,1021.3,
2022-12-27,20.3,12.5,27.2,0.0,,,19.6,,1021.2,
2022-12-28,21.2,15.2,27.8,0.0,,,21.5,,1020.7,
2022-12-29,18.5,15.1,24.1,0.0,,,24.1,,1021.0,
2022-12-30,16.9,11.1,23.2,0.0,,,23.7,,1020.4,
2022-12-31,18.8,13.5,25.0,0.0,,,25.8,,1021.1,
2023-01-01,18.0,13.2,24.4,0.0,,,27.8,,1020.8,
2023-01-02,17.2,12.2,22.9,0.0,,,24.0,,1020.5,
2023-01-03,17.0,11.5,22.8,0.0,,,22.3,,1020.4,
2023-01-04,17.5,11.6,24.0,0.0,,,23.7,,1020.2,
2023-01-05,18.9,13.3,25.1,0.0,,,18.9,,1019.1,
2023-01-06,19.3,12.9,25.8,0.0,,,15.6,,1019.2,
2023-01-07,20.0,13.7,26.4,0.0,,,15.4,,1018.8,
2023-01-08,19.8,14.6,25.6,0.0,,,22.4,,1019.0,
2023-01-09,17.8,12.8,23.1,0.0,,,27.8,,1021.2,
2023-01-10,17.9,12.9,21.6,0.0,,,25.8,,1022.7,
2023-01-11,16.2,9.9,22.9,0.0,,,22.8,,1021.3,
2023-01-12,17.0,10.3,24.1,0.0,,,20.4,,1019.3,
2023-01-13,17.6,10.5,24.6,0.0,,,19.5,,1018.5,
2023-01-14,20.9,14.0,27.8,0.0,,,22.1,,1017.6,
2023-01-15,18.9,13.1,25.5,0.0,,,23.7,,1018.5,
2023-01-16,18.2,12.0,24.8,0.0,,,21.8,,1018.7,
2023-01-17,19.1,10.6,25.4,0.0,,,18.6,,1018.0,
2023-01-18,17.2,9.1,24.6,0.0,,,13.8,,1016.6,
2023-01-19,17.4,9.2,25.5,0.0,,,14.0,,1016.0,
2023-01-20,18.3,11.3,25.8,0.0,,,15.9,,1015.6,
2023-01-21,18.8,11.0,26.5,0.0,,,12.9,,1014.7,
2023-01-22,19.7,11.2,27.9,0.0,,,9.6,,1013.2,
2023-01-23,21.6,12.2,29.9,0.0,,,9.4,,1012.5,
2023-01-24,24.3,16.2,30.5,0.0,,,7.0,,1012.7,
2023-01-25,23.8,16.7,30.7,0.0,,,6.6,,1011.9,
2023-01-26,22.9,16.3,29.8,0.0,,,12.4,,1011.6,
2023-01-27,20.6,14.8,26.9,0.0,,,15.7,,1011.4,
2023-01-28,17.0,11.0,23.9,0.0,,,15.0,,1010.7,
2023-01-29,15.3,7.1,24.0,0.0,,,13.9,,1012.2,
2023-01-30,15.6,8.2,23.9,0.0,,,12.6,,1014.2,
2023-01-31,19.1,9.8,26.3,0.0,,,18.5,,1015.6,
2023-02-01,18.9,11.8,26.9,0.0,,,21.0,,1016.7,
2023-02-02,18.8,11.2,26.4,0.0,,,16.0,,1016.1,
2023-02-03,20.1,11.4,28.1,0.0,,,11.0,,1015.2,
2023-02-04,20.9,13.5,28.3,0.0,,,14.0,,1015.1,
2023-02-05,21.3,13.9,29.4,0.0,,,18.3,,1015.1,
2023-02-06,21.8,15.1,29.6,0.0,,,21.5,,1015.2,
2023-02-07,21.8,14.5,29.2,0.0,,,12.2,,1014.9,
2023-02-08,26.2,16.8,34.8,0.0,,,9.3,,1014.7,
2023-02-09,25.7,15.8,32.2,0.0,,,10.9,,1014.8,
2023-02-10,24.2,16.8,31.1,0.0,,,15.5,,1015.2,
2023-02-11,22.6,16.9,28.3,0.0,,,26.3,,1016.8,
2023-02-12,23.2,15.9,30.6,0.0,,,22.1,,1017.1,
2023-02-13,23.1,16.2,29.7,0.0,,,18.3,,1017.5,
2023-02-14,20.8,16.2,25.9,0.0,,,27.7,,1018.9,
2023-02-15,18.4,14.2,22.9,0.0,,,33.4,,1019.7,
2023-02-16,18.2,13.5,23.5,0.0,,,28.8,,1019.3,
2023-02-17,18.6,13.4,23.8,0.0,,,25.5,,1019.2,
2023-02-18,19.9,14.0,26.2,0.0,,,26.2,,1018.5,
2023-02-19,19.7,13.3,26.2,0.0,,,26.1,,1017.6,
2023-02-20,20.3,13.6,27.2,0.0,,,24.3,,1017.3,
2023-02-21,21.1,14.3,27.9,0.0,,,22.5,,1016.1,
2023-02-22,21.8,14.3,29.6,0.0,,,17.6,,1015.0,
2023-02-23,24.0,13.8,32.0,0.0,,,12.8,,1013.7,
2023-02-24,23.5,14.6,31.6,0.0,,,11.1,,1012.6,
2023-02-25,25.1,15.9,34.3,0.0,,,13.9,,1010.7,
2023-02-26,26.7,22.0,32.0,0.0,,,14.2,,1010.3,
2023-02-27,24.5,15.4,30.8,0.0,,,11.9,,1012.1,
2023-02-28,23.7,15.3,31.4,0.0,,,11.1,,1013.6,
2023-03-01,24.1,15.6,31.5,0.0,,,12.6,,1013.5,
2023-03-02,23.9,14.8,32.7,0.0,,,13.6,,1012.3,
2023-03-03,26.3,14.5,35.5,0.0,,,10.4,,1011.4,
2023-03-04,27.9,16.7,34.7,0.0,,,11.4,,1011.4,
2023-03-05,29.7,19.1,38.3,0.0,,,12.5,,1010.8,
2023-03-06,30.3,22.1,37.4,0.0,,,13.0,,1009.7,
2023-03-07,28.9,19.4,37.2,0.0,,,14.3,,1009.2,
2023-03-08,30.8,20.9,40.0,0.0,,,15.7,,1008.1,
2023-03-09,30.8,23.1,38.0,0.0,,,17.6,,1009.4,
2023-03-10,33.0,25.3,38.0,0.0,,,15.5,,1010.8,
2023-03-11,32.0,24.6,38.6,0.0,,,16.0,,1011.3,
2023-03-12,30.2,21.5,38.0,0.0,,,14.4,,1011.6,
2023-03-13,29.7,19.5,37.2,0.0,,,11.1,,1011.7,
2023-03-14,29.7,20.6,37.0,0.0,,,11.7,,1010.5,
2023-03-15,29.0,17.6,37.3,0.0,,,14.8,,1009.0,
2023-03-16,30.3,18.8,38.2,0.0,,,16.4,,1007.7,
2023-03-17,30.6,20.8,38.6,0.0,,,16.0,,1008.2,
2023-03-18,30.7,20.6,38.7,0.0,,,16.6,,1007.5,
2023-03-19,31.2,25.2,37.1,0.0,,,28.2,,1007.1,
2023-03-20,30.0,23.2,35.8,0.0,,,22.4,,1006.7,
2023-03-21,26.9,21.0,32.7,0.0,,,14.6,,1008.9,
2023-03-22,27.3,18.0,33.6,0.0,,,14.7,,1010.1,
2023-03-23,27.3,16.8,34.8,0.0,,,10.4,,1010.2,
2023-03-24,29.0,19.2,35.8,0.0,,,18.0,,1010.7,
2023-03-25,27.8,22.6,33.4,0.0,,,27.5,,1013.5,
2023-03-26,27.1,21.6,32.3,0.0,,,25.4,,1014.9,
2023-03-27,27.0,17.4,33.8,0.0,,,16.4,,1013.3,
2023-03-28,27.8,18.1,35.0,0.0,,,19.0,,1013.1,
2023-03-29,27.8,16.5,35.6,0.0,,,20.6,,1014.2,
2023-03-30,28.9,22.2,35.1,0.0,,,23.9,,1015.3,
2023-03-31,28.9,22.7,34.8,0.0,,,23.8,,1015.0,
2023-04-01,28.9,21.7,34.2,0.0,,,21.2,,1015.3,
2023-04-02,27.8,15.3,34.8,0.0,,,15.0,,1013.0,
2023-04-03,26.4,17.4,33.9,0.0,,,9.3,,1009.6,
2023-04-04,29.8,16.8,38.0,0.0,,,9.6,,1008.0,
2023-04-05,32.5,19.4,40.0,0.0,,,14.5,,1007.9,
2023-04-06,31.6,24.8,37.9,0.0,,,15.5,,1007.4,
2023-04-07,30.4,25.3,33.6,0.0,,,18.8,,1007.3,
2023-04-08,30.4,22.8,36.9,0.0,,,15.7,,1008.6,
2023-04-09,29.6,20.2,36.0,0.0,,,16.6,,1010.1,
2023-04-10,31.5,26.1,37.4,0.0,,,20.5,,1010.5,
2023-04-11,29.8,23.8,34.0,0.0,,,18.0,,1010.8,
2023-04-12,30.4,24.0,36.4,0.0,,,23.6,,1011.6,
2023-04-13,31.6,25.0,37.4,0.0,,,16.6,,1011.1,
2023-04-14,31.9,23.7,38.9,0.0,,,14.5,,1009.4,
2023-04-15,33.9,25.4,40.1,0.0,,,19.5,,1008.2,
2023-04-16,34.2,26.5,39.9,0.0,,,23.7,,1005.7,
2023-04-17,33.8,23.1,40.0,0.0,,,13.7,,1004.1,
2023-04-18,32.6,21.2,39.9,0.0,,,15.9,,1006.4,
2023-04-19,33.1,22.2,40.5,0.0,,,15.5,,1008.3,
2023-04-20,34.1,23.9,40.9,0.0,,,15.6,,1006.6,
2023-04-21,32.9,24.1,39.8,0.0,,,20.9,,1003.7,
2023-04-22,31.8,23.2,37.8,0.0,,,20.3,,1003.5,
2023-04-23,33.2,22.4,38.7,0.0,,,15.2,,1004.6,
2023-04-24,34.4,22.1,41.0,0.0,,,16.9,,1006.0,
2023-04-25,34.2,23.0,40.5,0.0,,,13.8,,1006.4,
2023-04-26,34.2,21.5,41.2,0.0,,,10.8,,1005.5,
2023-04-27,34.9,22.4,42.3,0.0,,,14.4,,1006.0,
2023-04-28,37.2,27.2,42.3,0.0,,,16.1,,1008.8,
2023-04-29,35.9,25.8,42.9,0.0,,,14.8,,1009.7,
2023-04-30,35.5,24.9,42.7,0.0,,,14.2,,1007.9,
2023-05-01,35.4,24.3,42.1,0.0,,,12.3,,1007.3,
2023-05-02,34.9,27.8,41.0,0.0,,,14.1,,1007.0,
2023-05-03,37.4,28.8,44.3,0.0,,,15.4,,1008.5,
2023-05-04,38.2,28.6,44.7,0.0,,,13.6,,1009.2,
2023-05-05,37.6,26.6,44.2,0.0,,,19.7,,1009.2,
2023-05-06,37.3,30.0,43.4,0.0,,,24.3,,1009.4,
2023-05-07,36.1,26.8,42.0,0.0,,,20.2,,1010.5,
2023-05-08,36.1,27.9,42.1,0.0,,,15.0,,1010.8,
2023-05-09,35.8,24.8,42.6,0.0,,,12.0,,1007.8,
2023-05-10,34.7,28.5,40.4,0.0,,,27.3,,1006.6,
2023-05-11,34.8,28.4,40.8,0.0,,,23.8,,1007.5,
2023-05-12,32.5,29.2,40.3,0.0,,,19.5,,1009.9,
2023-05-13,35.0,26.6,40.8,2.0,,,15.8,,1010.6,
2023-05-14,36.5,32.7,40.8,0.0,,,14.4,,1010.8,
2023-05-15,35.3,29.9,41.4,0.0,,,14.2,,1008.9,
2023-05-16,35.5,27.0,41.1,0.0,,,14.7,,1007.5,
2023-05-17,34.7,24.0,42.1,0.0,,,16.6,,1007.7,
2023-05-18,36.4,26.7,43.4,0.0,,,17.9,,1007.8,
2023-05-19,37.5,28.4,43.8,0.0,,,14.3,,1006.9,
2023-05-20,36.8,31.4,42.5,0.0,,,17.4,,1006.9,
2023-05-21,36.3,26.7,42.3,0.0,,,20.7,,1007.5,
2023-05-22,37.1,27.5,42.8,0.0,,,17.0,,1007.3,
2023-05-23,37.2,28.9,43.3,0.0,,,15.4,,1007.6,
2023-05-24,38.1,28.5,43.7,0.0,,,17.3,,1007.0,
2023-05-25,37.5,30.6,42.9,0.0,,,27.0,,1007.7,
2023-05-26,37.9,30.2,43.6,0.0,,,23.4,,1007.0,
2023-05-27,36.7,27.8,43.1,0.0,,,24.6,,1007.7,
2023-05-28,36.0,27.2,42.8,0.0,,,12.5,,1008.4,
2023-05-29,36.7,27.6,42.9,0.0,,,12.4,,1007.6,
2023-05-30,36.6,29.4,42.4,0.0,,,20.6,,1008.5,
2023-05-31,35.7,28.3,41.1,0.0,,,19.9,,1007.7,
2023-06-01,33.2,25.7,39.7,0.0,,,14.1,,1006.4,
2023-06-02,35.8,23.4,42.6,0.0,,,12.1,,1005.3,
2023-06-03,36.2,24.6,43.3,0.0,,,12.9,,1006.5,
2023-06-04,36.8,25.2,43.0,0.0,,,11.8,,1008.2,
2023-06-05,37.5,27.7,43.2,0.0,,,14.3,,1007.1,
2023-06-06,37.1,27.3,43.6,0.0,,,16.0,,1006.4,
2023-06-07,37.4,25.7,44.0,0.0,,,15.2,,1006.6,
2023-06-08,35.8,28.2,42.3,0.0,,,12.5,,1006.6,
2023-06-09,36.0,29.2,42.4,0.0,,,16.6,,1006.8,
2023-06-10,38.1,31.8,43.3,0.0,,,17.2,,1007.6,
2023-06-11,37.1,28.1,42.4,0.0,,,13.7,,1008.4,
2023-06-12,36.6,30.8,41.2,0.0,,,18.7,,1009.3,
2023-06-13,36.3,30.5,43.8,0.0,,,20.5,,1008.9,
2023-06-14,35.4,28.5,41.1,0.0,,,14.9,,1009.3,
2023-06-15,37.0,30.3,42.4,0.0,,,12.8,,1008.8,
2023-06-16,36.3,29.7,42.0,0.0,,,17.6,,1009.1,
2023-06-17,37.7,30.7,42.9,0.0,,,17.2,,1008.0,
2023-06-18,39.4,32.1,44.5,0.0,,,11.0,,1007.5,
2023-06-19,39.6,33.2,44.8,0.0,,,15.9,,1007.8,
2023-06-20,38.2,31.0,44.3,0.0,,,14.8,,1007.5,
2023-06-21,36.8,29.7,42.4,0.0,,,14.1,,1007.6,
2023-06-22,39.3,31.2,44.2,0.0,,,17.3,,1007.4,
2023-06-23,38.9,32.7,44.3,0.0,,,16.1,,1006.7,
2023-06-24,35.3,31.8,40.0,0.0,,,19.7,,1008.3,
2023-06-25,34.6,28.1,40.0,0.0,,,12.2,,1010.4,
2023-06-26,37.1,30.1,42.8,0.0,,,14.8,,1009.2,
2023-06-27,37.4,26.9,43.5,0.0,,,17.2,,1007.5,
2023-06-28,38.3,29.3,44.1,0.0,,,18.8,,1007.7,
2023-06-29,35.7,29.8,40.0,0.0,,,13.9,,1011.2,
2023-06-30,38.3,31.0,44.0,0.0,,,16.4,,1010.5,
2023-07-01,40.3,32.6,45.9,0.0,,,18.0,,1007.6,
2023-07-02,39.7,29.8,45.5,0.0,,,13.6,,1008.7,
2023-07-03,40.0,31.0,44.7,0.0,,,15.0,,1009.6,
2023-07-04,39.6,31.2,44.9,0.0,,,18.2,,1009.0,
2023-07-05,36.6,28.5,43.3,0.0,,,15.1,,1009.6,
2023-07-06,38.6,31.4,44.8,0.0,,,14.4,,1007.6,
2023-07-07,40.3,32.4,45.7,0.0,,,13.3,,1007.7,
2023-07-08,38.8,32.9,43.3,0.0,,,22.0,,1009.1,
2023-07-09,38.2,30.7,44.2,0.0,,,19.0,,1010.5,
2023-07-10,37.3,32.0,41.7,0.0,,,25.0,,1010.7,
2023-07-11,38.6,32.5,43.2,0.0,,,23.0,,1008.7,
2023-07-12,38.0,30.6,43.1,0.0,,,24.3,,1008.1,
2023-07-13,37.6,31.4,43.2,0.0,,,17.8,,1008.1,
2023-07-14,34.7,29.4,40.6,0.0,,,14.9,,1010.9,
2023-07-15,36.2,31.3,39.7,0.0,,,17.2,,1011.2,
2023-07-16,36.5,28.4,42.4,0.0,,,13.6,,1010.4,
2023-07-17,38.9,33.6,43.3,0.0,,,14.4,,1009.7,
2023-07-18,38.9,31.1,44.3,0.0,,,14.4,,1008.4,
2023-07-19,37.8,27.2,44.9,0.0,,,12.3,,1007.1,
2023-07-20,37.6,27.2,44.7,0.0,,,14.2,,1007.2,
2023-07-21,34.9,28.7,40.0,0.0,,,12.5,,1008.2,
2023-07-22,36.7,28.6,43.5,0.0,,,14.0,,1010.1,
2023-07-23,39.0,32.1,45.1,0.0,,,13.7,,1011.3,
2023-07-24,34.9,29.0,39.6,0.0,,,19.1,,1010.8,
2023-07-25,37.7,30.3,43.9,0.0,,,12.8,,1008.1,
2023-07-26,37.6,29.5,44.4,0.0,,,15.7,,1007.7,
2023-07-27,36.3,27.9,44.3,0.0,,,20.7,,1007.7,
2023-07-28,35.2,29.4,41.9,0.0,,,16.9,,1009.2,
2023-07-29,37.6,31.5,43.5,0.0,,,16.8,,1010.1,
2023-07-30,36.8,29.8,43.4,0.0,,,14.8,,1009.3,
2023-07-31,39.6,29.2,46.4,0.0,,,23.0,,1008.1,
2023-08-01,39.2,30.1,46.1,0.0,,,17.1,,1006.6,
2023-08-02,35.8,30.9,41.9,0.0,,,24.0,,1008.2,
2023-08-03,37.2,30.7,42.2,0.0,,,20.8,,1008.6,
2023-08-04,37.2,32.1,43.7,0.0,,,18.0,,1007.7,
2023-08-05,37.1,31.2,44.3,0.0,,,15.7,,1008.6,
2023-08-06,34.8,29.5,41.0,0.0,,,16.8,,1009.7,
2023-08-07,37.2,30.1,43.1,0.0,,,17.5,,1008.9,
2023-08-08,34.6,29.9,39.6,0.0,,,18.1,,1008.8,
2023-08-09,30.5,21.4,36.4,39.1,,,10.8,,1009.4,
2023-08-10,35.0,29.0,39.6,0.0,,,14.1,,1009.2,
2023-08-11,34.4,26.4,40.8,0.0,,,16.3,,1009.5,
2023-08-12,33.9,28.1,39.4,0.0,,,14.6,,1009.1,
2023-08-13,35.1,29.3,40.5,0.0,,,13.3,,1008.1,
2023-08-14,32.8,28.4,38.5,0.0,,,15.5,,1010.7,
2023-08-15,32.8,28.4,37.5,0.0,,,13.4,,1013.0,
2023-08-16,33.7,30.1,39.6,0.0,,,12.7,,1012.2,
2023-08-17,34.7,26.2,40.1,0.0,,,14.5,,1011.1,
2023-08-18,35.8,29.2,41.4,0.0,,,11.8,,1009.1,
2023-08-19,38.0,30.4,44.3,0.0,,,23.6,,1007.2,
2023-08-20,37.9,31.0,43.6,0.0,,,14.2,,1007.6,
2023-08-21,35.2,27.6,41.5,0.0,,,18.6,,1009.4,
2023-08-22,38.1,32.2,42.9,0.0,,,12.9,,1007.7,
2023-08-23,38.8,30.0,44.8,0.0,,,18.5,,1006.0,
2023-08-24,36.8,27.9,44.1,0.0,,,12.9,,1005.4,
2023-08-25,36.1,31.2,41.3,0.0,,,15.4,,1007.1,
2023-08-26,36.5,31.8,41.3,0.0,,,14.9,,1009.0,
2023-08-27,35.3,28.9,40.0,0.0,,,11.0,,1010.6,
2023-08-28,35.8,27.2,42.0,0.0,,,19.4,,1010.9,
2023-08-29,39.2,32.0,45.0,0.0,,,16.9,,1008.3,
2023-08-30,38.4,33.0,44.7,0.0,,,18.5,,1006.9,
2023-08-31,35.0,28.8,41.7,0.0,,,20.5,,1008.8,
2023-09-01,36.9,29.8,44.0,0.0,,,11.7,,1008.5,
2023-09-02,36.6,30.2,43.2,0.0,,,17.8,,1006.9,
2023-09-03,34.9,30.2,41.1,0.0,,,15.8,,1010.6,
2023-09-04,36.9,29.9,42.5,0.0,,,12.9,,1009.5,
2023-09-05,36.3,29.5,42.8,0.0,,,16.8,,1007.7,
2023-09-06,37.4,32.1,43.3,0.0,,,16.8,,1009.0,
2023-09-07,36.2,28.9,41.7,0.0,,,12.9,,1009.2,
2023-09-08,39.8,33.1,45.1,0.0,,,13.1,,1007.9,
2023-09-09,37.1,31.5,42.5,0.0,,,16.9,,1008.5,
2023-09-10,36.0,28.0,41.1,0.0,,,18.8,,1010.7,
2023-09-11,38.6,34.0,42.9,0.0,,,15.6,,1008.1,
2023-09-12,36.6,31.5,41.6,0.0,,,22.6,,1008.2,
2023-09-13,35.3,26.8,41.4,0.0,,,16.9,,1008.9,
2023-09-14,34.4,27.8,39.6,0.0,,,12.8,,1009.4,
2023-09-15,36.5,29.5,42.5,0.0,,,14.7,,1008.8,
2023-09-16,36.8,29.2,42.4,0.0,,,15.4,,1009.3,
2023-09-17,35.3,26.5,41.7,0.0,,,13.8,,1009.5,
2023-09-18,35.1,24.8,41.5,0.0,,,16.2,,1009.4,
2023-09-19,32.3,24.6,38.2,0.0,,,14.2,,1010.1,
2023-09-20,35.8,28.8,41.7,0.0,,,13.3,,1010.8,
2023-09-21,36.1,26.9,42.6,0.0,,,14.3,,1009.6,
2023-09-22,35.3,24.5,42.3,0.0,,,13.8,,1008.8,
2023-09-23,35.8,25.4,42.4,0.0,,,15.5,,1009.8,
2023-09-24,35.1,25.4,41.7,0.0,,,17.4,,1011.0,
2023-09-25,34.9,24.1,42.4,0.0,,,14.6,,1010.9,
2023-09-26,34.8,24.0,42.6,0.0,,,11.9,,1009.5,
2023-09-27,35.8,26.5,43.6,0.0,,,12.4,,1007.0,
2023-09-28,34.7,27.9,41.1,0.0,,,17.4,,1007.0,
2023-09-29,35.0,27.1,41.8,0.0,,,13.4,,1009.4,
2023-09-30,36.0,30.7,41.6,0.0,,,15.2,,1010.0,
2023-10-01,32.8,26.1,38.4,0.0,,,13.7,,1011.2,
2023-10-02,32.1,25.3,37.8,0.0,,,17.2,,1011.9,
2023-10-03,33.4,28.5,38.2,0.0,,,15.2,,1011.7,
2023-10-04,33.8,27.7,37.9,0.0,,,17.5,,1012.4,
2023-10-05,33.3,27.2,38.3,0.0,,,20.5,,1013.3,
2023-10-06,32.6,26.9,37.2,0.0,,,20.9,,1013.6,
2023-10-07,32.6,26.7,37.7,0.0,,,18.9,,1013.1,
2023-10-08,31.9,25.9,37.2,0.0,,,21.6,,1014.3,
2023-10-09,32.1,25.1,37.3,0.0,,,20.4,,1014.6,
2023-10-10,32.3,24.9,37.4,0.0,,,18.4,,1014.3,
2023-10-11,33.0,25.9,38.1,0.0,,,18.2,,1013.4,
2023-10-12,31.0,24.1,37.3,0.0,,,21.9,,1013.4,
2023-10-13,32.6,24.4,38.7,0.0,,,21.6,,1014.8,
2023-10-14,32.6,24.8,38.4,0.0,,,18.6,,1014.5,
2023-10-15,32.2,25.6,36.6,0.0,,,18.5,,1012.8,
2023-10-16,32.8,26.1,38.9,0.0,,,14.9,,1011.9,
2023-10-17,32.9,25.7,39.5,0.0,,,16.4,,1013.3,
2023-10-18,33.1,23.1,39.6,0.0,,,16.8,,1013.8,
2023-10-19,30.5,22.5,37.3,0.0,,,12.7,,1013.4,
2023-10-20,32.4,22.2,39.8,0.0,,,11.5,,1012.0,
2023-10-21,31.9,22.0,39.6,0.0,,,14.2,,1012.0,
2023-10-22,33.2,23.2,39.8,0.0,,,11.1,,1012.6,
2023-10-23,33.3,22.6,39.7,0.0,,,21.8,,1012.2,
2023-10-24,32.5,24.1,38.0,0.0,,,19.5,,1012.4,
2023-10-25,28.7,21.6,35.7,0.0,,,15.7,,1012.0,
2023-10-26,30.7,20.3,38.6,0.0,,,17.7,,1012.1,
2023-10-27,30.2,21.4,37.4,0.0,,,14.5,,1011.9,
2023-10-28,31.0,19.7,37.6,0.0,,,14.8,,1010.7,
2023-10-29,31.5,21.5,38.0,0.0,,,16.8,,1010.7,
2023-10-30,31.1,21.3,37.8,0.0,,,19.9,,1011.4,
2023-10-31,30.9,22.1,37.0,0.0,,,22.6,,1012.3,
2023-11-01,29.9,24.5,35.7,0.0,,,19.7,,1014.1,
2023-11-02,29.4,21.0,36.3,0.0,,,17.7,,1013.4,
2023-11-03,27.8,18.1,35.1,0.0,,,14.9,,1012.3,
2023-11-04,25.2,17.7,33.1,0.0,,,14.1,,1011.6,
2023-11-05,27.0,19.0,35.3,0.0,,,15.6,,1012.3,
2023-11-06,27.5,20.6,34.3,0.0,,,15.5,,1013.8,
2023-11-07,27.9,18.8,36.8,0.0,,,14.4,,1013.1,
2023-11-08,28.6,18.1,36.4,0.0,,,12.4,,1012.4,
2023-11-09,28.2,18.4,36.4,0.0,,,12.3,,1012.2,
2023-11-10,27.1,16.2,35.8,0.0,,,13.4,,1012.7,
2023-11-11,28.3,18.0,35.8,0.0,,,17.7,,1014.0,
2023-11-12,26.1,17.8,33.5,0.0,,,15.8,,1014.9,
2023-11-13,25.8,17.8,32.8,0.0,,,20.0,,1016.3,
2023-11-14,28.7,23.6,33.8,0.0,,,24.1,,1016.0,
2023-11-15,27.4,21.7,33.5,0.0,,,22.2,,1016.0,
2023-11-16,27.2,19.4,32.9,0.0,,,20.5,,1016.2,
2023-11-17,26.2,20.0,31.9,0.0,,,20.0,,1016.5,
2023-11-18,24.7,15.8,31.5,0.0,,,20.8,,1017.2,
2023-11-19,25.7,19.6,32.2,0.0,,,23.7,,1016.3,
2023-11-20,25.6,20.1,31.8,0.0,,,18.7,,1015.7,
2023-11-21,23.7,15.2,30.6,0.0,,,14.6,,1014.7,
2023-11-22,23.2,13.0,30.8,0.0,,,10.1,,1011.5,
2023-11-23,23.9,13.2,31.3,0.0,,,11.6,,1010.2,
2023-11-24,23.2,15.5,29.8,0.0,,,15.0,,1010.1,
2023-11-25,20.2,12.0,29.3,0.0,,,16.8,,1011.9,
2023-11-26,21.4,11.8,30.5,0.0,,,11.0,,1013.9,
2023-11-27,23.7,14.4,32.2,0.0,,,9.4,,1014.9,
2023-11-28,23.1,14.1,31.2,0.0,,,9.8,,1013.7,
2023-11-29,23.2,14.7,31.8,0.0,,,10.7,,1012.9,
2023-11-30,25.9,16.2,35.0,0.0,,,13.1,,1014.5,
2023-12-01,26.8,16.7,34.0,0.0,,,18.1,,1015.6,
2023-12-02,24.9,16.2,32.9,0.0,,,12.0,,1014.9,
2023-12-03,24.8,14.9,33.7,0.0,,,10.4,,1013.7,
2023-12-04,24.3,14.1,33.2,0.0,,,13.3,,1014.5,
2023-12-05,24.7,15.4,32.6,0.0,,,14.7,,1015.4,
2023-12-06,21.9,13.7,29.7,0.0,,,9.9,,1015.9,
2023-12-07,24.1,13.2,32.5,0.0,,,9.0,,1016.3,
2023-12-08,21.2,13.4,29.2,0.0,,,12.0,,1016.1,
2023-12-09,22.9,15.0,31.2,0.0,,,13.1,,1014.0,
2023-12-10,20.6,14.8,26.0,0.0,,,30.3,,1016.4,
2023-12-11,19.9,15.1,25.2,0.0,,,31.8,,1020.2,
2023-12-12,20.5,15.7,26.2,0.0,,,26.8,,1021.3,
2023-12-13,21.4,16.7,28.3,0.0,,,20.0,,1018.7,
2023-12-14,19.3,10.8,26.6,0.0,,,11.5,,1017.3,
2023-12-15,20.4,11.7,29.0,0.0,,,15.3,,1016.2,
2023-12-16,20.7,13.1,27.3,0.0,,,20.3,,1015.8,
2023-12-17,19.4,12.1,26.4,0.0,,,14.8,,1016.1,
2023-12-18,19.3,11.0,26.8,0.0,,,13.2,,1015.7,
2023-12-19,17.0,11.5,22.9,0.0,,,17.5,,1016.7,
2023-12-20,17.2,8.7,25.1,0.0,,,18.6,,1017.5,
2023-12-21,18.2,12.7,24.1,0.0,,,27.1,,1018.2,
2023-12-22,18.5,13.4,25.4,0.0,,,24.8,,1019.6,
2023-12-23,19.2,13.0,26.3,0.0,,,24.0,,1020.0,
2023-12-24,19.6,11.3,27.1,0.0,,,24.4,,1020.2,
2023-12-25,19.3,15.2,25.6,0.0,,,23.8,,1019.5,
2023-12-26,20.6,15.0,27.1,0.0,,,20.5,,1018.7,
2023-12-27,20.1,15.9,26.7,0.0,,,18.0,,1018.4,
2023-12-28,20.0,13.9,27.6,0.0,,,12.5,,1019.1,
2023-12-29,19.4,10.5,28.4,0.0,,,10.2,,1017.2,
2023-12-30,19.6,12.0,28.7,0.0,,,9.0,,1016.4,
2023-12-31,20.3,10.6,28.4,0.0,,,9.8,,1016.8,
2024-01-01,20.7,12.1,29.8,0.0,,,12.8,,1017.2,
2024-01-02,20.5,11.8,29.7,0.0,,,13.2,,1017.8,
2024-01-03,22.5,13.5,30.9,0.0,,,19.3,,1017.3,
2024-01-04,22.6,16.2,29.3,0.0,,,19.2,,1017.6,
2024-01-05,19.7,12.7,26.8,0.0,,,13.7,,1016.6,
2024-01-06,21.5,14.0,29.3,0.0,,,10.7,,1016.7,
2024-01-07,20.7,14.5,28.6,0.0,,,12.0,,1016.1,
2024-01-08,20.7,14.5,28.7,0.0,,,13.4,,1015.3,
2024-01-09,21.7,12.6,30.9,0.0,,,18.1,,1015.5,
2024-01-10,21.8,13.4,29.6,0.0,,,18.2,,1017.5,
2024-01-11,19.5,13.0,26.4,0.0,,,15.5,,1017.1,
2024-01-12,19.0,11.7,27.0,0.0,,,16.6,,1017.1,
2024-01-13,19.8,12.5,28.0,0.0,,,22.4,,1018.0,
2024-01-14,20.2,12.8,27.1,0.0,,,25.5,,1020.1,
2024-01-15,17.7,10.9,25.2,0.0,,,22.0,,1020.8,
2024-01-16,18.3,11.2,26.1,0.0,,,16.5,,1020.4,
2024-01-17,18.9,11.5,26.4,0.0,,,15.2,,1020.0,
2024-01-18,20.0,13.1,27.2,0.0,,,15.9,,1018.7,
2024-01-19,19.2,11.6,27.3,0.0,,,13.5,,1018.2,
2024-01-20,21.7,10.6,32.3,0.0,,,14.4,,1018.2,
2024-01-21,20.8,13.1,29.6,0.0,,,14.7,,1018.0,
2024-01-22,21.4,14.4,28.8,0.0,,,19.5,,1017.2,
2024-01-23,21.3,15.9,26.5,0.0,,,28.7,,1019.0,
2024-01-24,17.9,13.4,22.8,0.0,,,34.6,,1023.5,
2024-01-25,16.3,11.5,21.7,0.0,,,33.9,,1024.0,
2024-01-26,15.8,10.7,21.2,0.0,,,29.3,,1023.6,
2024-01-27,17.4,11.0,24.3,0.0,,,24.5,,1022.2,
2024-01-28,18.7,11.9,26.4,0.0,,,24.9,,1020.3,
2024-01-29,19.3,13.3,25.7,0.0,,,26.0,,1019.7,
2024-01-30,18.8,12.8,25.2,0.0,,,26.6,,1020.0,
2024-01-31,17.4,12.0,23.1,0.0,,,29.2,,1021.7,
2024-02-01,16.2,10.6,22.3,0.0,,,27.4,,1022.9,
2024-02-02,18.4,11.6,23.0,0.0,,,25.8,,1021.8,
2024-02-03,19.3,12.0,26.1,0.0,,,24.9,,1020.3,
2024-02-04,16.9,10.3,24.2,0.0,,,28.2,,1021.9,
2024-02-05,17.0,11.3,22.9,0.0,,,30.8,,1024.3,
2024-02-06,17.4,12.3,23.1,0.0,,,26.1,,1024.1,
2024-02-07,17.4,10.8,24.2,0.0,,,20.2,,1021.9,
2024-02-08,18.8,9.8,25.8,0.0,,,18.1,,1018.8,
2024-02-09,19.1,11.2,26.2,0.0,,,13.5,,1016.8,
2024-02-10,19.6,9.5,27.5,0.0,,,9.2,,1015.1,
2024-02-11,22.1,13.2,29.5,0.0,,,7.7,,1014.1,
2024-02-12,27.0,13.7,32.2,0.0,,,12.2,,1014.5,
2024-02-13,24.3,16.6,32.4,0.0,,,20.8,,1016.0,
2024-02-14,26.5,16.5,32.7,0.0,,,20.2,,1017.4,
2024-02-15,22.3,16.5,28.1,0.0,,,25.8,,1018.4,
2024-02-16,20.8,13.7,28.1,0.0,,,18.5,,1017.4,
2024-02-17,22.8,12.0,30.6,0.0,,,11.2,,1016.6,
2024-02-18,23.6,13.2,32.0,0.0,,,9.0,,1015.1,
2024-02-19,22.8,15.7,28.6,0.0,,,9.2,,1013.8,
2024-02-20,25.0,13.9,29.8,0.0,,,16.5,,1013.0,
2024-02-21,22.5,14.9,29.8,0.0,,,16.7,,1012.4,
2024-02-22,21.7,13.8,28.5,0.0,,,14.8,,1012.6,
2024-02-23,22.2,13.8,29.4,0.0,,,11.9,,1013.5,
2024-02-24,25.0,12.8,34.0,0.0,,,14.1,,1014.1,
2024-02-25,29.1,14.7,35.0,0.0,,,10.8,,1014.8,
2024-02-26,25.4,17.1,33.0,0.0,,,9.0,,1012.9,
2024-02-27,29.1,15.8,37.2,0.0,,,15.0,,1010.7,
2024-02-28,26.6,18.9,33.7,0.0,,,14.6,,1009.2,
2024-02-29,22.1,16.7,27.3,0.0,,,23.1,,1011.8,
2024-03-01,20.1,13.3,28.2,0.0,,,25.5,,1013.4,
2024-03-02,23.7,16.3,30.5,0.0,,,16.1,,1013.6,
2024-03-03,24.8,15.8,32.6,0.0,,,11.2,,1012.4,
2024-03-04,29.3,18.7,37.8,0.0,,,9.7,,1011.2,
2024-03-05,27.9,20.2,35.9,0.0,,,13.6,,1011.3,
2024-03-06,27.4,19.9,35.7,0.0,,,12.9,,1011.0,
2024-03-07,27.1,17.4,35.3,0.0,,,14.8,,1010.5,
2024-03-08,25.4,15.5,35.9,0.0,,,13.7,,1010.1,
2024-03-09,25.9,19.2,35.6,0.0,,,16.0,,1011.3,
2024-03-10,27.1,19.0,35.0,0.0,,,15.6,,1012.0,
2024-03-11,28.0,18.2,39.5,0.0,,,12.0,,1012.7,
2024-03-12,29.3,20.9,38.1,0.0,,,12.2,,1011.6,
2024-03-13,29.6,21.1,37.7,0.0,,,12.1,,1010.1,
2024-03-14,28.9,19.1,38.7,0.0,,,15.3,,1008.9,
2024-03-15,29.6,21.5,34.8,0.0,,,20.4,,1010.8,
2024-03-16,27.8,17.0,32.5,0.0,,,24.9,,1013.1,
2024-03-17,25.9,21.8,29.4,0.0,,,29.1,,1015.8,
2024-03-18,26.3,18.5,31.5,0.0,,,29.8,,1015.2,
2024-03-19,25.9,17.7,32.8,0.0,,,18.5,,1013.8,
2024-03-20,26.5,16.6,33.6,0.0,,,14.7,,1012.7,
2024-03-21,25.3,16.9,33.2,0.0,,,14.7,,1012.7,
2024-03-22,27.4,20.3,36.6,0.0,,,16.0,,1011.3,
2024-03-23,29.5,17.9,37.2,0.0,,,16.7,,1011.2,
2024-03-24,29.6,18.0,37.7,0.0,,,14.6,,1011.8,
2024-03-25,29.0,20.0,35.3,0.0,,,12.2,,1011.2,
2024-03-26,29.8,20.3,36.1,0.0,,,10.9,,1009.7,
2024-03-27,32.8,21.5,34.4,0.0,,,12.5,,1010.2,
2024-03-28,31.0,24.3,36.7,0.0,,,13.5,,1011.2,
2024-03-29,31.4,24.4,38.3,0.0,,,12.8,,1010.3,
2024-03-30,30.7,22.5,37.7,0.0,,,16.9,,1010.2,
2024-03-31,32.1,23.7,39.4,0.0,,,15.5,,1010.9,
2024-04-01,33.3,25.0,40.1,0.0,,,18.0,,1011.0,
2024-04-02,33.6,27.2,39.6,0.0,,,20.0,,1009.5,
2024-04-03,33.8,23.3,39.2,0.0,,,14.9,,1006.8,
2024-04-04,32.1,25.1,38.7,0.0,,,17.0,,1006.0,
2024-04-05,32.2,20.4,38.4,0.0,,,11.4,,1006.6,
2024-04-06,31.1,21.4,40.8,0.0,,,11.3,,1007.5,
2024-04-07,31.1,21.0,39.4,0.0,,,12.1,,1008.2,
2024-04-08,29.3,21.1,40.5,0.0,,,16.5,,1007.2,
2024-04-09,34.3,25.5,41.6,0.0,,,21.3,,1006.3,
2024-04-10,34.3,26.4,42.3,0.0,,,17.6,,1007.8,
2024-04-11,32.7,23.5,40.1,0.0,,,13.6,,1007.9,
2024-04-12,32.9,23.3,40.2,0.0,,,18.2,,1007.8,
2024-04-13,27.6,21.1,32.9,0.0,,,20.6,,1008.8,
2024-04-14,25.7,20.1,31.6,0.0,,,17.9,,1011.4,
2024-04-15,26.9,21.6,34.7,0.0,,,18.4,,1012.7,
2024-04-16,26.8,20.7,32.6,0.0,,,17.6,,1011.3,
2024-04-17,29.2,19.0,37.9,0.0,,,18.6,,1009.2,
2024-04-18,31.7,22.8,40.2,0.0,,,19.1,,1009.5,
2024-04-19,33.1,22.8,40.4,0.0,,,16.1,,1009.0,
2024-04-20,31.4,22.6,39.5,0.0,,,12.7,,1006.8,
2024-04-21,33.8,22.9,42.0,0.0,,,17.7,,1003.6,
2024-04-22,35.1,27.3,40.3,0.0,,,21.3,,1005.1,
2024-04-23,33.4,23.3,40.1,0.0,,,10.9,,1007.7,
2024-04-24,33.8,26.3,40.8,0.0,,,18.9,,1007.4,
2024-04-25,33.4,25.2,41.2,0.0,,,16.8,,1006.9,
2024-04-26,32.6,22.6,43.4,0.0,,,10.8,,1005.1,
2024-04-27,34.4,26.2,41.0,0.0,,,12.2,,1004.8,
2024-04-28,35.8,28.8,41.5,0.0,,,18.4,,1006.7,
2024-04-29,35.3,28.1,41.9,0.0,,,15.4,,1007.2,
2024-04-30,37.2,30.6,43.4,0.0,,,20.5,,1007.0,
2024-05-01,34.9,28.9,40.5,0.0,,,25.1,,1006.8,
2024-05-02,38.4,30.1,45.3,0.0,,,20.9,,1005.8,
2024-05-03,39.1,31.7,45.4,0.0,,,13.3,,1007.6,
2024-05-04,38.7,28.5,45.0,0.0,,,15.4,,1008.0,
2024-05-05,39.6,32.0,46.0,0.0,,,17.8,,1006.4,
2024-05-06,38.6,32.5,45.4,0.0,,,20.6,,1004.8,
2024-05-07,37.9,32.5,43.4,0.0,,,18.1,,1006.1,
2024-05-08,40.9,32.3,45.7,0.0,,,11.1,,1006.0,
2024-05-09,37.3,29.4,45.6,0.0,,,15.2,,1004.2,
2024-05-10,36.4,29.0,42.8,0.0,,,23.6,,1005.1,
2024-05-11,37.6,30.6,44.0,0.0,,,20.5,,1005.9,
2024-05-12,37.3,32.3,43.3,0.0,,,18.0,,1006.9,
2024-05-13,36.3,28.5,40.8,10.9,,,20.3,,1007.7,
2024-05-14,35.5,27.5,42.6,0.0,,,12.3,,1007.9,
2024-05-15,39.6,29.3,44.5,0.0,,,16.1,,1008.2,
2024-05-16,39.3,31.2,45.1,0.0,,,18.2,,1007.8,
2024-05-17,41.0,33.6,45.0,0.0,,,20.4,,1008.4,
2024-05-18,39.2,31.8,44.7,0.0,,,12.1,,1008.7,
2024-05-19,35.8,27.7,44.8,0.0,,,11.9,,1007.5,
2024-05-20,40.1,30.0,45.4,0.0,,,12.1,,1006.9,
2024-05-21,37.5,27.6,46.1,0.0,,,10.9,,1007.9,
2024-05-22,39.2,28.4,46.6,0.0,,,11.9,,1007.6,
2024-05-23,40.1,27.7,45.4,0.0,,,14.4,,1007.1,
2024-05-24,36.2,27.5,46.5,0.0,,,10.7,,1007.5,
2024-05-25,38.9,27.0,46.9,0.0,,,15.5,,1007.3,
2024-05-26,40.0,33.7,45.7,0.0,,,15.5,,1008.4,
2024-05-27,41.1,33.4,46.7,0.0,,,15.9,,1007.7,
2024-05-28,40.3,31.6,45.2,0.0,,,19.5,,1006.7,
2024-05-29,41.2,31.6,46.1,0.0,,,16.8,,1005.9,
2024-05-30,39.3,28.4,45.5,0.0,,,15.0,,1005.1,
2024-05-31,39.2,31.3,45.3,0.0,,,25.5,,1006.4,
2024-06-01,37.1,30.8,45.6,0.0,,,20.0,,1008.9,
2024-06-02,37.8,29.4,45.8,0.0,,,13.5,,1008.6,
2024-06-03,38.3,31.8,41.9,0.0,,,13.8,,1009.0,
2024-06-04,38.1,30.1,43.5,0.0,,,12.7,,1007.5,
2024-06-05,41.9,36.4,45.4,0.0,,,19.9,,1007.4,
2024-06-06,41.0,33.9,46.0,0.0,,,17.8,,1007.9,
2024-06-07,41.3,33.9,46.3,0.0,,,20.0,,1009.1,
2024-06-08,40.3,34.0,44.0,0.0,,,19.2,,1008.9,
2024-06-09,41.1,34.6,45.5,0.0,,,15.1,,1007.8,
2024-06-10,39.1,31.8,44.7,0.0,,,19.1,,1008.3,
2024-06-11,38.8,28.0,44.9,0.0,,,13.8,,1008.6,
2024-06-12,38.6,31.3,44.9,0.0,,,16.4,,1010.2,
2024-06-13,40.8,35.5,45.8,0.0,,,17.3,,1008.4,
2024-06-14,40.0,29.1,45.8,0.0,,,16.7,,1007.2,
2024-06-15,36.3,32.3,39.8,0.0,,,19.5,,1007.4,
2024-06-16,36.8,31.0,43.5,0.0,,,14.5,,1007.9,
2024-06-17,39.1,30.7,45.8,0.0,,,12.3,,1007.8,
2024-06-18,37.5,29.6,44.2,0.0,,,14.3,,1008.5,
2024-06-19,38.3,28.8,46.9,0.0,,,16.0,,1006.4,
2024-06-20,38.4,29.4,44.1,0.0,,,18.8,,1007.2,
2024-06-21,38.2,31.0,44.8,0.0,,,15.1,,1008.4,
2024-06-22,39.3,33.5,43.6,0.0,,,14.3,,1006.8,
2024-06-23,39.1,33.9,44.5,0.8,,,16.0,,1005.3,
2024-06-24,40.3,32.4,45.7,0.0,,,13.2,,1004.9,
2024-06-25,39.4,33.5,46.2,0.0,,,16.0,,1006.6,
2024-06-26,40.5,33.7,47.1,0.0,,,17.0,,1006.4,
2024-06-27,40.2,36.2,46.2,0.0,,,20.0,,1006.1,
2024-06-28,39.6,31.1,45.6,0.0,,,24.5,,1006.8,
2024-06-29,39.9,33.8,43.4,0.0,,,18.4,,1007.6,
2024-06-30,38.2,32.4,44.1,0.0,,,12.0,,1007.9,
2024-07-01,37.8,29.1,42.9,0.0,,,18.7,,1007.5,
2024-07-02,38.6,30.4,43.3,0.0,,,21.6,,1006.1,
2024-07-03,34.5,31.6,37.7,0.0,,,14.8,,1008.5,
2024-07-04,35.7,31.7,40.0,0.0,,,13.1,,1009.8,
2024-07-05,38.2,30.2,45.4,0.0,,,19.5,,1007.8,
2024-07-06,37.4,29.8,45.8,0.0,,,11.8,,1006.2,
2024-07-07,37.6,31.7,41.9,0.0,,,19.3,,1006.8,
2024-07-08,36.0,30.3,40.9,0.0,,,15.7,,1007.4,
2024-07-09,36.7,31.4,44.1,0.0,,,19.8,,1006.4,
2024-07-10,38.9,32.3,43.8,0.0,,,22.7,,1007.7,
2024-07-11,41.2,34.7,44.9,0.0,,,30.5,,1007.6,
2024-07-12,38.3,30.5,41.8,0.0,,,19.2,,1007.3,
2024-07-13,34.9,28.8,41.6,0.0,,,19.5,,1007.8,
2024-07-14,38.1,32.9,43.6,0.0,,,15.5,,1008.9,
2024-07-15,32.8,29.4,40.5,0.0,,,16.7,,1011.8,
2024-07-16,35.6,30.3,42.9,0.0,,,14.1,,1010.8,
2024-07-17,37.1,30.9,43.5,0.0,,,17.4,,1007.5,
2024-07-18,37.6,30.2,43.0,0.0,,,20.1,,1008.1,
2024-07-19,38.9,31.1,44.6,0.0,,,20.2,,1007.0,
2024-07-20,33.7,28.2,38.2,0.0,,,17.7,,1007.3,
2024-07-21,34.6,29.4,40.0,0.0,,,14.2,,1009.9,
2024-07-22,35.4,29.3,40.5,0.0,,,16.1,,1010.4,
2024-07-23,36.2,29.5,41.9,0.0,,,14.1,,1010.6,
2024-07-24,37.9,32.4,45.9,0.0,,,19.9,,1008.7,
2024-07-25,35.1,28.7,43.3,0.0,,,23.5,,1005.8,
2024-07-26,36.8,30.6,42.0,0.0,,,19.0,,1005.4,
2024-07-27,37.2,31.5,42.0,0.0,,,18.2,,1006.6,
2024-07-28,35.3,29.7,40.4,0.0,,,19.2,,1008.3,
2024-07-29,35.3,30.3,41.0,0.0,,,13.6,,1008.7,
2024-07-30,34.7,28.4,41.2,0.8,,,18.3,,1006.7,
2024-07-31,35.5,29.9,39.3,0.0,,,17.4,,1005.6,
2024-08-01,33.7,27.3,41.9,0.0,,,20.6,,1007.0,
2024-08-02,33.6,29.3,39.3,0.0,,,17.5,,1008.8,
2024-08-03,32.4,26.9,41.1,0.0,,,16.5,,1007.9,
2024-08-04,34.7,27.1,41.2,0.0,,,15.2,,1008.4,
2024-08-05,37.1,29.7,43.7,0.0,,,16.8,,1006.6,
2024-08-06,37.3,30.5,44.2,0.0,,,16.8,,1003.9,
2024-08-07,35.6,28.3,41.3,0.0,,,16.3,,1003.8,
2024-08-08,34.8,30.5,41.5,0.0,,,15.9,,1006.2,
2024-08-09,35.8,27.3,42.3,0.0,,,22.9,,1006.6,
2024-08-10,37.1,29.2,42.6,0.0,,,20.1,,1006.3,
2024-08-11,34.2,29.7,38.9,0.0,,,16.9,,1008.1,
2024-08-12,32.6,27.9,38.9,0.0,,,16.0,,1007.6,
2024-08-13,32.4,28.4,36.9,0.0,,,12.5,,1007.7,
2024-08-14,31.7,26.5,36.4,0.0,,,16.0,,1009.4,
2024-08-15,33.2,29.1,40.3,0.0,,,18.4,,1008.5,
2024-08-16,30.8,25.8,37.1,0.3,,,21.9,,1009.1,
2024-08-17,32.8,27.6,37.1,0.0,,,20.8,,1011.2,
2024-08-18,33.4,28.1,38.6,0.0,,,11.4,,1012.5,
2024-08-19,34.7,28.6,41.0,0.0,,,21.0,,1008.9,
2024-08-20,36.6,29.9,43.0,0.0,,,14.7,,1007.7,
2024-08-21,35.7,30.3,39.4,0.0,,,15.7,,1009.8,
2024-08-22,37.3,31.3,43.9,0.0,,,16.4,,1007.3,
2024-08-23,36.2,31.2,41.6,0.0,,,11.9,,1005.9,
2024-08-24,34.6,28.6,39.5,0.0,,,16.7,,1010.6,
2024-08-25,38.8,31.6,45.4,0.0,,,25.8,,1008.1,
2024-08-26,40.4,33.9,46.0,0.0,,,22.6,,1003.6,
2024-08-28,29.0,22.9,33.5,2.0,,,,,,
2024-08-29,33.1,26.7,38.8,0.0,,,,,,
2024-08-30,34.9,29.1,42.4,0.0,,,,,,
2024-09-01,27.6,25.0,,26.9,,,,,,
2024-09-02,29.8,26.2,34.9,0.0,,,,,,
2024-09-03,31.8,27.7,36.4,0.0,,,,,,
2024-09-04,30.2,27.0,35.1,0.0,,,23.3,,1009.5,
2024-09-05,28.6,24.5,33.9,0.0,,,16.8,,1012.6,
2024-09-06,30.4,26.5,37.4,0.0,,,9.5,,1012.0,
2024-09-07,33.9,27.3,39.5,0.0,,,18.7,,1012.3,
2024-09-08,34.6,28.7,40.9,0.0,,,14.3,,1012.1,
2024-09-09,35.7,30.4,42.0,0.0,,,14.7,,1010.7,
2024-09-10,35.7,31.4,41.0,0.0,,,12.7,,1008.3,
2024-09-11,36.9,29.7,40.2,0.0,,,17.7,,1007.3,
2024-09-12,30.4,26.8,35.2,4.6,,,16.6,,1011.7,
2024-09-13,29.1,25.3,35.6,0.0,,,8.4,,1012.8,
2024-09-14,34.9,27.5,39.8,0.0,,,9.1,,1011.6,
2024-09-15,36.5,29.9,42.2,0.0,,,10.8,,1010.1,
2024-09-16,34.9,27.3,39.5,0.3,,,11.9,,1010.0,
2024-09-17,34.5,29.0,38.3,0.0,,,11.8,,1009.6,
2024-09-18,35.0,29.6,39.9,0.0,,,11.7,,1009.8,
2024-09-19,33.4,27.3,40.4,2.0,,,12.1,,1010.1,
2024-09-20,33.3,26.4,40.1,0.0,,,14.8,,1009.9,
2024-09-21,36.1,30.2,41.8,0.0,,,16.0,,1008.6,
2024-09-22,36.1,29.9,41.5,0.0,,,11.3,,1009.9,
2024-09-23,37.1,29.0,42.9,0.0,,,13.3,,1010.1,
2024-09-24,35.2,27.9,41.8,0.0,,,16.5,,1009.8,
2024-09-25,35.5,29.8,42.8,0.0,,,11.7,,1011.4,
2024-09-26,35.6,27.5,41.6,0.0,,,12.8,,1011.8,
2024-09-27,37.1,30.5,42.8,0.0,,,11.0,,1009.6,
2024-09-28,35.6,28.2,42.6,2.0,,,13.8,,1009.1,
2024-09-29,38.1,32.1,42.3,0.0,,,15.4,,1009.9,
2024-09-30,36.4,29.8,40.7,0.0,,,23.7,,1009.8,
2024-10-01,34.4,28.8,40.0,0.0,,,22.3,,1009.7,
2024-10-02,35.1,25.7,40.1,0.0,,,17.3,,1009.6,
2024-10-03,33.9,27.7,39.0,0.0,,,15.0,,1009.9,
2024-10-04,35.9,25.7,41.2,0.0,,,14.1,,1011.1,
2024-10-05,34.7,28.2,39.5,0.0,,,14.8,,1012.2,
2024-10-06,32.9,27.3,39.0,0.0,,,11.2,,1012.5,
2024-10-07,35.4,27.6,41.6,0.0,,,13.4,,1011.5,
2024-10-08,34.3,26.3,41.0,0.0,,,14.3,,1011.7,
2024-10-09,35.8,25.3,42.2,0.0,,,15.9,,1012.2,
2024-10-10,36.8,27.7,41.8,0.0,,,15.3,,1011.4,
2024-10-11,34.8,23.8,41.1,0.0,,,14.4,,1011.6,
2024-10-12,34.4,24.2,41.3,0.0,,,13.6,,1011.0,
2024-10-13,31.8,24.6,38.2,0.0,,,15.5,,1011.4,
2024-10-14,32.1,22.1,40.3,0.0,,,12.2,,1012.6,
2024-10-15,32.4,21.6,38.2,0.0,,,15.3,,1012.2,
2024-10-16,33.7,23.1,38.5,0.0,,,12.0,,1012.9,
2024-10-17,33.7,24.3,40.5,0.0,,,12.8,,1013.5,
2024-10-18,31.8,24.1,38.2,0.0,,,16.7,,1012.4,
2024-10-19,33.8,27.3,38.9,0.0,,,11.8,,1011.3,
2024-10-20,31.5,24.7,39.8,0.0,,,13.4,,1010.7,
2024-10-21,30.9,22.2,37.4,0.0,,,14.4,,1011.2,
2024-10-22,31.9,23.9,38.0,0.0,,,10.5,,1011.2,
2024-10-23,31.4,23.9,38.2,0.0,,,11.9,,1012.0,
2024-10-24,34.0,24.5,39.9,0.0,,,18.5,,1013.1,
2024-10-25,33.1,26.0,38.8,0.0,,,14.6,,1013.3,
2024-10-26,30.5,22.8,38.2,0.0,,,12.7,,1013.3,
2024-10-27,30.4,21.7,36.7,0.0,,,11.5,,1013.5,
2024-10-28,30.1,21.2,35.4,0.0,,,14.1,,1013.7,
2024-10-29,30.1,22.3,34.6,0.0,,,18.1,,1014.5,
2024-10-30,29.5,23.0,34.3,0.0,,,22.1,,1015.0,
2024-10-31,29.3,21.6,34.2,0.0,,,22.8,,1015.2,
2024-11-01,28.7,20.4,33.7,0.0,,,20.5,,1014.8,
2024-11-02,28.8,22.2,33.9,0.0,,,19.3,,1014.1,
2024-11-03,27.9,23.5,34.3,0.0,,,17.0,,1016.8,
2024-11-04,28.4,18.9,32.4,0.0,,,19.9,,1017.7,
2024-11-05,26.9,19.9,31.9,0.0,,,24.4,,1016.6,
2024-11-06,23.2,17.3,28.4,0.0,,,23.6,,1015.5,
2024-11-07,26.1,19.1,31.1,0.0,,,18.8,,1017.1,
2024-11-08,26.1,19.5,30.9,0.0,,,21.9,,1018.2,
2024-11-09,25.6,16.9,30.6,0.0,,,24.6,,1018.1,
2024-11-10,24.4,16.3,30.4,0.0,,,21.1,,1016.9,
2024-11-11,24.7,16.1,29.4,0.0,,,16.2,,1015.8,
2024-11-12,22.3,14.7,29.6,0.0,,,13.1,,1014.4,
2024-11-13,25.6,15.4,32.8,0.0,,,13.3,,1015.0,
2024-11-14,26.9,16.8,34.3,0.0,,,15.0,,1015.2,
2024-11-15,24.4,17.3,31.5,0.0,,,20.2,,1015.7,
2024-11-16,23.4,16.8,29.5,0.0,,,23.9,,1016.8,
2024-11-17,23.1,16.9,29.5,0.0,,,24.0,,1016.7,
2024-11-18,22.5,16.3,28.9,0.0,,,23.8,,1017.5,
2024-11-19,22.7,16.5,29.4,0.0,,,23.0,,1018.0,
2024-11-20,22.3,15.4,29.3,0.0,,,20.1,,1018.4,
2024-11-21,22.4,14.6,30.1,0.0,,,14.5,,1016.0,
2024-11-22,24.8,13.8,33.2,0.0,,,11.3,,1015.4,
2024-11-23,23.1,14.9,31.0,0.0,,,11.1,,1016.2,
2024-11-24,25.8,15.7,32.9,0.0,,,17.8,,1018.1,
2024-11-25,26.3,19.3,31.0,0.0,,,22.5,,1018.6,
2024-11-26,23.6,17.1,29.1,0.0,,,22.4,,1019.3,
2024-11-27,21.8,16.8,26.6,0.0,,,22.8,,1020.0,
2024-11-28,18.9,12.6,25.4,0.0,,,19.7,,1020.4,
2024-11-29,21.7,12.3,27.7,0.0,,,19.6,,1020.8,
2024-11-30,20.3,12.2,27.0,0.0,,,20.9,,1020.4,
2024-12-01,18.9,11.7,25.5,0.0,,,19.7,,1018.3,
2024-12-02,19.3,12.6,25.9,0.0,,,19.6,,1017.2,
2024-12-03,20.6,13.2,26.4,0.0,,,19.7,,1017.2,
2024-12-04,22.9,13.5,30.0,0.0,,,20.8,,1017.7,
2024-12-05,23.7,14.6,28.8,0.0,,,18.8,,1017.1,
2024-12-06,19.6,13.1,25.7,0.0,,,27.4,,1018.2,
2024-12-07,19.4,14.2,23.8,0.0,,,26.2,,1020.5,
2024-12-08,17.9,12.9,24.9,0.0,,,19.7,,1019.2,
2024-12-09,15.7,7.9,23.6,0.0,,,12.1,,1016.9,
2024-12-10,20.7,10.2,30.0,0.0,,,,,,
2024-12-11,23.2,12.6,32.0,0.0,,,,,,
2024-12-12,23.1,15.4,29.8,0.0,,,,,,
2024-12-13,24.7,15.0,31.4,0.0,,,,,,
2024-12-14,22.9,18.7,27.6,0.0,,,22.8,,1017.7,
2024-12-15,19.9,13.4,27.2,0.0,,,18.0,,1018.0,
2024-12-16,18.9,12.0,26.0,0.0,,,20.0,,1018.6,
2024-12-17,18.3,14.3,22.9,0.0,,,31.7,,1020.3,
2024-12-18,16.0,12.1,19.9,0.0,,,34.3,,1023.3,
2024-12-19,16.2,11.5,21.5,0.0,,,30.9,,1023.4,
2024-12-20,19.1,14.0,23.6,0.0,,,24.7,,1022.2,
2024-12-21,19.2,11.6,24.5,0.0,,,21.4,,1020.3,
2024-12-22,16.7,10.2,23.5,0.0,,,22.3,,1019.9,
2024-12-23,21.2,11.6,27.2,0.0,,,18.8,,1018.2,
2024-12-24,19.1,12.0,26.5,0.0,,,16.8,,1016.9,
2024-12-25,19.3,12.6,26.5,0.0,,,17.0,,1016.7,
2024-12-26,20.5,12.4,28.2,0.0,,,16.6,,1017.0,
2024-12-27,20.6,13.2,26.5,0.0,,,16.6,,1017.8,
2024-12-28,18.3,12.3,24.9,0.0,,,16.0,,1017.5,
2024-12-29,18.4,11.9,25.3,0.0,,,15.2,,1017.5,
2024-12-30,20.9,11.7,27.9,0.0,,,15.8,,1017.7,
2024-12-31,20.7,10.6,28.9,0.0,,,13.5,,1016.4,
2025-01-01,22.3,16.6,27.4,0.0,,,9.3,,1014.5,
2025-01-02,23.3,19.7,28.3,0.0,,,10.8,,1013.7,
2025-01-03,21.2,17.8,26.3,0.0,,,17.4,,1015.4,
2025-01-04,19.4,14.2,25.0,0.0,,,29.7,,1017.0,
2025-01-05,21.1,17.2,26.2,0.0,,,25.0,,1017.2,
2025-01-06,21.8,17.5,26.7,0.0,,,17.0,,1016.8,
2025-01-07,21.0,16.5,26.3,0.0,,,14.7,,1017.6,
2025-01-08,22.3,17.2,27.7,0.0,,,22.5,,1018.5,
2025-01-09,20.5,16.5,23.6,0.0,,,26.3,,1019.3,
2025-01-10,16.7,11.0,22.7,0.0,,,25.7,,1020.2,
2025-01-11,21.9,18.2,26.7,0.0,,,24.2,,1020.1,
2025-01-12,19.4,11.9,26.0,0.0,,,15.3,,1018.0,
2025-01-13,18.0,11.0,24.8,0.0,,,9.2,,1014.5,
2025-01-14,21.8,15.1,27.2,0.0,,,9.8,,1012.6,
2025-01-15,22.3,18.4,25.9,0.0,,,13.1,,1013.1,
2025-01-16,20.2,17.7,23.9,0.0,,,15.7,,1014.6,
2025-01-17,20.2,15.1,25.8,0.0,,,15.3,,1016.7,
2025-01-18,21.9,16.9,26.2,0.0,,,12.5,,1014.8,
2025-01-19,21.9,19.4,24.9,0.0,,,13.4,,1014.0,
2025-01-20,19.6,11.7,26.1,0.0,,,16.7,,1015.1,
2025-01-21,21.9,17.3,27.1,0.0,,,27.5,,1017.3,
2025-01-22,20.5,15.7,26.3,0.0,,,25.2,,1018.1,
2025-01-23,21.5,17.7,24.9,0.0,,,16.9,,1017.8,
2025-01-24,23.1,15.9,30.8,0.0,,,15.7,,1017.7,
2025-01-25,24.3,18.0,29.8,0.0,,,16.7,,1017.7,
2025-01-26,23.5,16.3,30.5,0.0,,,17.9,,1017.7,
2025-01-27,25.4,20.7,29.7,0.0,,,18.8,,1018.4,
2025-01-28,24.7,18.9,29.9,0.0,,,24.9,,1018.6,
2025-01-29,24.3,20.8,29.0,0.0,,,23.8,,1019.0,
2025-01-30,24.3,20.9,28.9,0.0,,,19.1,,1018.1,
2025-01-31,21.1,12.4,27.7,0.0,,,11.8,,1015.7,
2025-02-01,22.5,16.6,27.7,0.0,,,10.2,,1014.5,
2025-02-02,24.1,20.0,28.1,0.0,,,9.2,,1013.9,
2025-02-03,23.5,19.3,27.9,0.0,,,15.4,,1014.0,
2025-02-04,23.8,19.4,28.9,0.0,,,17.4,,1014.0,
2025-02-05,25.2,20.0,30.3,0.0,,,19.6,,1014.3,
2025-02-06,27.8,23.8,32.9,0.0,,,15.9,,1012.8,
2025-02-07,26.4,22.0,30.6,0.0,,,11.4,,1012.7,
2025-02-08,27.2,22.2,32.5,0.0,,,15.0,,1014.4,
2025-02-09,28.2,25.0,32.0,0.0,,,18.6,,1014.7,
2025-02-10,25.2,21.5,28.4,0.0,,,21.2,,1013.6,
2025-02-11,25.7,20.1,29.9,0.0,,,21.4,,1013.9,
2025-02-12,20.8,14.2,27.8,0.0,,,23.3,,1015.6,
2025-02-13,23.4,13.5,28.2,0.0,,,12.8,,1016.1,
2025-02-14,25.7,20.1,30.8,0.0,,,9.2,,1014.7,
2025-02-15,26.6,18.5,32.5,0.0,,,11.5,,1013.6,
2025-02-16,26.7,21.2,32.0,0.0,,,11.9,,1012.8,
2025-02-17,28.2,18.6,35.6,0.0,,,14.4,,1010.3,
2025-02-18,29.0,25.9,33.0,0.0,,,11.4,,1010.9,
2025-02-19,28.1,20.9,34.8,0.0,,,11.6,,1011.2,
2025-02-20,25.5,16.6,31.9,0.0,,,13.2,,1010.9,
2025-02-21,25.0,20.7,29.2,0.0,,,21.8,,1011.9,
2025-02-22,23.8,18.3,28.4,0.0,,,21.2,,1013.4,
2025-02-23,20.8,15.3,26.8,0.0,,,23.1,,1014.5,
2025-02-24,21.9,14.9,27.1,0.0,,,16.5,,1014.3,
2025-02-25,23.2,19.2,26.9,0.0,,,20.2,,1015.6,
2025-02-26,23.1,20.1,26.6,0.0,,,25.2,,1017.4,
2025-02-27,19.7,12.5,27.0,0.0,,,22.5,,1017.4,
2025-02-28,20.2,12.6,27.6,0.0,,,19.2,,1015.8,
2025-03-01,26.4,21.9,31.8,0.0,,,11.2,,1013.3,
2025-03-02,29.0,22.5,34.0,0.0,,,9.2,,1012.2,
2025-03-03,29.9,22.2,36.4,0.0,,,13.3,,1011.6,
2025-03-04,30.5,22.4,36.9,0.0,,,14.8,,1009.7,
2025-03-05,31.0,26.8,37.1,0.0,,,17.2,,1010.5,
2025-03-06,31.5,27.1,36.2,0.0,,,13.6,,1011.2,
2025-03-07,31.9,25.9,36.8,0.0,,,15.3,,1011.0,
2025-03-08,32.1,26.5,36.8,0.0,,,11.1,,1010.6,
2025-03-09,33.4,28.7,37.6,0.0,,,11.3,,1009.3,
2025-03-10,32.6,26.2,39.4,0.0,,,19.4,,1009.6,
2025-03-11,32.8,25.1,41.1,0.0,,,20.1,,1009.0,
2025-03-12,33.4,31.2,36.0,0.0,,,17.0,,1008.8,
2025-03-13,32.3,26.5,37.5,0.0,,,12.6,,1008.6,
2025-03-14,31.8,25.2,37.7,0.0,,,,,,
2025-03-15,35.8,30.4,40.5,0.0,,,,,,
2025-03-16,35.7,29.2,40.9,,,,,,,
2025-03-17,35.3,29.6,41.0,0.0,,,,,,
2025-03-18,35.8,29.4,40.7,0.0,,,,,,
2025-03-19,32.3,23.6,40.8,0.0,,,,,,
2025-03-20,35.5,27.1,41.2,0.0,,,,,,
2025-03-21,35.8,29.1,41.0,,,,,,,
2025-03-22,36.0,31.7,40.8,0.0,,,15.5,,1012.3,
2025-03-23,34.7,30.8,39.0,0.0,,,16.8,,1012.2,
2025-03-24,32.0,28.0,36.4,0.0,,,16.4,,1013.0,
2025-03-25,30.8,23.1,37.8,0.0,,,12.0,,1012.1,
2025-03-26,32.5,23.1,39.0,0.0,,,10.6,,1007.9,
2025-03-27,33.5,28.6,38.6,0.0,,,15.7,,1006.5,
2025-03-28,32.3,21.9,38.8,0.0,,,17.1,,1007.8,
2025-03-29,30.7,22.8,38.0,0.0,,,14.4,,1007.5,
2025-03-30,33.0,27.3,38.5,0.0,,,20.9,,1006.4,
2025-03-31,29.1,22.6,34.1,0.0,,,26.2,,1008.8,
2025-04-01,29.3,24.1,34.5,0.0,,,15.6,,1009.9,
2025-04-02,29.0,21.3,34.8,0.0,,,12.2,,1010.2,
2025-04-03,27.6,18.1,36.2,0.0,,,14.8,,1012.4,
2025-04-04,29.8,21.4,37.5,0.0,,,12.2,,1012.3,
2025-04-05,31.5,22.3,39.0,0.0,,,12.6,,1009.4,
2025-04-06,32.0,25.6,37.8,0.0,,,21.2,,1007.5,
2025-04-07,30.1,24.4,36.0,0.0,,,17.9,,1008.1,
2025-04-08,31.8,18.3,38.1,0.0,,,16.3,,1010.6,
2025-04-09,30.2,22.7,37.7,0.0,,,17.2,,1011.8,
2025-04-10,32.1,22.9,37.5,0.0,,,15.9,,1011.0,
2025-04-11,35.1,25.2,40.9,0.0,,,17.5,,1011.4,
2025-04-12,33.9,24.4,38.8,0.0,,,21.3,,1012.4,
2025-04-13,31.5,21.3,36.4,0.0,,,16.5,,1011.9,
2025-04-14,34.1,29.1,38.5,0.0,,,11.8,,1010.9,
2025-04-15,34.1,25.5,40.7,0.0,,,13.2,,1009.5,
2025-04-16,32.3,24.8,41.0,0.0,,,10.6,,1008.6,
2025-04-17,35.7,27.1,41.2,0.0,,,12.0,,1008.7,
2025-04-18,33.2,26.4,40.7,0.0,,,12.7,,1009.2,
2025-04-19,32.8,24.9,40.3,0.0,,,12.2,,1008.1,
2025-04-20,32.4,24.0,41.1,0.0,,,11.6,,1007.2,
2025-04-21,33.8,26.3,42.0,0.0,,,12.5,,1006.6,
2025-04-22,33.2,24.5,40.5,0.0,,,12.7,,1007.4,
2025-04-23,34.3,26.3,41.2,0.0,,,12.0,,1008.5,
2025-04-24,33.7,25.8,40.8,0.0,,,18.5,,1008.8,
2025-04-25,35.9,30.3,41.2,0.0,,,19.5,,1008.6,
2025-04-26,34.6,26.8,41.1,0.0,,,14.1,,1008.5,
2025-04-27,34.4,26.9,41.7,0.0,,,14.6,,1007.0,
2025-04-28,34.9,28.8,41.2,0.0,,,15.5,,1006.2,
2025-04-29,34.0,28.0,39.6,0.0,,,22.9,,1006.2,
2025-04-30,32.8,27.0,39.0,0.0,,,29.0,,1007.3,
2025-05-01,32.8,26.2,39.0,0.0,,,24.8,,1009.3,
2025-05-02,32.5,26.8,37.1,0.0,,,27.2,,1012.1,
2025-05-03,31.9,27.0,35.9,0.0,,,24.3,,1013.2,
2025-05-04,30.7,22.9,36.8,0.0,,,16.8,,1012.0,
2025-05-05,32.8,25.9,38.0,0.0,,,13.5,,1010.6,
2025-05-06,32.1,23.4,39.9,0.0,,,10.2,,1010.2,
2025-05-07,33.4,25.3,41.0,0.0,,,9.2,,1010.3,
2025-05-08,34.2,26.2,42.6,0.0,,,10.3,,1008.6,
2025-05-09,35.1,27.9,43.4,0.0,,,9.5,,1007.9,
2025-05-10,35.5,27.1,43.7,0.0,,,11.6,,1009.6,
2025-05-11,35.9,27.4,44.6,0.0,,,14.3,,1010.2,
2025-05-12,36.2,27.0,43.3,0.0,,,11.9,,1009.0,
2025-05-13,37.0,28.8,45.1,0.0,,,14.4,,1006.9,
2025-05-14,37.6,31.4,45.3,0.0,,,17.6,,1005.6,
2025-05-15,37.7,30.7,44.1,0.0,,,14.9,,1005.7,
2025-05-16,35.0,32.1,39.0,0.0,,,29.7,,1008.5,
2025-05-17,34.6,30.0,38.7,0.0,,,19.0,,1010.7,
2025-05-18,37.5,30.6,42.3,0.0,,,19.7,,1009.6,
2025-05-19,39.3,34.7,44.9,0.0,,,20.0,,1007.8,
2025-05-20,39.0,34.2,43.3,0.0,,,14.8,,1007.7,
2025-05-21,39.2,33.9,43.6,0.0,,,13.4,,1007.8,
2025-05-22,39.3,34.4,43.4,0.0,,,14.4,,1008.6,
2025-05-23,39.6,34.2,44.1,0.0,,,14.4,,1007.0,
2025-05-24,40.2,35.1,45.0,0.0,,,15.1,,1006.4,
2025-05-25,39.9,35.2,45.5,0.0,,,17.9,,1007.2,
2025-05-26,39.0,32.7,44.4,0.0,,,19.0,,1007.2,
2025-05-27,39.0,34.5,43.0,0.0,,,21.0,,1007.5,
2025-05-28,38.8,34.9,43.0,0.0,,,15.1,,1009.1,
2025-05-29,36.9,30.6,41.7,0.0,,,12.0,,1010.5,
2025-05-30,37.9,33.7,41.6,0.0,,,14.8,,1010.2,
2025-05-31,38.5,31.5,43.0,0.0,,,20.0,,1006.8,
2025-06-01,35.2,29.3,40.7,0.0,,,20.5,,1004.5,
2025-06-02,36.7,31.9,41.1,0.0,,,18.5,,1006.3,
2025-06-03,33.0,28.4,37.0,0.0,,,29.0,,1009.9,
2025-06-04,33.2,27.8,37.9,0.0,,,19.5,,1012.7,
2025-06-05,35.0,29.0,39.4,0.0,,,11.4,,1013.0,
2025-06-06,34.5,30.7,38.3,0.0,,,20.1,,1012.8,
2025-06-07,35.8,31.8,39.6,0.0,,,14.4,,1012.0,
2025-06-08,36.3,30.5,42.0,0.0,,,15.2,,1010.1,
2025-06-09,38.0,31.0,42.9,0.0,,,18.0,,1009.4,
2025-06-10,35.4,28.5,41.2,0.0,,,14.6,,1009.6,
2025-06-11,39.4,34.2,44.7,0.0,,,19.0,,1007.3,
2025-06-12,37.5,29.2,43.8,0.0,,,15.5,,1006.4,
2025-06-13,37.5,30.3,43.9,0.0,,,16.4,,1007.4,
2025-06-14,37.0,31.1,41.7,0.0,,,12.0,,1009.1,
2025-06-15,36.6,28.0,43.3,0.0,,,12.5,,1008.9,
2025-06-16,36.8,29.2,43.3,0.0,,,13.8,,1008.6,
2025-06-17,37.5,30.4,43.7,0.0,,,13.6,,1008.3,
2025-06-18,38.6,33.2,43.7,0.0,,,21.2,,1007.4,
2025-06-19,36.6,33.1,39.9,0.0,,,23.8,,1008.8,
2025-06-20,35.5,29.2,39.7,0.0,,,12.9,,1010.5,
2025-06-21,36.8,31.5,41.0,0.0,,,13.5,,1009.7,
2025-06-22,39.2,35.2,42.3,0.0,,,12.0,,1008.2,
2025-06-23,39.2,35.2,43.2,0.0,,,17.6,,1006.1,
2025-06-24,36.1,31.9,39.2,0.0,,,16.3,,1007.1,
2025-06-25,35.1,30.7,41.0,0.0,,,13.6,,1009.7,
2025-06-26,36.7,30.1,43.2,7.1,,,15.3,,1008.0,
2025-06-27,38.7,33.2,44.1,0.0,,,18.6,,1007.6,
2025-06-28,37.8,32.9,41.5,0.0,,,19.4,,1008.5,
2025-06-29,37.5,33.6,41.1,0.0,,,21.5,,1007.2,
2025-06-30,36.5,30.0,40.8,0.0,,,16.4,,1006.8,
2025-07-01,36.4,30.4,40.4,0.0,,,15.4,,1008.4,
2025-07-02,35.0,30.3,39.8,0.0,,,15.0,,1009.9,
2025-07-03,36.6,30.7,41.3,0.0,,,14.2,,1009.1,
2025-07-04,36.7,30.6,41.9,0.0,,,12.4,,1008.5,
2025-07-05,36.0,30.9,41.1,0.0,,,13.1,,1008.4,
2025-07-06,37.1,32.3,41.7,0.0,,,21.5,,1008.3,
2025-07-07,35.3,31.4,39.2,0.0,,,18.6,,1010.3,
2025-07-08,37.5,30.7,42.2,0.0,,,17.6,,1009.4,
2025-07-09,39.0,33.4,45.1,0.0,,,13.4,,1007.9,
2025-07-10,37.9,31.7,42.3,0.0,,,15.4,,1006.8,
2025-07-11,38.2,32.9,42.6,0.0,,,17.9,,1005.5,
2025-07-12,36.0,31.5,38.3,0.0,,,16.4,,1006.1,
2025-07-13,33.7,29.5,37.2,0.0,,,15.5,,1013.0,
2025-07-14,34.7,28.3,40.8,0.0,,,15.0,,1013.8,
2025-07-15,37.3,32.7,42.4,0.0,,,20.9,,1009.1,
2025-07-16,38.0,32.3,42.5,0.0,,,22.3,,1007.5,
2025-07-17,35.4,30.4,39.4,0.0,,,14.7,,1009.1,
2025-07-18,35.6,30.0,40.2,0.0,,,16.1,,1010.6,
2025-07-19,37.5,31.6,42.6,0.0,,,16.6,,1009.6,
2025-07-20,39.4,32.7,44.6,0.0,,,16.4,,1005.8,
2025-07-21,38.3,32.4,42.0,0.0,,,16.2,,1006.2,
2025-07-22,36.9,31.3,41.3,0.0,,,16.2,,1007.1,
2025-07-23,35.0,29.9,39.4,0.0,,,19.2,,1008.3,
2025-07-24,34.4,29.7,38.7,0.0,,,16.7,,1009.6,
2025-07-25,35.0,28.3,40.3,0.0,,,16.4,,1009.8,
2025-07-26,36.6,30.1,42.8,0.0,,,20.2,,1008.3,
2025-07-27,36.6,28.3,43.6,0.0,,,18.7,,1007.9,
2025-07-28,36.1,29.9,42.0,0.0,,,19.8,,1008.1,
2025-07-29,37.4,30.2,41.8,0.0,,,16.6,,1007.4,
2025-07-30,36.2,31.3,40.6,0.0,,,23.3,,1008.8,
2025-07-31,33.4,27.5,38.9,0.0,,,14.7,,1011.4,
2025-08-01,35.3,29.4,39.3,0.0,,,15.0,,1011.8,
2025-08-02,33.4,26.1,39.7,0.0,,,19.3,,1011.5,
2025-08-03,34.9,28.8,40.9,0.0,,,21.6,,1008.9,
2025-08-04,37.8,33.0,42.9,0.0,,,26.3,,1008.9,
2025-08-05,35.6,29.8,39.7,0.0,,,14.6,,1011.0,
2025-08-06,35.7,30.5,40.8,0.0,,,15.8,,1008.9,
2025-08-07,36.7,30.3,42.5,0.0,,,15.3,,1008.0,
2025-08-08,36.0,31.4,40.3,0.0,,,14.7,,1008.8,
2025-08-09,34.4,29.0,39.7,0.8,,,14.4,,1008.3,
2025-08-10,36.8,30.6,41.6,0.0,,,12.2,,1008.6,
2025-08-11,35.4,28.6,41.7,0.0,,,14.5,,1008.0,
2025-08-12,36.5,29.8,42.1,0.0,,,18.0,,1007.8,
2025-08-13,32.1,29.3,37.6,0.0,,,19.4,,1010.9,
2025-08-14,32.9,27.6,37.5,0.0,,,12.4,,1011.9,
2025-08-15,35.8,29.5,41.6,0.0,,,17.4,,1010.5,
2025-08-16,37.4,30.8,42.9,0.0,,,17.9,,1008.0,
2025-08-17,31.4,25.3,37.5,0.0,,,24.0,,1008.7,
2025-08-18,31.2,25.8,37.1,0.0,,,12.8,,1011.1,
2025-08-19,35.3,28.9,40.9,0.0,,,13.7,,1009.8,
2025-08-20,36.8,30.4,43.0,0.0,,,16.9,,1008.2,
2025-08-21,35.6,29.4,40.5,0.0,,,18.4,,1007.3,
2025-08-22,37.9,32.2,42.6,0.0,,,14.6,,1006.1,
2025-08-23,34.7,29.9,38.5,0.0,,,17.5,,1006.5,
2025-08-24,30.8,26.7,34.1,0.0,,,16.5,,1007.9,
2025-08-25,33.1,25.5,39.3,0.0,,,14.8,,1009.6,
2025-08-26,36.5,30.5,43.4,0.0,,,21.2,,1008.9,
2025-08-27,32.6,30.0,36.6,0.0,,,16.5,,1012.0,
2025-08-28,33.0,26.7,38.9,0.0,,,17.4,,1011.2,
2025-08-29,35.2,28.0,41.5,0.0,,,16.4,,1007.3,
2025-08-30,35.2,27.5,41.1,0.0,,,13.3,,1007.2,
2025-08-31,32.2,25.2,37.5,0.0,,,19.0,,1010.9,
2025-09-01,33.3,28.1,38.6,0.0,,,15.3,,1010.5,
2025-09-02,35.7,28.4,42.9,0.0,,,19.5,,1007.2,
2025-09-03,32.5,26.9,35.3,0.1,,,19.5,,1010.0,
2025-09-04,30.1,24.3,35.8,6.4,,,12.4,,1011.9,
2025-09-05,29.9,25.1,35.1,1.2,,,14.1,,1012.2,
2025-09-06,32.5,27.0,38.1,0.0,,,12.2,,1011.7,
2025-09-07,35.7,29.9,40.2,0.0,,,19.0,,1011.4,
2025-09-08,36.4,31.2,40.5,0.0,,,19.2,,1010.5,
2025-09-09,34.0,27.0,39.8,0.0,,,16.0,,1010.2,
2025-09-10,34.1,29.0,38.0,0.0,,,16.0,,1011.9,
2025-09-11,35.5,29.5,40.5,0.0,,,15.0,,1011.2,
2025-09-12,34.4,27.9,40.0,0.0,,,15.4,,1008.7,
2025-09-13,33.8,27.7,38.9,0.0,,,14.4,,1010.8,
2025-09-14,33.6,25.8,40.3,0.0,,,14.9,,1010.6,
2025-09-15,36.1,31.2,41.6,0.0,,,24.9,,1010.5,
2025-09-16,37.0,31.9,41.7,0.0,,,24.1,,1011.6,
2025-09-17,35.1,27.9,39.3,0.0,,,13.0,,1012.0,
2025-09-18,34.5,27.2,40.2,0.0,,,18.1,,1011.4,
2025-09-19,34.9,30.0,38.8,0.0,,,21.1,,1011.3,
2025-09-20,35.9,31.5,40.0,0.0,,,18.0,,1010.9,
2025-09-21,35.8,30.4,41.3,0.0,,,17.7,,1010.1,
2025-09-22,34.4,26.8,39.8,0.0,,,9.5,,1009.9,
2025-09-23,34.0,27.8,40.1,0.0,,,12.0,,1010.1,
2025-09-24,34.1,27.4,40.2,0.0,,,13.3,,1011.6,
2025-09-25,33.9,25.9,40.5,0.0,,,14.6,,1011.7,
2025-09-26,34.5,28.1,39.6,0.0,,,13.9,,1011.8,
2025-09-27,33.3,25.9,39.3,0.0,,,11.5,,1012.5,
2025-09-28,33.7,27.7,38.6,0.0,,,13.0,,1011.0,
2025-09-29,34.6,28.9,40.6,0.0,,,10.8,,1009.9,
2025-09-30,35.4,29.4,41.2,0.0,,,12.2,,1010.4,
2025-10-01,34.2,26.9,40.7,0.0,,,15.0,,1010.6,
2025-10-02,34.3,25.7,41.6,0.0,,,13.0,,1010.5,
2025-10-03,34.9,30.2,40.4,0.0,,,15.9,,1010.1,
2025-10-04,34.8,28.2,41.4,0.0,,,15.7,,1007.6,
2025-10-05,33.1,27.1,37.6,0.0,,,18.0,,1009.6,
2025-10-06,33.7,28.3,38.2,0.0,,,11.8,,1012.3,
2025-10-07,34.7,28.9,40.6,0.0,,,15.7,,1012.1,
2025-10-08,34.5,29.4,40.2,0.0,,,18.0,,1011.2,
2025-10-09,34.1,29.3,37.8,0.0,,,17.1,,1011.9,
2025-10-10,34.1,28.8,38.7,0.0,,,15.5,,1012.0,
2025-10-11,32.9,27.9,38.3,0.0,,,14.2,,1011.2,
2025-10-12,33.6,29.2,38.8,0.0,,,19.7,,1010.9,
2025-10-13,32.9,26.6,38.0,0.0,,,20.2,,1011.9,
2025-10-14,32.7,28.0,37.3,0.0,,,19.3,,1013.3,
2025-10-15,31.4,24.0,37.3,0.0,,,14.5,,1013.0,
2025-10-16,30.0,22.7,37.6,0.0,,,11.3,,1011.2,
2025-10-17,30.4,23.7,37.4,0.0,,,14.2,,1012.0,
2025-10-18,31.0,23.2,37.3,0.0,,,13.3,,1013.8,
2025-10-19,29.8,21.5,36.5,0.0,,,15.0,,1014.1,
2025-10-20,31.1,22.6,38.5,0.0,,,14.5,,1012.4,
2025-10-21,31.4,25.8,38.5,0.0,,,14.2,,1012.1,
2025-10-22,31.3,23.6,38.2,0.0,,,15.3,,1012.9,
2025-10-23,32.4,25.6,38.1,0.0,,,17.6,,1013.9,
2025-10-24,31.2,23.6,37.3,0.0,,,17.5,,1014.7,
2025-10-25,30.9,22.3,36.6,0.0,,,15.9,,1014.3,
2025-10-26,32.2,27.1,37.3,0.0,,,16.8,,1014.0,
2025-10-27,30.8,22.6,36.5,0.0,,,16.5,,1013.4,
2025-10-28,30.8,22.1,36.9,0.0,,,15.4,,1013.2,
2025-10-29,28.8,20.5,36.2,0.0,,,14.7,,1013.6,
2025-10-30,30.4,21.9,36.8,0.0,,,16.8,,1013.7,
2025-10-31,30.4,22.7,36.5,0.0,,,17.7,,1014.7,
2025-11-01,30.0,21.7,36.6,0.0,,,19.4,,1015.2,
2025-11-02,28.8,22.1,34.5,0.0,,,18.2,,1014.8,
2025-11-03,27.2,18.9,33.6,0.0,,,15.1,,1014.1,
2025-11-04,26.1,18.8,33.8,0.0,,,14.5,,1015.2,
2025-11-05,27.1,19.5,34.8,0.0,,,14.4,,1015.2,
2025-11-06,26.6,18.6,34.7,0.0,,,12.4,,1013.5,
2025-11-07,26.4,17.5,34.9,0.0,,,10.9,,1012.8,
2025-11-08,26.8,19.9,35.1,0.0,,,10.7,,1013.5,
2025-11-09,27.3,21.9,34.7,0.0,,,11.1,,1014.2,
2025-11-10,25.1,17.5,32.6,0.0,,,12.4,,1014.7,
2025-11-11,28.6,23.7,34.7,0.0,,,14.1,,1014.4,
2025-11-12,27.2,18.2,34.5,0.0,,,18.7,,1014.8,
2025-11-13,27.7,21.8,32.8,0.0,,,20.3,,1017.1,
2025-11-14,27.6,23.2,31.5,0.0,,,21.9,,1017.9,
2025-11-15,26.4,21.3,30.6,0.0,,,22.6,,1017.5,
2025-11-16,25.0,16.2,31.0,0.0,,,20.1,,1017.0,
2025-11-17,23.0,15.8,28.6,0.0,,,13.7,,1017.6,
2025-11-18,21.5,13.5,29.3,0.0,,,10.2,,1015.5,
2025-11-19,21.3,12.7,28.4,0.0,,,8.9,,1014.1,
2025-11-20,22.7,15.2,30.6,0.0,,,9.9,,1014.0,
2025-11-21,23.9,16.1,32.7,0.0,,,11.4,,1014.0,
2025-11-22,24.8,18.6,30.8,0.0,,,17.3,,1014.6,
2025-11-23,24.3,17.6,32.3,0.0,,,16.5,,1014.9,
2025-11-24,25.2,20.8,30.3,0.0,,,20.4,,1015.9,
2025-11-25,22.9,16.1,29.4,0.0,,,14.4,,1014.6,
2025-11-26,22.8,15.3,29.9,0.0,,,10.4,,1013.2,
2025-11-27,23.9,16.9,31.3,0.0,,,9.0,,1012.2,
2025-11-28,24.9,17.5,32.6,0.0,,,12.1,,1012.9,
2025-11-29,25.3,21.7,29.4,0.0,,,15.9,,1013.2,
2025-11-30,24.5,20.8,29.0,0.0,,,11.5,,1013.1,
2025-12-01,25.0,20.8,29.9,0.0,,,12.4,,1011.6,
2025-12-02,26.2,20.7,32.1,0.0,,,17.7,,1009.6,
2025-12-03,22.5,17.5,27.0,0.0,,,18.3,,1012.0,
2025-12-04,21.0,14.7,26.7,0.0,,,21.2,,1014.1,
2025-12-05,19.9,13.7,27.3,0.0,,,24.3,,1015.3,
2025-12-06,21.4,16.0,26.7,0.0,,,23.5,,1015.7,
2025-12-07,20.5,14.5,25.3,0.0,,,25.7,,1016.8,
2025-12-08,19.9,14.2,24.6,0.0,,,22.0,,1017.7,
2025-12-09,20.7,14.4,25.3,0.0,,,15.9,,1017.8,
2025-12-10,19.7,13.6,25.6,0.0,,,13.5,,1016.2,
2025-12-11,19.3,11.9,26.3,0.0,,,11.3,,1014.4,
2025-12-12,21.3,11.9,30.0,0.0,,,13.5,,1012.0,
2025-12-13,22.2,13.8,30.7,0.0,,,12.5,,1012.6,
2025-12-14,24.1,19.1,30.1,0.0,,,16.0,,1013.8,
2025-12-15,24.6,22.0,27.2,0.3,,,19.7,,1015.6,
2025-12-16,25.0,21.4,28.6,0.0,,,13.0,,1015.4,
2025-12-17,24.2,20.3,28.2,0.0,,,13.4,,1013.2,
2025-12-18,24.3,21.1,28.8,0.0,,,22.0,,1014.4,
2025-12-19,21.1,15.4,26.2,0.0,,,12.5,,1015.4,
2025-12-20,18.0,11.4,24.8,0.0,,,14.6,,1013.9,
2025-12-21,19.4,13.2,25.3,0.0,,,11.5,,1012.1,
2025-12-22,18.3,10.5,26.5,0.0,,,9.3,,1011.8,
2025-12-23,20.1,14.1,26.6,0.0,,,10.7,,1011.8,
2025-12-24,20.1,12.9,27.7,0.0,,,10.9,,1011.7,
2025-12-25,21.4,14.8,28.3,0.0,,,9.2,,1012.4,
2025-12-26,23.1,15.8,30.4,0.0,,,8.5,,1012.6,
2025-12-27,22.4,16.2,27.4,0.0,,,14.3,,1013.8,
2025-12-28,21.2,14.4,26.7,0.0,,,12.7,,1014.8,
2025-12-29,20.1,14.1,27.3,0.0,,,11.8,,1015.7,
2025-12-30,19.8,12.7,27.1,0.0,,,10.4,,1016.6,
2025-12-31,19.2,12.1,26.3,0.0,,,12.8,,1015.5,
2026-01-01,19.6,12.5,25.7,0.0,,,16.0,,1014.9,
2026-01-02,20.7,13.9,26.3,0.0,,,19.2,,1015.6,
2026-01-03,20.6,12.1,27.1,0.0,,,13.7,,1016.1,
2026-01-04,21.7,13.2,29.3,0.0,,,10.3,,1015.4,
2026-01-05,21.8,14.8,29.3,0.0,,,11.6,,1014.4,
2026-01-06,24.6,17.4,31.3,0.0,,,10.8,,1013.3,
2026-01-07,24.4,16.7,31.4,0.0,,,11.1,,1013.5,
2026-01-08,25.3,19.9,31.1,0.0,,,25.8,,1017.2,
2026-01-09,23.7,19.3,26.0,0.0,,,26.6,,1018.9,
2026-01-10,23.8,18.4,28.0,0.0,,,18.6,,1017.1,
2026-01-11,23.5,17.7,30.0,0.0,,,16.4,,1015.4,
2026-01-12,23.0,16.5,28.3,0.0,,,19.3,,1015.9,
2026-01-13,22.6,17.2,26.8,0.0,,,20.1,,1016.2,
2026-01-14,23.2,19.0,28.2,0.0,,,13.9,,1015.7,
2026-01-15,21.6,16.5,26.1,0.0,,,9.7,,1014.9,
2026-01-16,21.4,14.2,29.0,0.0,,,11.4,,1014.7,
2026-01-17,21.2,14.4,28.3,0.0,,,10.6,,1012.4,
2026-01-18,22.1,15.0,29.8,0.0,,,13.1,,1009.3,
2026-01-19,22.2,17.8,26.0,0.0,,,15.2,,1007.9,
2026-01-20,18.1,14.1,21.1,0.0,,,19.8,,1012.0,
2026-01-21,15.6,9.9,20.6,0.0,,,19.3,,1014.0,
2026-01-22,15.6,7.0,21.5,0.0,,,12.4,,1015.4,
2026-01-23,17.2,9.7,24.6,0.0,,,12.3,,1015.9,
2026-01-24,19.1,10.8,27.0,0.0,,,10.8,,1015.6,
2026-01-25,18.6,13.4,23.9,0.0,,,20.8,,1016.9,
2026-01-26,19.2,14.2,24.2,0.0,,,24.5,,1018.9,
2026-01-27,18.9,8.4,25.5,0.0,,,22.7,,1018.9,
2026-01-28,19.1,10.9,25.9,0.0,,,16.7,,1018.2,
2026-01-29,20.2,13.2,26.7,0.0,,,13.9,,1017.2,
2026-01-30,21.1,13.9,28.1,0.0,,,10.5,,1015.3,
2026-01-31,20.8,11.4,29.6,0.0,,,12.8,,1013.7,
2026-02-01,20.6,10.8,29.3,0.0,,,9.6,,1013.3,
2026-02-02,22.2,13.3,29.3,0.0,,,10.9,,1013.2,
2026-02-03,21.9,12.8,30.2,0.0,,,10.4,,1013.7,
2026-02-04,23.8,16.3,31.5,0.0,,,9.5,,1013.2,
2026-02-05,22.3,12.2,31.7,0.0,,,11.3,,1012.9,
2026-02-06,23.5,14.8,32.4,0.0,,,9.7,,1013.5,
2026-02-07,23.4,13.5,31.9,0.0,,,10.2,,1014.4,
2026-02-08,24.9,16.3,32.9,0.0,,,13.4,,1013.4,
2026-02-09,26.2,18.3,32.4,0.0,,,14.4,,1011.9,
2026-02-10,23.6,15.1,31.4,0.0,,,13.1,,1012.5,
2026-02-11,26.9,21.7,32.4,,,,,,,
2026-02-12,27.6,19.6,33.0,,,,,,,
2026-02-14,25.2,14.6,34.0,,,,13.0,,1010.8,
2026-02-15,22.6,18.3,27.0,0.0,,,24.4,,1015.0,
2026-02-16,19.8,14.6,23.0,0.0,,,31.9,,1020.3,
2026-02-17,19.1,11.6,26.2,0.0,,,24.2,,1018.6,
2026-02-18,22.9,15.5,28.6,0.0,,,21.5,,1016.6,
2026-02-19,24.0,15.3,29.1,0.0,,,19.2,,1016.1,
2026-02-20,24.7,15.0,30.2,0.0,,,20.2,,1016.8,
2026-02-21,25.4,16.9,30.8,0.0,,,20.2,,1016.7,
2026-02-22,24.3,16.5,29.8,0.0,,,24.7,,1016.6,
2026-02-23,22.0,16.9,25.7,0.0,,,30.0,,1017.4,
2026-02-24,19.6,13.5,25.9,0.0,,,25.5,,1017.2,
2026-02-25,19.8,12.7,26.4,0.0,,,19.0,,1017.1,
2026-02-26,23.4,16.6,27.7,0.0,,,21.0,,1017.2,
2026-02-27,23.6,18.1,27.5,0.0,,,23.2,,1016.4,
2026-02-28,23.8,17.8,28.4,0.0,,,18.3,,1014.8,
2026-03-01,23.9,18.9,28.7,0.0,,,15.0,,1014.2,
2026-03-02,23.8,19.1,28.4,0.0,,,11.9,,1014.1,
2026-03-03,26.2,22.3,30.0,0.0,,,15.1,,1015.2,
2026-03-04,25.1,20.1,30.1,0.0,,,12.6,,1015.2,
2026-03-05,25.0,18.6,30.2,0.0,,,13.0,,1014.2,
2026-03-06,24.9,16.1,32.5,0.0,,,9.1,,1012.4,
2026-03-07,28.2,21.9,35.0,0.0,,,11.6,,1011.7,
2026-03-08,29.6,24.0,36.0,0.0,,,23.3,,1011.8,
2026-03-09,31.9,25.2,37.3,0.0,,,17.6,,1010.8,
2026-03-10,31.0,24.7,36.7,0.0,,,19.3,,1007.8,
2026-03-11,28.0,20.5,32.3,0.0,,,15.8,,1008.1,
2026-03-12,26.6,18.6,32.9,0.0,,,15.0,,1008.7,
2026-03-13,24.9,16.0,31.5,0.0,,,13.1,,1007.4,
2026-03-14,24.8,16.5,31.9,0.0,,,12.7,,1007.2,
2026-03-15,24.4,18.2,30.3,0.0,,,21.8,,1007.5,
2026-03-16,23.5,16.2,30.0,0.0,,,22.0,,1009.2,
2026-03-17,23.9,17.3,29.5,0.0,,,18.0,,1009.6,
2026-03-18,23.7,15.4,30.3,0.0,,,18.2,,1010.9,
2026-03-19,25.6,16.8,31.8,0.0,,,14.3,,1012.0,
2026-03-20,28.0,19.7,34.7,0.0,,,12.0,,1011.4,
2026-03-21,28.9,20.4,36.1,0.0,,,8.5,,1009.4,
2026-03-22,31.1,24.0,37.4,0.0,,,10.1,,1008.4,
2026-03-23,31.7,25.4,37.3,0.0,,,16.4,,1008.3,
2026-03-24,31.7,26.3,37.1,0.0,,,11.7,,1008.5,
2026-03-25,32.9,28.4,37.5,0.0,,,25.1,,1008.6,
2026-03-26,31.9,25.0,38.2,0.0,,,18.8,,1007.1,
2026-03-27,32.8,26.0,39.2,0.0,,,27.3,,1005.8,
2026-03-28,32.4,27.0,37.3,0.0,,,21.7,,1007.6,
2026-03-29,30.1,24.5,34.9,0.0,,,17.2,,1006.8,
2026-03-30,26.6,19.7,31.9,0.0,,,16.8,,1006.3,
2026-03-31,22.1,18.0,26.2,0.0,,,27.0,,1009.2,
2026-04-01,18.4,11.8,24.1,0.0,,,15.4,,1013.0,
2026-04-02,22.5,12.9,30.7,0.0,,,12.7,,1012.6,
2026-04-03,25.0,16.1,33.4,0.0,,,12.8,,1013.1,
2026-04-04,25.8,18.2,33.8,0.0,,,12.5,,1013.0,
2026-04-05,26.7,17.9,33.5,0.0,,,17.2,,1012.7,
2026-04-06,28.0,22.5,33.4,0.0,,,32.6,,1014.6,
2026-04-07,27.7,21.4,34.1,0.0,,,32.0,,1014.8,
2026-04-08,29.0,21.2,35.5,0.0,,,22.5,,1014.2,
2026-04-09,31.0,22.6,37.5,0.0,,,20.5,,1013.7,
2026-04-10,31.4,22.5,38.1,0.0,,,20.6,,1013.9,
2026-04-11,31.9,24.5,38.4,0.0,,,15.8,,1012.0,
2026-04-12,30.3,20.1,38.9,0.0,,,11.5,,1008.8,
2026-04-13,32.4,23.1,40.1,0.0,,,13.5,,1006.0,
2026-04-14,32.1,26.9,38.7,0.0,,,18.1,,1006.2,
2026-04-15,29.5,25.9,35.0,0.0,,,21.5,,1007.9,
2026-04-16,28.9,22.6,35.4,0.0,,,24.8,,1007.8,
2026-04-17,30.0,25.2,36.4,0.0,,,21.7,,1007.4,
2026-04-18,32.1,27.5,37.0,0.0,,,20.7,,1007.7,
2026-04-19,29.8,23.8,37.0,0.0,,,23.5,,1009.0,
2026-04-20,33.2,25.2,38.9,0.0,,,20.5,,1009.7,
2026-04-21,32.5,26.7,38.2,0.0,,,14.1,,1010.2,
2026-04-22,35.2,29.0,39.0,0.0,,,16.0,,1008.7,
2026-04-23,31.7,26.8,37.4,0.0,,,19.7,,1007.4,
2026-04-24,34.5,23.0,39.7,0.0,,,11.9,,1005.3,
2026-04-25,34.2,27.1,39.7,0.0,,,16.6,,1005.6,
2026-04-26,36.6,29.1,40.8,0.0,,,15.5,,1007.7,
2026-04-27,36.1,28.7,42.3,0.0,,,19.0,,1008.4,
2026-04-28,35.5,29.2,40.4,0.0,,,18.8,,1007.9,
2026-04-29,38.1,33.4,40.8,0.0,,,18.2,,1008.2,
2026-04-30,33.8,27.7,39.9,0.0,,,22.1,,1011.1,
2026-05-01,36.7,31.4,42.4,0.0,,,21.8,,1010.3,
2026-05-02,35.6,29.1,42.4,0.0,,,16.9,,1008.1,
2026-05-03,36.8,27.0,42.1,0.0,,,14.2,,1007.2,
2026-05-04,35.6,27.3,42.4,0.0,,,14.5,,1007.6,
2026-05-05,36.2,26.0,43.7,0.0,,,15.0,,1006.5,
2026-05-06,38.2,27.8,43.2,0.0,,,14.5,,1005.0,
2026-05-07,37.7,32.1,42.5,0.0,,,15.0,,1005.8,
2026-05-08,37.7,29.4,44.8,0.0,,,13.2,,1007.3,
2026-05-09,37.1,27.8,44.6,0.0,,,12.8,,1008.6,
2026-05-10,37.2,27.5,45.4,0.0,,,12.4,,1009.1,
2026-05-11,38.1,29.4,44.9,0.0,,,15.6,,1010.3,
2026-05-12,38.2,28.0,44.1,0.0,,,23.4,,1011.4,
2026-05-13,39.8,28.2,44.8,0.0,,,13.3,,1009.9,
2026-05-14,37.7,29.0,44.6,0.0,,,13.7,,1007.5,
2026-05-15,36.5,29.5,44.8,0.0,,,15.8,,1006.3,
2026-05-16,36.6,24.3,44.2,0.0,,,16.5,,1007.0,
2026-05-17,38.7,32.3,44.8,0.0,,,11.9,,1007.4,
2026-05-18,37.3,28.9,45.1,0.0,,,15.9,,1007.1,
2026-05-19,38.4,31.9,44.7,0.0,,,15.0,,1008.5,
2026-05-20,39.0,33.8,44.2,0.0,,,10.8,,1008.6,
2026-05-21,37.1,32.7,41.6,0.0,,,24.5,,1008.4,
2026-05-22,37.3,33.2,41.0,0.0,,,21.8,,1010.2,
2026-05-23,38.9,34.0,41.6,0.0,,,16.1,,1010.0,
2026-05-24,36.8,32.3,40.5,0.0,,,17.1,,1009.2,
2026-05-25,37.7,34.2,41.9,0.0,,,17.9,,1009.7,
2026-05-26,37.1,32.2,42.2,0.7,,,19.6,,1009.9,
2026-05-27,35.3,31.6,40.0,0.3,,,22.0,,1009.4,
2026-05-28,36.3,30.0,41.7,0.0,,,20.6,,1010.2,
2026-05-29,37.4,31.6,42.6,0.0,,,14.9,,1009.4,
2026-05-30,36.3,32.7,39.1,0.4,,,22.6,,1009.1,
2026-05-31,36.0,30.4,41.7,0.0,,,15.9,,1007.5,
2026-06-01,36.6,29.7,42.2,0.0,,,15.5,,1008.0,
2026-06-02,35.1,29.6,42.9,0.0,,,10.9,,1010.3,
2026-06-03,35.0,28.6,40.4,0.0,,,14.1,,1009.9,
2026-06-04,35.8,29.3,40.9,0.1,,,15.0,,1009.0,
2026-06-05,37.9,30.8,44.5,0.0,,,15.3,,1007.4,
2026-06-06,36.5,31.8,41.1,0.0,,,19.9,,1009.9,
2026-06-07,36.2,30.7,40.9,0.0,,,14.6,,1013.6,
2026-06-08,37.4,32.8,42.2,0.0,,,17.8,,1011.9,
2026-06-09,37.8,32.3,43.7,0.0,,,22.7,,1009.1,
2026-06-10,36.5,34.1,42.6,0.0,,,17.9,,1007.5,
2026-06-11,36.3,29.7,42.9,9.3,,,19.6,,1010.1,
2026-06-12,38.6,30.5,44.3,0.0,,,9.4,,1010.1,
2026-06-13,37.0,30.9,42.9,0.0,,,14.7,,1010.6,
2026-06-14,36.4,27.1,44.0,0.0,,,12.2,,1009.6,
2026-06-15,38.4,30.4,45.2,0.0,,,13.8,,1008.4,
2026-06-16,36.7,33.8,40.9,0.0,,,15.5,,1009.4,
2026-06-17,39.0,30.0,42.6,0.0,,,11.8,,1010.2,
2026-06-18,40.8,33.5,46.4,0.0,,,14.2,,1008.5,
2026-06-19,38.7,31.8,44.7,0.0,,,14.2,,1006.7,
2026-06-20,37.6,30.7,44.6,0.0,,,13.0,,1007.0,
2026-06-21,39.2,32.6,44.7,0.0,,,13.6,,1009.9,
2026-06-22,39.0,32.7,44.6,0.0,,,13.1,,1009.1,
2026-06-23,36.2,30.9,40.2,0.0,,,15.8,,1007.9,
2026-06-24,37.7,29.8,41.4,0.0,,,13.5,,1010.8,
2026-06-25,38.1,32.9,42.2,0.0,,,11.7,,1011.2,
2026-06-26,38.4,31.2,44.4,0.0,,,13.9,,1008.9,
2026-06-27,38.5,32.8,44.9,0.0,,,17.6,,1007.7,
2026-06-28,37.5,32.9,43.6,0.0,,,14.1,,1007.8,
2026-06-29,34.6,29.2,40.9,0.0,,,15.7,,1008.2,
2026-06-30,35.8,32.9,40.1,0.0,,,13.1,,1008.7,
2026-07-01,36.7,30.2,42.1,0.0,,,12.4,,1009.7,
2026-07-02,37.6,31.3,43.2,0.0,,,18.7,,1009.2,
2026-07-03,38.8,32.4,44.3,0.0,,,17.5,,1008.7,
2026-07-04,38.4,31.2,43.9,0.0,,,18.0,,1009.2,
2026-07-05,39.2,33.2,45.6,0.0,,,13.2,,1006.9,
2026-07-06,38.4,30.7,45.3,0.0,,,12.5,,1006.7,
2026-07-07,38.1,33.0,43.9,0.0,,,19.0,,1010.2,
2026-07-08,38.7,32.7,44.5,0.0,,,13.6,,1009.7,
2026-07-09,38.9,34.3,43.3,0.0,,,12.6,,1007.2,
2026-07-10,37.4,32.5,41.4,0.0,,,13.2,,1006.8,
2026-07-11,35.8,27.5,41.3,0.0,,,16.7,,1009.0,
2026-07-12,36.6,30.4,43.0,0.0,,,13.7,,1009.1,
2026-07-13,38.6,33.5,43.9,0.0,,,12.8,,1007.8,
2026-07-14,37.8,30.2,44.1,0.0,,,15.3,,1009.4,
2026-07-15,36.2,32.1,42.4,0.0,,,19.6,,1009.8,
2026-07-16,37.1,30.2,42.6,0.0,,,15.5,,1010.0,
2026-07-17,36.3,29.1,42.4,0.0,,,14.3,,1009.2,
2026-07-18,37.7,30.2,42.5,0.0,,,15.4,,1007.4,
2026-07-19,35.8,31.4,40.6,0.0,,,13.8,,1007.8,
2026-07-20,37.1,29.1,41.2,0.0,,,12.6,,1009.7,
2026-07-21,36.3,32.7,41.8,0.0,,,16.8,,1009.1,
