time,tavg,tmin,tmax,prcp,snow,wdir,wspd,wpgt,pres,tsun
1996-01-01,16.6,7.6,28.9,0.0,,,,,,
1996-01-02,17.4,7.5,30.1,0.0,,,,,,
1996-01-03,20.7,9.6,30.3,0.0,,,,,,
1996-01-04,18.7,9.0,30.2,0.0,,,,,,
1996-01-05,18.7,12.4,28.5,,,,,,,
1996-01-06,17.2,7.8,28.9,0.0,,,,,,
1996-01-07,15.7,8.0,29.0,0.0,,,,,,
1996-01-08,18.9,8.0,28.6,,,,,,,
1996-01-09,16.6,6.8,28.0,0.0,,,,,,
1996-01-11,14.8,7.3,22.5,,,,,,,
1996-01-12,15.8,7.1,24.5,0.0,,,,,,
1996-01-13,13.5,7.4,19.4,0.0,,,,,,
1996-01-15,14.8,9.0,22.5,0.0,,,,,,
1996-01-16,16.2,10.5,24.0,0.0,,,,,,
1996-01-17,14.8,10.3,19.7,0.0,,,,,,
1996-01-18,11.2,3.5,20.9,0.0,,,,,,
1996-01-21,14.8,7.0,21.0,,,,,,,
1996-01-22,14.5,8.5,23.4,0.0,,,,,,
1996-01-23,11.6,2.3,23.6,0.0,,,,,,
1996-01-24,14.8,4.0,25.0,0.0,,,,,,
1996-01-26,12.4,4.1,21.1,0.0,,,,,,
1996-01-27,14.3,7.5,23.6,,,,,,,
1996-01-28,19.2,7.9,26.5,,,,,,,
1996-01-29,19.1,12.6,26.5,0.0,,,,,,
1996-01-31,16.4,7.0,25.0,0.0,,,,,,
1996-02-01,19.2,10.9,27.4,0.0,,,,,,
1996-02-02,18.9,8.8,27.0,0.0,,,,,,
1996-02-03,18.8,11.4,28.5,,,,,,,
1996-02-04,19.3,15.8,25.3,0.0,,,,,,
1996-02-05,16.6,12.0,21.6,0.0,,,,,,
1996-02-07,15.6,9.0,25.5,0.0,,,,,,
1996-02-08,18.7,5.6,27.0,0.0,,,,,,
1996-02-09,17.6,11.7,25.5,0.0,,,,,,
1996-02-10,19.1,11.4,29.2,0.0,,,,,,
1996-02-11,19.0,10.8,27.6,0.0,,,,,,
1996-02-12,15.4,10.6,20.5,0.0,,,,,,
1996-02-15,17.1,8.8,29.0,0.0,,,,,,
1996-02-18,13.3,6.8,20.2,0.0,,,,,,
1996-02-19,15.2,6.4,23.6,0.0,,,,,,
1996-02-20,17.2,8.2,28.0,0.0,,,,,,
1996-02-22,17.8,,23.5,0.0,,,,,,
1996-02-23,11.7,6.4,16.7,0.0,,,,,,
1996-02-25,13.9,,19.4,1.0,,,,,,
1996-02-26,19.4,15.4,25.8,3.0,,,,,,
1996-02-27,15.3,9.2,20.5,0.0,,,,,,
1996-02-29,14.3,6.0,21.0,0.0,,,,,,
1996-03-01,16.2,9.0,23.4,0.0,,,,,,
1996-03-02,17.3,9.9,25.7,,,,,,,
1996-03-03,21.3,,28.5,,,,,,,
1996-03-05,21.8,11.3,32.0,,,,,,,
1996-03-06,20.1,15.8,25.3,,,,,,,
1996-03-07,21.1,,26.5,3.0,,,,,,
1996-03-08,20.5,11.0,29.4,0.0,,,,,,
1996-03-09,24.6,,29.5,,,,,,,
1996-03-10,21.0,,26.7,,,,,,,
1996-03-12,20.3,,25.5,,,,,,,
1996-03-13,17.0,10.2,25.0,7.1,,,,,,
1996-03-14,17.1,10.9,24.0,0.0,,,,,,
1996-03-15,15.8,8.4,23.0,,,,,,,
1996-03-16,18.1,9.5,25.0,0.0,,,,,,
1996-03-17,19.6,,27.3,0.0,,,,,,
1996-03-18,20.6,13.7,28.7,0.0,,,,,,
1996-03-19,22.2,16.1,29.5,0.0,,,,,,
1996-03-21,24.1,16.2,32.4,0.0,,,,,,
1996-03-22,24.6,17.2,33.4,0.0,,,,,,
1996-03-23,25.6,18.2,34.2,0.0,,,,,,
1996-03-24,27.7,19.0,38.0,0.0,,,,,,
1996-03-26,28.1,19.6,36.4,0.0,,,,,,
1996-03-27,28.6,17.9,36.6,0.0,,,,,,
1996-03-28,25.9,19.6,32.6,0.0,,,,,,
1996-03-30,26.1,15.9,36.6,0.0,,,,,,
1996-03-31,25.6,18.7,32.5,0.0,,,,,,
1996-04-02,22.3,10.6,34.3,0.0,,,,,,
1996-04-03,25.3,18.5,32.5,0.0,,,,,,
1996-04-04,24.2,17.5,34.5,0.0,,,,,,
1996-04-05,26.3,18.6,35.4,0.0,,,,,,
1996-04-06,25.3,16.3,33.8,0.0,,,,,,
1996-04-07,24.6,19.5,30.1,0.0,,,,,,
1996-04-08,21.6,16.9,27.5,,,,,,,
1996-04-09,20.8,14.9,27.0,0.0,,,,,,
1996-04-10,19.7,12.5,27.0,0.0,,,,,,
1996-04-11,20.8,15.8,28.6,,,,,,,
1996-04-13,27.8,,34.5,,,,,,,
1996-04-14,27.9,18.4,36.8,0.0,,,,,,
1996-04-15,28.7,,34.8,,,,,,,
1996-04-16,25.8,19.9,33.0,0.5,,,,,,
1996-04-18,33.1,,36.3,,,,,,,
1996-04-19,29.9,,35.8,,,,,,,
1996-04-20,30.1,,38.5,,,,,,,
1996-04-21,32.0,22.0,41.0,0.0,,,,,,
1996-04-23,34.1,,40.1,,,,,,,
1996-04-25,26.4,18.9,32.0,,,,,,,
1996-04-27,25.9,15.6,33.9,,,,,,,
1996-04-28,25.8,15.2,35.2,0.0,,,,,,
1996-04-29,26.0,15.4,33.2,0.0,,,,,,
1996-04-30,26.6,19.6,32.4,0.0,,,,,,
1996-05-01,27.6,,36.1,0.0,,,,,,
1996-05-03,31.3,,36.0,,,,,,,
1996-05-05,30.2,23.8,36.2,,,,,,,
1996-05-07,33.7,21.8,39.6,,,,,,,
1996-05-09,34.3,19.8,43.8,,,,,,,
1996-05-11,26.9,15.9,39.0,0.0,,,,,,
1996-05-12,28.7,15.4,37.5,,,,,,,
1996-05-13,28.8,21.8,35.6,0.0,,,,,,
1996-05-14,28.8,20.4,36.7,,,,,,,
1996-05-16,30.7,17.4,42.0,0.0,,,,,,
1996-05-17,36.6,,43.2,,,,,,,
1996-05-18,35.7,23.4,45.5,0.0,,,,,,
1996-05-19,39.2,,47.1,,,,,,,
1996-05-20,33.2,28.0,38.4,0.0,,,,,,
1996-05-21,33.0,25.8,40.2,0.0,,,,,,
1996-05-22,33.5,27.6,40.4,0.0,,,,,,
1996-05-24,29.1,22.9,35.5,0.0,,,,,,
1996-05-26,32.3,23.2,38.2,0.0,,,,,,
1996-05-27,33.4,27.4,39.1,0.0,,,,,,
1996-05-29,35.0,27.0,41.8,1.0,,,,,,
1996-05-31,33.7,28.1,40.0,,,,,,,
1996-06-02,33.0,26.6,40.1,0.0,,,,,,
1996-06-03,35.6,27.9,42.4,0.0,,,,,,
1996-06-04,31.0,26.8,41.3,,,,,,,
1996-06-05,31.0,23.0,39.0,1.0,,,,,,
1996-06-06,32.3,22.6,39.9,0.0,,,,,,
1996-06-07,33.5,27.9,41.4,0.0,,,,,,
1996-06-08,29.7,,36.8,0.0,,,,,,
1996-06-09,30.1,24.6,36.5,0.0,,,,,,
1996-06-10,32.1,24.6,39.5,0.0,,,,,,
1996-06-11,34.2,27.6,41.5,0.0,,,,,,
1996-06-12,34.0,23.4,40.7,0.0,,,,,,
1996-06-14,35.3,27.8,42.1,0.0,,,,,,
1996-06-16,33.3,24.5,41.0,0.0,,,,,,
1996-06-17,34.9,28.4,41.0,0.0,,,,,,
1996-06-18,33.9,27.8,40.1,0.0,,,,,,
1996-06-19,34.6,,40.2,,,,,,,
1996-06-20,33.9,25.4,42.0,0.0,,,,,,
1996-06-21,35.6,25.0,43.9,0.0,,,,,,
1996-06-22,37.2,29.5,45.7,0.0,,,,,,
1996-06-23,36.9,26.2,45.2,0.0,,,,,,
1996-06-24,34.6,25.4,43.0,0.0,,,,,,
1996-06-25,35.4,27.5,42.1,0.0,,,,,,
1996-06-26,36.8,,43.7,,,,,,,
1996-06-27,36.3,28.9,44.3,0.0,,,,,,
1996-06-28,39.2,,45.0,,,,,,,
1996-06-30,34.6,,45.2,,,,,,,
1996-07-05,40.1,31.6,47.5,0.0,,,,,,
1996-07-06,41.1,33.5,47.0,0.0,,,,,,
1996-07-07,38.7,30.8,46.0,,,,,,,
1996-07-08,36.7,26.0,46.5,0.0,,,,,,
1996-07-09,37.1,25.7,48.4,0.0,,,,,,
1996-07-10,41.6,33.6,48.1,,,,,,,
1996-07-11,38.1,33.3,45.9,,,,,,,
1996-07-12,39.8,30.5,46.9,0.0,,,,,,
1996-07-13,39.4,34.7,45.4,,,,,,,
1996-07-14,39.5,,44.9,,,,,,,
1996-07-15,39.6,,46.5,,,,,,,
1996-07-16,39.4,29.5,44.2,,,,,,,
1996-07-17,38.1,29.6,46.0,0.0,,,,,,
1996-07-18,42.8,,47.1,,,,,,,
1996-07-20,35.9,31.6,42.3,0.0,,,,,,
1996-07-21,35.5,29.4,42.0,0.0,,,,,,
1996-07-22,36.5,,43.6,,,,,,,
1996-07-23,36.7,29.9,43.0,0.0,,,,,,
1996-07-24,36.3,29.0,43.9,0.0,,,,,,
1996-07-25,36.5,29.5,43.3,0.0,,,,,,
1996-07-27,35.6,29.8,45.4,0.0,,,,,,
1996-07-28,36.1,28.5,41.8,0.0,,,,,,
1996-07-29,36.7,29.0,45.5,0.0,,,,,,
1996-07-30,37.1,30.4,44.5,0.0,,,,,,
1996-07-31,35.8,25.5,44.0,0.0,,,,,,
1996-08-01,37.9,,45.6,,,,,,,
1996-08-02,35.4,25.6,44.4,0.0,,,,,,
1996-08-03,38.3,29.0,44.6,0.0,,,,,,
1996-08-04,37.8,,45.5,0.0,,,,,,
1996-08-05,35.6,27.7,45.9,,,,,,,
1996-08-06,39.2,30.1,47.2,0.0,,,,,,
1996-08-07,39.8,30.0,46.7,0.0,,,,,,
1996-08-08,38.7,,46.1,0.0,,,,,,
1996-08-09,36.3,27.6,46.2,0.0,,,,,,
1996-08-10,38.7,31.9,47.4,0.0,,,,,,
1996-08-11,39.7,32.4,46.3,0.0,,,,,,
1996-08-13,38.2,29.6,47.1,0.0,,,,,,
1996-08-14,38.5,29.0,46.5,0.0,,,,,,
1996-08-15,37.2,28.2,45.7,0.0,,,,,,
1996-08-16,39.1,29.1,47.1,0.0,,,,,,
1996-08-17,41.3,34.5,47.1,,,,,,,
1996-08-18,40.1,33.1,46.5,,,,,,,
1996-08-20,40.3,32.4,46.8,0.0,,,,,,
1996-08-21,38.8,30.1,47.2,0.0,,,,,,
1996-08-22,37.6,27.2,47.0,0.0,,,,,,
1996-08-23,39.4,28.8,47.3,0.0,,,,,,
1996-08-24,40.5,35.0,46.5,0.0,,,,,,
1996-08-25,39.5,34.8,46.1,0.0,,,,,,
1996-08-26,39.8,32.5,46.4,0.0,,,,,,
1996-08-27,38.2,31.3,45.9,0.0,,,,,,
1996-08-28,37.6,29.6,46.0,0.0,,,,,,
1996-08-29,38.0,,45.8,,,,,,,
1996-08-30,37.2,27.8,46.5,0.0,,,,,,
1996-08-31,38.3,30.5,44.5,,,,,,,
1996-09-01,38.8,32.6,45.0,0.0,,,,,,
1996-09-02,40.3,,44.6,,,,,,,
1996-09-04,36.6,28.5,44.6,0.0,,,,,,
1996-09-05,37.1,27.0,45.2,0.0,,,,,,
1996-09-06,39.0,29.4,45.2,,,,,,,
1996-09-07,37.6,31.3,45.2,0.0,,,,,,
1996-09-08,35.9,29.8,43.5,0.0,,,,,,
1996-09-09,36.8,29.2,42.0,,,,,,,
1996-09-10,35.3,,42.0,0.0,,,,,,
1996-09-11,32.3,23.7,40.0,2.0,,,,,,
1996-09-12,32.9,,37.5,0.0,,,,,,
1996-09-13,31.7,28.0,38.2,0.0,,,,,,
1996-09-14,33.5,27.4,40.3,,,,,,,
1996-09-15,34.7,25.8,41.9,0.0,,,,,,
1996-09-16,38.1,,42.5,,,,,,,
1996-09-17,38.0,,42.3,,,,,,,
1996-09-18,32.6,22.9,41.2,0.0,,,,,,
1996-09-19,30.9,26.5,40.4,,,,,,,
1996-09-20,32.7,25.2,41.5,0.0,,,,,,
1996-09-21,33.4,22.7,43.0,,,,,,,
1996-09-22,33.4,23.5,42.1,0.0,,,,,,
1996-09-23,34.7,28.2,41.4,0.0,,,,,,
1996-09-24,34.8,28.0,41.8,0.0,,,,,,
1996-09-25,34.8,28.9,41.0,0.0,,,,,,
1996-09-27,32.9,27.6,40.1,0.0,,,,,,
1996-09-28,28.2,24.0,35.0,0.0,,,,,,
1996-09-29,29.6,23.2,36.0,0.0,,,,,,
1996-09-30,29.6,,35.4,,,,,,,
1996-10-01,27.2,21.9,36.5,0.0,,,,,,
1996-10-02,29.9,23.3,37.9,0.0,,,,,,
1996-10-04,26.2,21.2,32.3,0.0,,,,,,
1996-10-05,22.9,16.4,32.5,,,,,,,
1996-10-06,29.4,17.8,37.9,,,,,,,
1996-10-07,29.4,,37.0,,,,,,,
1996-10-08,29.4,,34.8,0.0,,,,,,
1996-10-09,27.5,18.2,34.4,0.0,,,,,,
1996-10-11,29.8,,37.6,,,,,,,
1996-10-12,27.9,17.0,37.7,0.0,,,,,,
1996-10-14,31.1,25.5,37.6,0.0,,,,,,
1996-10-15,26.7,16.4,35.4,0.0,,,,,,
1996-10-17,21.9,16.0,30.4,0.0,,,,,,
1996-10-18,24.8,19.3,31.3,0.0,,,,,,
1996-10-19,25.3,19.8,32.0,0.0,,,,,,
1996-10-20,25.4,20.0,33.2,,,,,,,
1996-10-21,25.6,,32.6,0.0,,,,,,
1996-10-22,25.3,20.2,32.5,0.0,,,,,,
1996-10-25,26.6,21.3,33.5,0.0,,,,,,
1996-10-26,25.9,19.6,33.2,0.0,,,,,,
1996-10-27,26.8,20.4,33.2,0.0,,,,,,
1996-10-29,25.3,19.4,34.2,0.0,,,,,,
1996-10-30,26.5,19.8,34.0,0.0,,,,,,
1996-10-31,27.3,22.7,33.6,0.0,,,,,,
1996-11-01,26.2,21.2,32.5,0.0,,,,,,
1996-11-03,20.6,15.5,26.8,0.0,,,,,,
1996-11-04,21.1,15.7,28.0,0.0,,,,,,
1996-11-05,20.4,16.9,28.3,0.0,,,,,,
1996-11-06,19.6,14.5,28.0,,,,,,,
1996-11-07,20.8,,27.2,0.0,,,,,,
1996-11-08,22.1,16.2,26.4,,,,,,,
1996-11-09,21.6,17.0,28.1,0.0,,,,,,
1996-11-10,21.3,16.9,28.4,0.0,,,,,,
1996-11-11,20.3,14.5,27.5,0.0,,,,,,
1996-11-12,19.2,7.9,29.4,,,,,,,
1996-11-14,20.4,11.4,31.4,0.0,,,,,,
1996-11-15,21.8,14.5,30.7,0.0,,,,,,
1996-11-16,21.7,13.2,31.6,0.0,,,,,,
1996-11-17,22.7,12.8,30.5,0.0,,,,,,
1996-11-18,21.4,16.9,26.5,0.0,,,,,,
1996-11-19,19.9,15.5,25.4,,,,,,,
1996-11-20,19.1,14.8,24.5,0.0,,,,,,
1996-11-21,15.7,7.3,25.7,0.0,,,,,,
1996-11-23,18.2,,26.0,0.0,,,,,,
1996-11-24,18.9,9.8,26.0,,,,,,,
1996-11-25,18.6,13.0,24.5,0.0,,,,,,
1996-11-26,17.9,12.2,25.5,0.0,,,,,,
1996-11-27,15.4,5.2,26.0,,,,,,,
1996-11-29,17.3,11.0,24.0,0.0,,,,,,
1996-11-30,13.8,7.0,20.5,0.0,,,,,,
1996-12-01,14.5,7.2,22.6,0.0,,,,,,
1996-12-02,16.6,8.5,23.0,,,,,,,
1996-12-03,16.7,11.0,25.5,0.0,,,,,,
1996-12-04,15.7,9.3,24.1,,,,,,,
1996-12-05,15.2,5.9,23.6,0.0,,,,,,
1996-12-06,14.4,4.4,26.0,0.0,,,,,,
1996-12-07,13.7,5.0,21.5,,,,,,,
1996-12-08,12.5,,20.1,,,,,,,
1996-12-09,10.6,4.1,18.4,0.0,,,,,,
1996-12-10,9.0,0.0,20.0,,,,,,,
1996-12-12,13.4,5.1,23.7,0.0,,,,,,
1996-12-13,13.3,4.0,24.0,0.0,,,,,,
1996-12-15,12.8,,24.1,0.0,,,,,,
1996-12-16,11.2,2.5,25.5,0.0,,,,,,
1996-12-17,14.5,3.9,26.8,0.0,,,,,,
1996-12-21,18.8,12.8,29.0,0.0,,,,,,
1996-12-22,19.5,9.9,30.5,,,,,,,
1996-12-23,20.2,13.0,27.6,0.0,,,,,,
1996-12-24,15.3,7.3,23.9,0.0,,,,,,
1996-12-25,12.5,4.9,24.5,0.0,,,,,,
1996-12-26,14.3,4.9,25.0,0.0,,,,,,
1996-12-27,14.5,9.4,19.6,0.0,,,,,,
1996-12-28,11.2,,16.6,,,,,,,
1996-12-29,11.8,,21.6,,,,,,,
1996-12-30,13.0,5.8,22.7,0.0,,,,,,
1996-12-31,12.5,2.6,23.5,0.0,,,,,,
1997-01-01,16.3,,25.4,,,,,,,
1997-01-02,17.0,9.2,28.6,0.0,,,,,,
1997-01-03,14.8,6.7,23.0,0.0,,,,,,
1997-01-04,13.0,4.5,22.8,0.0,,,,,,
1997-01-05,12.9,6.3,23.1,0.0,,,,,,
1997-01-06,13.8,3.6,22.2,0.0,,,,,,
1997-01-07,13.5,3.2,22.6,0.0,,,,,,
1997-01-08,12.7,3.4,22.8,0.0,,,,,,
1997-01-09,12.5,3.7,23.5,0.0,,,,,,
1997-01-10,14.6,4.5,23.7,,,,,,,
1997-01-12,13.5,4.9,21.2,0.0,,,,,,
1997-01-13,11.7,3.1,19.5,0.0,,,,,,
1997-01-14,12.2,4.8,20.2,,,,,,,
1997-01-15,14.9,10.6,21.3,0.0,,,,,,
1997-01-16,17.6,,24.0,0.0,,,,,,
1997-01-17,16.2,7.2,22.6,0.0,,,,,,
1997-01-18,15.2,7.8,24.0,0.0,,,,,,
1997-01-19,16.3,8.9,24.0,0.0,,,,,,
1997-01-20,18.4,10.6,29.3,0.0,,,,,,
1997-01-21,19.3,12.9,28.2,0.0,,,,,,
1997-01-22,18.8,14.1,28.2,0.0,,,,,,
1997-01-23,20.1,,23.5,,,,,,,
1997-01-25,13.0,6.0,20.6,0.0,,,,,,
1997-01-26,11.9,4.4,20.3,0.0,,,,,,
1997-01-27,14.8,7.5,21.2,0.0,,,,,,
1997-01-28,15.2,10.5,21.2,,,,,,,
1997-01-30,16.7,12.8,23.4,,,,,,,
1997-01-31,17.7,,22.5,,,,,,,
1997-02-01,16.8,,23.5,,,,,,,
1997-02-03,17.8,10.9,24.4,0.0,,,,,,
1997-02-04,19.2,12.4,25.2,0.0,,,,,,
1997-02-05,17.6,10.5,26.0,0.0,,,,,,
1997-02-07,17.8,,23.2,0.0,,,,,,
1997-02-09,12.8,9.8,21.4,,,,,,,
1997-02-10,15.9,11.6,22.7,0.0,,,,,,
1997-02-12,16.7,11.9,23.0,0.0,,,,,,
1997-02-13,15.9,10.0,24.1,0.0,,,,,,
1997-02-15,17.6,6.9,27.5,0.0,,,,,,
1997-02-17,16.4,9.0,25.4,0.0,,,,,,
1997-02-18,17.0,7.4,25.5,0.0,,,,,,
1997-02-19,16.9,7.9,24.1,0.0,,,,,,
1997-02-20,19.1,12.5,25.2,0.0,,,,,,
1997-02-21,21.1,13.5,28.8,0.0,,,,,,
1997-02-22,21.9,15.8,29.9,0.0,,,,,,
1997-02-23,21.7,15.3,29.4,0.0,,,,,,
1997-02-24,17.7,9.0,34.4,,,,,,,
1997-02-25,23.2,9.7,30.1,,,,,,,
1997-02-27,23.2,19.6,28.2,0.0,,,,,,
1997-02-28,22.3,,27.1,0.0,,,,,,
1997-03-01,17.8,11.9,23.5,0.0,,,,,,
1997-03-03,18.3,12.2,25.6,0.0,,,,,,
1997-03-04,18.2,10.5,24.3,0.0,,,,,,
1997-03-05,17.4,11.8,23.9,0.0,,,,,,
1997-03-06,18.4,11.7,24.1,0.0,,,,,,
1997-03-07,16.2,6.1,25.3,0.0,,,,,,
1997-03-09,20.1,12.5,27.5,0.0,,,,,,
1997-03-10,19.4,14.6,24.7,0.0,,,,,,
1997-03-11,16.0,10.7,21.3,0.0,,,,,,
1997-03-12,17.1,9.0,23.9,0.0,,,,,,
1997-03-13,16.2,11.3,21.7,,,,,,,
1997-03-14,15.8,8.5,23.4,0.0,,,,,,
1997-03-15,16.4,10.8,24.7,0.0,,,,,,
1997-03-17,19.5,13.0,27.0,0.0,,,,,,
1997-03-19,20.7,14.5,27.5,0.0,,,,,,
1997-03-20,18.9,8.5,29.2,0.0,,,,,,
1997-03-21,19.4,7.5,30.5,0.0,,,,,,
1997-03-23,24.9,17.3,33.8,0.0,,,,,,
1997-03-24,22.4,11.5,33.3,,,,,,,
1997-03-25,21.9,12.3,33.3,0.0,,,,,,
1997-03-26,21.6,11.8,30.5,0.0,,,,,,
1997-03-28,24.2,17.4,31.6,0.0,,,,,,
1997-03-29,22.1,12.2,33.6,0.0,,,,,,
1997-03-30,24.7,17.4,31.5,0.0,,,,,,
1997-03-31,24.3,,29.8,,,,,,,
1997-04-02,18.4,12.3,27.5,0.0,,,,,,
1997-04-03,20.3,,30.6,0.0,,,,,,
1997-04-04,23.3,13.6,31.4,0.0,,,,,,
1997-04-05,24.0,15.6,34.5,0.0,,,,,,
1997-04-06,29.5,,37.3,,,,,,,
1997-04-07,26.6,22.0,33.2,,,,,,,
1997-04-08,24.3,18.6,33.0,1.0,,,,,,
1997-04-09,23.8,15.4,31.6,0.0,,,,,,
1997-04-10,23.6,16.2,31.5,0.0,,,,,,
1997-04-11,21.7,,28.1,,,,,,,
1997-04-12,21.9,,28.7,0.0,,,,,,
1997-04-13,22.7,15.2,29.5,0.0,,,,,,
1997-04-14,23.5,16.6,30.6,0.0,,,,,,
1997-04-15,26.4,,33.5,,,,,,,
1997-04-16,26.7,18.2,34.0,0.0,,,,,,
1997-04-17,27.4,,36.5,0.0,,,,,,
1997-04-18,26.6,17.4,37.4,,,,,,,
1997-04-19,27.9,19.1,37.6,0.0,,,,,,
1997-04-20,26.9,18.5,35.5,0.0,,,,,,
1997-04-21,23.9,20.3,29.0,0.0,,,,,,
1997-04-22,20.8,9.8,29.5,0.0,,,,,,
1997-04-23,24.7,17.3,31.5,0.0,,,,,,
1997-04-24,26.5,,31.8,,,,,,,
1997-04-25,24.8,18.9,30.0,0.0,,,,,,
1997-04-26,24.0,19.0,32.5,0.0,,,,,,
1997-04-27,24.0,17.2,31.1,0.0,,,,,,
1997-04-28,25.6,19.4,32.8,0.0,,,,,,
1997-04-29,26.4,17.2,33.1,,,,,,,
1997-04-30,28.2,19.0,34.5,0.0,,,,,,
1997-05-01,28.1,18.0,37.6,0.0,,,,,,
1997-05-02,26.8,20.9,33.5,0.0,,,,,,
1997-05-03,25.0,19.2,31.7,0.0,,,,,,
1997-05-05,28.7,18.9,37.2,0.0,,,,,,
1997-05-06,30.2,18.2,40.9,0.0,,,,,,
1997-05-07,32.1,21.9,41.5,0.0,,,,,,
1997-05-08,29.2,,36.4,,,,,,,
1997-05-10,31.6,24.2,40.0,0.0,,,,,,
1997-05-11,28.7,,40.4,0.0,,,,,,
1997-05-13,29.1,,37.6,,,,,,,
1997-05-14,27.1,21.2,34.3,0.0,,,,,,
1997-05-15,26.7,16.9,35.8,0.0,,,,,,
1997-05-16,28.5,18.6,37.4,0.0,,,,,,
1997-05-17,28.8,15.0,36.5,0.0,,,,,,
1997-05-18,28.3,17.7,36.7,0.0,,,,,,
1997-05-19,28.2,15.7,39.0,0.0,,,,,,
1997-05-20,30.3,19.0,39.9,0.0,,,,,,
1997-05-23,29.2,19.2,40.3,,,,,,,
1997-05-24,30.0,18.1,39.9,0.0,,,,,,
1997-05-25,31.0,19.0,39.9,0.0,,,,,,
1997-05-26,33.6,22.7,40.3,,,,,,,
1997-05-27,32.8,22.6,41.6,0.0,,,,,,
1997-05-28,31.2,26.5,38.2,,,,,,,
1997-05-29,32.8,22.6,42.1,,,,,,,
1997-05-30,34.3,29.4,41.0,0.0,,,,,,
1997-06-01,35.0,,41.5,,,,,,,
1997-06-02,34.6,26.4,42.1,0.0,,,,,,
1997-06-03,33.9,25.5,40.4,0.0,,,,,,
1997-06-04,32.5,,38.9,,,,,,,
1997-06-05,30.7,22.1,41.5,0.0,,,,,,
1997-06-06,31.9,20.6,41.7,0.0,,,,,,
1997-06-07,35.3,,43.2,,,,,,,
1997-06-08,36.8,29.2,45.3,0.0,,,,,,
1997-06-09,36.6,29.2,43.8,0.0,,,,,,
1997-06-11,35.9,28.8,43.5,0.0,,,,,,
1997-06-12,37.5,29.2,44.3,0.0,,,,,,
1997-06-13,38.2,29.0,46.0,0.0,,,,,,
1997-06-14,38.9,27.0,46.0,0.0,,,,,,
1997-06-15,39.7,31.6,46.0,0.0,,,,,,
1997-06-16,38.7,,46.3,0.0,,,,,,
1997-06-17,40.7,32.4,46.6,0.0,,,,,,
1997-06-18,39.6,31.5,46.2,0.0,,,,,,
1997-06-19,39.4,31.7,45.5,0.0,,,,,,
1997-06-20,39.3,30.4,47.1,0.0,,,,,,
1997-06-21,41.0,32.0,47.5,0.0,,,,,,
1997-06-22,38.8,29.4,46.1,0.0,,,,,,
1997-06-25,40.3,32.1,47.5,0.0,,,,,,
1997-06-26,39.2,29.0,47.2,0.0,,,,,,
1997-06-28,37.1,27.2,44.7,0.0,,,,,,
1997-06-29,34.1,21.8,42.5,0.0,,,,,,
1997-06-30,36.0,,44.1,,,,,,,
1997-07-01,36.2,25.7,45.4,0.0,,,,,,
1997-07-02,36.3,26.9,46.1,0.0,,,,,,
1997-07-03,38.1,,46.3,,,,,,,
1997-07-05,39.8,30.7,47.1,0.0,,,,,,
1997-07-06,37.8,29.2,46.6,0.0,,,,,,
1997-07-07,37.2,30.5,45.6,0.0,,,,,,
1997-07-08,36.3,29.8,45.4,0.0,,,,,,
1997-07-09,40.0,28.2,46.4,,,,,,,
1997-07-10,37.4,25.0,46.5,0.0,,,,,,
1997-07-11,39.4,,46.5,0.0,,,,,,
1997-07-12,40.5,,47.6,,,,,,,
1997-07-13,40.5,34.7,48.3,0.0,,,,,,
1997-07-14,38.8,32.5,47.8,,,,,,,
1997-07-15,40.5,32.2,48.1,0.0,,,,,,
1997-07-16,38.4,29.5,45.9,0.0,,,,,,
1997-07-17,38.8,,45.3,,,,,,,
1997-07-18,37.6,24.3,45.9,0.0,,,,,,
1997-07-19,38.7,,46.6,,,,,,,
1997-07-20,39.3,,46.9,0.0,,,,,,
1997-07-21,38.9,30.1,47.1,0.0,,,,,,
1997-07-23,41.1,,44.0,,,,,,,
1997-07-25,39.7,29.4,48.1,,,,,,,
1997-07-27,40.6,34.5,47.6,0.0,,,,,,
1997-07-28,37.6,30.9,45.3,,,,,,,
1997-07-29,36.8,28.6,45.2,0.0,,,,,,
1997-07-30,36.8,27.9,45.8,,,,,,,
1997-07-31,40.7,30.4,46.8,0.0,,,,,,
1997-08-01,38.8,30.1,44.5,0.0,,,,,,
1997-08-02,38.8,35.5,45.9,,,,,,,
1997-08-03,39.3,33.6,46.8,0.0,,,,,,
1997-08-04,39.6,33.3,45.7,0.0,,,,,,
1997-08-05,38.7,31.5,45.6,,,,,,,
1997-08-06,38.8,30.9,46.5,0.0,,,,,,
1997-08-08,36.3,31.0,40.4,0.0,,,,,,
1997-08-09,38.5,32.0,45.8,0.0,,,,,,
1997-08-10,37.4,31.1,46.2,0.0,,,,,,
1997-08-13,38.7,28.0,47.4,0.0,,,,,,
1997-08-15,35.3,29.2,41.5,0.0,,,,,,
1997-08-16,34.6,28.8,41.4,0.0,,,,,,
1997-08-17,33.2,29.5,37.4,0.0,,,,,,
1997-08-18,33.8,30.1,39.0,,,,,,,
1997-08-19,33.6,26.6,39.6,0.0,,,,,,
1997-08-20,36.9,30.3,42.5,0.0,,,,,,
1997-08-21,37.4,32.1,43.3,0.0,,,,,,
1997-08-22,35.6,29.4,43.0,0.0,,,,,,
1997-08-23,34.0,28.4,39.5,0.0,,,,,,
1997-08-24,34.9,29.2,41.2,0.0,,,,,,
1997-08-25,35.8,29.5,42.1,0.0,,,,,,
1997-08-26,35.4,,42.2,,,,,,,
1997-08-27,34.9,,39.7,0.0,,,,,,
1997-08-28,33.9,24.7,41.9,0.0,,,,,,
1997-08-29,38.3,,44.2,,,,,,,
1997-08-30,38.5,31.9,44.5,0.0,,,,,,
1997-08-31,37.7,30.1,44.0,0.0,,,,,,
1997-09-01,37.5,31.4,44.0,0.0,,,,,,
1997-09-02,37.7,,44.5,0.0,,,,,,
1997-09-06,30.6,,35.2,,,,,,,
1997-09-08,31.6,25.0,38.0,0.0,,,,,,
1997-09-09,32.4,,37.5,,,,,,,
1997-09-10,32.1,25.4,38.5,0.0,,,,,,
1997-09-11,34.6,28.7,41.4,0.0,,,,,,
1997-09-12,36.4,28.5,43.5,0.0,,,,,,
1997-09-13,36.2,27.7,43.9,,,,,,,
1997-09-14,36.4,,43.6,,,,,,,
1997-09-15,36.1,,44.5,0.0,,,,,,
1997-09-16,35.7,29.9,43.0,0.0,,,,,,
1997-09-17,38.0,,44.5,,,,,,,
1997-09-18,37.1,29.4,43.6,,,,,,,
1997-09-19,37.2,31.2,43.6,,,,,,,
1997-09-20,34.4,29.0,41.2,0.0,,,,,,
1997-09-21,34.9,26.3,41.7,0.0,,,,,,
1997-09-22,32.6,26.3,41.2,0.0,,,,,,
1997-09-23,33.4,24.6,42.2,0.0,,,,,,
1997-09-24,33.2,23.9,40.9,,,,,,,
1997-09-25,33.0,24.3,40.6,,,,,,,
1997-09-26,29.8,23.0,35.2,0.0,,,,,,
1997-09-27,30.0,,37.5,,,,,,,
1997-09-28,27.9,24.4,39.2,,,,,,,
1997-09-29,27.6,,33.0,,,,,,,
1997-09-30,25.0,21.2,30.3,0.5,,,,,,
1997-10-02,30.6,26.2,36.6,0.0,,,,,,
1997-10-03,29.5,23.7,35.5,0.0,,,,,,
1997-10-04,29.4,22.0,37.9,0.0,,,,,,
1997-10-05,28.3,23.5,33.9,0.0,,,,,,
1997-10-06,24.5,22.2,34.5,2.0,,,,,,
1997-10-07,26.4,,32.6,0.0,,,,,,
1997-10-09,24.4,19.0,30.5,0.0,,,,,,
1997-10-10,26.6,21.4,32.8,0.0,,,,,,
1997-10-11,27.8,22.7,34.6,0.0,,,,,,
1997-10-12,28.8,23.0,36.6,0.0,,,,,,
1997-10-13,29.4,23.3,37.5,0.0,,,,,,
1997-10-14,27.6,18.5,36.0,0.0,,,,,,
1997-10-15,26.2,20.9,31.5,0.0,,,,,,
1997-10-16,23.3,18.0,30.0,0.0,,,,,,
1997-10-17,23.1,16.5,30.0,0.0,,,,,,
1997-10-18,25.4,19.9,32.2,0.0,,,,,,
1997-10-20,25.3,,33.3,0.0,,,,,,
1997-10-21,24.4,16.2,34.0,0.0,,,,,,
1997-10-22,26.4,17.0,35.8,0.0,,,,,,
1997-10-23,27.8,20.8,37.5,0.0,,,,,,
1997-10-24,25.3,20.4,36.2,0.0,,,,,,
1997-10-26,27.3,,34.2,,,,,,,
1997-10-27,27.1,21.4,34.0,0.0,,,,,,
1997-10-29,25.6,17.4,32.8,0.0,,,,,,
1997-10-30,25.3,19.0,31.0,0.0,,,,,,
1997-10-31,21.2,10.6,26.6,0.0,,,,,,
1997-11-01,18.8,,26.0,,,,,,,
1997-11-03,18.6,,30.0,0.0,,,,,,
1997-11-04,19.9,11.3,32.4,0.0,,,,,,
1997-11-05,23.8,13.3,33.5,,,,,,,
1997-11-06,23.4,15.0,34.2,0.0,,,,,,
1997-11-07,26.3,22.0,30.4,0.0,,,,,,
1997-11-08,21.6,15.7,30.6,0.0,,,,,,
1997-11-09,25.4,17.9,32.0,0.0,,,,,,
1997-11-10,23.6,15.5,32.7,0.0,,,,,,
1997-11-11,23.0,13.4,33.0,0.0,,,,,,
1997-11-12,21.2,13.0,33.1,0.0,,,,,,
1997-11-13,20.5,16.4,31.5,0.0,,,,,,
1997-11-14,20.1,12.5,27.4,0.0,,,,,,
1997-11-15,17.7,9.9,28.8,0.0,,,,,,
1997-11-17,18.8,10.6,25.6,0.0,,,,,,
1997-11-18,17.0,8.5,26.6,0.0,,,,,,
1997-11-19,17.3,8.0,28.0,0.0,,,,,,
1997-11-20,18.2,8.0,29.5,0.0,,,,,,
1997-11-21,20.6,13.6,29.0,0.0,,,,,,
1997-11-22,18.0,8.4,29.8,0.0,,,,,,
1997-11-23,16.8,9.6,22.0,0.0,,,,,,
1997-11-25,18.4,7.6,23.3,,,,,,,
1997-11-26,15.6,3.5,25.7,0.0,,,,,,
1997-11-27,17.8,8.8,26.2,0.0,,,,,,
1997-11-28,17.8,13.3,24.7,0.0,,,,,,
1997-11-29,18.5,10.6,24.6,0.0,,,,,,
1997-12-01,16.0,11.0,23.2,0.0,,,,,,
1997-12-02,13.1,6.3,22.8,0.0,,,,,,
1997-12-06,14.8,10.2,21.0,0.0,,,,,,
1997-12-09,13.6,5.3,21.0,0.0,,,,,,
1997-12-10,15.9,8.1,21.7,0.0,,,,,,
1997-12-11,15.4,9.8,21.3,,,,,,,
1997-12-12,15.4,9.7,23.0,0.0,,,,,,
1997-12-13,13.0,6.1,24.0,,,,,,,
1997-12-14,15.2,11.7,21.0,0.0,,,,,,
1997-12-15,12.1,5.8,19.7,0.0,,,,,,
1997-12-16,7.3,0.1,21.7,,,,,,,
1997-12-17,15.8,,24.0,,,,,,,
1997-12-18,20.4,,27.0,,,,,,,
1997-12-19,16.2,6.5,27.1,0.0,,,,,,
1997-12-20,14.6,5.6,27.2,,,,,,,
1997-12-21,18.9,10.4,26.5,0.0,,,,,,
1997-12-22,19.4,,26.9,,,,,,,
1997-12-23,18.3,11.4,25.0,0.0,,,,,,
1997-12-24,15.6,11.2,20.8,0.0,,,,,,
1997-12-25,16.0,10.0,22.0,0.0,,,,,,
1997-12-26,15.2,11.4,21.9,0.0,,,,,,
1997-12-27,13.7,4.0,23.0,0.0,,,,,,
1997-12-28,12.6,4.0,20.3,0.0,,,,,,
1997-12-29,14.1,6.1,23.2,0.0,,,,,,
1997-12-30,13.6,,25.0,,,,,,,
1997-12-31,15.2,9.0,23.3,0.0,,,,,,
1998-01-01,15.0,6.2,24.0,0.0,,,,,,
1998-01-02,14.8,11.1,19.2,0.0,,,,,,
1998-01-04,17.6,,23.0,,,,,,,
1998-01-06,13.4,4.6,22.4,0.0,,,,,,
1998-01-07,16.7,10.8,23.5,,,,,,,
1998-01-08,18.0,14.2,25.4,,,,,,,
1998-01-09,18.3,13.5,25.4,0.0,,,,,,
1998-01-10,18.5,12.6,25.4,0.0,,,,,,
1998-01-11,15.7,11.4,21.5,0.0,,,,,,
1998-01-12,15.6,5.6,25.1,0.0,,,,,,
1998-01-15,13.7,,20.6,0.0,,,,,,
1998-01-18,14.7,8.4,21.2,0.0,,,,,,
1998-01-19,13.1,7.0,23.0,,,,,,,
1998-01-22,15.4,9.5,21.8,,,,,,,
1998-01-23,14.2,4.0,24.4,,,,,,,
1998-01-24,15.8,6.0,26.4,0.0,,,,,,
1998-01-25,16.1,6.0,27.4,0.0,,,,,,
1998-01-26,14.8,5.6,23.2,0.0,,,,,,
1998-01-27,14.8,,19.0,,,,,,,
1998-01-28,17.7,8.8,30.5,0.0,,,,,,
1998-01-29,17.1,10.5,24.0,0.0,,,,,,
1998-02-01,18.1,9.6,27.6,0.0,,,,,,
1998-02-02,17.0,11.0,27.7,0.0,,,,,,
1998-02-03,21.1,11.4,31.4,0.0,,,,,,
1998-02-04,19.6,,28.5,0.0,,,,,,
1998-02-06,19.9,10.9,30.0,0.0,,,,,,
1998-02-07,23.7,12.5,32.1,0.0,,,,,,
1998-02-08,17.6,14.8,23.1,0.0,,,,,,
1998-02-09,16.8,13.4,25.9,,,,,,,
1998-02-10,20.2,,25.4,,,,,,,
1998-02-11,19.3,13.4,25.9,0.0,,,,,,
1998-02-12,20.7,,27.2,0.0,,,,,,
1998-02-13,20.5,,26.0,,,,,,,
1998-02-14,18.6,13.6,26.0,0.0,,,,,,
1998-02-15,19.3,,25.0,,,,,,,
1998-02-16,20.3,12.8,26.6,,,,,,,
1998-02-17,20.4,13.2,27.8,,,,,,,
1998-02-19,17.7,13.6,22.2,0.0,,,,,,
1998-02-20,19.2,,25.5,,,,,,,
1998-02-22,19.2,12.2,26.6,,,,,,,
1998-02-23,19.3,11.5,26.2,0.0,,,,,,
1998-02-24,17.6,13.0,22.4,0.0,,,,,,
1998-02-26,15.6,6.8,22.4,0.0,,,,,,
1998-02-27,15.5,9.5,22.0,0.0,,,,,,
1998-02-28,16.2,11.5,22.4,0.0,,,,,,
1998-03-02,17.8,11.9,26.0,0.0,,,,,,
1998-03-03,20.4,13.1,27.2,0.0,,,,,,
1998-03-04,20.7,14.1,27.6,0.0,,,,,,
1998-03-05,20.9,14.4,28.5,0.0,,,,,,
1998-03-06,21.4,16.9,28.4,0.0,,,,,,
1998-03-07,23.7,17.0,31.0,0.0,,,,,,
1998-03-08,24.2,,31.6,0.0,,,,,,
1998-03-09,23.4,14.0,32.0,0.0,,,,,,
1998-03-10,19.3,11.1,26.7,,,,,,,
1998-03-11,17.6,11.5,24.2,0.0,,,,,,
1998-03-12,16.4,7.5,26.3,0.0,,,,,,
1998-03-13,17.3,11.3,29.5,,,,,,,
1998-03-15,15.2,6.3,22.0,0.0,,,,,,
1998-03-16,16.3,7.7,23.4,0.0,,,,,,
1998-03-17,16.5,12.5,24.0,0.0,,,,,,
1998-03-18,19.1,13.3,26.5,0.0,,,,,,
1998-03-19,20.3,14.5,29.5,,,,,,,
1998-03-20,22.9,16.8,30.2,,,,,,,
1998-03-21,21.4,13.5,30.2,0.0,,,,,,
1998-03-22,21.0,12.9,30.2,0.0,,,,,,
1998-03-25,22.8,15.0,33.8,0.0,,,,,,
1998-03-26,20.3,13.1,27.2,0.0,,,,,,
1998-03-27,18.3,11.6,27.6,0.0,,,,,,
1998-03-28,19.5,13.5,24.8,0.0,,,,,,
1998-03-29,22.9,15.6,30.6,0.0,,,,,,
1998-03-31,27.7,19.6,34.5,0.0,,,,,,
1998-04-01,26.4,20.6,34.7,,,,,,,
1998-04-02,26.9,20.0,35.0,0.0,,,,,,
1998-04-03,27.8,22.7,36.0,0.0,,,,,,
1998-04-04,28.3,,37.0,,,,,,,
1998-04-05,26.4,14.4,38.2,0.0,,,,,,
1998-04-06,28.1,17.4,38.7,0.0,,,,,,
1998-04-09,31.9,27.0,38.4,0.0,,,,,,
1998-04-10,30.4,,36.0,,,,,,,
1998-04-11,24.3,13.8,35.5,0.0,,,,,,
1998-04-12,26.0,15.0,35.7,0.0,,,,,,
1998-04-13,28.1,20.5,36.9,0.0,,,,,,
1998-04-14,25.7,12.4,37.0,0.0,,,,,,
1998-04-16,27.3,18.1,36.0,0.0,,,,,,
1998-04-17,28.2,17.0,38.1,0.0,,,,,,
1998-04-18,29.8,26.2,38.0,,,,,,,
1998-04-19,28.7,21.3,37.0,0.0,,,,,,
1998-04-20,30.5,25.0,40.4,0.0,,,,,,
1998-04-21,33.3,27.0,40.2,0.0,,,,,,
1998-04-22,29.2,,36.5,,,,,,,
1998-04-23,26.2,16.9,34.8,,,,,,,
1998-04-24,24.2,18.5,29.5,,,,,,,
1998-04-25,25.7,19.8,31.3,0.0,,,,,,
1998-04-26,26.1,19.9,33.3,0.0,,,,,,
1998-04-27,28.4,16.9,35.8,0.0,,,,,,
1998-04-28,26.9,20.7,34.2,0.0,,,,,,
1998-04-29,25.8,18.6,33.3,0.0,,,,,,
1998-04-30,28.2,18.5,36.4,0.0,,,,,,
1998-05-01,33.7,,41.2,,,,,,,
1998-05-02,30.1,24.5,35.0,0.0,,,,,,
1998-05-04,24.2,16.6,37.0,0.0,,,,,,
1998-05-06,27.1,19.5,33.5,,,,,,,
1998-05-07,27.2,,33.2,,,,,,,
1998-05-08,26.3,19.8,33.3,0.0,,,,,,
1998-05-09,28.1,,35.3,0.0,,,,,,
1998-05-10,28.8,21.1,36.6,0.0,,,,,,
1998-05-11,30.3,21.3,38.2,0.0,,,,,,
1998-05-13,29.7,,37.9,,,,,,,
1998-05-14,27.7,15.6,37.4,0.0,,,,,,
1998-05-15,25.6,15.9,39.3,0.0,,,,,,
1998-05-16,30.2,17.6,39.5,0.0,,,,,,
1998-05-17,33.1,24.9,40.6,0.0,,,,,,
1998-05-18,33.7,28.6,39.4,0.0,,,,,,
1998-05-19,33.2,23.0,41.5,0.0,,,,,,
1998-05-20,34.1,25.5,41.6,0.0,,,,,,
1998-05-21,34.3,,42.0,0.0,,,,,,
1998-05-22,34.2,27.5,39.5,0.0,,,,,,
1998-05-24,31.3,23.0,38.6,0.0,,,,,,
1998-05-25,29.8,23.3,39.5,0.0,,,,,,
1998-05-26,29.7,17.4,41.0,0.0,,,,,,
1998-05-27,30.9,,36.9,,,,,,,
1998-05-28,27.6,22.0,37.0,2.0,,,,,,
1998-05-29,29.2,17.4,35.9,0.0,,,,,,
1998-05-30,29.4,21.9,37.6,0.0,,,,,,
1998-05-31,30.6,19.8,40.2,0.0,,,,,,
1998-06-01,32.7,22.3,41.5,,,,,,,
1998-06-02,30.7,18.2,42.3,0.0,,,,,,
1998-06-03,34.4,28.6,41.0,0.0,,,,,,
1998-06-04,34.6,25.0,42.5,0.0,,,,,,
1998-06-05,32.6,29.3,38.0,,,,,,,
1998-06-06,33.9,26.1,41.2,0.0,,,,,,
1998-06-07,34.4,22.8,42.6,0.0,,,,,,
1998-06-08,36.4,29.4,42.1,0.0,,,,,,
1998-06-09,35.5,27.8,42.1,0.0,,,,,,
1998-06-10,36.5,26.9,44.4,0.0,,,,,,
1998-06-11,38.1,26.0,46.5,0.0,,,,,,
1998-06-12,38.6,29.9,45.3,0.0,,,,,,
1998-06-13,36.7,31.2,43.8,0.0,,,,,,
1998-06-14,35.6,31.1,47.8,0.0,,,,,,
1998-06-16,38.6,,45.2,0.0,,,,,,
1998-06-17,35.2,,40.5,0.0,,,,,,
1998-06-18,33.2,25.8,39.8,0.0,,,,,,
1998-06-19,35.3,,42.0,0.0,,,,,,
1998-06-20,34.5,29.4,40.7,0.0,,,,,,
1998-06-21,35.8,,40.8,,,,,,,
1998-06-22,35.7,29.6,41.7,0.0,,,,,,
1998-06-24,37.4,29.8,43.7,0.0,,,,,,
1998-06-25,37.9,30.4,45.3,0.0,,,,,,
1998-06-26,40.8,34.1,46.5,0.0,,,,,,
1998-06-27,38.6,28.5,46.2,,,,,,,
1998-06-28,38.7,,47.1,0.0,,,,,,
1998-06-29,41.1,,47.0,,,,,,,
1998-07-01,37.7,31.0,47.0,0.0,,,,,,
1998-07-02,40.1,,45.4,,,,,,,
1998-07-03,38.6,30.6,44.9,0.0,,,,,,
1998-07-04,38.9,31.2,45.5,0.0,,,,,,
1998-07-05,38.8,29.4,46.0,0.0,,,,,,
1998-07-06,39.6,32.3,45.8,0.0,,,,,,
1998-07-07,38.3,30.0,46.5,0.0,,,,,,
1998-07-08,38.5,26.6,47.9,0.0,,,,,,
1998-07-09,39.4,30.4,48.4,0.0,,,,,,
1998-07-10,39.9,31.1,48.1,0.0,,,,,,
1998-07-11,39.2,31.4,47.4,0.0,,,,,,
1998-07-12,39.5,31.4,46.9,0.0,,,,,,
1998-07-13,39.6,31.8,47.6,,,,,,,
1998-07-14,38.3,30.0,47.1,,,,,,,
1998-07-15,39.8,31.2,48.3,0.0,,,,,,
1998-07-17,36.7,31.1,44.5,0.0,,,,,,
1998-07-18,37.1,30.5,45.2,0.0,,,,,,
1998-07-19,37.7,31.4,44.5,0.0,,,,,,
1998-07-20,38.3,31.4,45.6,0.0,,,,,,
1998-07-23,37.9,27.0,46.6,0.0,,,,,,
1998-07-24,39.3,28.7,48.0,0.0,,,,,,
1998-07-25,37.4,33.0,45.0,0.0,,,,,,
1998-07-28,38.3,31.2,45.0,0.0,,,,,,
1998-07-29,37.1,27.0,46.0,0.0,,,,,,
1998-07-30,37.5,28.0,46.4,0.0,,,,,,
1998-07-31,38.1,28.0,46.0,0.0,,,,,,
1998-08-02,39.1,30.6,49.3,0.0,,,,,,
1998-08-03,39.7,30.9,46.5,0.0,,,,,,
1998-08-06,34.0,28.0,40.2,0.0,,,,,,
1998-08-07,34.1,26.2,40.6,,,,,,,
1998-08-08,34.7,27.4,42.1,0.0,,,,,,
1998-08-09,37.1,31.7,42.9,0.0,,,,,,
1998-08-10,38.1,32.2,44.0,0.0,,,,,,
1998-08-11,39.7,34.2,45.6,0.0,,,,,,
1998-08-12,40.2,33.4,46.1,0.0,,,,,,
1998-08-13,36.9,27.6,45.4,0.0,,,,,,
1998-08-15,37.6,29.2,46.6,,,,,,,
1998-08-17,39.3,31.2,45.9,0.0,,,,,,
1998-08-18,39.8,31.1,45.0,,,,,,,
1998-08-19,37.9,30.4,45.1,0.0,,,,,,
1998-08-20,39.0,31.6,45.8,0.0,,,,,,
1998-08-21,37.9,30.5,46.0,0.0,,,,,,
1998-08-22,36.7,29.5,46.2,,,,,,,
1998-08-23,38.3,30.1,46.2,0.0,,,,,,
1998-08-24,39.6,32.4,47.0,0.0,,,,,,
1998-08-25,39.5,31.9,46.7,,,,,,,
1998-08-26,37.1,30.8,46.2,0.0,,,,,,
1998-08-27,36.5,27.6,44.9,0.0,,,,,,
1998-08-28,36.1,25.8,45.1,0.0,,,,,,
1998-08-29,37.0,28.1,47.0,0.0,,,,,,
1998-08-30,39.4,,46.4,0.0,,,,,,
1998-08-31,36.4,30.0,41.7,0.0,,,,,,
1998-09-01,38.2,33.0,45.0,0.0,,,,,,
1998-09-02,38.6,31.4,45.4,0.0,,,,,,
1998-09-04,36.4,30.1,44.9,,,,,,,
1998-09-05,37.7,30.5,45.0,0.0,,,,,,
1998-09-06,37.4,31.1,44.6,0.0,,,,,,
1998-09-07,37.4,27.8,45.5,,,,,,,
1998-09-08,36.7,29.9,42.6,0.0,,,,,,
1998-09-09,37.4,32.0,43.8,0.0,,,,,,
1998-09-10,38.5,32.4,44.8,0.0,,,,,,
1998-09-11,38.4,31.5,44.9,0.0,,,,,,
1998-09-12,37.6,33.3,43.4,,,,,,,
1998-09-13,34.3,27.0,43.1,,,,,,,
1998-09-14,35.3,26.7,44.0,0.0,,,,,,
1998-09-15,34.1,26.7,43.9,0.0,,,,,,
1998-09-16,37.8,29.5,44.5,,,,,,,
1998-09-17,37.8,29.9,45.0,,,,,,,
1998-09-18,35.8,24.3,44.6,0.0,,,,,,
1998-09-19,36.3,26.9,43.0,0.0,,,,,,
1998-09-21,36.8,27.5,43.5,0.0,,,,,,
1998-09-22,35.2,,43.0,,,,,,,
1998-09-24,27.9,21.0,36.6,0.5,,,,,,
1998-09-25,31.9,25.4,39.0,0.0,,,,,,
1998-09-26,33.9,,39.4,,,,,,,
1998-09-27,32.7,25.1,40.2,0.0,,,,,,
1998-09-28,33.4,25.4,41.1,0.0,,,,,,
1998-09-29,34.3,28.0,42.0,0.0,,,,,,
1998-10-01,34.1,27.1,41.8,0.0,,,,,,
1998-10-02,33.9,20.4,43.6,0.0,,,,,,
1998-10-03,31.2,21.2,42.2,0.0,,,,,,
1998-10-06,29.2,21.0,37.9,0.0,,,,,,
1998-10-07,28.1,22.5,34.5,0.0,,,,,,
1998-10-09,26.7,20.9,33.5,0.0,,,,,,
1998-10-10,27.9,20.5,36.7,0.0,,,,,,
1998-10-11,25.8,20.4,33.0,0.0,,,,,,
1998-10-12,23.5,15.8,30.4,0.0,,,,,,
1998-10-13,24.2,17.6,31.5,0.0,,,,,,
1998-10-14,27.2,20.6,35.3,0.0,,,,,,
1998-10-15,28.7,22.8,36.6,0.0,,,,,,
1998-10-16,30.4,24.5,38.5,0.0,,,,,,
1998-10-17,31.5,26.0,40.0,0.0,,,,,,
1998-10-18,31.9,25.0,40.1,0.0,,,,,,
1998-10-19,30.8,24.2,40.0,0.0,,,,,,
1998-10-20,25.2,,30.0,0.0,,,,,,
1998-10-21,19.6,14.1,25.3,0.0,,,,,,
1998-10-22,20.1,13.9,26.5,0.0,,,,,,
1998-10-23,22.9,17.9,28.9,0.0,,,,,,
1998-10-24,24.7,19.6,31.0,0.0,,,,,,
1998-10-25,25.9,19.1,33.0,0.0,,,,,,
1998-10-26,27.4,18.5,33.1,,,,,,,
1998-10-27,24.9,17.9,32.5,0.0,,,,,,
1998-10-28,24.9,19.7,31.4,0.0,,,,,,
1998-10-29,25.9,20.5,32.8,0.0,,,,,,
1998-10-30,25.1,19.0,32.1,0.0,,,,,,
1998-10-31,24.2,19.4,33.0,0.0,,,,,,
1998-11-02,20.7,8.4,34.4,0.0,,,,,,
1998-11-03,20.6,10.0,32.1,0.0,,,,,,
1998-11-04,19.8,9.8,31.1,0.0,,,,,,
1998-11-06,22.2,10.0,33.5,0.0,,,,,,
1998-11-07,25.4,16.5,33.9,,,,,,,
1998-11-08,25.8,21.8,31.9,0.0,,,,,,
1998-11-09,23.9,19.2,31.0,0.0,,,,,,
1998-11-10,21.3,16.0,27.3,0.0,,,,,,
1998-11-11,19.7,12.6,26.0,0.0,,,,,,
1998-11-12,18.9,10.9,26.9,0.0,,,,,,
1998-11-13,19.6,,26.2,,,,,,,
1998-11-14,18.9,7.1,28.3,0.0,,,,,,
1998-11-16,21.3,13.9,30.0,0.0,,,,,,
1998-11-17,21.9,13.9,31.0,0.0,,,,,,
1998-11-18,20.2,11.7,30.0,0.0,,,,,,
1998-11-19,19.1,9.0,30.1,0.0,,,,,,
1998-11-20,19.6,14.0,25.9,0.0,,,,,,
1998-11-23,13.0,6.6,20.7,0.0,,,,,,
1998-11-24,12.4,3.3,21.3,0.0,,,,,,
1998-11-25,13.1,5.2,20.4,,,,,,,
1998-11-26,12.7,6.9,19.7,0.0,,,,,,
1998-11-27,13.2,7.0,19.6,,,,,,,
1998-11-28,11.7,1.9,20.2,0.0,,,,,,
1998-11-29,12.9,4.0,21.8,0.0,,,,,,
1998-11-30,11.3,,23.0,,,,,,,
1998-12-01,13.2,,23.4,,,,,,,
1998-12-03,14.5,7.2,23.0,0.0,,,,,,
1998-12-04,12.1,6.8,18.8,0.0,,,,,,
1998-12-05,8.9,0.5,21.4,0.0,,,,,,
1998-12-06,14.3,7.0,22.1,0.0,,,,,,
1998-12-07,15.3,11.6,19.0,,,,,,,
1998-12-08,12.7,8.1,18.7,0.0,,,,,,
1998-12-09,12.4,9.0,18.6,0.0,,,,,,
1998-12-10,13.9,9.8,19.9,0.0,,,,,,
1998-12-11,15.9,9.6,21.8,0.0,,,,,,
1998-12-12,15.0,,24.0,,,,,,,
1998-12-13,17.3,10.4,21.9,,,,,,,
1998-12-14,14.6,10.6,19.8,0.0,,,,,,
1998-12-15,15.8,12.0,21.0,0.0,,,,,,
1998-12-16,16.3,11.2,23.5,0.0,,,,,,
1998-12-17,16.6,12.0,24.5,0.0,,,,,,
1998-12-18,15.8,11.2,22.3,0.0,,,,,,
1998-12-19,14.2,11.0,22.0,0.0,,,,,,
1998-12-20,12.4,5.3,20.0,0.0,,,,,,
1998-12-22,15.4,,19.8,,,,,,,
1998-12-23,11.2,7.2,18.3,0.0,,,,,,
1998-12-24,13.3,7.9,20.6,,,,,,,
1998-12-25,15.2,9.4,20.7,,,,,,,
1998-12-27,12.5,,16.5,,,,,,,
1998-12-29,11.8,5.5,17.8,0.0,,,,,,
1998-12-30,12.4,4.3,19.5,,,,,,,
1998-12-31,11.4,4.4,19.7,,,,,,,
1999-01-01,11.7,1.6,21.0,,,,,,,
1999-01-02,14.1,7.0,20.0,,,,,,,
1999-01-03,11.9,5.5,20.0,,,,,,,
1999-01-04,12.7,6.2,20.6,,,,,,,
1999-01-06,16.8,11.1,24.5,,,,,,,
1999-01-07,15.7,10.5,22.4,,,,,,,
1999-01-08,14.1,8.0,22.9,,,,,,,
1999-01-09,10.6,1.1,22.6,,,,,,,
1999-01-11,14.5,6.9,23.0,,,,,,,
1999-01-12,15.3,5.1,26.9,,,,,,,
1999-01-13,17.3,14.3,22.2,,,,,,,
1999-01-14,15.3,,16.0,,,,,,,
1999-01-15,14.1,10.5,19.1,,,,,,,
1999-01-16,12.6,7.4,18.3,,,,,,,
1999-01-17,12.5,7.1,18.4,,,,,,,
1999-01-20,12.1,7.4,18.6,,,,,,,
1999-01-21,13.3,8.0,18.7,,,,,,,
1999-01-22,14.1,,19.7,,,,,,,
1999-01-23,11.0,4.4,20.3,,,,,,,
1999-01-24,12.4,7.9,17.4,,,,,,,
1999-01-25,13.2,7.8,18.4,,,,,,,
1999-01-26,13.0,7.5,18.7,,,,,,,
1999-01-27,13.0,8.3,19.0,,,,,,,
1999-01-29,13.4,7.0,21.2,,,,,,,
1999-01-30,14.1,4.9,22.2,,,,,,,
1999-02-01,14.0,,18.2,,,,,,,
1999-02-02,9.3,4.6,14.2,,,,,,,
1999-02-03,8.8,3.2,13.5,,,,,,,
1999-02-04,7.1,0.0,13.8,,,,,,,
1999-02-05,9.2,,15.4,,,,,,,
1999-02-06,12.8,3.9,20.2,,,,,,,
1999-02-07,12.2,2.6,21.9,,,,,,,
1999-02-09,14.0,3.4,25.0,,,,,,,
1999-02-10,16.8,4.6,25.5,,,,,,,
1999-02-11,14.8,5.6,23.1,,,,,,,
1999-02-12,14.7,9.2,22.1,,,,,,,
1999-02-13,14.8,7.1,24.3,,,,,,,
1999-02-14,16.8,7.4,28.0,,,,,,,
1999-02-15,16.4,5.8,27.8,,,,,,,
1999-02-16,14.2,7.5,26.5,,,,,,,
1999-02-17,13.3,7.8,18.4,,,,,,,
1999-02-18,11.2,6.2,17.0,,,,,,,
1999-02-19,11.6,3.3,19.4,,,,,,,
1999-02-20,14.2,9.0,20.1,,,,,,,
1999-02-21,16.0,10.9,22.2,,,,,,,
1999-02-22,16.0,10.4,23.0,,,,,,,
1999-02-23,15.9,6.5,25.4,,,,,,,
1999-02-24,17.4,8.5,26.3,,,,,,,
1999-02-25,16.7,7.2,27.0,,,,,,,
1999-02-26,17.9,7.4,28.0,,,,,,,
1999-02-27,17.8,6.2,26.2,,,,,,,
1999-02-28,15.6,5.0,25.5,,,,,,,
1999-03-01,17.9,9.8,24.4,,,,,,,
1999-03-02,18.2,13.3,25.2,,,,,,,
1999-03-03,18.9,14.6,24.9,,,,,,,
1999-03-04,19.8,10.8,25.5,,,,,,,
1999-03-05,14.9,8.8,27.5,,,,,,,
1999-03-06,21.1,10.8,28.0,,,,,,,
1999-03-07,20.0,9.4,28.6,,,,,,,
1999-03-08,21.7,14.2,29.5,,,,,,,
1999-03-09,21.1,17.2,30.6,,,,,,,
1999-03-10,22.4,11.6,31.2,,,,,,,
1999-03-11,24.6,18.2,31.5,,,,,,,
1999-03-12,20.1,9.8,30.3,,,,,,,
1999-03-13,19.0,7.7,29.6,,,,,,,
1999-03-14,21.6,10.5,31.2,,,,,,,
1999-03-15,21.2,,32.4,,,,,,,
1999-03-16,21.3,10.9,30.1,,,,,,,
1999-03-18,18.3,10.5,26.5,,,,,,,
1999-03-19,20.3,12.2,27.1,,,,,,,
1999-03-20,20.2,13.1,27.7,,,,,,,
1999-03-21,20.4,9.7,29.5,,,,,,,
1999-03-22,23.6,,31.0,,,,,,,
1999-03-23,24.1,12.5,35.6,,,,,,,
1999-03-25,31.7,25.4,36.4,,,,,,,
1999-03-28,21.8,,28.5,,,,,,,
1999-03-29,19.1,14.1,26.0,,,,,,,
1999-03-30,17.8,12.4,26.5,,,,,,,
1999-03-31,18.9,,28.4,,,,,,,
1999-04-03,24.2,13.2,40.4,,,,,,,
1999-04-04,23.4,18.6,30.8,,,,,,,
1999-04-05,24.8,19.0,32.0,,,,,,,
1999-04-06,26.1,19.7,33.0,,,,,,,
1999-04-07,25.4,22.0,30.7,,,,,,,
1999-04-08,26.8,20.6,34.1,,,,,,,
1999-04-09,25.7,18.2,34.5,,,,,,,
1999-04-10,25.7,20.4,33.5,,,,,,,
1999-04-11,26.8,,34.0,,,,,,,
1999-04-12,26.1,17.0,35.7,,,,,,,
1999-04-13,26.2,15.9,37.6,,,,,,,
1999-04-14,26.7,17.5,37.5,,,,,,,
1999-04-15,32.3,23.0,41.5,,,,,,,
1999-04-16,30.8,25.4,38.1,,,,,,,
1999-04-17,27.8,20.5,35.3,,,,,,,
1999-04-18,27.4,,33.2,,,,,,,
1999-04-19,28.6,21.0,36.3,,,,,,,
1999-04-21,28.8,25.7,34.8,,,,,,,
1999-04-22,30.2,23.9,39.0,,,,,,,
1999-04-23,33.0,,39.8,,,,,,,
1999-04-24,31.0,25.0,38.7,,,,,,,
1999-04-26,28.9,21.6,35.2,,,,,,,
1999-04-27,33.9,,41.4,,,,,,,
1999-04-28,31.8,,40.8,,,,,,,
1999-04-30,27.9,,34.0,,,,,,,
1999-05-01,30.4,24.5,37.0,,,,,,,
1999-05-02,32.1,25.5,40.2,,,,,,,
1999-05-03,27.2,19.0,33.9,,,,,,,
1999-05-04,29.3,,34.5,,,,,,,
1999-05-06,31.1,23.8,38.7,,,,,,,
1999-05-07,34.6,,41.5,,,,,,,
1999-05-08,35.1,27.5,43.1,,,,,,,
1999-05-11,35.3,25.6,44.8,,,,,,,
1999-05-12,35.8,26.6,44.9,,,,,,,
1999-05-13,35.2,24.6,44.2,,,,,,,
1999-05-14,36.2,25.1,45.1,,,,,,,
1999-05-15,34.4,25.0,45.1,,,,,,,
1999-05-16,36.2,23.3,45.0,,,,,,,
1999-05-17,35.4,22.6,45.7,,,,,,,
1999-05-18,35.3,26.3,45.0,,,,,,,
1999-05-19,35.8,25.5,45.0,,,,,,,
1999-05-20,34.6,29.2,40.8,,,,,,,
1999-05-22,30.4,23.5,38.2,,,,,,,
1999-05-24,28.7,22.4,35.9,,,,,,,
1999-05-27,32.4,24.5,42.5,,,,,,,
1999-05-28,34.3,23.1,43.6,,,,,,,
1999-05-30,34.7,27.4,44.4,,,,,,,
1999-05-31,36.4,28.0,44.1,,,,,,,
1999-06-02,36.2,28.6,43.6,,,,,,,
1999-06-03,36.8,26.7,44.4,,,,,,,
1999-06-04,37.3,28.2,44.5,,,,,,,
1999-06-06,36.6,24.0,45.5,,,,,,,
1999-06-07,36.9,28.0,45.7,,,,,,,
1999-06-09,38.8,,46.3,,,,,,,
1999-06-10,40.4,31.0,46.2,,,,,,,
1999-06-11,38.8,29.6,45.7,,,,,,,
1999-06-12,38.9,29.3,47.5,,,,,,,
1999-06-13,39.7,29.8,46.1,,,,,,,
1999-06-14,35.8,26.4,45.4,,,,,,,
1999-06-15,39.6,30.5,45.6,,,,,,,
1999-06-16,37.6,31.7,44.0,,,,,,,
1999-06-17,36.7,30.2,44.0,,,,,,,
1999-06-18,35.2,18.8,44.5,,,,,,,
1999-06-22,34.7,25.6,43.2,,,,,,,
1999-06-23,35.2,27.1,44.6,,,,,,,
1999-06-24,38.1,30.8,45.7,,,,,,,
1999-06-25,40.3,33.8,47.0,,,,,,,
1999-06-26,40.5,35.0,47.3,,,,,,,
1999-06-27,40.1,33.7,46.9,,,,,,,
1999-06-28,37.9,30.7,47.9,,,,,,,
1999-06-29,40.6,,47.5,,,,,,,
1999-06-30,39.8,30.8,47.9,,,,,,,
1999-07-01,39.7,29.1,48.2,,,,,,,
1999-07-02,38.1,31.6,45.0,,,,,,,
1999-07-03,37.5,31.0,45.0,,,,,,,
1999-07-04,39.9,,45.5,,,,,,,
1999-07-05,37.6,28.5,46.4,,,,,,,
1999-07-06,37.8,28.4,47.4,,,,,,,
1999-07-07,36.4,30.4,46.7,,,,,,,
1999-07-08,37.6,31.9,47.0,,,,,,,
1999-07-09,38.3,31.0,45.9,,,,,,,
1999-07-12,39.6,,46.6,,,,,,,
1999-07-13,37.3,26.4,47.4,,,,,,,
1999-07-14,39.4,31.3,48.7,,,,,,,
1999-07-15,40.7,32.6,48.5,,,,,,,
1999-07-16,39.5,29.4,48.5,,,,,,,
1999-07-17,39.7,29.5,47.7,,,,,,,
1999-07-18,38.2,30.5,45.0,,,,,,,
1999-07-19,38.0,29.1,46.0,,,,,,,
1999-07-20,38.4,28.9,46.2,,,,,,,
1999-07-21,38.7,30.5,46.7,,,,,,,
1999-07-22,37.8,28.7,46.8,,,,,,,
1999-07-23,39.5,,46.6,,,,,,,
1999-07-24,38.1,28.0,47.3,,,,,,,
1999-07-25,38.4,31.6,45.7,,,,,,,
1999-07-26,39.3,31.0,46.5,,,,,,,
1999-07-27,38.2,29.7,46.3,,,,,,,
1999-07-28,39.1,30.5,47.3,,,,,,,
1999-07-30,39.4,31.6,48.2,,,,,,,
1999-07-31,40.4,,47.5,,,,,,,
1999-08-01,40.6,32.5,48.8,,,,,,,
1999-08-02,40.1,30.2,48.3,,,,,,,
1999-08-03,40.7,29.2,48.0,,,,,,,
1999-08-04,40.1,29.4,48.2,,,,,,,
1999-08-06,40.5,32.9,46.7,,,,,,,
1999-08-07,40.1,,46.8,,,,,,,
1999-08-08,37.8,30.2,45.5,,,,,,,
1999-08-09,40.3,30.2,46.6,,,,,,,
1999-08-10,38.8,33.5,46.4,,,,,,,
1999-08-11,38.5,28.4,47.5,,,,,,,
1999-08-12,39.1,31.1,46.8,,,,,,,
1999-08-13,39.4,32.5,46.6,,,,,,,
1999-08-14,38.9,,46.9,,,,,,,
1999-08-15,36.6,25.8,46.6,,,,,,,
1999-08-16,36.8,24.9,47.2,,,,,,,
1999-08-17,37.8,27.6,47.5,,,,,,,
1999-08-18,39.3,30.6,47.2,,,,,,,
1999-08-19,38.4,32.5,45.6,,,,,,,
1999-08-24,33.9,29.4,39.4,,,,,,,
1999-08-25,34.4,,40.3,,,,,,,
1999-08-26,34.3,,40.8,,,,,,,
1999-08-27,35.9,26.5,44.2,,,,,,,
1999-08-28,36.1,28.1,44.9,,,,,,,
1999-08-29,36.4,28.9,44.0,,,,,,,
1999-08-30,36.2,28.5,44.2,,,,,,,
1999-08-31,35.9,30.8,43.6,,,,,,,
1999-09-01,37.5,27.9,45.4,,,,,,,
1999-09-02,39.0,,46.0,,,,,,,
1999-09-13,34.2,25.7,41.5,,,,,,,
1999-09-14,32.6,24.4,42.0,,,,,,,
1999-09-15,35.9,30.0,42.4,,,,,,,
1999-09-16,37.1,,42.5,,,,,,,
1999-09-17,36.5,,42.7,0.0,,,,,,
1999-09-18,36.8,,44.5,,,,,,,
1999-09-20,30.4,21.7,40.3,,,,,,,
1999-09-21,31.2,20.4,41.5,,,,,,,
1999-09-22,33.9,23.8,43.5,,,,,,,
1999-09-23,35.6,29.4,44.9,,,,,,,
1999-09-24,37.8,31.1,44.3,,,,,,,
1999-09-25,34.4,28.3,39.4,,,,,,,
1999-09-26,34.1,26.9,40.6,,,,,,,
1999-09-27,32.7,23.4,42.1,,,,,,,
1999-09-28,34.4,24.0,43.0,,,,,,,
1999-09-29,35.8,28.9,43.5,0.0,,,,,,
1999-09-30,34.2,,40.0,0.0,,,,,,
1999-10-02,31.7,24.4,45.3,0.0,,,,,,
1999-10-03,30.4,21.9,38.0,0.0,,,,,,
1999-10-04,30.4,23.9,37.5,0.0,,,,,,
1999-10-05,30.3,22.6,38.8,,,,,,,
1999-10-06,29.8,21.0,39.8,0.0,,,,,,
1999-10-07,29.6,18.9,39.5,0.0,,,,,,
1999-10-08,32.7,24.8,39.6,0.0,,,,,,
1999-10-09,30.1,25.6,38.7,,,,,,,
1999-10-10,31.6,25.6,37.8,0.0,,,,,,
1999-10-11,28.7,,33.4,,,,,,,
1999-10-12,28.8,,34.3,,,,,,,
1999-10-13,28.4,22.4,35.7,0.0,,,,,,
1999-10-14,28.9,24.0,36.2,0.0,,,,,,
1999-10-15,29.3,23.9,36.4,0.0,,,,,,
1999-10-16,28.3,23.6,37.7,0.0,,,,,,
1999-10-17,27.3,16.9,38.4,0.0,,,,,,
1999-10-18,28.4,18.2,38.9,0.0,,,,,,
1999-10-19,30.0,19.5,38.0,0.0,,,,,,
1999-10-20,29.6,24.5,35.9,0.0,,,,,,
1999-10-21,28.0,18.0,36.7,0.0,,,,,,
1999-10-22,25.8,17.5,37.0,0.0,,,,,,
1999-10-23,27.4,17.7,38.0,0.0,,,,,,
1999-10-24,27.3,17.7,38.4,0.0,,,,,,
1999-10-25,27.1,16.0,38.7,0.0,,,,,,
1999-10-26,27.4,17.3,38.4,0.0,,,,,,
1999-10-27,27.4,20.6,38.6,0.0,,,,,,
1999-10-28,29.4,23.9,37.3,0.0,,,,,,
1999-10-29,29.8,,36.3,0.0,,,,,,
1999-10-30,28.7,,34.5,,,,,,,
1999-10-31,26.4,16.7,33.5,0.0,,,,,,
1999-11-01,25.4,17.1,33.0,0.0,,,,,,
1999-11-02,25.6,20.4,31.6,0.0,,,,,,
1999-11-03,25.7,20.0,31.7,0.0,,,,,,
1999-11-04,25.3,19.1,32.6,0.0,,,,,,
1999-11-06,24.3,14.9,31.7,0.0,,,,,,
1999-11-07,21.3,13.7,33.3,,,,,,,
1999-11-08,21.1,14.3,27.5,0.0,,,,,,
1999-11-09,18.4,,23.7,0.0,,,,,,
1999-11-10,17.8,12.4,25.3,,,,,,,
1999-11-11,19.6,12.8,26.3,,,,,,,
1999-11-12,19.7,9.3,29.4,0.0,,,,,,
1999-11-13,20.7,10.0,31.1,0.0,,,,,,
1999-11-14,21.1,,33.2,,,,,,,
1999-11-15,21.1,16.6,28.0,0.0,,,,,,
1999-11-16,19.5,11.6,28.0,0.0,,,,,,
1999-11-19,20.3,17.1,24.8,,,,,,,
1999-11-20,15.2,7.1,22.7,0.0,,,,,,
1999-11-21,16.7,,25.4,0.0,,,,,,
1999-11-22,15.4,11.1,20.7,0.0,,,,,,
1999-11-24,13.1,7.9,21.4,0.0,,,,,,
1999-11-25,15.7,10.2,21.2,0.0,,,,,,
1999-11-26,16.2,13.2,20.7,0.0,,,,,,
1999-11-27,16.6,13.5,22.1,0.8,,,,,,
1999-11-28,15.1,10.2,20.6,0.0,,,,,,
1999-11-29,13.9,4.8,21.2,0.0,,,,,,
1999-11-30,13.9,5.5,21.5,0.0,,,,,,
1999-12-01,16.8,11.0,23.4,0.0,,,,,,
1999-12-02,15.7,10.2,22.2,0.0,,,,,,
1999-12-03,15.4,9.9,22.2,,,,,,,
1999-12-04,18.1,13.2,25.6,,,,,,,
1999-12-05,19.4,14.9,25.2,0.0,,,,,,
1999-12-07,14.4,10.9,19.3,,,,,,,
1999-12-08,14.6,8.9,23.0,0.0,,,,,,
1999-12-09,14.3,6.9,22.5,0.0,,,,,,
1999-12-10,14.7,,21.3,,,,,,,
1999-12-11,14.5,7.3,21.5,0.0,,,,,,
1999-12-12,13.0,6.5,20.8,,,,,,,
1999-12-13,12.8,3.1,22.5,0.0,,,,,,
1999-12-14,12.6,3.0,23.0,0.0,,,,,,
1999-12-16,14.2,3.0,24.3,0.0,,,,,,
1999-12-17,11.8,8.0,16.7,0.0,,,,,,
1999-12-18,6.9,0.1,11.8,0.0,,,,,,
1999-12-19,9.8,7.9,16.5,,,,,,,
1999-12-20,9.7,1.2,19.5,0.0,,,,,,
1999-12-22,14.4,,19.5,,,,,,,
1999-12-24,14.4,8.8,21.5,0.0,,,,,,
1999-12-25,13.4,8.8,20.6,0.0,,,,,,
1999-12-26,13.7,8.0,22.4,0.0,,,,,,
1999-12-27,12.5,2.3,23.4,0.0,,,,,,
1999-12-28,10.2,-0.4,24.3,0.0,,,,,,
1999-12-29,10.8,-0.5,24.7,0.0,,,,,,
1999-12-30,13.2,1.5,25.4,0.0,,,,,,
1999-12-31,14.5,8.9,20.2,0.0,,,,,,
2000-01-01,12.8,10.2,18.5,0.0,,,,,,
2000-01-02,10.9,6.8,16.6,0.0,,,,,,
2000-01-04,10.9,7.1,16.0,0.0,,,,,,
2000-01-05,11.4,6.6,17.0,,,,,,,
2000-01-08,13.3,4.8,23.5,0.0,,,,,,
2000-01-09,15.2,,22.9,,,,,,,
2000-01-10,14.5,8.5,22.7,0.0,,,,,,
2000-01-12,13.0,9.6,19.0,,,,,,,
2000-01-13,11.4,5.5,17.5,0.0,,,,,,
2000-01-14,10.4,3.0,15.6,,,,,,,
2000-01-16,12.1,5.9,21.6,,,,,,,
2000-01-18,13.4,,19.4,,,,,,,
2000-01-19,11.8,3.5,19.5,,,,,,,
2000-01-20,10.7,2.5,19.5,,,,,,,
2000-01-21,12.6,7.3,29.0,,,,,,,
2000-01-22,12.3,7.1,19.0,,,,,,,
2000-01-23,11.2,2.9,20.0,,,,,,,
2000-01-24,10.9,1.9,21.3,,,,,,,
2000-01-25,13.6,4.6,23.5,,,,,,,
2000-01-26,12.1,4.5,24.4,,,,,,,
2000-01-27,17.3,13.7,25.3,,,,,,,
2000-01-30,17.4,12.5,23.5,,,,,,,
2000-01-31,16.9,11.5,23.5,,,,,,,
2000-02-01,20.4,,24.3,,,,,,,
2000-02-02,17.8,,27.0,,,,,,,
2000-02-04,18.4,14.0,24.0,,,,,,,
2000-02-06,14.2,7.4,21.4,,,,,,,
2000-02-07,14.6,9.3,21.4,,,,,,,
2000-02-08,12.9,3.0,22.6,,,,,,,
2000-02-10,18.1,,24.5,,,,,,,
2000-02-11,15.7,7.3,23.0,,,,,,,
2000-02-12,12.7,2.1,23.0,,,,,,,
2000-02-13,15.0,4.0,25.6,,,,,,,
2000-02-14,15.3,9.6,22.9,,,,,,,
2000-02-15,14.8,7.0,27.0,,,,,,,
2000-02-16,15.7,10.9,22.7,,,,,,,
2000-02-17,16.0,8.1,25.0,,,,,,,
2000-02-18,16.9,6.0,26.2,,,,,,,
2000-02-19,18.4,13.5,26.5,,,,,,,
2000-02-20,20.1,13.8,28.0,,,,,,,
2000-02-21,18.0,10.1,27.9,,,,,,,
2000-02-23,18.3,8.9,27.5,,,,,,,
2000-02-25,14.7,9.0,19.8,,,,,,,
2000-02-26,13.2,8.9,20.6,,,,,,,
2000-02-27,16.7,9.9,26.2,,,,,,,
2000-02-28,17.5,9.5,28.0,,,,,,,
2000-02-29,19.8,12.6,28.0,,,,,,,
2000-03-01,21.4,11.0,30.2,,,,,,,
2000-03-02,20.3,10.8,30.8,,,,,,,
2000-03-04,23.4,17.7,31.3,,,,,,,
2000-03-05,22.8,,31.1,,,,,,,
2000-03-06,23.8,17.4,31.5,,,,,,,
2000-03-07,22.9,16.6,30.2,,,,,,,
2000-03-08,22.6,17.1,30.6,,,,,,,
2000-03-09,22.2,15.2,29.4,,,,,,,
2000-03-10,18.9,12.0,25.5,,,,,,,
2000-03-11,19.5,13.0,27.5,,,,,,,
2000-03-12,21.2,15.2,29.7,,,,,,,
2000-03-13,20.7,12.4,30.6,,,,,,,
2000-03-14,20.6,7.9,31.4,,,,,,,
2000-03-15,22.0,12.0,32.0,,,,,,,
2000-03-16,23.1,16.9,30.3,,,,,,,
2000-03-17,19.6,15.2,25.5,,,,,,,
2000-03-19,20.9,14.4,27.6,,,,,,,
2000-03-20,21.7,,27.5,,,,,,,
2000-03-22,23.8,17.1,31.8,,,,,,,
2000-03-23,23.9,15.3,34.4,,,,,,,
2000-03-24,23.8,13.0,35.1,,,,,,,
2000-03-25,23.9,,34.1,,,,,,,
2000-03-26,25.9,14.0,33.2,,,,,,,
2000-03-27,27.1,23.5,29.1,,,,,,,
2000-03-28,27.6,,34.0,,,,,,,
2000-03-30,25.4,18.4,34.5,,,,,,,
2000-03-31,27.1,16.2,38.4,,,,,,,
2000-04-01,27.8,18.5,36.9,,,,,,,
2000-04-04,23.8,19.7,27.6,,,,,,,
2000-04-05,19.0,11.2,31.8,,,,,,,
2000-04-06,24.8,15.9,33.6,,,,,,,
2000-04-07,27.3,20.0,35.2,,,,,,,
2000-04-08,31.3,24.1,40.6,,,,,,,
2000-04-09,31.2,21.0,41.9,,,,,,,
2000-04-10,28.2,20.9,37.5,,,,,,,
2000-04-11,27.8,17.3,35.6,,,,,,,
2000-04-12,24.7,17.4,32.5,,,,,,,
2000-04-14,23.8,11.6,36.2,,,,,,,
2000-04-15,23.6,13.8,34.4,,,,,,,
2000-04-16,28.8,16.4,40.0,,,,,,,
2000-04-18,23.3,15.9,30.0,,,,,,,
2000-04-23,30.9,,37.9,,,,,,,
2000-04-24,31.3,24.0,38.5,,,,,,,
2000-04-25,33.6,,41.5,,,,,,,
2000-04-26,33.8,24.4,42.4,,,,,,,
2000-04-27,34.1,,39.5,,,,,,,
2000-04-28,26.3,19.9,34.0,,,,,,,
2000-04-29,27.1,20.1,35.4,,,,,,,
2000-04-30,28.3,20.9,37.6,,,,,,,
2000-05-01,24.8,15.9,32.7,,,,,,,
2000-05-02,24.8,,33.4,,,,,,,
2000-05-03,26.9,17.9,36.0,,,,,,,
2000-05-04,30.9,22.8,38.5,,,,,,,
2000-05-05,30.9,23.9,39.0,,,,,,,
2000-05-06,29.4,23.5,34.5,0.8,,,,,,
2000-05-08,29.7,24.6,39.0,0.0,,,,,,
2000-05-11,33.4,29.4,37.6,0.0,,,,,,
2000-05-12,34.4,28.0,41.7,,,,,,,
2000-05-13,34.1,27.9,41.5,0.8,,,,,,
2000-05-15,33.7,23.6,40.4,0.0,,,,,,
2000-05-16,33.4,25.3,41.4,,,,,,,
2000-05-17,33.9,25.1,42.1,,,,,,,
2000-05-19,34.8,24.3,44.0,,,,,,,
2000-05-20,39.3,24.9,44.7,,,,,,,
2000-05-21,34.6,30.3,40.5,,,,,,,
2000-05-22,32.9,25.0,39.7,,,,,,,
2000-05-23,31.6,27.7,38.7,,,,,,,
2000-05-24,33.0,25.1,40.0,,,,,,,
2000-05-26,28.8,22.2,35.0,,,,,,,
2000-05-27,30.1,23.8,36.3,,,,,,,
2000-05-28,31.2,23.2,37.6,,,,,,,
2000-05-29,31.9,25.0,39.0,,,,,,,
2000-05-30,34.8,27.6,42.0,,,,,,,
2000-05-31,36.3,,42.0,,,,,,,
2000-06-01,35.6,29.4,42.6,,,,,,,
2000-06-02,34.6,28.6,41.2,,,,,,,
2000-06-03,33.2,,40.9,,,,,,,
2000-06-04,34.2,28.0,41.0,,,,,,,
2000-06-05,36.4,,42.6,,,,,,,
2000-06-06,35.9,30.2,42.5,,,,,,,
2000-06-07,35.9,26.5,42.3,,,,,,,
2000-06-08,34.4,25.4,42.8,,,,,,,
2000-06-09,34.3,26.6,43.5,,,,,,,
2000-06-10,36.6,25.8,45.5,,,,,,,
2000-06-11,33.4,28.4,39.5,,,,,,,
2000-06-12,31.8,25.1,44.4,,,,,,,
2000-06-13,31.2,25.2,39.5,,,,,,,
2000-06-14,33.9,25.5,40.6,,,,,,,
2000-06-15,34.7,26.4,42.3,,,,,,,
2000-06-16,34.6,28.5,41.9,,,,,,,
2000-06-17,33.4,27.4,40.5,,,,,,,
2000-06-18,32.9,26.3,40.0,,,,,,,
2000-06-19,34.2,26.5,42.2,,,,,,,
2000-06-21,35.4,25.7,43.6,,,,,,,
2000-06-22,35.4,25.4,42.2,,,,,,,
2000-06-23,36.3,29.0,43.4,,,,,,,
2000-06-24,36.3,29.4,42.5,,,,,,,
2000-06-25,37.1,29.7,43.3,,,,,,,
2000-06-26,38.2,30.7,45.0,,,,,,,
2000-06-27,37.6,30.4,45.0,,,,,,,
2000-06-28,38.1,29.6,45.1,,,,,,,
2000-06-29,37.8,29.6,45.2,,,,,,,
2000-06-30,39.1,29.3,45.5,,,,,,,
2000-07-01,40.1,,46.5,,,,,,,
2000-07-02,37.9,29.9,45.8,,,,,,,
2000-07-03,35.3,29.9,45.6,,,,,,,
2000-07-04,37.2,28.5,43.6,,,,,,,
2000-07-05,37.1,29.9,45.3,,,,,,,
2000-07-06,37.7,30.4,45.8,,,,,,,
2000-07-07,39.0,,45.4,,,,,,,
2000-07-08,37.3,31.5,45.8,,,,,,,
2000-07-09,40.6,,46.0,,,,,,,
2000-07-10,37.7,29.2,45.6,,,,,,,
2000-07-11,36.8,24.5,47.6,,,,,,,
2000-07-12,39.3,28.0,48.6,,,,,,,
2000-07-13,40.5,32.6,47.5,,,,,,,
2000-07-14,38.7,31.0,47.1,,,,,,,
2000-07-15,37.8,29.4,46.6,,,,,,,
2000-07-16,36.3,28.7,47.3,,,,,,,
2000-07-18,39.9,31.3,48.2,,,,,,,
2000-07-19,39.3,28.3,48.5,,,,,,,
2000-07-20,39.7,32.4,46.6,,,,,,,
2000-07-21,39.3,26.9,47.5,,,,,,,
2000-07-22,41.2,33.6,47.5,,,,,,,
2000-07-24,37.9,27.8,46.5,,,,,,,
2000-07-25,39.8,32.5,46.7,,,,,,,
2000-07-26,38.6,,44.5,,,,,,,
2000-07-28,38.9,,45.6,,,,,,,
2000-07-29,38.2,31.2,45.9,,,,,,,
2000-07-30,38.6,34.0,44.5,,,,,,,
2000-07-31,37.8,32.4,43.6,,,,,,,
2000-08-01,36.1,30.0,42.6,,,,,,,
2000-08-02,35.1,27.4,41.4,,,,,,,
2000-08-03,35.7,29.0,43.7,,,,,,,
2000-08-04,37.1,30.6,43.2,,,,,,,
2000-08-05,35.9,27.0,44.0,,,,,,,
2000-08-06,37.5,29.8,45.6,,,,,,,
2000-08-07,37.4,32.1,46.0,,,,,,,
2000-08-08,39.0,31.1,45.2,,,,,,,
2000-08-09,37.9,,44.6,,,,,,,
2000-08-10,38.2,30.8,45.1,,,,,,,
2000-08-11,35.7,25.8,43.5,,,,,,,
2000-08-12,36.6,30.6,43.9,,,,,,,
2000-08-14,39.4,33.0,46.2,,,,,,,
2000-08-16,37.4,,42.0,,,,,,,
2000-08-17,35.6,29.1,42.0,,,,,,,
2000-08-18,37.1,,43.5,,,,,,,
2000-08-20,38.5,33.9,45.5,,,,,,,
2000-08-21,37.3,30.3,44.8,,,,,,,
2000-08-22,36.8,28.0,44.3,,,,,,,
2000-08-23,37.4,31.2,44.4,,,,,,,
2000-08-24,35.3,28.8,43.5,,,,,,,
2000-08-25,36.4,27.0,44.8,,,,,,,
2000-08-26,37.9,30.2,44.1,,,,,,,
2000-08-27,35.7,28.0,44.6,,,,,,,
2000-08-28,37.2,30.4,44.2,,,,,,,
2000-08-29,36.6,28.9,44.8,,,,,,,
2000-08-30,35.3,28.4,45.1,,,,,,,
2000-08-31,34.4,24.2,45.5,,,,,,,
2000-09-01,36.4,26.4,45.9,,,,,,,
2000-09-02,35.8,24.1,45.2,,,,,,,
2000-09-03,37.2,26.8,45.6,,,,,,,
2000-09-04,36.9,,45.7,,,,,,,
2000-09-05,35.9,24.4,45.5,,,,,,,
2000-09-06,36.4,29.0,44.2,,,,,,,
2000-09-07,36.6,,42.4,,,,,,,
2000-09-08,31.7,26.0,40.5,,,,,,,
2000-09-09,34.1,25.8,40.0,,,,,,,
2000-09-11,33.6,27.4,40.1,,,,,,,
2000-09-12,33.8,26.8,40.7,,,,,,,
2000-09-13,34.9,28.9,41.5,,,,,,,
2000-09-14,34.8,28.2,42.6,,,,,,,
2000-09-15,35.1,28.0,43.2,,,,,,,
2000-09-16,35.4,27.2,43.0,,,,,,,
2000-09-17,35.3,29.1,41.6,,,,,,,
2000-09-18,34.3,28.4,42.1,,,,,,,
2000-09-19,33.9,26.3,42.3,,,,,,,
2000-09-20,32.0,21.9,42.4,,,,,,,
2000-09-21,34.3,29.2,40.1,,,,,,,
2000-09-22,34.7,25.8,42.1,,,,,,,
2000-09-24,31.2,,40.7,,,,,,,
2000-09-27,30.7,,40.2,,,,,,,
2000-09-28,32.6,26.4,39.6,,,,,,,
2000-09-29,31.3,23.4,39.6,,,,,,,
2000-09-30,29.6,20.0,37.7,,,,,,,
2000-10-01,26.1,20.0,32.7,,,,,,,
2000-10-02,25.5,,31.5,,,,,,,
2000-10-03,24.9,17.4,31.6,,,,,,,
2000-10-04,26.1,19.7,33.3,,,,,,,
2000-10-05,28.1,,34.2,,,,,,,
2000-10-07,27.1,21.4,35.4,,,,,,,
2000-10-08,27.2,19.6,36.0,,,,,,,
2000-10-09,27.4,19.6,36.7,,,,,,,
2000-10-10,27.4,17.6,37.4,,,,,,,
2000-10-11,29.7,20.4,37.6,,,,,,,
2000-10-12,30.6,21.6,36.8,,,,,,,
2000-10-13,28.6,,34.3,,,,,,,
2000-10-14,22.6,,29.2,,,,,,,
2000-10-15,22.1,17.2,28.5,,,,,,,
2000-10-16,21.9,12.6,30.2,,,,,,,
2000-10-17,25.3,19.7,32.3,,,,,,,
2000-10-18,24.5,18.9,30.7,,,,,,,
2000-10-19,23.4,18.5,29.4,,,,,,,
2000-10-20,22.6,17.0,28.0,,,,,,,
2000-10-22,22.6,15.4,32.1,,,,,,,
2000-10-23,21.8,12.5,33.2,,,,,,,
2000-10-24,26.2,19.0,34.0,,,,,,,
2000-10-25,27.9,,33.8,0.8,,,,,,
2000-10-26,25.4,18.3,33.5,0.0,,,,,,
2000-10-27,25.8,18.1,38.0,,,,,,,
2000-10-28,23.4,17.5,29.5,,,,,,,
2000-10-29,23.4,16.4,29.3,,,,,,,
2000-10-31,24.6,18.4,32.2,,,,,,,
2000-11-01,23.4,,33.1,,,,,,,
2000-11-02,24.9,14.7,34.9,,,,,,,
2000-11-03,23.8,10.0,34.7,,,,,,,
2000-11-04,23.7,13.9,33.5,,,,,,,
2000-11-05,23.9,15.5,32.0,,,,,,,
2000-11-07,22.4,12.6,33.4,,,,,,,
2000-11-08,24.3,13.0,32.1,,,,,,,
2000-11-10,22.6,11.8,35.3,,,,,,,
2000-11-11,24.7,15.1,35.3,,,,,,,
2000-11-14,20.9,12.5,32.3,,,,,,,
2000-11-15,21.8,13.0,33.0,,,,,,,
2000-11-16,16.9,11.9,29.1,,,,,,,
2000-11-17,19.6,14.0,24.9,,,,,,,
2000-11-18,17.4,,22.2,,,,,,,
2000-11-19,14.9,9.1,22.0,,,,,,,
2000-11-20,14.5,8.1,24.0,,,,,,,
2000-11-21,16.4,9.5,24.1,,,,,,,
2000-11-22,16.8,8.9,25.2,,,,,,,
2000-11-23,19.4,,25.3,,,,,,,
2000-11-24,16.3,8.0,25.1,,,,,,,
2000-11-25,18.3,,26.4,,,,,,,
2000-11-26,18.1,9.5,26.6,,,,,,,
2000-11-27,20.1,13.7,27.3,,,,,,,
2000-11-28,19.7,13.0,28.8,,,,,,,
2000-11-29,19.7,15.5,27.0,,,,,,,
2000-11-30,17.9,6.9,28.4,,,,,,,
2000-12-01,19.2,12.8,27.7,,,,,,,
2000-12-02,20.1,12.5,28.0,,,,,,,
2000-12-03,20.4,,28.1,,,,,,,
2000-12-04,17.3,12.5,23.7,,,,,,,
2000-12-05,15.8,9.0,24.2,,,,,,,
2000-12-06,17.9,12.2,25.0,,,,,,,
2000-12-07,19.3,12.2,28.4,,,,,,,
2000-12-08,19.6,,29.3,,,,,,,
2000-12-09,16.9,9.9,27.2,,,,,,,
2000-12-10,18.4,8.4,29.7,,,,,,,
2000-12-11,19.2,13.5,26.7,,,,,,,
2000-12-12,18.7,14.2,24.6,,,,,,,
2000-12-13,17.3,12.7,27.0,,,,,,,
2000-12-14,16.6,,24.5,,,,,,,
2000-12-16,14.3,6.4,23.0,,,,,,,
2000-12-17,11.7,,21.7,,,,,,,
2000-12-18,16.2,11.0,22.4,,,,,,,
2000-12-19,15.4,,24.0,,,,,,,
2000-12-20,15.0,,22.7,,,,,,,
2000-12-21,12.3,3.1,21.0,,,,,,,
2000-12-22,12.2,,21.0,,,,,,,
2000-12-23,11.8,3.2,22.8,,,,,,,
2000-12-24,14.4,6.1,23.2,,,,,,,
2000-12-25,14.7,5.9,24.5,,,,,,,
2000-12-26,15.5,5.7,24.8,,,,,,,
2000-12-27,16.4,7.0,25.8,,,,,,,
2000-12-28,15.8,8.6,23.0,,,,,,,
2000-12-29,11.8,3.6,24.6,,,,,,,
2000-12-30,13.2,4.4,25.1,,,,,,,
2001-01-01,14.9,9.9,21.8,,,,,,,
2001-01-02,15.7,,23.0,,,,,,,
2001-01-03,15.7,,24.4,,,,,,,
2001-01-04,14.7,4.9,24.7,,,,,,,
2001-01-05,16.8,10.9,26.7,,,,,,,
2001-01-06,15.3,4.4,26.0,,,,,,,
2001-01-07,15.0,4.5,27.3,,,,,,,
2001-01-08,14.4,10.0,21.4,,,,,,,
2001-01-09,15.7,,23.1,,,,,,,
2001-01-10,15.6,8.9,23.4,,,,,,,
2001-01-11,14.8,8.0,23.3,,,,,,,
2001-01-12,14.9,,24.7,,,,,,,
2001-01-14,12.7,6.4,20.4,,,,,,,
2001-01-15,13.3,5.3,21.6,,,,,,,
2001-01-17,13.9,,21.8,,,,,,,
2001-01-19,15.8,7.3,24.5,,,,,,,
2001-01-20,15.6,,21.1,,,,,,,
2001-01-21,13.8,4.6,20.6,,,,,,,
2001-01-22,15.7,,21.6,,,,,,,
2001-01-23,15.6,9.8,23.7,,,,,,,
2001-01-24,16.3,8.2,26.2,,,,,,,
2001-01-26,14.8,,25.2,,,,,,,
2001-01-27,14.7,4.8,24.6,,,,,,,
2001-01-28,12.9,5.0,25.7,,,,,,,
2001-01-30,13.2,9.9,18.7,,,,,,,
2001-01-31,12.1,5.6,19.3,,,,,,,
2001-02-01,12.1,1.2,21.6,,,,,,,
2001-02-02,13.3,3.5,21.0,,,,,,,
2001-02-03,13.4,7.9,21.1,,,,,,,
2001-02-04,15.4,9.5,24.5,,,,,,,
2001-02-05,15.6,6.1,24.9,,,,,,,
2001-02-06,17.7,9.3,28.0,,,,,,,
2001-02-07,18.9,11.9,27.2,,,,,,,
2001-02-08,13.7,2.8,26.5,,,,,,,
2001-02-09,17.3,,25.2,,,,,,,
2001-02-11,14.5,6.4,22.0,,,,,,,
2001-02-13,14.2,8.4,20.6,,,,,,,
2001-02-14,12.7,2.5,22.3,,,,,,,
2001-02-15,14.2,3.0,24.3,,,,,,,
2001-02-16,13.0,3.2,25.4,,,,,,,
2001-02-17,15.8,4.1,27.7,,,,,,,
2001-02-18,17.1,5.5,27.5,,,,,,,
2001-02-19,18.9,13.6,25.6,,,,,,,
2001-02-20,17.3,11.6,24.2,,,,,,,
2001-02-21,17.1,10.8,24.7,,,,,,,
2001-02-22,16.6,8.5,24.5,,,,,,,
2001-02-23,15.4,5.1,26.5,,,,,,,
2001-02-24,18.6,6.9,32.0,,,,,,,
2001-02-25,23.4,18.8,30.2,,,,,,,
2001-02-26,19.4,8.9,27.4,,,,,,,
2001-02-28,18.5,11.0,25.9,,,,,,,
2001-03-01,18.8,,28.2,,,,,,,
2001-03-02,19.8,9.4,30.6,,,,,,,
2001-03-03,22.9,,33.0,,,,,,,
2001-03-05,24.0,12.5,35.0,,,,,,,
2001-03-06,25.4,16.3,35.6,,,,,,,
2001-03-07,27.3,14.1,35.6,,,,,,,
2001-03-08,26.6,14.1,36.4,,,,,,,
2001-03-09,23.6,20.0,29.2,,,,,,,
2001-03-10,23.4,,28.5,,,,,,,
2001-03-11,22.0,13.0,29.9,,,,,,,
2001-03-12,24.1,16.3,32.8,,,,,,,
2001-03-13,26.0,19.6,35.2,,,,,,,
2001-03-14,27.3,19.4,37.0,,,,,,,
2001-03-15,29.9,20.1,38.1,,,,,,,
2001-03-17,20.4,12.3,36.0,,,,,,,
2001-03-18,22.6,9.9,33.5,,,,,,,
2001-03-19,23.3,11.4,33.2,,,,,,,
2001-03-20,23.6,18.6,33.0,,,,,,,
2001-03-21,27.1,19.6,34.5,,,,,,,
2001-03-22,27.6,19.4,37.0,,,,,,,
2001-03-23,28.2,21.4,38.4,,,,,,,
2001-03-24,27.4,15.5,39.1,,,,,,,
2001-03-25,27.1,15.4,39.3,,,,,,,
2001-03-27,27.9,20.6,35.2,,,,,,,
2001-03-28,27.0,19.4,38.0,,,,,,,
2001-03-29,27.2,,33.8,,,,,,,
2001-03-30,23.1,16.2,28.5,,,,,,,
2001-03-31,22.5,14.5,29.2,,,,,,,
2001-04-01,21.9,14.4,28.2,,,,,,,
2001-04-03,21.2,13.8,31.3,,,,,,,
2001-04-04,21.8,15.9,30.5,,,,,,,
2001-04-05,24.5,16.9,34.2,,,,,,,
2001-04-07,23.3,15.2,34.9,,,,,,,
2001-04-09,25.4,,31.5,,,,,,,
2001-04-12,29.5,,34.0,,,,,,,
2001-04-13,22.9,15.6,30.8,,,,,,,
2001-04-15,27.3,17.4,36.0,,,,,,,
2001-04-17,24.2,15.5,32.7,,,,,,,
2001-04-18,25.6,18.2,35.5,,,,,,,
2001-04-20,26.6,22.4,33.2,0.8,,,,,,
2001-04-21,21.0,12.5,34.0,0.0,,,,,,
2001-04-22,24.8,21.9,28.8,,,,,,,
2001-04-24,21.4,14.9,27.2,8.9,,,,,,
2001-04-25,23.6,16.4,31.5,0.0,,,,,,
2001-04-28,29.1,19.4,36.4,,,,,,,
2001-04-29,26.2,20.0,33.0,,,,,,,
2001-04-30,29.4,20.6,38.9,,,,,,,
2001-05-01,29.3,16.5,38.5,,,,,,,
2001-05-03,29.2,23.4,36.1,,,,,,,
2001-05-06,26.1,13.9,33.6,,,,,,,
2001-05-07,26.7,,37.6,,,,,,,
2001-05-09,32.2,23.1,41.0,,,,,,,
2001-05-10,30.4,25.6,37.5,,,,,,,
2001-05-11,28.2,22.4,34.0,,,,,,,
2001-05-14,29.7,21.2,38.4,,,,,,,
2001-05-17,39.2,,45.2,,,,,,,
2001-05-18,36.1,24.3,45.2,,,,,,,
2001-05-19,35.7,25.3,44.4,,,,,,,
2001-05-22,35.1,27.1,43.7,,,,,,,
2001-05-23,34.2,25.6,43.0,,,,,,,
2001-05-24,34.4,,41.2,,,,,,,
2001-05-25,34.6,26.8,41.8,,,,,,,
2001-05-26,34.8,28.0,41.0,,,,,,,
2001-05-27,32.6,26.7,37.5,,,,,,,
2001-05-28,29.4,23.8,36.5,,,,,,,
2001-05-29,30.4,24.5,37.3,,,,,,,
2001-05-31,33.6,28.3,39.5,,,,,,,
2001-06-01,31.4,,39.9,,,,,,,
2001-06-02,32.7,21.8,40.3,,,,,,,
2001-06-03,35.1,28.2,41.4,,,,,,,
2001-06-04,36.6,30.9,44.5,,,,,,,
2001-06-05,36.1,,43.0,,,,,,,
2001-06-06,38.2,32.8,44.6,,,,,,,
2001-06-07,37.4,29.0,44.6,,,,,,,
2001-06-11,41.9,,47.0,,,,,,,
2001-06-12,36.9,26.4,45.5,,,,,,,
2001-06-13,37.2,28.2,45.3,,,,,,,
2001-06-14,36.8,28.5,43.5,,,,,,,
2001-06-15,35.1,29.5,42.0,,,,,,,
2001-06-17,37.7,29.6,45.7,,,,,,,
2001-06-18,38.9,31.6,45.7,,,,,,,
2001-06-20,35.9,29.4,44.5,,,,,,,
2001-06-21,35.6,28.8,45.4,,,,,,,
2001-06-22,37.3,28.9,45.5,,,,,,,
2001-06-23,37.6,29.4,45.5,,,,,,,
2001-06-24,37.6,26.9,46.5,,,,,,,
2001-06-25,38.1,31.0,46.1,,,,,,,
2001-06-26,35.9,29.1,44.8,,,,,,,
2001-06-27,36.0,26.5,44.9,,,,,,,
2001-06-28,36.8,25.5,45.2,,,,,,,
2001-06-29,40.0,29.2,46.8,,,,,,,
2001-06-30,36.8,30.3,43.9,,,,,,,
2001-07-01,37.8,30.3,46.0,,,,,,,
2001-07-02,37.9,31.2,44.7,,,,,,,
2001-07-03,35.1,26.0,45.2,,,,,,,
2001-07-04,36.2,27.8,46.2,,,,,,,
2001-07-05,39.0,29.5,47.0,,,,,,,
2001-07-06,37.6,25.0,46.9,,,,,,,
2001-07-07,37.6,27.3,48.0,,,,,,,
2001-07-08,38.4,30.2,47.5,,,,,,,
2001-07-09,37.9,30.5,47.7,,,,,,,
2001-07-10,37.6,27.3,46.7,,,,,,,
2001-07-11,37.9,26.9,47.5,,,,,,,
2001-07-12,38.6,29.0,48.5,,,,,,,
2001-07-13,38.9,30.7,47.0,,,,,,,
2001-07-14,38.2,32.1,47.5,,,,,,,
2001-07-15,38.6,30.4,47.0,,,,,,,
2001-07-16,38.6,26.9,46.8,,,,,,,
2001-07-17,39.8,31.9,47.0,,,,,,,
2001-07-18,39.2,29.5,47.7,,,,,,,
2001-07-19,38.8,29.5,47.1,,,,,,,
2001-07-20,40.4,29.6,48.8,,,,,,,
2001-07-21,42.3,34.8,49.2,,,,,,,
2001-07-22,39.2,,47.0,,,,,,,
2001-07-23,40.6,32.2,47.0,,,,,,,
2001-07-24,38.3,30.6,47.0,,,,,,,
2001-07-25,38.4,29.5,47.0,,,,,,,
2001-07-26,38.1,27.5,47.1,,,,,,,
2001-07-27,38.3,31.8,47.4,,,,,,,
2001-07-28,39.6,31.1,46.8,,,,,,,
2001-07-29,38.7,31.4,45.9,,,,,,,
2001-07-30,38.6,30.6,46.5,,,,,,,
2001-07-31,38.2,31.2,47.0,,,,,,,
2001-08-01,39.4,31.2,47.2,,,,,,,
2001-08-02,37.7,31.8,43.6,,,,,,,
2001-08-03,37.6,30.0,44.0,,,,,,,
2001-08-04,38.2,31.0,45.2,,,,,,,
2001-08-05,39.7,32.0,45.1,,,,,,,
2001-08-06,38.1,27.9,46.2,,,,,,,
2001-08-07,37.7,30.6,46.0,,,,,,,
2001-08-08,37.2,29.7,45.5,,,,,,,
2001-08-11,39.7,,45.3,,,,,,,
2001-08-12,38.3,29.1,45.4,,,,,,,
2001-08-14,40.2,,46.2,,,,,,,
2001-08-16,38.9,31.2,46.8,,,,,,,
2001-08-18,37.5,29.6,46.9,,,,,,,
2001-08-19,36.6,25.2,45.7,,,,,,,
2001-08-20,35.8,30.8,42.0,,,,,,,
2001-08-21,36.6,31.2,41.2,,,,,,,
2001-08-22,35.7,28.5,44.0,,,,,,,
2001-08-23,35.0,,40.0,,,,,,,
2001-08-24,33.9,26.2,41.0,,,,,,,
2001-08-25,34.3,25.9,41.0,,,,,,,
2001-08-26,35.1,26.2,42.0,,,,,,,
2001-08-28,36.6,30.5,43.3,,,,,,,
2001-08-29,37.0,29.7,44.0,,,,,,,
2001-08-30,34.9,25.5,43.5,,,,,,,
2001-08-31,37.8,,43.3,,,,,,,
2001-09-01,34.6,24.6,43.6,,,,,,,
2001-09-02,36.4,29.4,43.9,,,,,,,
2001-09-03,36.8,29.1,45.0,,,,,,,
2001-09-04,37.9,27.7,45.2,,,,,,,
2001-09-05,37.2,31.5,45.0,,,,,,,
2001-09-06,37.4,27.6,45.2,,,,,,,
2001-09-07,36.1,26.3,45.2,,,,,,,
2001-09-08,35.7,25.9,45.2,,,,,,,
2001-09-09,37.1,29.8,46.2,,,,,,,
2001-09-10,37.2,29.5,46.5,,,,,,,
2001-09-11,36.6,26.3,47.0,,,,,,,
2001-09-12,37.6,29.5,45.2,,,,,,,
2001-09-13,37.5,30.2,46.2,,,,,,,
2001-09-14,37.8,30.5,45.6,,,,,,,
2001-09-15,37.7,30.2,44.5,,,,,,,
2001-09-16,37.2,30.3,44.4,,,,,,,
2001-09-17,35.1,31.7,44.0,,,,,,,
2001-09-18,35.7,,43.5,,,,,,,
2001-09-19,37.7,31.0,43.4,,,,,,,
2001-09-20,35.1,,42.4,,,,,,,
2001-09-21,32.1,24.9,43.1,,,,,,,
2001-09-23,35.3,27.0,42.4,,,,,,,
2001-09-24,33.2,23.5,42.5,,,,,,,
2001-09-25,34.7,26.0,43.2,,,,,,,
2001-09-26,35.2,25.5,43.5,,,,,,,
2001-09-27,35.3,29.0,43.0,,,,,,,
2001-09-28,35.0,25.5,43.0,0.8,,,,,,
2001-09-29,34.8,27.4,41.9,0.0,,,,,,
2001-09-30,34.1,,39.3,,,,,,,
2001-10-01,31.9,28.0,39.6,,,,,,,
2001-10-04,33.9,27.8,41.7,,,,,,,
2001-10-05,34.6,26.3,41.6,,,,,,,
2001-10-06,33.9,,41.7,,,,,,,
2001-10-07,33.9,27.5,41.0,,,,,,,
2001-10-08,33.2,28.5,40.5,,,,,,,
2001-10-09,32.6,22.4,41.4,,,,,,,
2001-10-11,31.6,23.7,40.2,,,,,,,
2001-10-12,32.3,26.8,39.2,,,,,,,
2001-10-13,31.0,24.5,38.6,,,,,,,
2001-10-14,29.1,22.5,36.8,,,,,,,
2001-10-15,27.8,20.4,36.1,,,,,,,
2001-10-16,28.7,20.4,35.7,,,,,,,
2001-10-18,28.9,,35.4,,,,,,,
2001-10-19,28.9,22.0,37.2,,,,,,,
2001-10-20,29.8,22.6,38.0,,,,,,,
2001-10-21,27.7,21.0,38.5,,,,,,,
2001-10-22,28.8,21.3,37.5,,,,,,,
2001-10-24,29.6,24.0,37.0,,,,,,,
2001-10-25,29.3,22.9,36.4,,,,,,,
2001-10-27,26.5,21.5,34.3,,,,,,,
2001-10-28,26.0,20.8,33.1,,,,,,,
2001-10-29,25.4,20.9,32.7,,,,,,,
2001-10-30,23.9,19.8,31.3,,,,,,,
2001-10-31,24.6,19.5,31.2,,,,,,,
2001-11-01,25.1,19.0,30.4,,,,,,,
2001-11-02,22.4,17.0,30.3,,,,,,,
2001-11-03,23.2,15.9,29.8,,,,,,,
2001-11-09,26.1,,31.4,,,,,,,
2001-11-11,19.9,14.5,27.3,,,,,,,
2001-11-12,17.1,12.0,22.5,,,,,,,
2001-11-14,14.9,6.4,24.5,,,,,,,
2001-11-15,16.0,5.9,26.3,,,,,,,
2001-11-16,19.7,8.6,32.0,,,,,,,
2001-11-17,23.9,15.8,34.5,,,,,,,
2001-11-18,22.9,11.5,35.7,,,,,,,
2001-11-19,22.7,,35.3,,,,,,,
2001-11-20,26.4,,34.8,,,,,,,
2001-11-22,20.7,10.0,34.1,,,,,,,
2001-11-23,20.5,,32.8,,,,,,,
2001-11-24,19.8,11.3,30.7,,,,,,,
2001-11-25,18.7,11.3,28.0,,,,,,,
2001-11-26,18.1,13.0,24.0,,,,,,,
2001-11-27,16.8,10.6,24.0,,,,,,,
2001-11-28,18.0,10.9,23.7,,,,,,,
2001-11-29,19.8,16.4,24.7,,,,,,,
2001-11-30,16.4,11.6,22.0,,,,,,,
2001-12-01,17.2,10.5,24.0,,,,,,,
2001-12-03,19.6,14.2,26.5,,,,,,,
2001-12-04,18.6,13.5,26.0,,,,,,,
2001-12-05,19.8,15.2,26.0,,,,,,,
2001-12-06,18.3,13.6,25.0,,,,,,,
2001-12-07,17.6,10.2,26.4,,,,,,,
2001-12-08,18.0,9.4,25.5,,,,,,,
2001-12-09,15.8,7.0,22.7,,,,,,,
2001-12-10,15.4,11.5,20.2,,,,,,,
2001-12-11,14.3,9.5,20.5,,,,,,,
2001-12-12,14.1,8.1,21.0,,,,,,,
2001-12-14,14.8,6.5,25.4,,,,,,,
2001-12-16,15.6,6.1,26.3,,,,,,,
2001-12-17,15.9,6.7,25.5,,,,,,,
2001-12-18,16.9,11.0,26.5,,,,,,,
2001-12-19,16.8,9.9,25.6,,,,,,,
2001-12-20,12.9,7.4,20.1,,,,,,,
2001-12-24,19.0,10.2,29.3,,,,,,,
2001-12-25,21.4,14.4,30.0,,,,,,,
2001-12-26,18.7,9.9,27.4,,,,,,,
2001-12-27,16.7,11.0,23.4,,,,,,,
2001-12-29,13.1,8.0,20.0,,,,,,,
2001-12-30,14.0,9.0,22.5,,,,,,,
2001-12-31,12.4,3.0,24.0,,,,,,,
2002-01-01,13.7,,25.8,,,,,,,
2002-01-02,18.1,,24.2,,,,,,,
2002-01-03,13.6,9.8,22.7,,,,,,,
2002-01-04,13.1,3.9,21.5,,,,,,,
2002-01-05,14.2,9.4,20.1,,,,,,,
2002-01-06,13.9,9.0,18.6,,,,,,,
2002-01-07,13.7,8.9,21.0,,,,,,,
2002-01-08,17.1,12.3,24.2,,,,,,,
2002-01-09,15.8,9.0,23.2,,,,,,,
2002-01-10,16.3,10.0,22.5,,,,,,,
2002-01-11,16.6,12.0,21.6,,,,,,,
2002-01-12,16.5,13.8,21.2,,,,,,,
2002-01-13,15.2,10.0,21.5,,,,,,,
2002-01-14,13.7,8.4,20.9,,,,,,,
2002-01-15,12.5,4.6,20.5,,,,,,,
2002-01-16,11.6,2.5,20.4,,,,,,,
2002-01-17,12.3,6.5,19.7,,,,,,,
2002-01-18,13.2,8.5,18.6,,,,,,,
2002-01-19,14.6,8.5,19.5,,,,,,,
2002-01-20,12.9,9.0,18.5,,,,,,,
2002-01-21,14.1,7.9,22.4,,,,,,,
2002-01-23,15.6,7.4,24.7,,,,,,,
2002-01-25,15.5,5.9,26.5,,,,,,,
2002-01-26,16.5,10.4,23.4,,,,,,,
2002-01-27,16.6,10.6,23.0,,,,,,,
2002-01-28,17.1,12.0,24.3,,,,,,,
2002-01-29,18.6,13.0,26.2,,,,,,,
2002-01-30,19.3,14.2,27.1,,,,,,,
2002-01-31,19.9,13.2,27.4,,,,,,,
2002-02-01,20.4,13.2,27.9,,,,,,,
2002-02-02,20.8,15.5,27.5,,,,,,,
2002-02-03,20.4,16.2,27.0,,,,,,,
2002-02-04,17.5,12.4,23.8,,,,,,,
2002-02-05,15.7,9.5,22.4,,,,,,,
2002-02-07,14.4,5.9,22.2,,,,,,,
2002-02-08,12.8,8.0,17.5,,,,,,,
2002-02-09,12.4,4.2,20.3,,,,,,,
2002-02-10,14.4,8.2,22.0,,,,,,,
2002-02-11,16.8,6.5,26.3,,,,,,,
2002-02-12,19.6,10.0,29.0,,,,,,,
2002-02-13,21.9,16.9,29.4,,,,,,,
2002-02-14,20.2,13.1,29.8,,,,,,,
2002-02-15,19.2,,30.2,,,,,,,
2002-02-16,17.4,5.8,30.6,,,,,,,
2002-02-17,19.1,8.7,30.5,,,,,,,
2002-02-19,18.8,6.7,28.6,,,,,,,
2002-02-20,18.1,14.4,24.3,,,,,,,
2002-02-21,18.1,,27.0,,,,,,,
2002-02-22,15.8,5.7,21.6,,,,,,,
2002-02-23,15.4,8.0,22.1,,,,,,,
2002-02-24,16.4,11.1,24.0,,,,,,,
2002-02-25,21.2,,26.5,,,,,,,
2002-02-26,20.4,13.4,27.6,,,,,,,
2002-02-27,21.1,14.4,30.0,,,,,,,
2002-02-28,22.3,15.6,31.3,,,,,,,
2002-03-01,21.4,11.7,32.6,,,,,,,
2002-03-02,24.7,15.3,36.1,,,,,,,
2002-03-03,23.9,14.4,33.5,,,,,,,
2002-03-04,24.9,17.6,32.7,,,,,,,
2002-03-05,20.1,14.9,25.7,,,,,,,
2002-03-06,18.1,8.5,24.7,,,,,,,
2002-03-07,19.2,12.8,25.1,,,,,,,
2002-03-08,18.3,11.0,24.6,,,,,,,
2002-03-09,19.3,14.7,25.1,,,,,,,
2002-03-10,17.8,9.1,24.7,,,,,,,
2002-03-11,18.7,11.4,28.2,,,,,,,
2002-03-13,23.1,12.2,32.2,,,,,,,
2002-03-14,22.4,11.2,33.4,,,,,,,
2002-03-15,20.8,12.3,28.4,,,,,,,
2002-03-16,22.7,16.4,30.1,,,,,,,
2002-03-17,20.3,15.2,26.7,,,,,,,
2002-03-19,20.4,13.1,28.1,,,,,,,
2002-03-20,24.2,,31.2,,,,,,,
2002-03-21,25.4,18.6,32.0,,,,,,,
2002-03-22,26.2,19.9,33.6,,,,,,,
2002-03-23,25.9,19.9,33.4,,,,,,,
2002-03-24,23.6,,33.2,,,,,,,
2002-03-25,25.1,17.0,33.5,,,,,,,
2002-03-26,24.8,,34.5,,,,,,,
2002-03-27,26.8,16.8,35.5,,,,,,,
2002-03-28,26.8,14.5,38.5,,,,,,,
2002-03-29,25.6,20.4,32.0,,,,,,,
2002-03-30,24.5,14.9,31.6,,,,,,,
2002-03-31,25.5,17.9,31.6,,,,,,,
2002-04-02,27.7,,33.4,,,,,,,
2002-04-03,24.4,16.1,31.7,,,,,,,
2002-04-04,23.7,15.3,31.9,,,,,,,
2002-04-05,22.9,17.0,29.6,,,,,,,
2002-04-06,24.7,16.0,34.5,,,,,,,
2002-04-07,26.1,13.8,36.6,,,,,,,
2002-04-08,24.8,13.9,34.5,,,,,,,
2002-04-09,26.8,22.0,33.2,,,,,,,
2002-04-10,28.7,21.6,36.2,,,,,,,
2002-04-13,22.6,15.9,30.0,,,,,,,
2002-04-14,22.2,16.0,28.8,,,,,,,
2002-04-15,22.9,15.9,29.2,,,,,,,
2002-04-16,22.9,16.9,31.4,,,,,,,
2002-04-18,26.4,17.1,34.6,,,,,,,
2002-04-19,28.3,17.2,36.4,,,,,,,
2002-04-20,28.9,22.9,35.2,,,,,,,
2002-04-21,26.9,20.6,34.9,,,,,,,
2002-04-23,21.1,16.0,27.4,,,,,,,
2002-04-24,21.5,15.0,28.0,,,,,,,
2002-04-25,22.4,17.0,29.2,,,,,,,
2002-04-26,24.9,17.0,31.5,,,,,,,
2002-04-27,26.9,19.0,35.2,,,,,,,
2002-04-28,30.4,18.9,38.2,,,,,,,
2002-04-29,31.7,24.0,39.7,,,,,,,
2002-05-01,28.0,21.5,35.4,,,,,,,
2002-05-03,30.3,23.0,37.7,,,,,,,
2002-05-05,29.9,23.6,39.2,,,,,,,
2002-05-06,31.8,23.0,39.3,,,,,,,
2002-05-07,27.4,,32.1,,,,,,,
2002-05-08,24.9,12.6,35.0,,,,,,,
2002-05-09,27.0,19.0,35.6,,,,,,,
2002-05-10,27.1,20.4,33.0,,,,,,,
2002-05-11,26.8,17.8,34.6,,,,,,,
2002-05-13,30.7,24.1,37.8,,,,,,,
2002-05-14,32.7,24.9,41.0,,,,,,,
2002-05-16,34.1,28.4,40.5,,,,,,,
2002-05-17,34.1,26.6,41.0,,,,,,,
2002-05-18,34.9,26.7,43.0,,,,,,,
2002-05-19,35.6,28.0,43.5,,,,,,,
2002-05-20,38.1,,45.1,,,,,,,
2002-05-21,34.1,23.2,43.0,,,,,,,
2002-05-22,36.2,22.4,44.5,,,,,,,
2002-05-23,35.1,24.9,44.2,,,,,,,
2002-05-24,33.8,28.0,39.8,,,,,,,
2002-05-25,30.7,24.5,39.6,,,,,,,
2002-05-26,30.8,21.8,42.4,,,,,,,
2002-05-27,34.6,26.9,42.9,,,,,,,
2002-05-29,37.6,32.5,45.5,,,,,,,
2002-05-30,37.8,29.8,45.2,,,,,,,
2002-05-31,33.3,20.0,43.6,,,,,,,
2002-06-01,35.7,25.4,44.2,,,,,,,
2002-06-02,36.1,29.7,43.6,,,,,,,
2002-06-03,38.3,30.4,44.7,,,,,,,
2002-06-04,38.1,30.3,46.5,,,,,,,
2002-06-05,36.2,27.2,45.0,,,,,,,
2002-06-06,34.9,24.8,41.6,,,,,,,
2002-06-07,31.2,19.5,39.6,,,,,,,
2002-06-08,33.3,26.6,40.0,,,,,,,
2002-06-09,33.2,22.8,42.1,,,,,,,
2002-06-11,33.1,26.2,40.8,3.0,,,,,,
2002-06-12,36.1,28.5,43.5,0.0,,,,,,
2002-06-13,37.7,30.5,45.0,,,,,,,
2002-06-14,38.3,31.7,44.9,,,,,,,
2002-06-16,35.8,29.6,41.6,,,,,,,
2002-06-17,34.9,28.7,41.3,,,,,,,
2002-06-20,38.1,31.5,44.8,,,,,,,
2002-06-22,37.2,26.5,44.5,,,,,,,
2002-06-23,35.4,26.5,42.6,,,,,,,
2002-06-24,35.4,29.2,42.6,,,,,,,
2002-06-25,35.9,27.9,43.5,,,,,,,
2002-06-26,37.8,31.4,44.4,,,,,,,
2002-06-27,37.0,32.0,43.3,,,,,,,
2002-06-28,37.9,31.2,45.5,,,,,,,
2002-06-29,39.7,32.5,47.0,,,,,,,
2002-06-30,39.1,30.9,47.2,,,,,,,
2002-07-01,38.6,,47.5,,,,,,,
2002-07-02,38.2,25.6,47.5,,,,,,,
2002-07-03,40.5,32.5,48.0,,,,,,,
2002-07-05,41.6,30.0,48.0,,,,,,,
2002-07-06,41.1,33.1,47.2,,,,,,,
2002-07-07,41.2,35.5,47.4,,,,,,,
2002-07-08,40.6,29.5,48.0,,,,,,,
2002-07-09,39.6,28.6,48.7,,,,,,,
2002-07-10,39.4,28.5,49.4,,,,,,,
2002-07-11,41.2,32.6,49.6,4.6,,,,,,
2002-07-13,42.6,36.4,49.7,,,,,,,
2002-07-14,40.3,35.2,46.6,,,,,,,
2002-07-15,39.7,32.1,48.2,,,,,,,
2002-07-16,40.1,31.5,47.0,,,,,,,
2002-07-17,41.2,33.5,48.0,,,,,,,
2002-07-18,41.9,35.1,49.0,,,,,,,
2002-07-19,41.8,35.7,47.5,,,,,,,
2002-07-20,41.0,33.0,47.8,,,,,,,
2002-07-21,39.6,32.0,48.5,,,,,,,
2002-07-22,42.7,35.0,48.7,,,,,,,
2002-07-23,41.7,,47.5,,,,,,,
2002-07-24,37.7,30.2,45.0,,,,,,,
2002-07-25,38.2,,46.0,,,,,,,
2002-07-27,40.1,30.3,46.6,,,,,,,
2002-07-28,36.4,28.3,44.5,,,,,,,
2002-07-29,37.8,,46.8,6.1,,,,,,
2002-07-30,38.5,30.5,45.1,0.0,,,,,,
2002-07-31,37.4,30.2,45.2,,,,,,,
2002-08-01,41.7,34.5,47.3,,,,,,,
2002-08-02,40.3,34.6,45.5,,,,,,,
2002-08-04,40.7,34.0,46.2,,,,,,,
2002-08-05,38.5,30.0,46.5,,,,,,,
2002-08-06,39.7,32.0,47.5,,,,,,,
2002-08-07,38.5,29.8,47.8,,,,,,,
2002-08-08,38.9,29.0,48.0,,,,,,,
2002-08-09,40.4,30.9,47.9,,,,,,,
2002-08-10,40.6,31.6,47.8,,,,,,,
2002-08-11,39.1,29.4,47.4,,,,,,,
2002-08-12,39.2,33.5,45.2,,,,,,,
2002-08-13,38.5,31.6,46.4,,,,,,,
2002-08-14,38.7,30.9,46.6,,,,,,,
2002-08-15,38.5,29.7,47.0,,,,,,,
2002-08-16,37.2,28.8,46.5,,,,,,,
2002-08-17,40.3,33.4,48.0,,,,,,,
2002-08-18,39.5,,47.0,,,,,,,
2002-08-19,38.8,33.1,45.0,,,,,,,
2002-08-20,39.8,34.7,45.9,,,,,,,
2002-08-21,38.1,32.6,45.6,,,,,,,
2002-08-22,38.2,31.4,44.5,,,,,,,
2002-08-23,38.4,30.9,45.3,,,,,,,
2002-08-24,37.1,32.0,44.5,,,,,,,
2002-08-25,39.6,,46.4,,,,,,,
2002-08-26,39.7,,47.0,,,,,,,
2002-08-27,40.5,34.0,47.6,,,,,,,
2002-08-28,39.7,33.1,46.4,,,,,,,
2002-08-29,38.9,31.5,46.6,,,,,,,
2002-08-30,40.8,33.6,46.5,,,,,,,
2002-08-31,38.7,32.6,45.8,0.0,,,,,,
2002-09-01,38.1,,44.4,0.0,,,,,,
2002-09-02,34.7,29.8,41.6,0.0,,,,,,
2002-09-03,35.1,29.0,41.6,0.0,,,,,,
2002-09-04,35.9,30.0,43.0,0.0,,,,,,
2002-09-06,37.3,27.2,45.0,,,,,,,
2002-09-07,37.8,30.2,45.7,0.0,,,,,,
2002-09-08,37.1,30.2,45.5,0.0,,,,,,
2002-09-10,38.0,28.9,45.5,0.0,,,,,,
2002-09-11,35.8,29.4,41.1,0.0,,,,,,
2002-09-12,34.6,26.4,43.0,0.0,,,,,,
2002-09-13,36.2,28.5,44.2,,,,,,,
2002-09-14,35.9,26.4,44.7,0.0,,,,,,
2002-09-15,37.2,26.6,43.5,,,,,,,
2002-09-16,36.7,28.8,44.0,,,,,,,
2002-09-17,35.2,27.3,41.4,,,,,,,
2002-09-18,35.4,20.5,40.5,0.0,,,,,,
2002-09-19,34.1,26.5,42.0,,,,,,,
2002-09-20,35.5,27.3,43.0,0.0,,,,,,
2002-09-21,35.6,26.4,43.5,0.0,,,,,,
2002-09-22,34.5,,43.6,0.0,,,,,,
2002-09-23,35.2,27.5,42.5,0.0,,,,,,
2002-09-24,33.0,27.4,40.0,0.0,,,,,,
2002-09-25,29.2,19.7,40.6,0.0,,,,,,
2002-09-26,30.4,21.9,41.1,0.0,,,,,,
2002-09-27,32.2,,40.8,0.0,,,,,,
2002-09-28,29.7,25.4,34.2,0.0,,,,,,
2002-09-29,27.8,22.5,33.6,0.0,,,,,,
2002-09-30,28.4,24.0,33.9,0.0,,,,,,
2002-10-01,29.0,23.9,35.1,0.0,,,,,,
2002-10-02,29.6,24.9,36.3,0.0,,,,,,
2002-10-03,31.7,26.5,37.2,0.0,,,,,,
2002-10-04,27.4,25.0,31.4,,,,,,,
2002-10-05,27.7,22.5,34.1,0.0,,,,,,
2002-10-06,28.4,21.0,36.3,,,,,,,
2002-10-07,28.2,20.6,37.2,,,,,,,
2002-10-08,28.9,,33.1,,,,,,,
2002-10-09,25.2,20.9,34.0,0.0,,,,,,
2002-10-10,27.4,21.4,33.9,0.8,,,,,,
2002-10-11,26.0,17.7,34.5,0.0,,,,,,
2002-10-12,25.3,,31.4,,,,,,,
2002-10-13,23.8,16.0,30.9,0.0,,,,,,
2002-10-14,24.7,18.0,33.2,0.0,,,,,,
2002-10-15,27.7,17.7,37.0,0.0,,,,,,
2002-10-16,30.1,,37.8,,,,,,,
2002-10-17,28.2,22.0,38.2,,,,,,,
2002-10-18,29.7,21.5,38.5,0.0,,,,,,
2002-10-19,29.6,20.5,39.4,0.0,,,,,,
2002-10-20,29.6,22.0,39.4,0.0,,,,,,
2002-10-21,28.7,21.9,37.1,0.0,,,,,,
2002-10-23,26.6,15.8,38.0,0.0,,,,,,
2002-10-24,27.2,17.0,38.2,0.0,,,,,,
2002-10-25,29.4,21.0,36.7,,,,,,,
2002-10-27,28.3,,34.3,,,,,,,
2002-10-28,26.9,21.0,33.4,0.0,,,,,,
2002-10-29,24.4,18.6,31.5,0.0,,,,,,
2002-10-30,24.8,18.5,32.4,,,,,,,
2002-10-31,24.5,19.4,32.0,0.0,,,,,,
2002-11-01,23.8,16.7,30.5,0.0,,,,,,
2002-11-02,21.8,15.0,27.7,0.0,,,,,,
2002-11-03,20.8,14.0,27.0,0.0,,,,,,
2002-11-04,20.7,15.3,27.5,0.0,,,,,,
2002-11-05,21.4,12.0,29.5,,,,,,,
2002-11-06,20.7,12.0,25.5,0.0,,,,,,
2002-11-07,17.2,9.9,24.2,0.0,,,,,,
2002-11-08,18.2,13.0,22.5,0.0,,,,,,
2002-11-09,18.2,11.5,23.5,0.0,,,,,,
2002-11-10,17.6,7.6,27.8,,,,,,,
2002-11-11,19.3,7.5,28.6,0.0,,,,,,
2002-11-12,22.1,15.6,30.5,0.0,,,,,,
2002-11-13,19.9,9.4,31.2,0.0,,,,,,
2002-11-14,19.9,10.3,31.5,0.0,,,,,,
2002-11-15,20.5,8.6,30.5,0.0,,,,,,
2002-11-16,20.3,11.1,29.0,0.0,,,,,,
2002-11-17,19.6,12.9,28.0,0.0,,,,,,
2002-11-18,19.8,11.0,25.0,0.0,,,,,,
2002-11-19,18.9,12.8,25.6,0.0,,,,,,
2002-11-20,15.6,8.4,26.2,0.0,,,,,,
2002-11-21,18.7,6.5,28.7,0.0,,,,,,
2002-11-22,19.2,8.0,29.6,0.0,,,,,,
2002-11-23,19.9,8.0,30.1,0.0,,,,,,
2002-11-24,20.2,9.4,32.7,0.0,,,,,,
2002-11-25,23.3,9.0,29.2,0.0,,,,,,
2002-11-27,16.1,8.1,23.0,,,,,,,
2002-11-28,15.5,9.0,23.7,0.0,,,,,,
2002-11-29,18.9,14.5,26.0,0.0,,,,,,
2002-11-30,17.8,13.0,24.0,0.0,,,,,,
2002-12-02,13.4,5.9,21.2,0.0,,,,,,
2002-12-03,15.4,8.0,24.3,0.0,,,,,,
2002-12-04,16.1,7.5,25.5,0.0,,,,,,
2002-12-05,15.4,7.1,22.0,0.0,,,,,,
2002-12-06,15.6,6.3,25.2,0.0,,,,,,
2002-12-07,15.2,10.9,22.4,0.0,,,,,,
2002-12-08,15.0,11.3,20.2,0.0,,,,,,
2002-12-09,13.9,9.8,19.6,0.0,,,,,,
2002-12-10,13.9,5.4,22.3,0.0,,,,,,
2002-12-11,13.1,4.9,23.1,0.0,,,,,,
2002-12-12,13.7,3.8,24.8,0.0,,,,,,
2002-12-14,18.5,11.2,27.3,0.0,,,,,,
2002-12-15,17.6,7.5,26.8,0.0,,,,,,
2002-12-16,20.6,13.5,28.6,0.0,,,,,,
2002-12-17,20.2,14.4,28.2,0.0,,,,,,
2002-12-18,18.8,11.8,27.4,0.0,,,,,,
2002-12-19,17.9,9.6,27.4,0.0,,,,,,
2002-12-20,18.7,12.2,27.9,0.0,,,,,,
2002-12-21,19.2,15.5,26.5,0.0,,,,,,
2002-12-22,17.9,13.3,25.2,0.0,,,,,,
2002-12-23,17.2,11.6,24.5,0.0,,,,,,
2002-12-24,16.9,9.4,24.6,0.0,,,,,,
2002-12-25,17.4,7.5,26.7,0.0,,,,,,
2002-12-26,16.3,8.3,24.6,0.0,,,,,,
2002-12-27,14.7,6.8,25.3,0.0,,,,,,
2002-12-28,15.1,4.0,25.0,0.0,,,,,,
2002-12-29,15.4,5.1,24.4,0.0,,,,,,
2002-12-30,16.4,9.5,25.0,0.0,,,,,,
2002-12-31,15.4,5.5,25.2,0.0,,,,,,
2003-01-01,14.6,6.6,24.3,0.0,,,,,,
2003-01-02,15.4,5.2,25.6,0.0,,,,,,
2003-01-03,19.9,13.6,29.0,0.0,,,,,,
2003-01-04,14.7,5.6,27.5,0.0,,,,,,
2003-01-05,14.9,5.4,26.9,,,,,,,
2003-01-06,14.3,3.7,26.3,0.0,,,,,,
2003-01-07,13.2,3.5,25.6,0.0,,,,,,
2003-01-08,12.6,2.8,25.5,,,,,,,
2003-01-09,15.7,,26.1,,,,,,,
2003-01-10,15.0,7.0,27.0,0.0,,,,,,
2003-01-11,11.3,5.6,18.8,0.0,,,,,,
2003-01-12,11.2,1.7,19.1,0.0,,,,,,
2003-01-13,13.4,6.0,18.6,0.0,,,,,,
2003-01-14,11.4,,18.8,0.0,,,,,,
2003-01-15,12.7,8.0,18.5,0.0,,,,,,
2003-01-16,11.8,10.6,13.5,6.1,,,,,,
2003-01-17,11.4,,15.2,0.0,,,,,,
2003-01-18,11.2,6.5,17.1,0.0,,,,,,
2003-01-19,12.2,7.0,19.4,0.0,,,,,,
2003-01-20,12.8,6.1,21.4,0.0,,,,,,
2003-01-21,12.6,4.2,22.5,0.0,,,,,,
2003-01-22,12.0,3.0,21.7,0.0,,,,,,
2003-01-23,12.6,2.4,23.5,0.0,,,,,,
2003-01-24,15.0,11.3,18.7,0.0,,,,,,
2003-01-25,11.3,6.3,16.2,0.0,,,,,,
2003-01-26,10.9,6.2,16.2,0.0,,,,,,
2003-01-27,10.8,2.9,16.6,0.0,,,,,,
2003-01-28,13.2,,17.7,,,,,,,
2003-01-29,11.9,3.9,19.0,0.0,,,,,,
2003-01-30,13.9,4.0,27.7,0.0,,,,,,
2003-01-31,13.9,7.3,21.4,0.0,,,,,,
2003-02-01,11.3,7.7,16.0,0.0,,,,,,
2003-02-02,9.3,3.2,15.8,0.0,,,,,,
2003-02-03,11.0,2.5,20.6,0.0,,,,,,
2003-02-04,13.7,5.0,22.4,0.0,,,,,,
2003-02-05,14.1,3.5,23.9,0.0,,,,,,
2003-02-06,15.9,6.8,25.7,0.0,,,,,,
2003-02-07,17.9,12.4,25.5,0.0,,,,,,
2003-02-08,17.9,12.1,26.6,0.0,,,,,,
2003-02-09,17.6,,24.5,0.0,,,,,,
2003-02-10,15.6,,19.0,0.5,,,,,,
2003-02-11,12.5,1.0,19.2,,,,,,,
2003-02-12,14.7,10.3,20.6,0.0,,,,,,
2003-02-13,14.8,7.9,22.4,0.0,,,,,,
2003-02-14,15.6,10.7,20.2,0.0,,,,,,
2003-02-15,12.9,10.2,16.3,2.0,,,,,,
2003-02-16,11.5,9.5,14.2,1.0,,,,,,
2003-02-17,13.1,4.9,17.6,0.0,,,,,,
2003-02-18,12.9,6.5,19.9,0.0,,,,,,
2003-02-19,14.3,5.1,23.0,0.0,,,,,,
2003-02-21,17.1,,27.5,0.0,,,,,,
2003-02-22,17.1,7.0,28.9,0.0,,,,,,
2003-02-24,23.2,16.0,29.5,0.0,,,,,,
2003-02-25,22.6,15.9,32.5,0.0,,,,,,
2003-02-26,20.6,12.2,28.0,0.0,,,,,,
2003-02-27,20.3,12.0,28.0,0.0,,,,,,
2003-02-28,17.4,12.8,22.8,0.0,,,,,,
2003-03-01,17.8,12.8,24.1,0.0,,,,,,
2003-03-02,17.5,12.5,23.7,0.0,,,,,,
2003-03-03,19.6,11.5,27.0,0.0,,,,,,
2003-03-05,22.4,17.2,28.7,0.0,,,,,,
2003-03-06,22.7,15.5,29.8,0.0,,,,,,
2003-03-07,22.5,15.9,30.6,0.0,,,,,,
2003-03-08,23.3,15.4,32.6,0.0,,,,,,
2003-03-09,25.6,17.9,32.5,,,,,,,
2003-03-10,24.9,18.6,32.3,0.0,,,,,,
2003-03-11,22.9,17.5,29.4,0.0,,,,,,
2003-03-12,22.1,15.6,31.4,0.0,,,,,,
2003-03-13,23.3,16.3,32.0,0.0,,,,,,
2003-03-14,23.9,14.0,34.6,0.0,,,,,,
2003-03-15,24.3,15.4,33.2,0.0,,,,,,
2003-03-16,25.1,16.5,33.3,0.0,,,,,,
2003-03-17,20.6,15.7,26.7,0.0,,,,,,
2003-03-18,22.3,,32.0,,,,,,,
2003-03-19,19.5,13.0,26.3,0.0,,,,,,
2003-03-20,20.9,14.0,28.2,0.0,,,,,,
2003-03-21,20.9,,29.6,0.0,,,,,,
2003-03-22,24.1,18.6,30.0,0.0,,,,,,
2003-03-23,20.9,8.3,26.5,0.0,,,,,,
2003-03-24,18.3,12.4,23.7,0.0,,,,,,
2003-03-25,18.9,14.0,25.5,0.0,,,,,,
2003-03-26,20.7,13.0,27.4,0.0,,,,,,
2003-03-27,23.4,15.5,29.5,0.0,,,,,,
2003-03-28,23.4,11.6,33.2,0.0,,,,,,
2003-03-29,25.3,13.6,35.5,0.0,,,,,,
2003-03-30,25.8,14.5,37.0,0.0,,,,,,
2003-04-01,27.5,21.3,34.9,0.0,,,,,,
2003-04-03,21.9,11.5,30.3,,,,,,,
2003-04-04,18.3,13.0,23.4,0.0,,,,,,
2003-04-05,20.8,14.5,28.0,0.0,,,,,,
2003-04-06,21.3,,28.0,0.0,,,,,,
2003-04-07,21.4,,26.1,0.0,,,,,,
2003-04-08,20.8,9.5,30.7,0.0,,,,,,
2003-04-11,25.9,16.5,33.5,0.0,,,,,,
2003-04-12,28.2,,36.5,,,,,,,
2003-04-13,29.6,20.4,37.0,0.0,,,,,,
2003-04-14,26.6,15.0,36.5,0.0,,,,,,
2003-04-15,22.6,15.9,30.7,0.0,,,,,,
2003-04-16,22.6,16.7,28.5,0.0,,,,,,
2003-04-17,20.3,11.0,30.3,0.0,,,,,,
2003-04-18,23.8,15.6,30.9,0.0,,,,,,
2003-04-19,25.4,18.0,34.4,0.0,,,,,,
2003-04-20,27.9,17.1,39.0,0.0,,,,,,
2003-04-21,27.6,15.6,37.6,0.0,,,,,,
2003-04-22,28.4,16.9,37.8,0.0,,,,,,
2003-04-23,27.1,18.8,34.6,0.0,,,,,,
2003-04-24,27.2,,33.2,0.0,,,,,,
2003-04-25,28.1,20.8,36.5,,,,,,,
2003-04-26,31.2,22.9,39.6,0.0,,,,,,
2003-04-27,33.1,26.1,40.7,0.0,,,,,,
2003-04-28,33.6,26.2,41.5,0.0,,,,,,
2003-05-01,35.1,24.4,43.0,0.0,,,,,,
2003-05-02,35.6,,41.7,,,,,,,
2003-05-03,32.8,21.1,42.5,0.0,,,,,,
2003-05-04,33.6,22.0,43.0,0.0,,,,,,
2003-05-05,33.9,22.0,43.9,,,,,,,
2003-05-06,31.9,23.0,42.4,0.0,,,,,,
2003-05-07,32.7,24.4,42.2,0.0,,,,,,
2003-05-08,34.8,,43.7,,,,,,,
2003-05-09,32.8,21.4,42.8,0.0,,,,,,
2003-05-10,31.7,24.4,38.7,0.0,,,,,,
2003-05-11,32.1,26.0,39.2,0.0,,,,,,
2003-05-12,32.7,25.2,40.0,0.0,,,,,,
2003-05-13,32.3,25.0,40.0,0.0,,,,,,
2003-05-14,35.1,,39.5,,,,,,,
2003-05-15,31.5,24.9,38.5,0.0,,,,,,
2003-05-16,33.0,24.0,41.6,0.0,,,,,,
2003-05-17,34.7,,43.1,0.0,,,,,,
2003-05-18,31.0,24.6,42.8,0.0,,,,,,
2003-05-19,30.2,,36.8,0.0,,,,,,
2003-05-20,31.8,24.5,38.9,0.0,,,,,,
2003-05-21,32.8,,39.5,0.0,,,,,,
2003-05-24,33.0,23.2,39.1,,,,,,,
2003-05-25,33.7,22.2,42.4,,,,,,,
2003-05-27,30.3,24.5,40.0,0.0,,,,,,
2003-05-28,32.4,25.2,38.6,0.0,,,,,,
2003-05-29,32.5,23.5,39.0,,,,,,,
2003-05-30,33.9,25.0,42.4,0.0,,,,,,
2003-06-03,32.9,24.8,40.2,0.0,,,,,,
2003-06-04,33.7,25.6,40.2,0.0,,,,,,
2003-06-05,35.1,27.0,42.3,0.0,,,,,,
2003-06-06,36.8,27.5,43.4,0.0,,,,,,
2003-06-07,35.1,29.5,42.1,0.0,,,,,,
2003-06-08,36.2,28.9,44.0,0.0,,,,,,
2003-06-09,34.4,21.5,43.9,0.0,,,,,,
2003-06-10,36.4,29.0,44.0,0.0,,,,,,
2003-06-11,35.1,30.1,42.1,0.0,,,,,,
2003-06-12,35.2,28.9,40.5,0.0,,,,,,
2003-06-13,34.3,28.2,41.5,0.0,,,,,,
2003-06-14,35.7,27.9,42.0,,,,,,,
2003-06-15,35.5,27.5,43.0,0.0,,,,,,
2003-06-16,34.7,25.6,43.1,0.0,,,,,,
2003-06-17,36.9,26.7,44.1,0.0,,,,,,
2003-06-18,36.1,29.0,45.9,0.0,,,,,,
2003-06-20,36.2,26.0,44.5,0.0,,,,,,
2003-06-21,37.2,29.9,44.4,0.0,,,,,,
2003-06-22,35.8,29.7,42.0,0.0,,,,,,
2003-06-23,34.9,27.0,42.7,0.0,,,,,,
2003-06-24,36.4,31.0,44.3,,,,,,,
2003-06-25,37.7,31.2,44.2,0.0,,,,,,
2003-06-26,38.3,33.1,44.3,0.0,,,,,,
2003-06-27,37.9,31.3,44.5,0.0,,,,,,
2003-06-28,37.5,,45.4,0.0,,,,,,
2003-06-29,40.1,,45.4,0.0,,,,,,
2003-07-01,38.5,29.9,46.5,0.0,,,,,,
2003-07-02,39.8,31.5,47.8,0.0,,,,,,
2003-07-03,39.7,30.4,47.2,0.0,,,,,,
2003-07-04,41.2,31.1,48.3,0.0,,,,,,
2003-07-05,40.2,30.8,47.5,0.0,,,,,,
2003-07-06,40.7,30.5,48.5,0.0,,,,,,
2003-07-07,39.0,30.2,49.5,0.0,,,,,,
2003-07-08,41.1,34.5,48.2,0.0,,,,,,
2003-07-09,39.7,33.0,48.1,,,,,,,
2003-07-10,40.4,32.4,47.6,0.0,,,,,,
2003-07-11,41.7,31.5,46.8,0.0,,,,,,
2003-07-12,38.9,31.3,44.2,0.0,,,,,,
2003-07-13,38.2,32.8,45.6,0.0,,,,,,
2003-07-14,38.2,29.4,45.5,0.0,,,,,,
2003-07-15,38.6,32.4,45.5,0.0,,,,,,
2003-07-16,39.8,30.0,47.2,0.0,,,,,,
2003-07-18,38.6,31.4,46.1,0.0,,,,,,
2003-07-19,39.1,30.6,46.6,0.0,,,,,,
2003-07-20,39.9,33.6,47.4,0.0,,,,,,
2003-07-21,39.6,32.9,45.2,0.0,,,,,,
2003-07-22,36.3,30.3,44.5,0.0,,,,,,
2003-07-23,37.7,30.5,43.2,0.0,,,,,,
2003-07-24,36.8,27.6,44.5,0.0,,,,,,
2003-07-25,38.8,32.1,44.7,0.0,,,,,,
2003-07-26,36.9,31.4,45.7,,,,,,,
2003-07-27,39.1,29.3,47.2,,,,,,,
2003-07-28,41.9,,47.5,,,,,,,
2003-07-30,37.2,29.0,45.5,0.0,,,,,,
2003-07-31,38.5,29.4,45.2,0.0,,,,,,
2003-08-01,37.7,30.3,46.0,0.0,,,,,,
2003-08-03,37.4,30.4,45.0,,,,,,,
2003-08-04,35.2,29.5,43.1,0.0,,,,,,
2003-08-05,35.6,28.1,41.4,0.0,,,,,,
2003-08-06,34.5,29.4,42.1,,,,,,,
2003-08-07,36.5,30.6,43.2,0.0,,,,,,
2003-08-08,33.8,,39.8,,,,,,,
2003-08-09,28.4,23.5,33.0,0.5,,,,,,
2003-08-11,35.6,29.6,41.1,0.0,,,,,,
2003-08-12,37.1,31.2,42.2,0.0,,,,,,
2003-08-13,35.5,29.2,41.0,0.0,,,,,,
2003-08-14,36.0,29.5,42.5,0.0,,,,,,
2003-08-15,37.8,30.0,43.3,0.0,,,,,,
2003-08-17,37.0,30.0,44.7,0.0,,,,,,
2003-08-18,39.1,31.9,46.0,0.0,,,,,,
2003-08-20,36.8,29.4,44.6,0.0,,,,,,
2003-08-21,36.7,30.5,45.4,0.0,,,,,,
2003-08-22,37.1,28.9,42.3,0.0,,,,,,
2003-08-23,37.8,,45.3,0.0,,,,,,
2003-08-24,38.3,31.4,44.7,0.0,,,,,,
2003-08-25,38.4,30.5,44.0,0.0,,,,,,
2003-08-26,36.9,28.9,49.4,0.0,,,,,,
2003-08-27,36.9,28.2,45.0,0.0,,,,,,
2003-08-28,37.7,27.5,45.7,0.0,,,,,,
2003-08-29,37.6,25.0,47.0,0.0,,,,,,
2003-08-30,39.1,28.4,47.5,0.0,,,,,,
2003-08-31,37.8,29.5,46.7,0.0,,,,,,
2003-09-01,38.1,28.9,45.2,0.0,,,,,,
2003-09-02,38.7,,45.5,,,,,,,
2003-09-03,36.8,28.6,45.7,0.0,,,,,,
2003-09-04,36.4,29.1,45.3,99.1,,,,,,
2003-09-05,37.7,30.5,45.6,0.0,,,,,,
2003-09-06,37.0,31.2,45.5,,,,,,,
2003-09-07,37.1,28.4,45.7,0.0,,,,,,
2003-09-08,36.9,27.0,45.7,,,,,,,
2003-09-10,36.9,28.6,43.0,0.0,,,,,,
2003-09-11,34.2,27.4,41.1,0.0,,,,,,
2003-09-12,32.4,27.3,40.2,0.0,,,,,,
2003-09-13,34.1,,40.0,0.0,,,,,,
2003-09-14,32.1,24.0,43.5,0.0,,,,,,
2003-09-15,32.8,20.1,42.0,0.0,,,,,,
2003-09-16,30.5,25.0,38.5,0.0,,,,,,
2003-09-17,29.8,25.4,38.5,0.0,,,,,,
2003-09-18,31.2,24.1,38.0,0.0,,,,,,
2003-09-19,33.6,26.1,38.7,0.0,,,,,,
2003-09-20,34.3,28.6,41.0,0.0,,,,,,
2003-09-21,33.7,28.0,40.2,0.0,,,,,,
2003-09-22,32.8,28.0,38.5,0.0,,,,,,
2003-09-23,31.6,25.9,39.1,0.0,,,,,,
2003-09-24,33.3,28.8,40.2,0.0,,,,,,
2003-09-25,31.8,25.8,40.4,,,,,,,
2003-09-26,30.7,18.5,38.0,0.0,,,,,,
2003-09-27,30.9,25.1,36.9,,,,,,,
2003-09-28,31.6,25.6,38.0,0.0,,,,,,
2003-09-29,33.2,26.5,41.4,0.0,,,,,,
2003-10-01,33.9,24.5,43.2,0.0,,,,,,
2003-10-02,34.7,26.0,43.1,0.0,,,,,,
2003-10-03,33.8,26.5,42.3,0.0,,,,,,
2003-10-04,33.2,25.9,42.6,0.0,,,,,,
2003-10-05,32.7,,42.0,,,,,,,
2003-10-06,30.7,19.6,41.6,0.0,,,,,,
2003-10-07,31.6,23.0,42.4,0.0,,,,,,
2003-10-08,28.9,22.3,36.2,,,,,,,
2003-10-09,31.0,21.6,39.4,0.0,,,,,,
2003-10-10,30.1,25.3,37.5,,,,,,,
2003-10-11,29.1,23.3,34.7,0.0,,,,,,
2003-10-12,29.1,21.4,36.1,0.0,,,,,,
2003-10-13,30.3,24.4,36.5,0.0,,,,,,
2003-10-14,29.7,21.8,38.0,0.0,,,,,,
2003-10-16,30.2,21.6,36.5,,,,,,,
2003-10-18,27.9,18.7,36.0,0.0,,,,,,
2003-10-20,25.6,15.8,40.0,0.0,,,,,,
2003-10-21,27.8,18.4,36.6,0.0,,,,,,
2003-10-22,31.1,,38.6,0.0,,,,,,
2003-10-23,29.4,14.6,41.1,0.0,,,,,,
2003-10-24,28.9,23.0,34.3,0.0,,,,,,
2003-10-25,26.6,19.5,36.3,0.0,,,,,,
2003-10-26,31.4,19.0,38.3,0.0,,,,,,
2003-10-27,31.7,25.5,38.8,0.0,,,,,,
2003-10-28,32.5,25.9,40.4,,,,,,,
2003-10-29,30.6,23.6,40.6,,,,,,,
2003-10-30,30.1,,35.7,0.0,,,,,,
2003-11-01,27.7,23.0,33.6,0.0,,,,,,
2003-11-02,22.6,18.4,33.4,0.0,,,,,,
2003-11-03,21.6,15.6,29.5,0.0,,,,,,
2003-11-05,24.8,20.3,34.0,0.0,,,,,,
2003-11-06,25.1,18.5,32.2,0.0,,,,,,
2003-11-07,23.7,18.5,30.2,0.0,,,,,,
2003-11-09,24.9,18.4,33.0,0.0,,,,,,
2003-11-10,21.9,15.5,28.9,0.0,,,,,,
2003-11-12,22.5,19.4,26.7,,,,,,,
2003-11-14,20.7,15.6,26.6,0.0,,,,,,
2003-11-15,20.6,15.6,28.7,0.0,,,,,,
2003-11-17,21.9,14.4,27.3,,,,,,,
2003-11-18,18.8,12.5,26.2,0.0,,,,,,
2003-11-19,20.7,13.4,27.3,,,,,,,
2003-11-20,17.7,10.0,26.3,0.0,,,,,,
2003-11-21,17.7,10.2,25.8,0.0,,,,,,
2003-11-22,17.7,10.1,26.8,0.0,,,,,,
2003-11-23,18.1,8.0,31.5,,,,,,,
2003-11-24,24.6,18.0,31.4,0.0,,,,,,
2003-11-27,17.1,,22.8,,,,,,,
2003-11-28,15.9,6.4,23.0,0.0,,,,,,
2003-11-29,16.1,8.0,23.5,0.0,,,,,,
2003-11-30,16.2,10.5,23.1,0.0,,,,,,
2003-12-01,16.6,9.4,24.9,0.0,,,,,,
2003-12-02,16.2,7.4,27.9,,,,,,,
2003-12-03,14.7,7.5,22.1,,,,,,,
2003-12-04,16.2,8.0,24.6,0.0,,,,,,
2003-12-05,16.0,5.0,28.1,0.0,,,,,,
2003-12-06,18.8,12.0,27.0,,,,,,,
2003-12-07,19.2,14.3,25.4,,,,,,,
2003-12-08,16.9,9.0,25.2,0.0,,,,,,
2003-12-09,17.3,9.0,26.0,0.0,,,,,,
2003-12-10,17.6,6.7,26.0,0.0,,,,,,
2003-12-11,14.5,9.8,18.5,0.0,,,,,,
2003-12-12,12.4,6.0,18.3,0.0,,,,,,
2003-12-14,16.1,10.0,22.0,0.0,,,,,,
2003-12-15,15.1,8.9,23.6,0.0,,,,,,
2003-12-16,14.4,5.9,22.9,0.0,,,,,,
2003-12-17,15.3,6.0,23.9,0.0,,,,,,
2003-12-18,18.7,11.5,25.5,0.0,,,,,,
2003-12-19,16.8,11.2,23.0,0.0,,,,,,
2003-12-20,16.1,9.5,22.7,0.0,,,,,,
2003-12-21,14.4,6.8,22.3,0.0,,,,,,
2003-12-22,15.9,8.9,25.0,0.0,,,,,,
2003-12-23,13.6,10.0,19.6,0.0,,,,,,
2003-12-25,13.9,,16.9,,,,,,,
2003-12-26,9.6,2.5,16.4,0.0,,,,,,
2003-12-27,10.6,2.5,18.2,0.0,,,,,,
2003-12-28,10.9,2.0,19.0,0.0,,,,,,
2003-12-30,12.4,3.4,22.5,0.0,,,,,,
2004-01-01,13.6,4.0,22.6,0.0,,,,,,
2004-01-03,14.0,3.7,24.1,0.0,,,,,,
2004-01-04,13.7,8.6,19.1,0.0,,,,,,
2004-01-05,12.3,,18.3,0.0,,,,,,
2004-01-06,13.7,7.4,20.4,0.0,,,,,,
2004-01-07,14.6,8.9,22.3,0.0,,,,,,
2004-01-09,12.8,3.5,22.0,0.0,,,,,,
2004-01-10,14.7,5.8,24.0,0.0,,,,,,
2004-01-11,17.4,8.3,24.0,0.0,,,,,,
2004-01-12,18.9,13.2,27.1,0.0,,,,,,
2004-01-13,18.2,12.5,27.3,0.0,,,,,,
2004-01-14,16.8,6.5,23.0,,,,,,,
2004-01-16,17.6,11.4,24.8,0.0,,,,,,
2004-01-17,18.3,12.5,25.7,0.0,,,,,,
2004-01-19,16.9,10.7,23.4,0.0,,,,,,
2004-01-23,11.7,1.6,22.0,0.0,,,,,,
2004-01-24,11.3,,24.6,0.0,,,,,,
2004-01-25,15.1,7.5,23.3,0.0,,,,,,
2004-01-26,15.0,10.6,25.9,0.0,,,,,,
2004-01-27,15.3,6.3,25.0,0.0,,,,,,
2004-01-31,18.1,11.9,28.1,0.0,,,,,,
2004-02-02,20.2,13.0,28.5,0.0,,,,,,
2004-02-03,18.7,14.0,27.4,0.0,,,,,,
2004-02-04,19.1,13.5,25.9,0.0,,,,,,
2004-02-05,18.2,12.6,25.4,0.0,,,,,,
2004-02-06,18.8,13.3,24.3,0.0,,,,,,
2004-02-07,18.6,13.4,25.8,0.0,,,,,,
2004-02-08,18.6,10.6,25.2,0.0,,,,,,
2004-02-09,19.3,11.6,25.5,0.0,,,,,,
2004-02-10,20.4,,27.8,0.0,,,,,,
2004-02-11,18.9,13.8,28.6,0.0,,,,,,
2004-02-12,19.9,14.5,27.1,0.0,,,,,,
2004-02-14,17.6,12.0,25.3,0.0,,,,,,
2004-02-15,19.0,14.5,24.6,0.0,,,,,,
2004-02-16,16.8,7.8,23.5,0.0,,,,,,
2004-02-17,17.2,10.4,23.9,0.0,,,,,,
2004-02-18,16.6,6.9,25.5,,,,,,,
2004-02-20,23.5,12.6,35.3,0.0,,,,,,
2004-02-21,24.9,21.1,27.1,0.0,,,,,,
2004-02-22,22.6,15.0,29.4,0.0,,,,,,
2004-02-23,20.8,11.4,29.1,0.0,,,,,,
2004-02-24,19.6,11.1,28.3,0.0,,,,,,
2004-02-25,23.1,16.5,33.4,0.0,,,,,,
2004-02-26,23.9,16.5,30.5,0.0,,,,,,
2004-02-28,19.3,9.9,28.1,0.0,,,,,,
2004-02-29,19.3,9.4,27.2,0.0,,,,,,
2004-03-01,19.8,16.2,25.2,0.0,,,,,,
2004-03-03,11.3,3.9,15.4,0.0,,,,,,
2004-03-04,12.7,5.4,18.0,0.0,,,,,,
2004-03-05,10.7,3.5,20.5,0.0,,,,,,
2004-03-06,18.3,7.5,27.0,0.0,,,,,,
2004-03-07,18.9,7.9,29.7,0.0,,,,,,
2004-03-08,22.0,15.4,30.3,0.0,,,,,,
2004-03-09,23.6,14.5,32.7,0.0,,,,,,
2004-03-10,22.1,10.8,33.7,0.0,,,,,,
2004-03-11,23.3,11.3,33.9,0.0,,,,,,
2004-03-12,24.8,15.0,33.3,0.0,,,,,,
2004-03-13,25.4,17.5,36.3,0.0,,,,,,
2004-03-14,23.3,10.8,35.7,0.0,,,,,,
2004-03-15,25.1,15.8,34.9,0.0,,,,,,
2004-03-17,25.1,13.8,36.5,0.0,,,,,,
2004-03-18,26.4,20.6,35.8,0.0,,,,,,
2004-03-19,26.3,17.5,34.5,0.0,,,,,,
2004-03-20,25.5,18.5,32.5,0.0,,,,,,
2004-03-21,25.1,19.8,31.9,0.0,,,,,,
2004-03-22,25.1,18.5,31.5,0.0,,,,,,
2004-03-23,22.7,11.4,32.0,0.0,,,,,,
2004-03-24,24.4,15.9,33.7,0.0,,,,,,
2004-03-25,26.3,13.4,37.2,0.0,,,,,,
2004-03-26,30.5,26.4,33.7,0.0,,,,,,
2004-03-27,29.2,25.4,32.9,0.0,,,,,,
2004-03-28,27.7,25.0,31.7,0.0,,,,,,
2004-03-29,25.1,,26.8,0.0,,,,,,
2004-03-30,23.0,19.9,27.0,1.0,,,,,,
2004-03-31,20.4,11.2,28.0,0.0,,,,,,
2004-04-01,22.4,,29.6,0.0,,,,,,
2004-04-02,21.9,11.5,31.4,0.0,,,,,,
2004-04-03,24.9,15.5,32.8,0.0,,,,,,
2004-04-04,25.1,19.1,31.0,0.0,,,,,,
2004-04-05,22.6,16.5,28.9,0.0,,,,,,
2004-04-06,23.9,11.5,32.4,0.0,,,,,,
2004-04-07,24.5,16.0,34.3,0.0,,,,,,
2004-04-08,29.7,18.2,38.2,0.0,,,,,,
2004-04-09,28.9,17.8,38.8,0.0,,,,,,
2004-04-10,27.5,18.3,34.3,0.0,,,,,,
2004-04-13,26.1,19.0,32.5,0.0,,,,,,
2004-04-14,23.6,19.5,28.2,89.9,,,,,,
2004-04-15,24.4,20.3,32.1,0.3,,,,,,
2004-04-16,22.3,15.2,30.6,0.8,,,,,,
2004-04-17,23.7,12.6,31.9,0.0,,,,,,
2004-04-18,25.7,,32.8,,,,,,,
2004-04-19,21.3,18.1,25.3,,,,,,,
2004-04-20,23.2,15.6,30.5,2.0,,,,,,
2004-04-21,24.2,15.9,31.5,0.0,,,,,,
2004-04-22,25.6,,35.6,0.0,,,,,,
2004-04-23,27.2,17.8,37.0,0.0,,,,,,
2004-04-24,27.4,19.4,35.8,0.0,,,,,,
2004-04-25,27.3,19.2,34.0,0.0,,,,,,
2004-04-26,26.2,19.9,34.6,0.0,,,,,,
2004-04-27,29.7,,38.0,,,,,,,
2004-04-28,31.6,24.2,39.5,0.0,,,,,,
2004-04-29,27.4,23.0,36.2,0.0,,,,,,
2004-04-30,25.8,16.9,32.8,0.0,,,,,,
2004-05-01,24.7,12.4,35.7,0.0,,,,,,
2004-05-02,26.7,14.7,36.5,0.0,,,,,,
2004-05-05,23.3,15.1,30.9,0.0,,,,,,
2004-05-06,27.4,13.0,34.5,0.0,,,,,,
2004-05-07,26.6,12.5,36.7,0.0,,,,,,
2004-05-08,26.3,17.5,37.1,0.0,,,,,,
2004-05-09,25.7,13.5,36.3,0.0,,,,,,
2004-05-10,27.9,17.6,37.6,0.0,,,,,,
2004-05-11,27.7,20.5,37.5,0.0,,,,,,
2004-05-12,26.8,16.9,35.3,0.0,,,,,,
2004-05-13,25.4,14.5,35.6,0.0,,,,,,
2004-05-15,28.3,15.8,37.5,0.0,,,,,,
2004-05-16,28.4,18.8,36.6,0.0,,,,,,
2004-05-17,31.0,23.1,38.3,0.0,,,,,,
2004-05-18,30.3,22.3,37.5,0.0,,,,,,
2004-05-19,31.1,24.7,37.5,0.0,,,,,,
2004-05-20,30.3,23.8,36.3,0.0,,,,,,
2004-05-21,32.1,25.9,38.6,0.0,,,,,,
2004-05-22,32.0,24.4,44.5,0.0,,,,,,
2004-05-23,28.7,16.4,37.8,,,,,,,
2004-05-24,28.0,21.2,36.7,0.0,,,,,,
2004-05-25,30.3,21.5,38.2,0.0,,,,,,
2004-05-26,29.9,19.1,38.9,0.0,,,,,,
2004-05-27,27.8,18.5,36.6,0.0,,,,,,
2004-05-28,28.7,22.6,34.3,0.0,,,,,,
2004-05-29,29.4,23.0,34.2,0.0,,,,,,
2004-05-30,29.9,20.4,35.4,0.0,,,,,,
2004-05-31,30.1,23.3,37.2,0.0,,,,,,
2004-06-01,33.4,27.2,40.0,0.0,,,,,,
2004-06-02,33.0,27.0,39.6,0.0,,,,,,
2004-06-03,35.2,27.9,42.0,0.0,,,,,,
2004-06-04,36.4,27.6,42.7,0.0,,,,,,
2004-06-05,35.7,26.0,43.3,0.0,,,,,,
2004-06-06,36.2,25.5,44.2,0.0,,,,,,
2004-06-07,38.0,30.2,44.5,0.0,,,,,,
2004-06-08,38.6,30.0,45.9,0.0,,,,,,
2004-06-09,35.7,26.7,43.8,0.0,,,,,,
2004-06-10,32.9,,42.7,0.0,,,,,,
2004-06-11,35.7,29.4,42.3,0.0,,,,,,
2004-06-12,33.9,28.5,40.8,0.0,,,,,,
2004-06-13,34.4,26.5,41.4,0.0,,,,,,
2004-06-15,37.4,22.8,45.0,0.0,,,,,,
2004-06-16,33.8,26.2,41.7,0.0,,,,,,
2004-06-17,31.5,25.2,37.7,0.0,,,,,,
2004-06-18,30.4,23.4,37.2,0.0,,,,,,
2004-06-19,31.3,21.4,40.2,0.0,,,,,,
2004-06-20,33.3,21.3,43.0,0.0,,,,,,
2004-06-21,36.2,26.0,45.4,0.0,,,,,,
2004-06-22,37.0,26.5,47.0,0.0,,,,,,
2004-06-23,38.6,29.3,47.9,0.0,,,,,,
2004-06-24,40.9,31.4,48.0,0.0,,,,,,
2004-06-25,37.4,25.4,47.2,0.0,,,,,,
2004-06-26,37.8,27.5,45.2,0.0,,,,,,
2004-06-27,39.9,,46.6,0.0,,,,,,
2004-06-28,37.4,30.2,45.5,0.0,,,,,,
2004-06-29,36.2,26.9,43.5,0.0,,,,,,
2004-06-30,37.4,29.1,44.0,0.0,,,,,,
2004-07-01,37.5,30.4,43.4,0.0,,,,,,
2004-07-03,40.0,33.6,46.5,0.0,,,,,,
2004-07-04,39.7,33.5,46.8,0.0,,,,,,
2004-07-06,38.4,30.2,46.7,0.0,,,,,,
2004-07-07,38.5,30.9,46.3,0.0,,,,,,
2004-07-09,38.6,30.9,45.5,0.0,,,,,,
2004-07-10,37.6,29.4,45.5,0.0,,,,,,
2004-07-11,38.6,31.9,45.0,0.0,,,,,,
2004-07-12,37.9,31.5,45.0,0.0,,,,,,
2004-07-13,36.8,27.8,47.2,0.0,,,,,,
2004-07-14,39.1,28.6,47.5,0.0,,,,,,
2004-07-15,38.8,31.5,46.2,0.0,,,,,,
2004-07-16,36.9,29.7,44.3,,,,,,,
2004-07-17,35.3,28.6,43.0,0.0,,,,,,
2004-07-18,36.7,30.0,43.2,0.0,,,,,,
2004-07-19,36.9,30.4,44.0,0.0,,,,,,
2004-07-20,36.8,29.5,44.3,0.0,,,,,,
2004-07-21,36.7,29.9,44.0,0.0,,,,,,
2004-07-22,37.1,30.5,44.6,0.0,,,,,,
2004-07-23,36.9,28.6,43.2,0.0,,,,,,
2004-07-24,35.8,29.5,41.4,0.0,,,,,,
2004-07-25,36.5,29.9,43.1,0.0,,,,,,
2004-07-26,35.1,23.8,43.9,0.0,,,,,,
2004-07-27,36.3,26.6,44.4,0.0,,,,,,
2004-07-28,38.1,31.4,45.5,0.0,,,,,,
2004-07-29,38.4,30.9,45.7,0.0,,,,,,
2004-07-30,37.6,34.2,43.2,0.0,,,,,,
2004-07-31,37.4,30.6,43.6,0.0,,,,,,
2004-08-01,38.7,31.5,45.8,0.0,,,,,,
2004-08-02,38.4,30.9,45.9,0.0,,,,,,
2004-08-03,37.1,30.9,44.5,0.0,,,,,,
2004-08-04,36.8,29.0,45.0,0.0,,,,,,
2004-08-05,36.7,30.6,45.8,0.0,,,,,,
2004-08-06,39.6,33.4,47.0,0.0,,,,,,
2004-08-07,40.4,32.7,47.5,0.0,,,,,,
2004-08-08,39.9,33.0,47.5,0.0,,,,,,
2004-08-09,39.5,29.2,48.4,0.0,,,,,,
2004-08-10,40.6,30.9,48.6,0.0,,,,,,
2004-08-12,39.9,31.0,47.3,0.0,,,,,,
2004-08-13,39.1,31.5,47.4,0.0,,,,,,
2004-08-14,39.2,31.0,48.0,0.0,,,,,,
2004-08-15,41.4,,48.1,0.0,,,,,,
2004-08-16,38.8,34.0,47.3,0.0,,,,,,
2004-08-17,37.8,31.4,45.4,0.0,,,,,,
2004-08-18,37.1,30.4,44.3,0.0,,,,,,
2004-08-19,36.8,27.9,43.9,0.0,,,,,,
2004-08-20,36.9,28.0,45.3,0.0,,,,,,
2004-08-21,36.8,27.7,44.6,0.0,,,,,,
2004-08-22,37.2,29.4,44.4,0.0,,,,,,
2004-08-23,37.5,30.0,44.5,0.0,,,,,,
2004-08-24,37.9,31.9,44.8,0.0,,,,,,
2004-08-25,37.2,,44.2,0.0,,,,,,
2004-08-26,36.1,30.0,43.4,0.0,,,,,,
2004-08-27,36.9,31.0,44.1,0.0,,,,,,
2004-08-28,37.2,30.3,44.2,0.0,,,,,,
2004-08-29,37.3,30.5,43.8,0.0,,,,,,
2004-08-30,36.3,29.4,44.0,0.0,,,,,,
2004-08-31,36.5,31.0,43.2,0.0,,,,,,
2004-09-01,35.8,28.4,43.5,0.0,,,,,,
2004-09-02,36.4,27.3,45.4,0.0,,,,,,
2004-09-03,37.8,30.0,45.9,0.0,,,,,,
2004-09-05,34.9,28.0,42.0,0.0,,,,,,
2004-09-06,35.1,28.7,42.3,0.0,,,,,,
2004-09-07,35.9,28.7,43.4,0.0,,,,,,
2004-09-08,36.1,30.4,43.8,0.0,,,,,,
2004-09-09,35.3,29.5,41.2,0.0,,,,,,
2004-09-10,32.5,27.3,38.0,0.0,,,,,,
2004-09-11,32.4,25.5,39.0,0.0,,,,,,
2004-09-12,33.6,26.7,41.0,0.0,,,,,,
2004-09-13,34.4,,41.6,0.0,,,,,,
2004-09-14,32.6,24.8,41.2,0.0,,,,,,
2004-09-15,31.6,18.7,41.7,0.0,,,,,,
2004-09-16,33.2,22.3,42.1,0.0,,,,,,
2004-09-17,33.1,23.2,42.2,0.0,,,,,,
2004-09-18,32.1,25.0,38.7,0.0,,,,,,
2004-09-19,30.7,24.3,36.5,0.0,,,,,,
2004-09-20,30.9,24.8,37.5,0.0,,,,,,
2004-09-21,31.7,25.2,38.3,0.0,,,,,,
2004-09-22,32.0,,37.8,,,,,,,
2004-09-23,30.9,24.9,37.2,0.0,,,,,,
2004-09-24,31.2,24.7,37.6,0.0,,,,,,
2004-09-25,29.1,17.5,38.5,0.0,,,,,,
2004-09-26,30.7,20.4,40.4,0.0,,,,,,
2004-09-27,28.3,22.9,34.4,0.0,,,,,,
2004-09-28,26.2,20.6,32.1,0.0,,,,,,
2004-09-29,26.8,20.4,32.9,0.0,,,,,,
2004-09-30,29.4,22.2,37.3,0.0,,,,,,
2004-10-01,33.1,26.0,41.9,0.0,,,,,,
2004-10-02,33.0,24.6,41.7,0.0,,,,,,
2004-10-04,34.2,27.5,42.4,0.0,,,,,,
2004-10-06,32.6,25.4,40.6,0.0,,,,,,
2004-10-08,30.3,23.9,37.7,0.0,,,,,,
2004-10-09,28.8,21.8,36.6,0.0,,,,,,
2004-10-10,30.6,24.8,38.2,0.0,,,,,,
2004-10-11,31.3,26.0,37.4,0.0,,,,,,
2004-10-12,28.4,22.0,37.2,0.0,,,,,,
2004-10-13,28.7,20.5,37.6,0.0,,,,,,
2004-10-16,28.6,18.8,38.6,0.0,,,,,,
2004-10-17,28.3,18.9,36.6,0.0,,,,,,
2004-10-18,29.0,21.9,38.0,0.0,,,,,,
2004-10-20,31.1,23.0,38.9,0.0,,,,,,
2004-10-21,30.2,23.4,37.3,0.0,,,,,,
2004-10-22,30.8,24.4,38.4,0.0,,,,,,
2004-10-23,31.1,26.1,38.0,0.0,,,,,,
2004-10-25,29.9,25.9,36.5,0.0,,,,,,
2004-10-26,27.3,,36.2,0.0,,,,,,
2004-10-27,26.6,16.0,36.3,0.0,,,,,,
2004-10-28,25.9,15.5,36.0,0.0,,,,,,
2004-10-29,24.8,15.4,35.4,0.0,,,,,,
2004-10-30,24.3,14.0,33.0,0.0,,,,,,
2004-10-31,26.9,19.0,33.7,0.0,,,,,,
2004-11-01,22.8,17.8,33.5,0.0,,,,,,
2004-11-02,19.7,12.6,25.6,0.0,,,,,,
2004-11-03,18.3,11.6,26.0,0.0,,,,,,
2004-11-04,17.7,10.5,26.2,0.0,,,,,,
2004-11-05,21.1,15.0,27.6,0.0,,,,,,
2004-11-07,22.7,17.0,30.0,0.0,,,,,,
2004-11-08,21.7,11.2,29.5,0.0,,,,,,
2004-11-09,20.6,12.5,30.5,0.0,,,,,,
2004-11-10,22.4,11.4,31.5,0.0,,,,,,
2004-11-11,22.3,18.2,28.0,0.0,,,,,,
2004-11-12,20.9,15.4,28.1,0.0,,,,,,
2004-11-13,14.8,9.0,20.8,0.0,,,,,,
2004-11-14,14.8,8.2,21.7,0.0,,,,,,
2004-11-15,15.6,7.6,22.9,0.0,,,,,,
2004-11-16,17.6,12.5,24.0,0.0,,,,,,
2004-11-17,17.4,11.9,22.3,0.0,,,,,,
2004-11-18,16.3,10.9,22.8,0.0,,,,,,
2004-11-19,18.4,13.0,25.5,0.0,,,,,,
2004-11-20,19.6,,25.7,0.0,,,,,,
2004-11-21,21.9,16.1,28.8,0.0,,,,,,
2004-11-22,22.0,17.6,27.5,0.0,,,,,,
2004-11-23,21.8,17.6,27.0,0.0,,,,,,
2004-11-24,20.4,17.0,25.4,0.0,,,,,,
2004-11-25,18.0,13.6,22.5,0.0,,,,,,
2004-11-26,18.1,,25.0,,,,,,,
2004-11-27,19.1,14.0,24.8,0.0,,,,,,
2004-11-28,18.2,12.9,27.8,0.0,,,,,,
2004-11-29,19.4,13.9,26.7,0.0,,,,,,
2004-11-30,20.1,10.4,30.3,0.0,,,,,,
2004-12-01,22.6,15.7,30.0,0.0,,,,,,
2004-12-03,19.7,11.4,27.8,0.0,,,,,,
2004-12-04,23.7,,33.4,0.0,,,,,,
2004-12-05,18.6,11.8,26.7,0.0,,,,,,
2004-12-06,16.9,9.3,25.0,0.0,,,,,,
2004-12-07,17.1,11.6,25.4,0.0,,,,,,
2004-12-08,14.8,7.5,22.0,0.0,,,,,,
2004-12-09,13.9,7.1,20.6,0.0,,,,,,
2004-12-11,13.4,7.5,21.0,0.0,,,,,,
2004-12-12,14.2,7.2,21.2,0.0,,,,,,
2004-12-13,16.6,12.0,22.5,0.0,,,,,,
2004-12-14,17.8,11.9,25.2,0.0,,,,,,
2004-12-16,17.7,,22.2,3.0,,,,,,
2004-12-17,17.8,15.8,21.4,1.0,,,,,,
2004-12-18,15.3,10.0,20.4,0.0,,,,,,
2004-12-19,14.4,7.2,21.5,0.0,,,,,,
2004-12-21,13.2,3.8,21.7,0.0,,,,,,
2004-12-22,15.3,10.3,21.5,0.0,,,,,,
2004-12-23,14.3,11.0,18.0,0.0,,,,,,
2004-12-24,14.9,10.3,19.1,0.0,,,,,,
2004-12-25,14.0,,17.7,0.0,,,,,,
2004-12-26,10.4,2.0,18.7,0.0,,,,,,
2004-12-27,10.3,1.9,18.6,0.0,,,,,,
2004-12-28,11.0,6.1,15.7,0.0,,,,,,
2004-12-29,9.9,2.7,17.8,0.0,,,,,,
2004-12-30,10.7,5.4,17.1,0.0,,,,,,
2004-12-31,10.4,6.3,16.7,0.0,,,,,,
2018-07-21,40.6,33.2,47.7,,,,17.1,,1007.9,
2018-07-22,40.6,33.9,47.2,,,,15.4,,1007.8,
2018-07-23,39.3,30.1,46.7,,,,19.4,,1007.5,
2018-07-24,40.1,32.1,48.4,,,,25.8,,1005.7,
2018-07-25,40.8,33.4,48.5,,,,23.5,,1006.2,
2018-07-26,39.8,30.1,47.3,,,,12.6,,1007.3,
2018-07-27,39.6,30.6,47.2,,,,12.2,,1008.8,
2018-07-28,41.7,34.4,48.5,,,,17.6,,1008.7,
2018-07-29,42.5,36.2,48.4,,,,14.0,,1006.9,
2018-07-30,42.1,35.3,48.0,,,,21.4,,1003.8,
2018-07-31,40.9,35.7,46.4,,,,28.2,,1004.1,
2018-08-01,38.9,32.8,44.4,,,,21.4,,1005.5,
2018-08-02,37.7,30.4,44.1,,,,24.4,,1008.0,
2018-08-03,37.3,29.0,43.5,,,,25.7,,1008.9,
2018-08-04,37.6,26.8,44.8,,,,12.4,,1007.4,
2018-08-05,37.3,31.0,42.7,,,,16.7,,1007.3,
2018-08-06,36.4,30.1,41.7,,,,17.1,,1008.7,
2018-08-07,36.5,30.2,42.3,,,,22.1,,1007.9,
2018-08-08,37.6,31.6,43.5,,,,24.8,,1007.6,
2018-08-09,38.0,32.2,43.0,,,,19.0,,1008.9,
2018-08-10,37.8,32.5,42.9,,,,14.3,,1010.9,
2018-08-11,38.0,33.5,42.7,,,,16.4,,1010.7,
2018-08-12,37.4,31.9,41.7,,,,17.4,,1010.4,
2018-08-13,36.8,29.6,41.4,,,,14.7,,1010.1,
2018-08-14,36.8,31.9,41.5,,,,21.5,,1009.8,
2018-08-15,36.1,28.7,42.2,,,,16.9,,1009.9,
2018-08-16,37.1,30.3,43.6,,,,14.9,,1008.2,
2018-08-17,38.4,32.2,44.8,,,,14.6,,1006.6,
2018-08-18,38.3,31.1,44.0,,,,12.8,,1007.3,
2018-08-19,38.5,32.7,44.0,,,,13.3,,1009.4,
2018-08-20,38.5,31.1,44.2,,,,18.2,,1008.5,
2018-08-21,38.1,30.6,43.7,,,,17.4,,1007.6,
2018-08-22,38.0,31.9,43.9,,,,21.9,,1007.8,
2018-08-23,38.5,32.0,44.5,,,,22.4,,1008.2,
2018-08-24,38.0,32.4,43.4,,,,21.6,,1008.0,
2018-08-25,36.2,30.2,41.1,,,,23.4,,1008.6,
2018-08-26,35.8,30.1,41.3,,,,23.4,,1010.1,
2018-08-27,36.1,28.9,42.4,,,,21.9,,1010.4,
2018-08-28,36.1,27.3,43.4,,,,14.7,,1010.2,
2018-08-29,36.3,27.3,43.4,,,,15.7,,1008.8,
2018-08-30,36.4,30.7,42.1,,,,26.6,,1008.0,
2018-08-31,36.3,30.3,41.7,,,,28.6,,1008.1,
2018-09-01,36.3,31.2,41.5,,,,20.4,,1009.1,
2018-09-02,35.9,28.5,41.5,,,,12.4,,1010.7,
2018-09-03,36.5,29.7,42.6,,,,14.3,,1008.8,
2018-09-04,37.1,29.4,43.5,,,,13.7,,1008.1,
2018-09-05,37.7,30.5,44.5,,,,19.4,,1008.3,
2018-09-06,36.8,29.7,43.0,,,,26.9,,1007.4,
2018-09-07,36.4,30.4,42.9,,,,18.4,,1005.0,
2018-09-08,36.5,27.7,44.6,,,,9.6,,1006.9,
2018-09-09,37.4,30.0,44.2,,,,12.0,,1009.1,
2018-09-10,37.5,31.7,43.3,,,,12.2,,1011.1,
2018-09-11,37.0,28.8,43.7,,,,12.8,,1012.3,
2018-09-12,37.1,28.5,44.2,,,,12.6,,1011.3,
2018-09-13,37.6,30.7,44.3,,,,15.1,,1008.7,
2018-09-14,37.7,31.6,44.1,,,,18.8,,1008.2,
2018-09-15,37.1,29.1,43.6,,,,15.9,,1008.9,
2018-09-16,36.7,30.9,42.1,,,,13.9,,1011.2,
2018-09-17,35.1,32.0,38.4,,,,21.6,,1013.3,
2018-09-18,34.6,30.2,39.3,,,,28.5,,1011.6,
2018-09-19,34.4,29.6,39.3,,,,31.6,,1010.7,
2018-09-20,34.6,29.2,40.0,,,,31.2,,1009.5,
2018-09-21,34.4,29.3,39.8,,,,27.0,,1008.2,
2018-09-22,33.1,28.2,37.1,,,,26.4,,1010.4,
2018-09-23,31.5,27.3,35.2,,,,21.9,,1013.4,
2018-09-24,30.8,25.2,36.3,,,,18.0,,1014.2,
2018-09-25,31.2,25.0,37.4,,,,18.0,,1013.6,
2018-09-26,31.5,25.2,37.8,,,,23.5,,1012.4,
2018-09-27,30.8,26.1,35.6,,,,39.6,,1011.6,
2018-09-28,29.6,25.5,33.8,,,,35.7,,1010.5,
2018-09-29,29.5,23.3,35.7,,,,22.2,,1010.0,
2018-09-30,30.1,23.7,36.5,,,,14.3,,1011.4,
2018-10-01,29.9,22.0,36.4,,,,13.4,,1011.5,
2018-10-02,29.1,21.8,35.0,,,,13.0,,1012.1,
2018-10-03,28.0,23.0,33.3,,,,20.2,,1013.5,
2018-10-04,25.7,19.9,32.6,,,,20.6,,1014.7,
2018-10-05,25.2,19.2,31.9,,,,15.8,,1015.0,
2018-10-06,26.4,20.2,33.3,,,,17.0,,1016.1,
2018-10-07,27.6,21.1,35.0,,,,16.7,,1015.4,
2018-10-08,28.6,20.1,36.4,,,,12.7,,1011.9,
2018-10-09,29.2,20.7,37.5,,,,12.0,,1009.4,
2018-10-10,29.2,19.7,36.6,,,,15.0,,1010.7,
2018-10-11,29.7,24.0,35.6,,,,12.7,,1014.0,
2018-10-12,29.9,23.7,36.2,,,,16.7,,1013.6,
2018-10-13,29.5,25.0,34.8,,,,32.9,,1012.6,
2018-10-14,28.1,22.1,34.1,,,,22.8,,1011.2,
2018-10-15,28.5,22.4,35.6,,,,13.5,,1011.0,
2018-10-16,28.2,17.3,37.0,,,,16.3,,1009.8,
2018-10-17,27.5,19.7,34.7,,,,11.9,,1007.6,
2018-10-18,26.0,20.0,33.0,,,,11.7,,1007.2,
2018-10-19,26.5,18.9,34.8,,,,14.0,,1008.1,
2018-10-20,27.7,20.3,34.9,,,,11.9,,1012.1,
2018-10-21,27.5,23.6,33.0,,,,12.9,,1016.4,
2018-10-22,27.5,20.3,35.0,,,,11.2,,1015.8,
2018-10-23,27.9,21.0,34.4,,,,15.1,,1015.9,
2018-10-24,26.2,22.8,30.3,,,,25.9,,1015.8,
2018-10-25,23.4,17.9,28.2,,,,27.5,,1015.4,
2018-10-26,24.0,18.4,29.8,,,,28.9,,1013.9,
2018-10-27,24.4,17.9,30.2,,,,14.2,,1012.7,
2018-10-28,24.8,18.4,31.1,,,,19.4,,1009.1,
2018-10-29,23.4,19.5,27.2,,,,14.9,,1009.3,
2018-10-30,21.7,15.8,28.3,,,,17.1,,1012.9,
2018-10-31,21.7,15.0,28.4,,,,12.6,,1012.8,
2018-11-01,20.8,11.0,29.2,,,,7.0,,1014.2,
2018-11-02,21.3,14.7,28.9,,,,17.2,,1016.2,
2018-11-03,20.4,15.4,26.2,,,,17.8,,1015.9,
2018-11-04,19.5,14.0,25.8,,,,15.2,,1015.5,
2018-11-05,20.0,12.8,27.7,,,,10.4,,1014.4,
2018-11-06,21.1,12.3,30.4,,,,8.2,,1014.2,
2018-11-07,22.2,12.6,31.6,,,,14.0,,1016.3,
2018-11-08,24.6,17.8,33.7,,,,20.4,,1016.7,
2018-11-09,24.6,18.7,32.1,,,,13.4,,1014.4,
2018-11-10,22.4,15.9,28.6,,,,16.4,,1015.8,
2018-11-11,20.4,14.1,26.2,,,,23.1,,1017.4,
2018-11-12,20.4,15.5,26.2,,,,36.6,,1015.1,
2018-11-13,22.1,16.6,30.6,,,,26.7,,1012.2,
2018-11-14,23.2,15.0,33.4,,,,14.0,,1011.2,
2018-11-15,21.5,13.1,29.6,,,,9.6,,1012.8,
2018-11-16,20.6,12.3,28.7,,,,7.0,,1014.3,
2018-11-17,22.0,17.7,29.2,,,,13.7,,1010.8,
2018-11-18,20.0,13.1,27.6,,,,8.9,,1010.8,
2018-11-19,19.9,12.4,26.7,,,,15.2,,1009.7,
2018-11-20,19.7,15.1,25.9,,,,10.2,,1013.9,
2018-11-21,18.9,11.1,27.2,,,,6.5,,1018.1,
2018-11-22,20.3,11.0,29.1,,,,6.8,,1017.6,
2018-11-23,20.6,15.3,26.2,,,,8.4,,1017.9,
2018-11-24,21.9,17.3,27.2,,,,14.9,,1015.8,
2018-11-25,18.9,13.6,24.9,,,,14.4,,1017.8,
2018-11-26,17.4,10.5,24.6,,,,12.0,,1018.4,
2018-11-27,18.0,11.3,25.0,,,,19.2,,1018.5,
2018-11-28,17.5,11.8,23.5,,,,29.8,,1020.8,
2018-11-29,17.4,11.2,24.6,,,,29.0,,1019.7,
2018-11-30,18.3,13.1,25.8,,,,25.1,,1017.3,
2018-12-01,18.7,13.1,25.7,,,,20.1,,1018.2,
2018-12-02,17.1,12.2,22.8,,,,22.8,,1020.7,
2018-12-03,17.1,12.3,23.1,,,,29.8,,1020.5,
2018-12-04,18.1,12.9,25.8,,,,31.6,,1019.9,
2018-12-05,19.8,14.8,26.9,,,,33.2,,1020.8,
2018-12-06,20.2,15.6,27.3,,,,31.1,,1021.1,
2018-12-07,19.5,14.3,26.4,,,,24.0,,1020.4,
2018-12-08,18.0,12.9,24.0,,,,23.8,,1021.7,
2018-12-09,18.0,13.9,23.9,,,,33.6,,1023.0,
2018-12-10,18.1,13.7,24.7,,,,26.6,,1022.7,
2018-12-11,17.7,13.0,24.5,,,,18.9,,1020.5,
2018-12-12,16.6,10.6,24.6,,,,8.6,,1020.1,
2018-12-13,15.0,6.1,23.6,,,,7.3,,1019.4,
2018-12-14,14.5,5.3,22.5,,,,7.8,,1018.7,
2018-12-15,14.5,9.2,20.2,,,,18.0,,1023.7,
2018-12-16,15.4,8.5,22.5,,,,21.2,,1025.6,
2018-12-17,17.4,12.3,24.7,,,,23.6,,1024.0,
2018-12-18,18.4,12.9,25.4,,,,32.6,,1023.0,
2018-12-19,18.7,14.3,25.2,,,,25.5,,1021.7,
2018-12-20,17.9,12.0,25.0,,,,17.9,,1021.4,
2018-12-21,16.2,11.4,21.4,,,,23.8,,1023.8,
2018-12-22,16.0,11.4,22.0,,,,34.0,,1024.0,
2018-12-23,16.8,12.8,22.5,,,,41.2,,1024.5,
2018-12-24,16.5,12.1,22.6,,,,36.6,,1024.7,
2018-12-25,16.7,11.9,23.7,,,,29.4,,1023.1,
2018-12-26,17.1,12.1,23.9,,,,29.2,,1023.3,
2018-12-27,16.4,12.5,22.1,,,,36.4,,1022.8,
2018-12-28,16.2,11.6,22.7,,,,32.7,,1020.8,
2018-12-29,15.9,12.0,22.4,,,,25.9,,1018.6,
2018-12-30,15.2,9.8,22.0,,,,19.5,,1018.8,
2018-12-31,14.5,10.0,20.1,,,,25.6,,1023.7,
2019-01-01,14.4,9.1,20.9,,,,26.1,,1026.9,
2019-01-02,14.5,9.1,21.9,,,,20.5,,1024.9,
2019-01-03,13.8,8.2,20.7,,,,10.6,,1020.6,
2019-01-04,13.1,6.6,19.4,,,,18.5,,1023.2,
2019-01-05,13.0,8.9,18.4,,,,26.8,,1027.3,
2019-01-06,12.4,7.7,18.3,,,,25.8,,1027.8,
2019-01-07,12.4,4.5,20.0,,,,17.5,,1025.1,
2019-01-08,13.7,8.7,20.4,,,,25.4,,1023.2,
2019-01-09,12.8,6.6,20.1,,,,16.0,,1020.1,
2019-01-10,10.8,1.2,19.8,,,,4.1,,1017.2,
2019-01-11,12.4,3.8,21.2,,,,8.3,,1017.8,
2019-01-12,11.1,7.1,15.4,,,,25.7,,1024.4,
2019-01-13,10.1,4.6,16.2,,,,24.2,,1025.8,
2019-01-14,9.7,2.9,16.6,,,,14.5,,1023.6,
2019-01-15,9.3,-0.6,19.1,,,,6.4,,1020.0,
2019-01-16,10.1,0.7,20.3,,,,3.7,,1018.0,
2019-01-17,10.3,0.6,20.2,,,,7.9,,1017.6,
2019-01-18,13.5,8.3,20.7,,,,21.2,,1015.5,
2019-01-19,13.2,7.5,20.3,,,,16.2,,1017.9,
2019-01-20,12.3,3.6,21.4,,,,6.9,,1020.2,
2019-01-21,13.4,3.6,22.9,,,,7.9,,1016.7,
2019-01-22,12.4,6.2,19.5,,,,15.6,,1014.8,
2019-01-23,11.2,1.0,19.0,,,,14.3,,1017.9,
2019-01-24,13.6,5.9,21.8,,,,15.2,,1013.4,
2019-01-25,13.9,4.8,22.8,,,,5.5,,1014.6,
2019-01-26,14.4,6.6,22.5,,,,8.0,,1018.9,
2019-01-27,14.3,5.7,22.7,,,,6.4,,1019.6,
2019-01-28,15.0,5.6,24.3,,,,10.4,,1016.6,
2019-01-29,14.6,6.0,22.5,,,,6.9,,1018.7,
2019-01-30,15.7,5.5,25.7,,,,6.2,,1016.8,
2019-01-31,16.6,5.9,27.2,,,,7.5,,1015.2,
2019-02-01,17.7,6.9,28.3,,,,10.4,,1013.0,
2019-02-02,18.4,9.3,26.7,,,,14.5,,1010.0,
2019-02-03,15.6,11.6,19.0,,,,26.4,,1016.9,
2019-02-04,10.8,6.0,15.1,,,,21.1,,1024.0,
2019-02-05,9.8,1.8,17.5,,,,8.6,,1025.8,
2019-02-06,12.2,3.0,20.8,,,,12.8,,1023.6,
2019-02-07,13.7,5.9,20.5,,,,13.8,,1021.8,
2019-02-08,14.5,6.6,22.0,,,,19.7,,1021.9,
2019-02-09,15.7,8.3,23.1,,,,21.5,,1023.2,
2019-02-10,17.0,10.3,24.9,,,,25.8,,1023.5,
2019-02-11,17.5,11.5,25.0,,,,21.6,,1021.9,
2019-02-12,16.5,6.4,25.1,,,,13.6,,1022.4,
2019-02-13,15.9,12.1,20.1,,,,42.9,,1026.1,
2019-02-14,15.5,9.9,22.1,,,,43.3,,1026.6,
2019-02-15,16.6,10.7,23.8,,,,34.9,,1024.7,
2019-02-16,17.1,11.0,24.5,,,,26.2,,1021.2,
2019-02-17,18.1,12.7,25.0,,,,26.6,,1018.4,
2019-02-18,18.1,11.3,25.7,,,,23.2,,1016.5,
2019-02-19,21.3,13.6,30.3,,,,29.6,,1010.4,
2019-02-20,19.7,14.3,24.7,,,,12.8,,1009.4,
2019-02-21,18.9,10.8,26.4,,,,20.7,,1017.8,
2019-02-22,19.7,15.6,24.8,,,,33.7,,1021.5,
2019-02-23,17.9,11.2,24.3,,,,20.1,,1021.8,
2019-02-24,16.8,9.7,22.7,,,,23.0,,1020.1,
2019-02-25,14.0,9.2,17.8,,,,33.6,,1022.1,
2019-02-26,14.1,9.2,19.2,,,,28.1,,1022.2,
2019-02-27,13.1,7.6,17.1,,,,22.1,,1021.4,
2019-02-28,13.2,7.5,17.7,,,,31.2,,1022.6,
2019-03-01,15.5,9.4,21.9,,,,20.0,,1023.4,
2019-03-02,16.1,6.5,24.6,,,,11.0,,1023.0,
2019-03-03,18.9,10.0,28.1,,,,13.2,,1020.8,
2019-03-04,20.6,11.0,28.8,,,,17.1,,1018.7,
2019-03-05,21.5,13.9,28.8,,,,17.1,,1017.9,
2019-03-06,21.5,11.9,30.1,,,,13.5,,1017.2,
2019-03-07,22.1,12.0,31.8,,,,12.8,,1012.7,
2019-03-08,23.1,16.2,31.0,,,,16.6,,1005.1,
2019-03-09,21.2,13.8,27.7,,,,14.9,,1005.7,
2019-03-10,21.0,12.9,27.6,,,,14.3,,1012.2,
2019-03-11,22.2,16.4,28.2,,,,20.3,,1016.3,
2019-03-12,21.4,15.1,26.1,,,,32.3,,1021.7,
2019-03-13,21.5,15.5,28.5,,,,30.0,,1020.8,
2019-03-14,22.7,14.8,29.8,,,,26.3,,1018.1,
2019-03-15,22.1,16.5,28.2,,,,28.6,,1019.4,
2019-03-16,22.6,15.3,30.2,,,,24.1,,1018.2,
2019-03-17,23.8,16.7,31.8,,,,16.6,,1014.9,
2019-03-18,24.4,17.9,31.3,,,,26.1,,1010.7,
2019-03-19,23.6,15.3,30.0,,,,14.3,,1012.0,
2019-03-20,21.9,14.2,27.5,,,,16.6,,1012.3,
2019-03-21,19.3,14.3,23.8,,,,25.6,,1014.2,
2019-03-22,18.0,10.9,24.1,,,,12.9,,1016.8,
2019-03-23,19.3,12.0,25.7,,,,16.4,,1018.1,
2019-03-24,21.5,15.8,27.6,,,,28.9,,1017.2,
2019-03-25,23.3,16.4,30.2,,,,30.2,,1015.5,
2019-03-26,25.3,18.9,30.8,,,,23.1,,1012.6,
2019-03-27,23.6,20.1,29.0,,,,21.1,,1013.4,
2019-03-28,24.3,17.7,30.8,,,,11.7,,1015.1,
2019-03-29,23.7,17.5,29.6,,,,32.9,,1017.4,
2019-03-30,23.7,18.9,28.8,,,,31.6,,1015.6,
2019-03-31,22.3,20.0,24.0,,,,23.7,,1012.1,
2019-04-01,21.8,12.7,29.2,,,,9.6,,1012.2,
2019-04-02,23.1,16.0,30.6,,,,17.1,,1013.4,
2019-04-03,24.9,17.2,31.7,,,,16.1,,1011.5,
2019-04-04,22.5,20.3,24.6,,,,26.6,,1008.9,
2019-04-05,21.0,15.8,26.3,,,,26.3,,1008.4,
2019-04-06,19.7,11.5,26.7,,,,17.5,,1008.2,
2019-04-07,20.4,14.4,26.7,,,,16.4,,1013.2,
2019-04-08,21.2,14.0,28.3,,,,20.8,,1015.9,
2019-04-09,23.5,16.5,31.3,,,,23.2,,1012.7,
2019-04-10,25.1,17.7,32.5,,,,18.8,,1008.7,
2019-04-11,25.4,18.0,32.1,,,,16.8,,1008.8,
2019-04-12,25.3,19.5,31.2,,,,29.2,,1010.2,
2019-04-13,23.7,18.5,28.5,,,,30.9,,1012.4,
2019-04-14,22.2,15.0,28.6,,,,15.7,,1017.6,
2019-04-15,22.6,13.5,31.3,,,,12.0,,1017.8,
2019-04-16,25.0,15.1,34.3,,,,13.3,,1015.3,
2019-04-17,28.1,19.9,37.0,,,,15.1,,1012.0,
2019-04-18,28.7,17.4,38.7,,,,11.7,,1008.6,
2019-04-19,28.9,17.3,37.8,,,,20.4,,1005.3,
2019-04-20,28.4,18.2,35.7,,,,23.3,,1004.6,
2019-04-21,26.1,18.6,31.9,,,,28.3,,1003.1,
2019-04-22,24.8,15.9,32.2,,,,15.7,,1004.2,
2019-04-23,25.4,14.3,33.2,,,,16.6,,1004.1,
2019-04-24,26.1,17.2,33.3,,,,19.4,,1007.8,
2019-04-25,26.7,15.3,36.1,,,,10.9,,1012.6,
2019-04-26,27.7,16.3,37.1,,,,5.3,,1012.6,
2019-04-27,29.1,16.7,37.8,,,,12.2,,1010.7,
2019-04-28,30.4,24.6,36.2,,,,37.4,,1010.5,
2019-04-29,29.4,23.3,35.2,,,,26.9,,1010.7,
2019-04-30,29.7,22.7,36.0,,,,13.7,,1009.8,
2019-05-01,29.6,19.0,37.9,,,,9.4,,1008.5,
2019-05-02,32.3,24.5,39.3,,,,26.9,,1005.4,
2019-05-03,31.7,24.1,37.3,,,,26.9,,1004.1,
2019-05-04,28.3,19.4,35.8,,,,11.0,,1006.5,
2019-05-05,29.7,22.5,35.2,,,,18.6,,1010.5,
2019-05-06,29.1,21.0,35.7,,,,22.8,,1014.8,
2019-05-07,29.5,21.7,37.1,,,,26.1,,1014.8,
2019-05-08,31.6,24.0,39.2,,,,30.5,,1012.4,
2019-05-09,33.2,26.1,40.3,,,,30.8,,1008.5,
2019-05-10,35.4,28.4,42.2,,,,31.5,,1006.3,
2019-05-11,36.8,31.1,43.0,,,,35.5,,1005.4,
2019-05-12,36.9,31.8,42.4,,,,27.4,,1006.4,
2019-05-13,34.4,29.9,39.8,,,,33.1,,1007.1,
2019-05-14,30.1,23.7,36.2,,,,28.2,,1009.2,
2019-05-15,28.6,21.2,35.0,,,,20.7,,1010.8,
2019-05-16,31.0,20.4,40.7,,,,9.1,,1008.4,
2019-05-17,34.2,22.3,44.0,,,,16.9,,1004.5,
2019-05-18,34.7,25.4,42.5,,,,10.9,,1002.7,
2019-05-19,34.1,28.5,39.6,,,,21.7,,1004.8,
2019-05-20,32.4,29.1,35.6,,,,20.4,,1006.4,
2019-05-21,27.5,22.5,32.3,,,,26.2,,1009.6,
2019-05-22,29.6,23.0,36.4,,,,25.2,,1010.1,
2019-05-23,32.6,26.7,39.1,,,,27.5,,1010.2,
2019-05-24,34.5,28.3,41.1,,,,22.3,,1007.2,
2019-05-25,34.2,25.8,42.0,,,,17.2,,1003.6,
2019-05-26,31.1,24.5,36.2,,,,24.2,,1006.0,
2019-05-27,30.0,24.4,35.4,,,,25.0,,1008.8,
2019-05-28,30.2,24.2,36.2,,,,25.2,,1010.0,
2019-05-29,31.1,24.1,37.9,,,,22.8,,1010.2,
2019-05-30,32.8,25.1,39.7,,,,22.1,,1009.1,
2019-05-31,32.7,27.6,37.7,,,,32.8,,1009.4,
2019-06-01,30.3,25.4,35.1,,,,33.3,,1011.2,
2019-06-02,29.7,24.0,35.0,,,,33.1,,1012.4,
2019-06-03,31.0,25.0,37.0,,,,30.5,,1012.6,
2019-06-04,32.4,24.9,39.4,,,,23.6,,1011.1,
2019-06-05,33.8,25.1,41.2,,,,17.3,,1007.0,
2019-06-06,35.3,27.4,42.7,,,,13.7,,1006.0,
2019-06-07,35.3,26.6,43.3,,,,12.5,,1008.4,
2019-06-08,36.3,27.2,44.3,,,,9.5,,1011.2,
2019-06-09,37.2,28.4,45.3,,,,9.4,,1010.6,
2019-06-10,37.7,29.0,45.4,,,,14.7,,1006.2,
2019-06-11,36.6,25.5,44.8,,,,15.5,,1002.7,
2019-06-12,36.2,26.9,44.0,,,,18.4,,1004.8,
2019-06-13,37.0,30.3,43.5,,,,15.9,,1008.6,
2019-06-14,37.0,28.2,44.4,,,,11.8,,1010.7,
2019-06-15,38.6,30.4,45.8,,,,12.1,,1010.6,
2019-06-16,39.4,30.2,46.5,,,,14.7,,1009.5,
2019-06-17,37.7,29.4,45.1,,,,14.9,,1007.5,
2019-06-18,36.0,24.6,44.8,,,,9.1,,1007.5,
2019-06-19,37.4,29.6,45.2,,,,18.7,,1007.5,
2019-06-20,39.3,32.2,46.8,,,,19.0,,1005.4,
2019-06-21,39.2,31.1,47.2,,,,14.7,,1004.8,
2019-06-22,37.9,29.7,45.5,,,,13.0,,1006.1,
2019-06-23,37.2,25.3,45.8,,,,9.6,,1006.6,
2019-06-24,38.8,28.7,47.1,,,,9.2,,1006.8,
2019-06-25,40.3,32.3,48.1,,,,13.2,,1007.1,
2019-06-26,39.8,32.6,46.7,,,,18.9,,1008.1,
2019-06-27,39.4,31.7,46.6,,,,17.7,,1008.1,
2019-06-28,39.4,31.7,46.2,,,,13.5,,1007.1,
2019-06-29,39.8,31.4,46.4,,,,17.1,,1007.7,
2019-06-30,38.4,32.0,44.4,,,,25.2,,1010.1,
2019-07-01,37.4,30.0,43.9,,,,16.8,,1009.7,
2019-07-02,37.1,27.5,44.3,,,,11.2,,1007.4,
2019-07-03,38.1,30.6,45.7,,,,18.6,,1007.4,
2019-07-04,38.5,30.8,45.2,,,,22.9,,1009.5,
2019-07-05,38.6,31.7,45.1,,,,30.7,,1010.9,
2019-07-06,39.4,33.1,46.1,,,,31.2,,1009.5,
2019-07-07,39.7,32.9,46.5,,,,27.0,,1008.1,
2019-07-08,39.0,32.4,45.6,,,,24.5,,1007.3,
2019-07-09,38.4,30.7,45.6,,,,17.4,,1006.8,
2019-07-10,38.6,30.1,46.4,,,,14.4,,1006.4,
2019-07-11,39.7,31.4,46.8,,,,15.7,,1006.3,
2019-07-12,40.2,33.3,47.0,,,,29.8,,1007.0,
2019-07-13,40.7,33.3,47.2,,,,21.0,,1008.8,
2019-07-14,40.1,30.1,47.7,,,,10.2,,1007.9,
2019-07-15,40.5,30.1,48.5,,,,9.8,,1005.2,
2019-07-16,41.0,32.8,48.6,,,,15.7,,1004.0,
2019-07-17,41.5,35.2,47.9,,,,22.3,,1005.4,
2019-07-18,41.3,33.6,48.3,,,,21.4,,1002.9,
2019-07-19,41.6,34.0,48.0,,,,33.6,,1003.5,
2019-07-20,41.4,35.8,46.4,,,,32.9,,1006.5,
2019-07-21,39.9,34.1,45.1,,,,33.7,,1009.1,
2019-07-22,39.3,33.6,44.8,,,,35.6,,1009.1,
2019-07-23,37.9,32.0,43.3,,,,29.3,,1009.2,
2019-07-24,37.1,29.9,42.4,,,,26.2,,1008.4,
2019-07-25,38.2,31.7,43.8,,,,27.3,,1008.1,
2019-07-26,38.6,31.6,44.6,,,,25.2,,1007.5,
2019-07-27,38.6,31.0,45.5,,,,20.2,,1005.0,
2019-07-28,39.1,29.6,46.9,,,,17.2,,1002.4,
2019-07-29,41.1,34.0,48.2,,,,17.7,,1002.0,
2019-07-30,41.0,34.1,46.6,,,,17.2,,1003.5,
2019-07-31,39.9,33.5,44.7,,,,18.4,,1005.8,
2019-08-01,40.2,33.2,46.8,,,,11.3,,1006.9,
2019-08-02,41.0,32.9,47.9,,,,16.5,,1006.9,
2019-08-03,39.7,31.2,46.5,,,,21.8,,1007.3,
2019-08-04,39.6,32.3,46.5,,,,21.8,,1007.4,
2019-08-05,39.7,30.0,46.9,,,,22.8,,1007.8,
2019-08-06,40.7,34.0,47.7,,,,24.4,,1007.8,
2019-08-07,40.5,32.5,47.3,,,,17.3,,1008.3,
2019-08-08,40.3,33.8,47.1,,,,27.9,,1008.0,
2019-08-09,39.9,32.4,46.4,,,,18.8,,1009.3,
2019-08-10,40.1,30.6,47.0,,,,13.4,,1009.2,
2019-08-11,39.8,33.5,45.3,,,,26.8,,1007.6,
2019-08-12,37.9,31.7,43.6,,,,28.5,,1006.2,
2019-08-13,37.8,31.1,44.0,,,,30.6,,1006.7,
2019-08-14,38.9,32.4,45.3,,,,28.2,,1007.4,
2019-08-15,39.0,31.6,45.7,,,,25.4,,1008.4,
2019-08-16,39.0,32.5,45.2,,,,25.7,,1007.7,
2019-08-17,39.1,33.5,44.4,,,,30.2,,1007.8,
2019-08-18,38.8,32.1,44.8,,,,28.9,,1007.0,
2019-08-19,39.0,33.2,44.6,,,,32.6,,1006.6,
2019-08-20,38.4,32.6,44.7,,,,32.9,,1006.7,
2019-08-21,38.1,31.7,44.4,,,,35.7,,1007.2,
2019-08-22,37.8,32.1,43.7,,,,27.2,,1007.6,
2019-08-23,37.2,28.8,44.0,,,,19.8,,1009.6,
2019-08-24,37.7,30.9,44.1,,,,16.3,,1009.4,
2019-08-25,37.6,29.4,44.1,,,,12.7,,1008.4,
2019-08-26,36.9,29.0,42.9,,,,11.4,,1008.4,
2019-08-27,37.5,29.4,44.4,,,,10.7,,1008.8,
2019-08-28,38.4,32.2,43.8,,,,15.1,,1009.2,
2019-08-29,38.3,30.2,44.4,,,,12.0,,1010.2,
2019-08-30,38.1,33.2,43.5,,,,17.1,,1010.5,
2019-08-31,37.0,31.6,42.3,,,,21.4,,1009.1,
2019-09-01,35.8,30.6,40.7,,,,20.2,,1008.2,
2019-09-02,35.5,29.8,40.7,,,,20.7,,1009.7,
2019-09-03,35.9,30.5,41.4,,,,30.1,,1011.9,
2019-09-04,35.2,29.9,40.9,,,,26.7,,1011.7,
2019-09-05,35.0,27.7,41.3,,,,15.6,,1009.1,
2019-09-06,34.9,28.5,40.6,,,,15.8,,1008.6,
2019-09-07,34.4,29.1,39.2,,,,16.8,,1010.1,
2019-09-08,34.3,25.9,41.5,,,,10.6,,1011.2,
2019-09-09,35.5,28.1,42.1,,,,11.9,,1011.8,
2019-09-10,35.1,27.0,41.7,,,,12.1,,1010.8,
2019-09-11,34.6,25.2,42.0,,,,15.0,,1006.2,
2019-09-12,35.7,27.7,43.9,,,,20.5,,1008.4,
2019-09-13,37.7,30.6,43.7,,,,17.1,,1012.3,
2019-09-14,38.3,32.0,44.0,,,,20.1,,1012.7,
2019-09-15,37.8,32.2,43.3,,,,29.0,,1012.5,
2019-09-16,34.8,28.6,40.8,,,,30.9,,1012.6,
2019-09-17,33.7,27.5,40.2,,,,30.2,,1011.7,
2019-09-18,33.9,27.2,41.3,,,,26.4,,1010.9,
2019-09-19,35.0,27.5,42.6,,,,20.3,,1010.8,
2019-09-20,35.2,27.9,43.0,,,,14.6,,1010.9,
2019-09-21,34.9,27.3,42.9,,,,12.3,,1010.8,
2019-09-22,34.3,23.5,43.0,,,,9.2,,1010.9,
2019-09-23,34.6,26.5,42.9,,,,11.3,,1011.7,
2019-09-24,35.0,27.5,43.1,,,,14.1,,1011.9,
2019-09-25,34.7,26.0,43.3,,,,10.3,,1010.4,
2019-09-26,35.5,27.3,44.1,,,,12.8,,1011.0,
2019-09-27,35.3,27.7,43.3,,,,13.3,,1011.8,
2019-09-28,35.4,28.6,43.1,,,,24.9,,1012.5,
2019-09-29,34.5,28.4,40.6,,,,26.1,,1013.6,
2019-09-30,33.4,26.2,40.8,,,,14.4,,1013.6,
2019-10-01,33.0,23.7,41.6,,,,9.0,,1012.0,
2019-10-02,33.3,24.2,41.9,,,,8.6,,1010.0,
2019-10-03,30.4,24.3,36.6,,,,20.7,,1010.1,
2019-10-04,28.1,22.4,33.6,,,,31.1,,1012.6,
2019-10-05,29.3,22.7,36.9,,,,30.6,,1011.1,
2019-10-06,30.7,24.1,38.6,,,,28.4,,1011.0,
2019-10-07,30.8,24.3,38.3,,,,22.4,,1010.0,
2019-10-08,27.5,20.9,33.3,,,,22.2,,1009.9,
2019-10-09,26.2,20.4,31.6,,,,35.0,,1011.5,
2019-10-10,27.2,20.9,33.9,,,,35.3,,1012.6,
2019-10-11,29.3,23.1,36.6,,,,34.9,,1013.5,
2019-10-12,30.8,24.7,37.6,,,,31.0,,1013.7,
2019-10-13,29.9,25.4,34.2,,,,28.7,,1015.0,
2019-10-14,30.2,24.8,36.1,,,,21.5,,1014.0,
2019-10-15,29.7,23.7,36.0,,,,18.4,,1013.1,
2019-10-16,30.0,24.2,35.8,,,,20.5,,1013.4,
2019-10-17,29.7,25.1,34.5,,,,24.7,,1012.7,
2019-10-18,29.7,25.3,34.5,,,,30.8,,1011.3,
2019-10-19,29.0,23.9,34.4,,,,29.1,,1010.1,
2019-10-20,29.6,23.8,36.6,,,,15.8,,1009.7,
2019-10-21,29.6,21.6,38.1,,,,8.1,,1011.0,
2019-10-22,29.9,21.2,38.2,,,,15.0,,1009.2,
2019-10-23,29.7,24.1,35.4,,,,15.0,,1010.2,
2019-10-24,26.5,22.5,31.7,,,,15.8,,1015.1,
2019-10-25,23.3,17.5,28.9,,,,22.2,,1017.6,
2019-10-26,22.4,16.6,27.7,,,,20.1,,1017.2,
2019-10-27,22.1,15.4,28.5,,,,14.0,,1015.9,
2019-10-28,21.3,14.7,27.4,,,,17.1,,1014.7,
2019-10-29,21.7,16.0,26.9,,,,18.8,,1015.8,
2019-10-30,22.7,17.2,28.1,,,,25.1,,1017.6,
2019-10-31,23.7,18.4,29.2,,,,28.4,,1018.1,
2019-11-01,24.6,18.9,30.5,,,,23.2,,1016.7,
2019-11-02,24.4,18.4,30.6,,,,18.3,,1014.8,
2019-11-03,24.4,17.3,31.4,,,,9.6,,1014.8,
2019-11-04,24.3,15.2,33.3,,,,3.6,,1016.4,
2019-11-05,25.1,16.1,34.0,,,,5.6,,1013.9,
2019-11-06,24.5,16.7,32.5,,,,11.5,,1009.5,
2019-11-07,21.8,16.4,28.0,,,,26.8,,1012.3,
2019-11-08,21.8,15.9,29.0,,,,20.6,,1012.4,
2019-11-09,20.4,16.2,25.9,,,,28.8,,1015.8,
2019-11-10,17.6,11.8,24.3,,,,16.2,,1015.9,
2019-11-11,14.5,7.9,20.1,,,,17.5,,1013.4,
2019-11-12,15.5,6.5,23.1,,,,10.6,,1014.0,
2019-11-13,17.6,8.0,25.8,,,,4.6,,1016.1,
2019-11-14,18.6,8.7,27.9,,,,4.5,,1015.4,
2019-11-15,20.1,10.2,29.0,,,,11.7,,1010.3,
2019-11-16,20.5,12.4,27.6,,,,16.5,,1008.1,
2019-11-17,15.8,11.8,20.8,,,,30.1,,1016.6,
2019-11-18,15.0,9.8,22.3,,,,22.0,,1015.5,
2019-11-19,15.0,6.6,23.5,,,,12.0,,1016.2,
2019-11-20,17.0,10.8,24.7,,,,17.3,,1015.1,
2019-11-21,16.4,9.1,25.6,,,,8.6,,1015.9,
2019-11-22,16.7,7.6,26.7,,,,4.5,,1014.5,
2019-11-23,18.7,9.2,28.0,,,,10.8,,1012.9,
2019-11-24,19.4,10.8,27.6,,,,5.2,,1013.2,
2019-11-25,18.9,14.1,25.9,,,,14.8,,1016.5,
2019-11-26,17.1,7.6,26.0,,,,8.5,,1017.5,
2019-11-27,18.1,9.8,27.3,,,,9.2,,1016.3,
2019-11-28,19.0,10.3,28.4,,,,9.6,,1015.8,
2019-11-29,20.0,13.3,28.4,,,,14.4,,1017.3,
2019-11-30,20.8,14.7,28.7,,,,23.2,,1018.0,
2019-12-01,20.4,15.5,27.8,,,,16.0,,1014.2,
2019-12-02,18.2,9.8,27.3,,,,8.9,,1012.1,
2019-12-03,18.8,9.8,27.6,,,,15.7,,1010.9,
2019-12-04,16.9,11.6,23.2,,,,9.0,,1013.7,
2019-12-05,15.7,6.7,26.0,,,,9.9,,1015.6,
2019-12-06,18.6,8.9,28.8,,,,8.6,,1015.7,
2019-12-07,21.7,16.9,28.8,,,,7.8,,1015.6,
2019-12-08,19.5,16.0,24.6,,,,13.7,,1018.3,
2019-12-09,17.0,11.1,22.2,,,,20.5,,1021.9,
2019-12-10,16.7,12.3,22.4,,,,25.2,,1021.1,
2019-12-11,14.5,8.1,22.2,,,,13.7,,1022.9,
2019-12-12,12.7,2.4,22.8,,,,4.5,,1022.5,
2019-12-13,13.9,4.8,23.4,,,,4.9,,1021.2,
2019-12-14,15.8,7.6,24.7,,,,4.1,,1020.3,
2019-12-15,15.8,6.1,25.8,,,,5.1,,1019.1,
2019-12-16,16.7,7.0,26.8,,,,5.7,,1016.1,
2019-12-17,18.0,13.4,24.8,,,,20.5,,1011.0,
2019-12-18,13.7,6.4,21.1,,,,8.1,,1018.6,
2019-12-19,14.0,5.2,22.2,,,,11.5,,1022.6,
2019-12-20,17.0,12.6,24.3,,,,12.8,,1020.6,
2019-12-21,15.0,6.5,24.9,,,,4.1,,1020.8,
2019-12-22,16.0,5.8,27.1,,,,6.8,,1022.2,
2019-12-23,19.4,12.9,27.2,,,,18.7,,1022.6,
2019-12-24,19.4,14.9,26.1,,,,32.9,,1023.0,
2019-12-25,19.3,14.7,26.4,,,,32.9,,1022.1,
2019-12-26,19.8,14.2,27.9,,,,27.5,,1020.4,
2019-12-27,19.9,15.0,27.4,,,,28.9,,1020.4,
2019-12-28,19.6,15.1,25.9,,,,33.2,,1020.2,
2019-12-29,17.2,14.1,21.5,,,,37.4,,1021.8,
2019-12-30,13.8,10.8,17.4,,,,37.6,,1023.4,
2019-12-31,11.2,7.6,15.7,,,,27.7,,1026.8,
2020-01-01,10.9,5.9,16.0,,,,27.0,,1031.0,
2020-01-02,11.7,7.2,17.6,,,,28.1,,1030.8,
2020-01-03,12.8,8.3,19.2,,,,33.9,,1029.9,
2020-01-04,13.5,8.3,20.6,,,,28.4,,1027.2,
2020-01-05,14.2,9.1,20.9,,,,27.1,,1023.8,
2020-01-06,13.7,8.9,20.0,,,,34.4,,1022.2,
2020-01-07,14.4,10.4,19.7,,,,43.2,,1022.3,
2020-01-08,14.2,9.6,20.3,,,,33.0,,1022.3,
2020-01-09,13.2,8.2,20.0,,,,19.4,,1021.2,
2020-01-10,11.8,6.6,18.2,,,,14.8,,1021.9,
2020-01-11,10.7,3.2,17.5,,,,10.4,,1022.7,
2020-01-12,11.8,2.7,17.6,,,,16.1,,1023.9,
2020-01-13,12.1,6.4,17.6,,,,16.8,,1024.8,
2020-01-14,12.0,4.6,18.0,,,,19.4,,1025.5,
2020-01-15,13.2,8.7,18.6,,,,33.1,,1025.1,
2020-01-16,14.5,12.5,17.0,,,,32.6,,1023.9,
2020-01-17,15.8,10.7,22.2,,,,30.9,,1025.7,
2020-01-18,15.8,10.8,22.6,,,,30.2,,1027.2,
2020-01-19,15.0,9.3,23.3,,,,12.1,,1020.7,
2020-01-20,14.8,4.2,26.2,,,,20.1,,1012.7,
2020-01-21,18.3,10.8,26.4,,,,17.1,,1014.7,
2020-01-22,18.7,10.8,28.8,,,,11.6,,1017.2,
2020-01-23,17.2,7.7,27.7,,,,3.8,,1019.7,
2020-01-24,17.7,8.5,28.0,,,,4.5,,1021.4,
2020-01-25,18.6,11.1,26.6,,,,8.5,,1021.4,
2020-01-26,20.6,13.1,29.5,,,,7.5,,1019.6,
2020-01-27,19.5,16.2,24.6,,,,21.2,,1020.5,
2020-01-28,18.0,12.9,23.9,,,,27.3,,1021.9,
2020-01-29,17.6,12.3,24.3,,,,25.7,,1022.5,
2020-01-30,18.1,12.0,25.6,,,,22.6,,1022.8,
2020-01-31,19.2,12.6,27.3,,,,22.2,,1021.1,
2020-02-01,20.7,14.7,28.3,,,,21.8,,1020.3,
2020-02-02,20.0,14.2,26.3,,,,28.4,,1023.0,
2020-02-03,19.6,14.7,25.6,,,,35.5,,1024.7,
2020-02-04,20.5,15.1,27.6,,,,26.5,,1024.0,
2020-02-05,20.3,12.2,29.2,,,,9.4,,1019.6,
2020-02-06,18.9,14.7,24.2,,,,33.4,,1020.7,
2020-02-07,17.4,12.4,24.1,,,,38.0,,1022.5,
2020-02-08,18.3,12.6,26.0,,,,24.7,,1021.2,
2020-02-09,19.7,13.7,26.5,,,,28.8,,1021.7,
2020-02-10,20.8,15.1,28.0,,,,34.3,,1025.0,
2020-02-11,21.7,16.7,28.1,,,,22.0,,1024.5,
2020-02-12,21.2,17.1,25.6,,,,8.8,,1022.7,
2020-02-13,21.4,15.2,29.2,,,,8.1,,1020.7,
2020-02-14,21.8,15.9,29.2,,,,20.8,,1020.2,
2020-02-15,22.5,16.6,29.6,,,,31.3,,1020.3,
2020-02-16,22.8,18.3,29.3,,,,37.3,,1021.6,
2020-02-17,21.7,16.5,28.0,,,,35.6,,1021.3,
2020-02-18,19.9,14.9,25.7,,,,34.2,,1021.6,
2020-02-19,19.6,13.3,26.5,,,,31.3,,1019.3,
2020-02-20,20.7,15.1,27.3,,,,30.2,,1017.0,
2020-02-21,22.0,15.9,29.4,,,,30.9,,1018.2,
2020-02-22,21.5,16.2,28.1,,,,38.4,,1021.7,
2020-02-23,20.3,15.5,26.1,,,,40.1,,1025.0,
2020-02-24,19.6,13.3,26.8,,,,33.9,,1023.8,
2020-02-25,20.4,14.9,27.3,,,,17.8,,1019.2,
2020-02-26,20.1,10.7,29.2,,,,8.3,,1016.9,
2020-02-27,20.6,12.2,28.7,,,,13.0,,1018.6,
2020-02-28,21.7,14.6,28.9,,,,22.8,,1019.8,
2020-02-29,23.0,16.1,31.3,,,,19.9,,1017.1,
2020-03-01,23.5,16.0,32.3,,,,11.6,,1015.0,
2020-03-02,22.9,13.0,32.9,,,,6.2,,1015.7,
2020-03-03,22.8,12.3,30.4,,,,10.9,,1017.6,
2020-03-04,23.3,12.7,31.5,,,,10.3,,1018.8,
2020-03-05,23.0,13.8,31.8,,,,8.2,,1017.6,
2020-03-06,23.2,11.3,34.2,,,,5.1,,1012.4,
2020-03-07,22.2,18.5,27.3,,,,31.8,,1012.7,
2020-03-08,18.7,13.3,23.7,,,,34.3,,1019.6,
2020-03-09,17.8,11.5,24.1,,,,27.6,,1020.4,
2020-03-10,18.5,9.0,26.2,,,,18.3,,1018.8,
2020-03-11,18.8,11.2,25.1,,,,34.3,,1020.5,
2020-03-12,20.7,14.2,27.9,,,,38.0,,1018.0,
2020-03-13,22.4,15.4,30.3,,,,19.9,,1014.7,
2020-03-14,24.0,14.9,33.2,,,,10.7,,1013.9,
2020-03-15,25.8,17.6,35.0,,,,14.2,,1010.5,
2020-03-16,25.4,17.4,32.8,,,,20.8,,1006.1,
2020-03-17,23.6,13.6,32.9,,,,6.8,,1010.0,
2020-03-18,25.1,17.0,33.8,,,,18.5,,1010.7,
2020-03-19,26.4,20.1,33.4,,,,27.2,,1008.4,
2020-03-20,21.6,11.4,28.0,,,,18.0,,1008.0,
2020-03-21,21.2,10.9,29.5,,,,11.2,,1009.2,
2020-03-22,23.2,15.7,30.6,,,,11.7,,1008.7,
2020-03-23,24.2,15.4,32.6,,,,18.5,,1005.9,
2020-03-24,20.6,10.7,26.7,,,,25.2,,1004.0,
2020-03-25,20.6,13.1,27.6,,,,23.7,,1005.7,
2020-03-26,20.5,14.7,26.2,,,,13.3,,1011.4,
2020-03-27,21.3,11.9,29.8,,,,13.4,,1010.8,
2020-03-28,23.3,12.1,31.6,,,,13.9,,1010.5,
2020-03-29,23.6,17.9,28.8,,,,14.4,,1009.9,
2020-03-30,22.6,15.4,29.0,,,,18.1,,1012.6,
2020-03-31,24.0,16.4,31.8,,,,15.4,,1011.1,
2020-04-01,24.6,12.1,34.0,,,,9.7,,1011.2,
2020-04-02,25.2,13.1,34.6,,,,17.4,,1008.1,
2020-04-03,25.3,17.1,32.2,,,,14.1,,1006.1,
2020-04-04,24.2,18.0,30.2,,,,33.5,,1011.2,
2020-04-05,24.5,18.6,31.0,,,,28.8,,1013.8,
2020-04-06,25.3,18.8,31.9,,,,29.3,,1016.1,
2020-04-07,26.9,20.3,33.3,,,,37.0,,1016.0,
2020-04-08,27.9,21.6,34.2,,,,34.3,,1014.5,
2020-04-09,28.4,20.8,35.5,,,,25.8,,1013.0,
2020-04-10,30.1,22.6,38.0,,,,17.0,,1011.0,
2020-04-11,31.1,23.8,39.3,,,,22.5,,1008.8,
2020-04-12,32.7,25.6,40.3,,,,23.7,,1008.1,
2020-04-13,30.3,20.3,38.5,,,,17.1,,1007.7,
2020-04-14,28.5,25.3,31.4,,,,18.4,,1012.0,
2020-04-15,26.0,22.4,29.1,,,,13.1,,1015.8,
2020-04-16,27.3,19.0,35.1,,,,12.6,,1015.7,
2020-04-17,30.2,24.0,36.9,,,,19.7,,1012.3,
2020-04-18,31.9,24.9,39.0,,,,19.1,,1008.4,
2020-04-19,26.6,20.7,30.9,,,,30.8,,1008.1,
2020-04-20,22.7,13.5,30.7,,,,9.6,,1012.0,
2020-04-21,25.5,15.8,33.7,,,,12.5,,1010.2,
2020-04-22,26.4,16.3,34.5,,,,12.5,,1008.5,
2020-04-23,27.5,21.2,34.6,,,,26.6,,1010.2,
2020-04-24,29.6,21.4,37.7,,,,18.5,,1009.7,
2020-04-25,30.6,24.8,37.1,,,,18.9,,1006.0,
2020-04-26,27.8,18.5,35.6,,,,10.3,,1008.4,
2020-04-27,28.4,18.8,36.7,,,,13.3,,1010.4,
2020-04-28,29.9,21.9,37.9,,,,13.3,,1010.6,
2020-04-29,29.6,19.4,38.2,,,,11.3,,1011.6,
2020-04-30,29.8,21.2,37.1,,,,16.4,,1012.8,
2020-05-01,32.0,27.8,36.9,,,,25.9,,1013.2,
2020-05-02,32.2,27.0,37.7,,,,35.7,,1012.4,
2020-05-03,33.2,27.2,39.2,,,,41.2,,1011.0,
2020-05-04,35.1,27.6,43.0,,,,32.3,,1009.3,
2020-05-05,37.0,29.7,44.7,,,,23.1,,1008.9,
2020-05-06,37.6,30.2,45.1,,,,11.4,,1008.4,
2020-05-07,37.1,28.2,45.3,,,,9.3,,1007.0,
2020-05-08,38.2,31.6,45.0,,,,16.6,,1006.5,
2020-05-09,36.5,31.3,40.4,,,,21.5,,1007.9,
2020-05-10,34.6,26.3,42.4,,,,20.4,,1006.7,
2020-05-11,33.4,21.7,42.3,,,,10.5,,1007.5,
2020-05-12,35.0,26.6,42.2,,,,12.7,,1007.0,
2020-05-13,33.0,24.8,39.7,,,,14.3,,1007.1,
2020-05-14,31.9,25.1,37.7,,,,16.6,,1009.0,
2020-05-15,30.6,21.5,37.8,,,,13.9,,1008.7,
2020-05-16,29.0,20.7,35.4,,,,13.6,,1008.8,
2020-05-17,28.7,20.5,35.9,,,,11.3,,1010.3,
2020-05-18,29.9,24.2,35.5,,,,20.1,,1012.3,
2020-05-19,29.8,23.6,35.2,,,,23.8,,1013.2,
2020-05-20,30.1,23.4,36.1,,,,28.0,,1012.1,
2020-05-21,31.5,25.1,37.3,,,,33.0,,1010.2,
2020-05-22,31.5,27.0,35.3,,,,47.4,,1010.7,
2020-05-23,31.0,27.7,34.9,,,,56.9,,1009.9,
2020-05-24,32.2,25.2,38.9,,,,40.8,,1009.5,
2020-05-25,34.2,28.7,40.5,,,,21.5,,1010.5,
2020-05-26,35.2,28.5,41.3,,,,15.7,,1011.3,
2020-05-27,34.9,29.5,40.5,,,,15.7,,1012.1,
2020-05-28,34.0,27.9,39.8,,,,18.4,,1012.6,
2020-05-29,33.6,27.3,40.0,,,,15.5,,1010.4,
2020-05-30,34.3,25.6,41.9,,,,10.7,,1007.6,
2020-05-31,36.5,28.5,43.8,,,,12.0,,1008.5,
2020-06-01,38.2,30.4,44.6,,,,12.9,,1008.3,
2020-06-02,37.6,29.4,43.8,,,,13.5,,1008.6,
2020-06-03,37.1,27.5,44.1,,,,11.3,,1006.4,
2020-06-04,37.3,29.1,43.9,,,,17.8,,1005.5,
2020-06-05,37.1,32.0,42.4,,,,18.4,,1007.9,
2020-06-06,36.5,29.3,42.6,,,,16.8,,1010.4,
2020-06-07,36.7,31.0,42.3,,,,21.8,,1010.6,
2020-06-08,35.0,29.3,40.0,,,,15.7,,1010.2,
2020-06-09,34.5,26.1,41.4,,,,14.4,,1009.0,
2020-06-10,34.9,25.8,42.0,,,,14.1,,1007.7,
2020-06-11,35.2,26.9,42.8,,,,16.7,,1006.8,
2020-06-12,34.2,23.7,42.9,,,,16.4,,1006.1,
2020-06-13,35.3,25.0,43.5,,,,17.8,,1008.5,
2020-06-14,34.9,25.4,42.7,,,,12.8,,1012.1,
2020-06-15,36.0,28.7,43.1,,,,22.9,,1011.2,
2020-06-16,36.2,30.4,42.0,,,,33.9,,1011.6,
2020-06-17,36.9,29.9,44.5,,,,23.5,,1008.3,
2020-06-18,38.6,30.4,46.6,,,,17.5,,1006.1,
2020-06-19,38.6,28.3,46.8,,,,10.5,,1008.6,
2020-06-20,39.8,33.4,46.2,,,,18.8,,1010.7,
2020-06-21,38.5,33.5,43.5,,,,32.3,,1011.8,
2020-06-22,35.0,28.7,40.9,,,,31.4,,1011.9,
2020-06-23,34.8,28.4,41.2,,,,28.5,,1010.3,
2020-06-24,36.1,30.0,42.4,,,,31.7,,1010.1,
2020-06-25,37.0,30.6,43.4,,,,28.6,,1010.1,
2020-06-26,37.9,30.4,44.9,,,,27.1,,1008.7,
2020-06-27,39.5,33.6,45.7,,,,31.9,,1006.8,
2020-06-28,39.6,33.6,45.8,,,,32.0,,1007.3,
2020-06-29,39.4,32.4,45.8,,,,19.9,,1008.9,
2020-06-30,39.0,30.7,46.2,,,,16.0,,1008.4,
2020-07-01,39.8,32.3,47.0,,,,21.1,,1008.9,
2020-07-02,39.8,31.8,47.1,,,,21.3,,1008.9,
2020-07-03,40.1,30.6,47.6,,,,13.4,,1007.9,
2020-07-04,40.8,34.2,47.5,,,,13.9,,1007.9,
2020-07-05,40.2,34.6,46.0,,,,29.0,,1009.2,
2020-07-06,37.8,28.6,44.7,,,,16.8,,1008.5,
2020-07-07,37.5,30.8,42.7,,,,21.8,,1006.1,
2020-07-08,36.5,30.6,42.0,,,,29.9,,1006.6,
2020-07-09,38.0,32.5,44.2,,,,30.4,,1006.3,
2020-07-10,38.0,31.7,43.5,,,,13.6,,1006.4,
2020-07-11,39.0,31.5,45.2,,,,13.2,,1007.2,
2020-07-12,38.2,31.3,44.7,,,,20.9,,1008.5,
2020-07-13,38.3,29.0,45.7,,,,23.6,,1007.2,
2020-07-14,39.1,31.7,46.0,,,,21.4,,1004.5,
2020-07-15,39.3,30.9,46.2,,,,16.4,,1005.2,
2020-07-16,39.8,32.2,46.7,,,,20.0,,1007.6,
2020-07-17,39.5,30.3,47.1,,,,15.1,,1006.7,
2020-07-18,39.6,29.9,47.0,,,,12.5,,1005.5,
2020-07-19,40.0,34.1,45.6,,,,27.9,,1006.2,
2020-07-20,37.8,31.0,43.5,,,,28.8,,1007.7,
2020-07-21,38.6,32.4,44.3,,,,34.8,,1008.2,
2020-07-22,39.7,34.2,45.3,,,,34.9,,1007.9,
2020-07-23,38.4,32.1,44.1,,,,34.4,,1007.6,
2020-07-24,37.6,29.9,44.6,,,,24.1,,1006.0,
2020-07-25,37.6,29.6,44.7,,,,28.6,,1006.0,
2020-07-26,37.5,30.1,43.9,,,,31.9,,1007.2,
2020-07-27,38.2,32.8,43.9,,,,32.3,,1008.7,
2020-07-28,37.6,30.5,43.8,,,,22.0,,1008.0,
2020-07-29,36.5,23.3,43.9,,,,19.3,,1007.4,
2020-07-30,37.8,30.7,43.7,,,,26.7,,1007.1,
2020-07-31,38.8,32.6,44.8,,,,33.5,,1007.1,
2020-08-01,39.8,34.0,45.0,,,,34.0,,1007.8,
2020-08-02,39.4,33.7,45.1,,,,31.4,,1007.9,
2020-08-03,37.9,30.1,44.9,,,,22.2,,1006.4,
2020-08-04,37.6,31.0,44.6,,,,13.1,,1004.0,
2020-08-05,38.8,33.6,44.2,,,,15.9,,1005.0,
2020-08-06,39.2,32.3,46.0,,,,18.1,,1006.6,
2020-08-07,38.0,31.5,43.8,,,,25.3,,1009.1,
2020-08-08,36.4,29.9,42.2,,,,28.2,,1010.0,
2020-08-09,35.5,29.3,40.9,,,,26.6,,1008.7,
2020-08-10,35.4,29.3,40.9,,,,29.3,,1006.6,
2020-08-11,37.7,32.0,43.8,,,,26.6,,1006.4,
2020-08-12,38.9,33.9,43.9,,,,15.4,,1008.3,
2020-08-13,39.1,32.4,45.2,,,,12.2,,1009.4,
2020-08-14,39.4,31.4,46.3,,,,14.9,,1007.2,
2020-08-15,39.5,33.4,46.0,,,,30.5,,1005.6,
2020-08-16,39.0,32.6,45.3,,,,32.3,,1004.6,
2020-08-17,39.9,33.5,46.4,,,,31.0,,1003.4,
2020-08-18,40.0,33.5,45.8,,,,19.8,,1005.8,
2020-08-19,38.6,30.5,45.7,,,,14.6,,1006.3,
2020-08-20,38.4,28.5,46.0,,,,12.0,,1006.5,
2020-08-21,39.7,31.4,46.8,,,,19.6,,1007.8,
2020-08-22,40.1,31.9,46.9,,,,24.6,,1009.0,
2020-08-23,38.4,31.9,44.4,,,,30.6,,1008.3,
2020-08-24,37.6,30.4,44.8,,,,28.3,,1007.5,
2020-08-25,37.5,29.4,44.9,,,,21.5,,1008.6,
2020-08-26,37.9,29.9,44.8,,,,18.9,,1010.1,
2020-08-27,36.8,30.0,43.0,,,,28.2,,1009.8,
2020-08-28,35.7,28.2,43.1,,,,16.1,,1005.5,
2020-08-29,35.9,25.9,44.0,,,,14.2,,1002.7,
2020-08-30,37.2,31.4,42.9,,,,17.1,,1005.6,
2020-08-31,36.6,28.3,43.0,,,,13.3,,1009.2,
2020-09-01,38.4,31.7,44.4,,,,15.4,,1007.3,
2020-09-02,37.3,31.1,42.3,,,,23.0,,1005.6,
2020-09-03,35.8,27.6,42.0,,,,33.5,,1008.7,
2020-09-04,34.2,28.7,39.0,,,,33.6,,1013.5,
2020-09-05,32.6,26.3,38.0,,,,32.3,,1011.4,
2020-09-06,34.6,28.4,40.9,,,,30.6,,1007.2,
2020-09-07,36.5,30.6,42.5,,,,26.7,,1007.0,
2020-09-08,37.2,31.8,42.8,,,,21.8,,1009.4,
2020-09-09,37.7,31.9,44.0,,,,18.3,,1011.5,
2020-09-10,37.9,31.2,44.8,,,,15.0,,1008.9,
2020-09-11,37.7,30.5,44.9,,,,12.7,,1006.3,
2020-09-12,37.9,31.5,44.2,,,,22.9,,1007.8,
2020-09-13,37.6,30.7,44.3,,,,31.9,,1010.7,
2020-09-14,36.7,30.9,42.4,,,,32.6,,1012.2,
2020-09-15,34.0,28.8,38.6,,,,32.9,,1013.0,
2020-09-16,31.4,26.0,36.1,,,,32.4,,1013.3,
2020-09-17,32.7,26.8,38.8,,,,35.0,,1011.6,
2020-09-18,34.5,28.6,41.2,,,,20.0,,1012.1,
2020-09-19,34.6,26.6,42.3,,,,9.6,,1012.6,
2020-09-20,34.8,26.3,42.6,,,,14.8,,1010.9,
2020-09-21,35.6,28.8,43.2,,,,16.8,,1010.1,
2020-09-22,36.0,28.2,44.0,,,,13.8,,1009.3,
2020-09-23,35.8,25.9,44.7,,,,8.9,,1009.7,
2020-09-24,36.2,26.6,45.3,,,,8.5,,1011.0,
2020-09-25,36.3,28.8,44.6,,,,12.9,,1011.7,
2020-09-26,34.7,26.7,42.4,,,,17.2,,1008.7,
2020-09-27,34.1,27.5,40.8,,,,25.0,,1006.3,
2020-09-28,34.8,26.9,43.5,,,,13.3,,1007.9,
2020-09-29,35.4,26.8,44.5,,,,13.6,,1010.7,
2020-09-30,36.9,31.3,44.1,,,,17.9,,1010.2,
2020-10-01,35.5,27.1,43.6,,,,10.5,,1007.5,
2020-10-02,36.1,29.6,43.7,,,,16.1,,1004.6,
2020-10-03,34.7,25.5,42.7,,,,16.2,,1005.3,
2020-10-04,33.7,27.5,39.2,,,,10.8,,1009.9,
2020-10-05,33.2,25.2,40.9,,,,10.0,,1011.8,
2020-10-06,31.0,23.3,37.2,,,,18.8,,1013.1,
2020-10-07,29.1,22.9,34.4,,,,27.6,,1014.2,
2020-10-08,29.6,24.1,35.6,,,,36.7,,1013.5,
2020-10-09,31.1,25.1,38.4,,,,31.2,,1012.9,
2020-10-10,31.7,25.6,38.5,,,,22.1,,1013.5,
2020-10-11,30.6,24.2,37.2,,,,12.0,,1013.7,
2020-10-12,29.3,20.4,36.9,,,,10.6,,1012.4,
2020-10-13,27.6,22.7,34.3,,,,27.3,,1014.6,
2020-10-14,28.3,19.6,37.5,,,,15.8,,1012.6,
2020-10-15,30.0,20.1,39.3,,,,10.9,,1009.8,
2020-10-16,28.7,20.2,36.6,,,,10.9,,1008.6,
2020-10-17,26.5,19.7,33.7,,,,18.1,,1010.6,
2020-10-18,27.0,22.1,32.8,,,,31.2,,1012.6,
2020-10-19,26.5,21.8,32.0,,,,39.2,,1014.2,
2020-10-20,27.7,22.2,34.2,,,,34.3,,1012.7,
2020-10-21,29.3,22.7,36.9,,,,15.3,,1011.6,
2020-10-22,29.1,18.4,39.7,,,,7.0,,1013.4,
2020-10-23,30.5,21.2,40.5,,,,6.7,,1015.8,
2020-10-24,30.9,24.0,39.0,,,,13.4,,1016.1,
2020-10-25,29.9,24.6,36.5,,,,19.5,,1015.2,
2020-10-26,28.0,23.2,33.3,,,,17.7,,1013.7,
2020-10-27,25.0,18.6,31.6,,,,18.4,,1014.6,
2020-10-28,23.5,18.1,29.9,,,,26.4,,1016.7,
2020-10-29,23.6,18.3,30.0,,,,34.6,,1017.5,
2020-10-30,25.2,19.9,31.9,,,,37.7,,1017.5,
2020-10-31,24.8,20.0,30.9,,,,36.6,,1017.9,
2020-11-01,24.2,18.9,30.4,,,,34.6,,1016.3,
2020-11-02,25.1,20.9,31.3,,,,24.2,,1015.8,
2020-11-03,25.4,18.1,32.8,,,,12.9,,1017.4,
2020-11-04,26.6,21.5,33.1,,,,18.2,,1015.9,
2020-11-05,26.0,19.0,34.5,,,,13.0,,1016.3,
2020-11-06,26.1,21.2,32.9,,,,21.9,,1018.8,
2020-11-07,26.3,21.2,32.7,,,,30.5,,1019.5,
2020-11-08,25.2,20.0,31.7,,,,30.3,,1020.3,
2020-11-09,24.7,19.2,31.7,,,,27.0,,1019.7,
2020-11-10,25.0,19.7,31.6,,,,23.8,,1018.7,
2020-11-11,24.4,20.6,29.0,,,,25.7,,1018.2,
2020-11-12,23.1,18.7,29.3,,,,23.5,,1019.3,
2020-11-13,21.7,16.2,28.1,,,,20.7,,1021.2,
2020-11-14,22.0,17.2,28.3,,,,20.9,,1021.4,
2020-11-15,22.6,17.9,28.7,,,,23.1,,1020.4,
2020-11-16,22.2,17.1,28.4,,,,22.1,,1020.7,
2020-11-17,22.0,16.3,28.8,,,,19.5,,1020.5,
2020-11-18,21.5,15.0,28.1,,,,17.5,,1019.2,
2020-11-19,20.2,16.3,25.0,,,,35.8,,1019.6,
2020-11-20,19.7,15.4,25.6,,,,32.6,,1018.8,
2020-11-21,19.6,14.9,25.0,,,,23.6,,1017.1,
2020-11-22,16.7,13.4,20.2,,,,26.2,,1019.1,
2020-11-23,15.2,9.7,20.8,,,,18.8,,1021.6,
2020-11-24,16.0,9.7,22.0,,,,22.7,,1022.3,
2020-11-25,17.5,12.8,23.5,,,,28.5,,1018.5,
2020-11-26,18.6,13.4,27.0,,,,17.5,,1013.5,
2020-11-27,17.0,8.8,25.2,,,,14.9,,1009.2,
2020-11-28,15.1,7.7,22.2,,,,9.5,,1013.8,
2020-11-29,14.3,5.3,23.5,,,,5.2,,1018.0,
2020-11-30,16.0,6.8,25.6,,,,13.5,,1020.0,
2020-12-01,17.7,12.4,25.0,,,,14.0,,1019.7,
2020-12-02,16.0,7.8,24.2,,,,4.4,,1017.5,
2020-12-03,18.3,10.7,26.7,,,,6.0,,1015.0,
2020-12-04,19.5,13.7,27.1,,,,11.1,,1009.6,
2020-12-05,17.2,10.0,24.5,,,,18.8,,1007.4,
2020-12-06,15.7,11.5,21.6,,,,16.5,,1013.4,
2020-12-07,14.0,9.2,20.7,,,,17.1,,1019.9,
2020-12-08,12.6,3.5,21.9,,,,4.3,,1021.5,
2020-12-09,12.8,3.4,23.6,,,,2.2,,1020.2,
2020-12-10,14.5,7.8,23.1,,,,8.9,,1020.8,
2020-12-11,15.1,4.7,25.1,,,,3.8,,1019.7,
2020-12-12,18.3,9.5,28.0,,,,7.9,,1016.5,
2020-12-13,17.9,9.6,26.1,,,,9.9,,1016.2,
2020-12-14,18.2,12.8,26.1,,,,20.3,,1016.0,
2020-12-15,18.4,14.6,25.2,,,,20.5,,1015.3,
2020-12-16,20.2,14.7,28.8,,,,15.9,,1015.1,
2020-12-17,19.7,14.8,27.5,,,,12.0,,1012.6,
2020-12-18,16.4,8.8,24.9,,,,6.7,,1013.5,
2020-12-19,15.1,7.7,22.7,,,,9.3,,1016.4,
2020-12-20,16.1,11.8,21.9,,,,18.3,,1019.4,
2020-12-21,15.4,9.0,21.0,,,,20.1,,1021.9,
2020-12-22,16.1,11.9,20.7,,,,29.1,,1023.7,
2020-12-23,16.4,11.5,22.4,,,,34.8,,1023.9,
2020-12-24,17.2,12.4,24.4,,,,29.9,,1021.7,
2020-12-25,17.1,11.9,25.2,,,,13.4,,1019.2,
2020-12-26,14.9,6.5,23.9,,,,5.9,,1018.1,
2020-12-27,13.2,8.2,18.7,,,,18.1,,1019.2,
2020-12-28,11.3,4.6,20.2,,,,4.3,,1018.0,
2020-12-29,12.8,2.8,23.9,,,,8.9,,1014.2,
2020-12-30,14.7,6.1,24.6,,,,6.5,,1014.0,
2020-12-31,16.1,11.5,23.2,,,,24.8,,1015.1,
2021-01-01,16.2,11.9,23.1,,,,23.2,,1012.4,
2021-01-02,13.3,7.7,22.0,,,,11.0,,1014.3,
2021-01-03,11.6,2.8,20.8,,,,9.9,,1014.7,
2021-01-04,14.3,10.4,21.4,,,,23.0,,1016.2,
2021-01-05,14.6,8.5,23.3,,,,10.3,,1014.4,
2021-01-06,15.6,6.9,26.1,,,,6.3,,1015.6,
2021-01-07,18.8,11.1,28.0,,,,8.2,,1016.4,
2021-01-08,22.0,15.1,32.3,,,,8.1,,1015.1,
2021-01-09,21.9,12.8,32.7,,,,11.6,,1011.3,
2021-01-10,18.5,13.3,24.2,,,,13.0,,1012.5,
2021-01-11,13.8,5.9,21.0,,,,8.6,,1016.3,
2021-01-12,14.0,7.9,19.9,,,,17.4,,1021.6,
2021-01-13,16.1,13.2,20.3,,,,36.2,,1023.0,
2021-01-14,13.5,9.1,19.2,,,,25.9,,1021.7,
2021-01-15,12.0,4.9,19.3,,,,14.0,,1021.1,
2021-01-16,12.4,4.3,20.3,,,,15.7,,1021.1,
2021-01-17,13.4,9.2,18.9,,,,31.6,,1024.2,
2021-01-18,14.3,9.2,21.3,,,,33.9,,1022.8,
2021-01-19,15.5,9.8,23.0,,,,33.8,,1023.0,
2021-01-20,16.3,11.5,24.6,,,,19.8,,1022.0,
2021-01-21,14.0,4.3,24.9,,,,3.2,,1022.0,
2021-01-22,15.1,6.2,24.9,,,,8.4,,1022.2,
2021-01-23,15.2,4.9,26.2,,,,5.0,,1020.5,
2021-01-24,16.6,6.2,27.7,,,,4.2,,1019.5,
2021-01-25,17.8,7.7,28.1,,,,3.3,,1018.5,
2021-01-26,18.5,9.4,27.2,,,,12.4,,1019.5,
2021-01-27,19.3,13.7,25.7,,,,23.7,,1021.5,
2021-01-28,19.1,13.3,26.3,,,,30.4,,1021.6,
2021-01-29,20.0,14.5,28.0,,,,22.4,,1021.4,
2021-01-30,19.0,8.7,28.8,,,,6.5,,1018.5,
2021-01-31,18.6,8.5,27.8,,,,6.7,,1015.2,
2021-02-01,19.1,12.6,26.7,,,,6.9,,1017.1,
2021-02-02,18.0,7.6,28.0,,,,6.9,,1019.1,
2021-02-03,20.4,13.6,28.9,,,,19.1,,1019.4,
2021-02-04,22.9,17.1,31.6,,,,18.1,,1015.8,
2021-02-05,21.8,13.0,31.6,,,,13.7,,1014.2,
2021-02-06,22.0,16.8,27.3,,,,18.1,,1011.1,
2021-02-07,17.7,12.0,22.3,,,,16.3,,1013.1,
2021-02-08,15.3,6.3,23.8,,,,4.7,,1018.5,
2021-02-09,16.4,5.8,26.7,,,,7.9,,1018.4,
2021-02-10,17.8,8.0,28.2,,,,4.9,,1017.7,
2021-02-11,18.9,7.8,29.2,,,,13.6,,1018.8,
2021-02-12,21.3,14.7,29.6,,,,22.7,,1017.8,
2021-02-13,21.3,13.7,29.0,,,,21.6,,1016.6,
2021-02-14,20.7,16.4,25.7,,,,32.9,,1017.9,
2021-02-15,17.5,14.4,20.6,,,,51.5,,1022.7,
2021-02-16,14.2,9.6,19.3,,,,53.3,,1025.3,
2021-02-17,16.1,9.2,23.8,,,,35.2,,1022.2,
2021-02-18,19.6,14.6,26.6,,,,13.5,,1019.9,
2021-02-19,20.5,10.7,29.7,,,,9.6,,1020.2,
2021-02-20,23.5,19.1,30.9,,,,18.8,,1019.0,
2021-02-21,23.4,14.3,32.9,,,,13.8,,1016.0,
2021-02-22,23.9,18.0,30.3,,,,14.8,,1014.4,
2021-02-23,18.7,14.1,22.9,,,,20.6,,1018.3,
2021-02-24,14.5,6.3,20.7,,,,7.8,,1018.4,
2021-02-25,18.2,9.5,26.1,,,,25.0,,1016.6,
2021-02-26,20.9,14.9,27.6,,,,38.6,,1016.2,
2021-02-27,21.7,15.8,29.8,,,,27.6,,1013.2,
2021-02-28,21.2,10.0,31.9,,,,13.0,,1012.2,
2021-03-01,23.5,15.7,32.9,,,,15.4,,1011.7,
2021-03-02,20.9,9.7,30.5,,,,8.9,,1012.6,
2021-03-03,20.1,10.6,29.0,,,,9.4,,1013.7,
2021-03-04,19.6,11.0,27.0,,,,14.2,,1013.9,
2021-03-05,18.9,11.1,25.9,,,,10.0,,1015.0,
2021-03-06,21.5,14.4,30.1,,,,20.2,,1014.6,
2021-03-07,22.7,15.2,30.9,,,,21.7,,1010.7,
2021-03-08,19.7,8.3,28.6,,,,8.7,,1010.0,
2021-03-09,21.0,12.6,29.6,,,,10.6,,1008.9,
2021-03-10,21.8,15.6,28.8,,,,28.9,,1006.6,
2021-03-11,20.6,15.7,25.2,,,,52.6,,1013.2,
2021-03-12,19.0,16.1,21.6,,,,56.0,,1009.9,
2021-03-13,19.6,14.4,25.0,,,,31.6,,1012.8,
2021-03-14,20.8,12.9,27.4,,,,19.7,,1016.6,
2021-03-15,21.7,16.1,27.8,,,,33.2,,1015.8,
2021-03-16,22.5,16.1,29.3,,,,36.0,,1012.8,
2021-03-17,23.3,17.9,29.3,,,,41.1,,1010.2,
2021-03-18,22.2,16.3,28.3,,,,27.3,,1009.1,
2021-03-19,22.1,11.4,30.9,,,,12.8,,1008.1,
2021-03-20,22.8,16.3,29.0,,,,23.8,,1004.0,
2021-03-21,21.0,14.4,28.3,,,,23.2,,1005.8,
2021-03-22,16.9,11.5,21.5,,,,20.5,,1014.7,
2021-03-23,17.3,10.1,23.9,,,,21.9,,1020.4,
2021-03-24,18.6,12.7,24.3,,,,27.6,,1021.7,
2021-03-25,19.2,12.7,25.7,,,,30.4,,1021.0,
2021-03-26,21.1,14.5,28.4,,,,35.5,,1020.7,
2021-03-27,23.1,16.0,31.0,,,,23.2,,1019.8,
2021-03-28,24.8,18.1,32.3,,,,19.6,,1019.6,
2021-03-29,26.2,20.1,32.7,,,,24.9,,1018.5,
2021-03-30,27.3,20.9,33.9,,,,23.1,,1016.0,
2021-03-31,26.5,20.1,33.2,,,,23.1,,1015.8,
2021-04-01,25.6,19.2,32.6,,,,24.7,,1017.5,
2021-04-02,25.5,15.7,35.1,,,,12.2,,1016.2,
2021-04-03,28.2,16.5,37.7,,,,17.9,,1010.0,
2021-04-04,31.1,24.4,37.8,,,,25.2,,1005.8,
2021-04-05,26.7,17.6,34.8,,,,11.3,,1007.2,
2021-04-06,26.9,20.7,33.5,,,,28.3,,1010.0,
2021-04-07,27.3,21.1,34.6,,,,19.7,,1010.5,
2021-04-08,27.3,17.8,35.6,,,,19.6,,1011.9,
2021-04-09,29.5,23.5,37.1,,,,26.0,,1008.6,
2021-04-10,28.9,21.2,37.2,,,,16.3,,1006.1,
2021-04-11,28.3,18.1,37.0,,,,11.9,,1006.7,
2021-04-12,28.6,21.2,36.1,,,,16.2,,1011.3,
2021-04-13,29.8,23.2,36.7,,,,29.1,,1013.3,
2021-04-14,31.0,24.3,38.8,,,,27.2,,1008.7,
2021-04-15,30.3,21.0,38.0,,,,23.2,,1003.3,
2021-04-16,27.7,18.3,35.1,,,,18.1,,1004.7,
2021-04-17,26.4,20.9,31.8,,,,18.7,,1008.6,
2021-04-18,24.9,18.4,31.2,,,,27.9,,1014.2,
2021-04-19,25.4,18.8,32.2,,,,33.0,,1014.8,
2021-04-20,27.4,19.7,35.5,,,,25.8,,1010.3,
2021-04-21,29.0,20.0,37.8,,,,14.4,,1007.1,
2021-04-22,29.4,18.3,39.1,,,,8.2,,1006.7,
2021-04-23,30.2,18.8,40.3,,,,6.5,,1006.9,
2021-04-24,32.0,23.2,41.5,,,,16.6,,1006.5,
2021-04-25,32.1,22.8,41.0,,,,17.4,,1006.5,
2021-04-26,31.0,19.4,39.9,,,,9.6,,1007.6,
2021-04-27,31.8,20.7,40.4,,,,13.9,,1006.0,
2021-04-28,31.0,22.7,38.0,,,,13.8,,1006.3,
2021-04-29,31.9,21.8,39.7,,,,14.4,,1008.1,
2021-04-30,30.8,25.9,34.8,,,,22.5,,1009.4,
2021-05-01,28.8,25.2,33.9,,,,12.1,,1011.3,
2021-05-02,30.3,21.8,37.6,,,,13.5,,1009.8,
2021-05-03,30.8,25.6,36.8,,,,10.8,,1010.8,
2021-05-04,32.6,26.4,39.4,,,,17.0,,1009.0,
2021-05-05,31.7,27.0,36.8,,,,26.7,,1008.6,
2021-05-06,30.1,22.3,36.9,,,,30.2,,1009.0,
2021-05-07,31.5,25.2,37.4,,,,23.4,,1010.2,
2021-05-08,32.1,25.6,39.1,,,,27.2,,1010.4,
2021-05-09,33.3,27.1,40.5,,,,18.2,,1007.6,
2021-05-10,33.0,21.2,42.6,,,,13.8,,1007.6,
2021-05-11,32.4,21.4,41.6,,,,9.4,,1009.1,
2021-05-12,32.2,25.4,39.6,,,,21.4,,1009.9,
2021-05-13,32.7,25.6,39.7,,,,30.6,,1009.1,
2021-05-14,31.9,17.6,40.6,,,,26.9,,1008.1,
2021-05-15,35.2,28.1,42.6,,,,30.0,,1009.3,
2021-05-16,36.1,28.6,43.9,,,,27.4,,1009.6,
2021-05-17,36.9,28.7,45.4,,,,17.8,,1008.6,
2021-05-18,38.2,31.3,45.0,,,,17.7,,1007.8,
2021-05-19,37.7,28.4,45.4,,,,16.3,,1006.7,
2021-05-20,37.5,30.8,44.4,,,,32.7,,1006.9,
2021-05-21,34.9,27.8,40.9,,,,29.8,,1010.3,
2021-05-22,34.2,25.9,41.8,,,,23.5,,1010.6,
2021-05-23,36.1,29.7,42.7,,,,22.1,,1008.4,
2021-05-24,35.9,25.8,44.4,,,,9.0,,1008.2,
2021-05-25,38.1,31.5,44.6,,,,19.1,,1009.0,
2021-05-26,38.8,33.0,44.3,,,,23.2,,1007.5,
2021-05-27,37.7,32.6,43.6,,,,16.9,,1007.3,
2021-05-28,37.9,30.7,45.2,,,,13.3,,1008.7,
2021-05-29,38.9,30.8,46.3,,,,12.4,,1009.6,
2021-05-30,39.9,33.0,46.7,,,,17.7,,1007.7,
2021-05-31,40.6,35.4,46.7,,,,19.7,,1006.0,
2021-06-01,39.0,30.7,45.4,,,,13.0,,1004.5,
2021-06-02,39.9,34.5,46.3,,,,25.6,,1005.5,
2021-06-03,39.9,33.5,47.0,,,,19.8,,1007.1,
2021-06-04,40.3,32.5,47.8,,,,14.4,,1008.0,
2021-06-05,41.0,34.1,47.7,,,,17.0,,1007.8,
2021-06-06,41.3,34.7,47.1,,,,23.3,,1007.8,
2021-06-07,40.5,34.5,45.3,,,,18.1,,1009.1,
2021-06-08,40.2,33.8,46.3,,,,22.7,,1010.0,
2021-06-09,39.1,33.6,44.8,,,,25.3,,1009.6,
2021-06-10,36.8,31.2,42.2,,,,31.0,,1010.6,
2021-06-11,35.0,27.8,42.1,,,,22.1,,1010.4,
2021-06-12,35.5,28.3,42.9,,,,26.2,,1010.6,
2021-06-13,36.8,29.2,43.9,,,,25.9,,1011.4,
2021-06-14,37.4,29.9,44.9,,,,22.7,,1010.7,
2021-06-15,37.4,29.7,45.2,,,,20.0,,1009.2,
2021-06-16,37.8,29.1,46.0,,,,13.8,,1007.9,
2021-06-17,38.3,29.2,45.9,,,,15.2,,1007.0,
2021-06-18,39.2,30.7,46.8,,,,15.0,,1007.5,
2021-06-19,38.6,28.9,46.3,,,,13.7,,1007.9,
2021-06-20,38.0,27.5,46.3,,,,11.9,,1007.6,
2021-06-21,39.0,31.3,46.7,,,,12.8,,1007.3,
2021-06-22,40.2,32.5,47.5,,,,14.2,,1005.9,
2021-06-23,40.9,35.2,47.1,,,,14.3,,1004.9,
2021-06-24,40.5,33.1,47.2,,,,12.2,,1006.1,
2021-06-25,40.4,32.6,47.5,,,,11.5,,1006.9,
2021-06-26,40.6,33.1,47.8,,,,11.9,,1005.9,
2021-06-27,40.6,33.2,48.0,,,,17.5,,1004.7,
2021-06-28,40.0,32.3,47.5,,,,19.0,,1006.2,
2021-06-29,39.4,31.7,47.0,,,,16.2,,1007.6,
2021-06-30,39.1,30.4,47.4,,,,12.8,,1008.3,
2021-07-01,39.6,31.5,47.7,,,,12.7,,1009.0,
2021-07-02,39.4,31.5,46.8,,,,19.8,,1009.1,
2021-07-03,40.0,32.2,47.4,,,,20.9,,1009.6,
2021-07-04,40.2,33.3,47.4,,,,18.7,,1009.7,
2021-07-05,39.1,28.2,48.0,,,,8.9,,1009.9,
2021-07-06,41.2,31.8,49.1,,,,9.3,,1007.3,
2021-07-07,42.0,33.3,49.3,,,,16.2,,1004.7,
2021-07-08,40.1,31.6,47.8,,,,30.8,,1005.3,
2021-07-09,39.6,33.1,46.1,,,,33.0,,1007.4,
2021-07-10,39.7,33.7,46.0,,,,25.6,,1009.3,
2021-07-11,40.0,33.1,47.1,,,,29.1,,1009.9,
2021-07-12,40.2,32.5,47.8,,,,20.8,,1009.8,
2021-07-13,39.4,31.1,47.3,,,,20.4,,1007.9,
2021-07-14,39.6,32.2,46.9,,,,21.8,,1006.2,
2021-07-15,39.9,32.5,47.1,,,,21.1,,1006.7,
2021-07-16,40.6,33.1,47.9,,,,23.5,,1007.4,
2021-07-17,41.5,33.8,48.5,,,,14.7,,1008.2,
2021-07-18,41.2,33.2,48.5,,,,12.0,,1005.8,
2021-07-19,41.5,34.2,48.3,,,,15.8,,1001.9,
2021-07-20,41.4,35.1,47.4,,,,21.2,,1002.2,
2021-07-21,41.0,34.9,47.7,,,,33.0,,1004.8,
2021-07-22,39.8,33.8,45.5,,,,32.0,,1009.0,
2021-07-23,38.3,32.0,44.0,,,,32.9,,1009.0,
2021-07-24,37.9,31.5,44.2,,,,28.9,,1007.6,
2021-07-25,37.5,30.1,44.2,,,,25.7,,1005.7,
2021-07-26,38.7,32.3,45.5,,,,22.8,,1003.5,
2021-07-27,39.1,30.5,46.6,,,,15.0,,1003.4,
2021-07-28,39.0,30.5,46.1,,,,16.5,,1005.7,
2021-07-29,39.7,32.7,45.8,,,,27.3,,1007.2,
2021-07-30,38.8,31.9,45.2,,,,28.7,,1008.3,
2021-07-31,38.4,31.7,45.1,,,,25.8,,1007.0,
2021-08-01,39.2,32.5,46.0,,,,16.8,,1004.9,
2021-08-02,38.5,29.4,46.4,,,,11.7,,1004.4,
2021-08-03,38.8,27.8,47.8,,,,7.9,,1004.7,
2021-08-04,39.7,31.2,48.0,,,,15.6,,1005.8,
2021-08-05,40.5,33.0,48.3,,,,20.3,,1006.8,
2021-08-06,41.1,34.3,47.9,,,,19.6,,1005.1,
2021-08-07,41.5,36.2,47.7,,,,20.2,,1002.4,
2021-08-08,40.5,33.7,46.9,,,,20.2,,1002.6,
2021-08-09,40.0,33.0,46.6,,,,13.1,,1006.9,
2021-08-10,39.3,32.1,46.5,,,,16.3,,1008.2,
2021-08-11,39.8,32.7,46.9,,,,29.3,,1007.0,
2021-08-12,40.2,33.5,45.9,,,,33.5,,1009.5,
2021-08-13,39.7,33.0,46.0,,,,26.4,,1012.2,
2021-08-14,39.3,31.9,46.2,,,,21.6,,1010.9,
2021-08-15,38.1,30.1,44.8,,,,18.1,,1008.4,
2021-08-16,37.5,31.8,43.2,,,,24.8,,1009.0,
2021-08-17,37.8,31.4,43.9,,,,21.8,,1009.9,
2021-08-18,38.1,31.1,44.5,,,,17.1,,1009.0,
2021-08-19,38.0,30.0,45.0,,,,10.6,,1007.6,
2021-08-20,38.4,30.1,46.2,,,,10.7,,1006.6,
2021-08-21,38.6,31.2,46.0,,,,21.7,,1008.1,
2021-08-22,38.5,30.7,45.8,,,,22.8,,1009.6,
2021-08-23,37.4,31.5,43.5,,,,27.5,,1009.6,
2021-08-24,36.3,30.3,42.7,,,,30.6,,1008.0,
2021-08-25,37.8,31.2,44.3,,,,24.2,,1005.4,
2021-08-26,38.3,32.9,43.4,,,,15.7,,1006.0,
2021-08-27,37.1,28.6,44.3,,,,13.8,,1009.5,
2021-08-28,37.1,29.2,44.8,,,,20.3,,1009.1,
2021-08-29,38.2,31.4,45.5,,,,21.8,,1006.5,
2021-08-30,37.9,31.0,45.0,,,,15.4,,1006.4,
2021-08-31,37.7,29.1,45.5,,,,13.3,,1008.6,
2021-09-01,39.1,31.1,46.7,,,,12.1,,1008.9,
2021-09-02,39.0,30.9,46.4,,,,14.4,,1008.8,
2021-09-03,38.2,30.0,45.4,,,,13.7,,1008.9,
2021-09-04,37.5,29.0,45.1,,,,13.4,,1008.4,
2021-09-05,38.1,30.2,45.7,,,,15.6,,1009.5,
2021-09-06,38.5,30.5,45.8,,,,14.4,,1010.3,
2021-09-07,38.8,32.8,45.1,,,,23.4,,1011.0,
2021-09-08,35.9,30.0,41.3,,,,32.8,,1013.0,
2021-09-09,34.6,27.7,42.2,,,,23.6,,1011.9,
2021-09-10,35.7,28.0,43.8,,,,14.8,,1010.3,
2021-09-11,36.4,27.9,44.7,,,,10.9,,1010.5,
2021-09-12,36.6,28.8,44.5,,,,17.4,,1009.3,
2021-09-13,37.2,30.5,44.4,,,,30.0,,1009.4,
2021-09-14,36.8,29.7,44.4,,,,27.5,,1009.6,
2021-09-15,37.0,30.1,44.8,,,,22.1,,1009.9,
2021-09-16,36.4,29.3,44.8,,,,15.4,,1009.8,
2021-09-17,36.5,29.1,44.2,,,,16.1,,1008.1,
2021-09-18,36.0,28.5,44.0,,,,16.6,,1007.9,
2021-09-19,35.7,28.3,44.0,,,,18.4,,1009.1,
2021-09-20,35.1,26.7,43.2,,,,16.8,,1009.3,
2021-09-21,35.8,28.2,44.0,,,,15.4,,1007.8,
2021-09-22,34.9,25.9,44.0,,,,13.6,,1007.6,
2021-09-23,34.7,25.3,44.7,,,,6.1,,1008.6,
2021-09-24,35.3,26.7,44.5,,,,14.1,,1010.0,
2021-09-25,35.4,28.8,43.7,,,,20.1,,1011.3,
2021-09-26,34.1,26.0,43.4,,,,10.2,,1013.0,
2021-09-27,34.7,27.2,42.6,,,,20.9,,1012.7,
2021-09-28,34.2,27.3,41.6,,,,26.2,,1012.8,
2021-09-29,33.7,26.8,41.7,,,,25.9,,1013.8,
2021-09-30,33.7,26.5,41.8,,,,17.3,,1015.0,
2021-10-01,32.9,22.9,41.7,,,,8.1,,1013.9,
2021-10-02,34.4,25.9,41.7,,,,8.6,,1010.7,
2021-10-03,33.9,28.0,41.0,,,,12.8,,1010.3,
2021-10-04,32.4,24.8,41.3,,,,9.3,,1011.6,
2021-10-05,32.0,23.2,41.4,,,,9.7,,1012.9,
2021-10-06,31.8,22.4,41.1,,,,7.5,,1013.4,
2021-10-07,31.0,21.5,39.6,,,,10.6,,1012.6,
2021-10-08,30.0,23.0,38.7,,,,14.5,,1011.1,
2021-10-09,30.6,22.0,40.2,,,,12.7,,1009.5,
2021-10-10,29.4,22.9,36.2,,,,18.5,,1011.0,
2021-10-11,28.3,23.9,33.8,,,,27.8,,1015.3,
2021-10-12,27.9,21.6,34.6,,,,20.7,,1014.8,
2021-10-13,28.3,19.7,37.9,,,,10.0,,1011.6,
2021-10-14,27.7,18.7,36.2,,,,21.2,,1010.2,
2021-10-15,27.0,22.1,33.0,,,,36.8,,1013.5,
2021-10-16,25.7,20.0,32.6,,,,25.5,,1014.3,
2021-10-17,25.5,18.4,33.0,,,,19.1,,1014.7,
2021-10-18,25.9,20.0,32.2,,,,24.6,,1015.8,
2021-10-19,25.2,19.8,30.3,,,,34.8,,1016.8,
2021-10-20,25.1,20.3,30.1,,,,43.9,,1015.7,
2021-10-21,26.0,20.6,31.7,,,,30.9,,1013.1,
2021-10-22,26.1,20.7,32.2,,,,14.6,,1011.8,
2021-10-23,26.7,21.0,33.3,,,,12.2,,1012.2,
2021-10-24,26.4,19.8,34.0,,,,15.2,,1015.9,
2021-10-25,25.3,19.3,32.0,,,,16.7,,1016.2,
2021-10-26,24.0,19.4,29.6,,,,20.7,,1015.2,
2021-10-27,24.0,17.5,31.5,,,,20.1,,1014.5,
2021-10-28,23.5,18.8,27.3,,,,24.2,,1014.1,
2021-10-29,22.9,15.6,31.2,,,,13.4,,1014.7,
2021-10-30,26.1,20.2,33.2,,,,19.9,,1015.9,
2021-10-31,26.0,19.1,33.5,,,,16.5,,1017.5,
2021-11-01,24.8,15.5,33.9,,,,9.9,,1016.3,
2021-11-02,25.7,17.6,35.3,,,,7.7,,1014.4,
2021-11-03,24.9,15.2,35.7,,,,8.2,,1011.9,
2021-11-04,26.0,15.6,36.8,,,,11.8,,1009.9,
2021-11-05,25.2,16.8,33.9,,,,11.0,,1009.7,
2021-11-06,22.1,15.2,28.9,,,,15.8,,1011.3,
2021-11-07,19.8,15.2,25.4,,,,26.9,,1013.2,
2021-11-08,18.1,12.7,23.4,,,,16.1,,1013.2,
2021-11-09,16.9,10.4,22.7,,,,11.4,,1015.0,
2021-11-10,15.9,7.8,23.8,,,,7.9,,1018.2,
2021-11-11,17.4,8.4,25.8,,,,16.5,,1017.6,
2021-11-12,20.8,15.9,26.8,,,,18.4,,1013.4,
2021-11-13,20.1,13.2,27.3,,,,10.3,,1013.8,
2021-11-14,19.2,10.9,27.5,,,,10.8,,1016.3,
2021-11-15,19.0,11.9,27.0,,,,8.0,,1015.1,
2021-11-16,18.4,8.3,27.8,,,,6.0,,1013.3,
2021-11-17,20.1,14.3,27.8,,,,23.3,,1012.5,
2021-11-18,20.7,15.2,27.1,,,,23.2,,1015.7,
2021-11-19,19.8,14.8,24.9,,,,23.6,,1020.1,
2021-11-20,21.0,16.5,26.9,,,,18.1,,1019.0,
2021-11-21,20.8,14.2,27.9,,,,7.2,,1016.2,
2021-11-22,21.1,12.8,29.4,,,,11.3,,1013.4,
2021-11-23,21.9,15.3,28.2,,,,7.0,,1014.2,
2021-11-24,21.4,14.0,29.1,,,,10.7,,1013.8,
2021-11-25,19.3,11.0,26.9,,,,7.7,,1011.7,
2021-11-26,19.3,11.2,28.0,,,,13.7,,1012.2,
2021-11-27,21.6,14.5,29.0,,,,11.6,,1011.7,
2021-11-28,18.7,15.2,23.7,,,,19.8,,1013.8,
2021-11-29,14.2,9.1,19.9,,,,20.8,,1022.8,
2021-11-30,14.4,7.9,22.1,,,,25.6,,1022.7,
2021-12-01,15.5,9.9,22.6,,,,25.5,,1021.0,
2021-12-02,15.5,8.8,22.7,,,,8.6,,1015.8,
2021-12-03,15.0,8.7,20.5,,,,17.8,,1016.7,
2021-12-04,13.3,7.8,19.5,,,,27.8,,1022.7,
2021-12-05,14.0,8.1,21.7,,,,19.1,,1020.1,
2021-12-06,12.6,2.1,21.4,,,,13.9,,1021.5,
2021-12-07,13.8,8.1,20.6,,,,25.8,,1024.1,
2021-12-08,13.9,8.5,21.6,,,,11.9,,1020.1,
2021-12-09,13.0,2.4,22.4,,,,12.8,,1020.2,
2021-12-10,15.4,10.5,22.1,,,,25.5,,1020.6,
2021-12-11,14.8,6.6,24.3,,,,11.0,,1018.4,
2021-12-12,16.2,11.2,22.6,,,,29.1,,1019.6,
2021-12-13,14.8,11.2,20.0,,,,39.7,,1021.1,
2021-12-14,14.8,10.3,21.2,,,,38.0,,1019.0,
2021-12-15,15.9,12.9,21.6,,,,29.3,,1018.0,
2021-12-16,17.6,11.7,26.1,,,,27.5,,1018.9,
2021-12-17,19.3,13.6,28.0,,,,26.1,,1020.6,
2021-12-18,20.2,14.2,28.3,,,,15.9,,1021.0,
2021-12-19,18.8,13.1,25.8,,,,15.6,,1021.8,
2021-12-20,17.7,12.3,25.1,,,,14.8,,1022.8,
2021-12-21,16.6,9.3,24.3,,,,8.6,,1022.9,
2021-12-22,18.1,13.4,24.1,,,,9.9,,1022.3,
2021-12-23,16.0,7.7,24.5,,,,6.9,,1021.5,
2021-12-24,16.7,8.3,26.4,,,,6.2,,1020.1,
2021-12-25,16.8,7.7,25.8,,,,2.8,,1018.3,
2021-12-26,19.2,14.0,26.6,,,,5.7,,1017.1,
2021-12-27,17.5,9.9,26.2,,,,6.9,,1019.2,
2021-12-28,17.1,8.6,25.6,,,,9.6,,1021.7,
2021-12-29,16.5,9.1,25.6,,,,12.0,,1021.5,
2021-12-30,17.4,8.0,26.8,,,,15.3,,1020.7,
2021-12-31,18.4,12.1,26.2,,,,22.6,,1021.1,
2022-01-01,19.0,15.5,24.9,,,,37.5,,1022.1,
2022-01-02,17.8,13.6,23.9,,,,39.4,,1022.5,
2022-01-03,18.2,13.2,25.1,,,,36.0,,1021.9,
2022-01-04,17.6,12.4,25.3,,,,19.2,,1020.1,
2022-01-05,14.1,4.0,24.1,,,,5.7,,1017.5,
2022-01-06,13.7,5.8,21.8,,,,4.2,,1016.6,
2022-01-07,12.7,6.7,18.3,,,,14.0,,1019.9,
2022-01-08,11.2,5.6,16.6,,,,21.1,,1024.6,
2022-01-09,10.8,4.4,18.9,,,,14.5,,1024.6,
2022-01-10,9.6,-1.4,20.9,,,,3.6,,1020.2,
2022-01-11,12.5,5.5,20.5,,,,5.4,,1016.9,
2022-01-12,14.9,11.4,19.3,,,,27.0,,1019.7,
2022-01-13,12.4,7.9,17.8,,,,34.0,,1022.6,
2022-01-14,12.1,8.2,17.3,,,,41.1,,1023.9,
2022-01-15,11.8,6.5,17.5,,,,40.4,,1024.0,
2022-01-16,12.1,7.4,17.7,,,,33.7,,1025.5,
2022-01-17,11.4,6.1,17.1,,,,29.8,,1027.8,
2022-01-18,12.2,4.8,19.3,,,,30.0,,1027.9,
2022-01-19,14.4,9.4,20.9,,,,26.4,,1026.2,
2022-01-20,14.1,8.7,21.5,,,,14.8,,1023.5,
2022-01-21,11.9,2.6,21.5,,,,4.5,,1022.1,
2022-01-22,12.4,2.8,21.6,,,,12.3,,1023.9,
2022-01-23,13.3,7.1,20.2,,,,20.5,,1025.4,
2022-01-24,13.8,7.5,21.6,,,,21.5,,1023.7,
2022-01-25,14.2,9.9,20.2,,,,35.0,,1024.2,
2022-01-26,14.2,9.9,19.3,,,,38.4,,1023.2,
2022-01-27,16.1,12.4,21.7,,,,32.8,,1021.9,
2022-01-28,15.2,10.7,20.4,,,,35.4,,1023.2,
2022-01-29,15.9,11.2,21.6,,,,32.1,,1025.2,
2022-01-30,15.3,10.5,22.2,,,,32.7,,1026.1,
2022-01-31,15.1,8.9,23.4,,,,20.4,,1024.5,
2022-02-01,15.8,7.0,24.9,,,,12.8,,1020.2,
2022-02-02,15.0,10.6,19.9,,,,21.8,,1023.0,
2022-02-03,15.9,7.7,24.5,,,,24.7,,1023.5,
2022-02-04,17.4,11.3,26.6,,,,19.4,,1022.3,
2022-02-05,15.4,5.2,26.4,,,,4.2,,1020.4,
2022-02-06,15.6,4.6,26.5,,,,3.3,,1019.6,
2022-02-07,16.9,8.1,25.8,,,,16.4,,1020.0,
2022-02-08,17.8,11.2,24.8,,,,27.1,,1020.9,
2022-02-09,17.9,12.8,23.8,,,,41.7,,1021.3,
2022-02-10,17.1,11.3,23.4,,,,36.1,,1019.9,
2022-02-11,16.9,11.8,22.6,,,,29.5,,1018.5,
2022-02-12,16.4,10.3,22.1,,,,28.5,,1017.3,
2022-02-13,18.1,13.4,24.0,,,,23.9,,1014.5,
2022-02-14,16.5,7.9,23.2,,,,16.5,,1017.0,
2022-02-15,17.8,12.0,23.6,,,,23.2,,1019.6,
2022-02-16,16.9,12.3,22.0,,,,34.7,,1022.5,
2022-02-17,16.7,10.1,23.5,,,,33.8,,1021.1,
2022-02-18,19.4,12.8,27.2,,,,36.8,,1016.9,
2022-02-19,22.0,16.1,28.6,,,,19.8,,1014.3,
2022-02-20,22.6,15.1,30.2,,,,6.5,,1016.6,
2022-02-21,23.3,17.9,30.8,,,,14.5,,1018.3,
2022-02-22,22.9,17.1,29.7,,,,22.8,,1019.4,
2022-02-23,20.2,13.9,25.7,,,,28.7,,1021.2,
2022-02-24,20.0,14.2,26.5,,,,28.5,,1019.6,
2022-02-25,20.7,14.6,26.9,,,,20.4,,1017.8,
2022-02-26,21.4,14.4,29.6,,,,19.4,,1016.6,
2022-02-27,25.1,19.0,32.3,,,,22.2,,1014.3,
2022-02-28,27.2,22.4,32.3,,,,23.7,,1013.1,
2022-03-01,20.0,16.1,25.5,,,,41.5,,1016.4,
2022-03-02,17.1,11.8,22.6,,,,43.5,,1017.6,
2022-03-03,17.7,11.7,24.0,,,,32.3,,1014.5,
2022-03-04,18.0,10.7,25.1,,,,11.1,,1013.0,
2022-03-05,17.4,11.3,24.3,,,,14.4,,1013.1,
2022-03-06,18.5,10.4,26.9,,,,15.0,,1010.0,
2022-03-07,20.1,14.3,26.6,,,,25.8,,1005.2,
2022-03-08,19.2,12.5,25.3,,,,20.3,,1015.1,
2022-03-09,19.1,12.6,25.3,,,,24.7,,1018.5,
2022-03-10,19.9,14.0,26.5,,,,30.9,,1017.7,
2022-03-11,21.2,15.3,27.2,,,,28.8,,1016.3,
2022-03-12,21.1,13.6,28.7,,,,17.0,,1015.9,
2022-03-13,22.3,12.7,31.4,,,,19.9,,1013.7,
2022-03-14,25.4,17.1,35.0,,,,24.2,,1010.9,
2022-03-15,27.0,18.1,36.5,,,,24.7,,1009.3,
2022-03-16,24.0,18.2,28.4,,,,22.9,,1009.2,
2022-03-17,19.0,9.1,26.9,,,,7.0,,1011.5,
2022-03-18,21.1,14.4,27.7,,,,13.5,,1012.0,
2022-03-19,20.7,12.4,27.3,,,,12.7,,1013.8,
2022-03-20,21.1,14.8,27.0,,,,18.7,,1014.6,
2022-03-21,21.6,15.3,27.6,,,,29.0,,1016.0,
2022-03-22,22.2,15.7,28.6,,,,34.9,,1015.5,
2022-03-23,23.2,16.2,31.1,,,,31.0,,1012.2,
2022-03-24,25.1,17.1,33.8,,,,22.3,,1009.1,
2022-03-25,24.5,15.1,33.4,,,,15.4,,1008.3,
2022-03-26,25.3,15.8,34.1,,,,13.5,,1010.3,
2022-03-27,27.0,18.7,36.0,,,,9.8,,1014.0,
2022-03-28,28.0,19.4,37.2,,,,10.4,,1015.8,
2022-03-29,30.4,22.2,39.6,,,,20.5,,1009.5,
2022-03-30,29.2,22.6,35.3,,,,22.1,,1003.9,
2022-03-31,23.9,16.2,30.5,,,,12.2,,1007.7,
2022-04-01,23.9,14.8,32.6,,,,8.7,,1010.4,
2022-04-02,24.7,13.5,35.5,,,,9.0,,1009.2,
2022-04-03,26.3,13.0,37.5,,,,17.2,,1005.7,
2022-04-04,28.6,16.4,38.3,,,,24.8,,1004.7,
2022-04-05,28.4,17.7,37.0,,,,16.1,,1008.4,
2022-04-06,26.9,19.7,33.9,,,,13.1,,1011.6,
2022-04-07,25.9,20.3,32.3,,,,26.7,,1014.3,
2022-04-08,25.9,19.9,32.2,,,,31.3,,1014.1,
2022-04-09,25.1,17.0,32.3,,,,25.4,,1014.6,
2022-04-10,26.1,17.7,33.8,,,,28.9,,1011.5,
2022-04-11,28.8,21.8,37.1,,,,23.6,,1007.3,
2022-04-12,29.8,21.8,38.6,,,,14.1,,1003.7,
2022-04-13,27.7,15.9,36.7,,,,17.3,,1002.8,
2022-04-14,25.6,19.1,30.0,,,,23.5,,1005.1,
2022-04-15,21.5,15.7,26.2,,,,21.5,,1009.2,
2022-04-16,21.5,14.4,27.5,,,,17.4,,1011.7,
2022-04-17,22.7,15.8,29.0,,,,19.2,,1014.3,
2022-04-18,23.7,14.1,32.4,,,,12.9,,1014.0,
2022-04-19,26.4,18.1,34.9,,,,14.6,,1012.0,
2022-04-20,27.2,14.2,37.9,,,,13.3,,1005.6,
2022-04-21,26.6,21.5,32.2,,,,15.5,,1002.9,
2022-04-22,25.9,19.2,33.2,,,,16.5,,1006.8,
2022-04-23,26.0,15.7,35.6,,,,7.6,,1007.4,
2022-04-24,27.1,15.8,36.5,,,,7.3,,1005.6,
2022-04-25,26.5,15.0,35.0,,,,11.5,,1003.0,
2022-04-26,26.4,15.6,35.3,,,,10.0,,1002.7,
2022-04-27,27.1,17.5,35.4,,,,12.0,,1002.9,
2022-04-28,28.1,20.6,35.7,,,,12.0,,1006.0,
2022-04-29,29.1,21.5,37.5,,,,29.9,,1005.9,
2022-04-30,23.8,18.1,29.2,,,,23.8,,1010.3,
2022-05-01,24.1,17.6,29.6,,,,23.6,,1015.5,
2022-05-02,24.7,18.1,31.6,,,,18.1,,1013.2,
2022-05-03,26.2,17.3,35.2,,,,9.6,,1009.0,
2022-05-04,28.6,17.1,37.9,,,,20.8,,1006.9,
2022-05-05,28.1,17.9,35.3,,,,13.6,,1010.5,
2022-05-06,27.1,21.2,32.6,,,,20.1,,1014.7,
2022-05-07,26.8,20.2,32.7,,,,23.2,,1014.7,
2022-05-08,26.6,18.1,34.2,,,,21.0,,1014.8,
2022-05-09,28.1,21.1,35.3,,,,24.5,,1014.8,
2022-05-10,29.0,21.3,36.8,,,,22.9,,1012.7,
2022-05-11,28.2,21.9,34.3,,,,38.0,,1013.1,
2022-05-12,27.1,21.5,32.7,,,,38.4,,1015.8,
2022-05-13,27.4,20.7,33.6,,,,37.4,,1016.2,
2022-05-14,29.3,22.3,36.2,,,,36.7,,1014.3,
2022-05-15,31.4,24.2,39.0,,,,25.0,,1012.6,
2022-05-16,33.4,26.4,40.8,,,,29.0,,1011.7,
2022-05-17,34.4,27.7,41.1,,,,30.7,,1011.4,
2022-05-18,34.4,27.0,42.1,,,,28.7,,1010.0,
2022-05-19,35.2,27.3,42.7,,,,27.9,,1011.1,
2022-05-20,34.1,28.5,39.9,,,,32.9,,1013.7,
2022-05-21,32.8,26.4,38.8,,,,34.4,,1012.4,
2022-05-22,32.8,26.3,38.8,,,,29.6,,1010.2,
2022-05-23,33.0,26.1,39.9,,,,18.1,,1008.6,
2022-05-24,33.7,24.2,41.9,,,,10.2,,1008.5,
2022-05-25,35.0,24.9,44.1,,,,10.6,,1008.7,
2022-05-26,35.8,26.5,43.7,,,,10.6,,1010.2,
2022-05-27,35.7,29.1,42.5,,,,21.9,,1011.1,
2022-05-28,35.5,28.6,42.5,,,,20.5,,1009.2,
2022-05-29,35.8,28.2,43.0,,,,19.5,,1006.8,
2022-05-30,35.8,28.3,42.9,,,,18.6,,1006.6,
2022-05-31,36.4,27.9,44.4,,,,16.2,,1006.5,
2022-06-01,36.6,28.4,44.5,,,,17.4,,1006.8,
2022-06-14,35.2,29.7,41.6,,,,37.4,,1010.4,
2022-06-15,35.0,27.6,42.3,,,,36.0,,1010.8,
2022-06-16,35.4,28.2,42.7,,,,31.5,,1010.4,
2022-06-17,35.4,28.9,42.4,,,,28.8,,1010.9,
2022-06-18,35.6,29.9,42.5,,,,25.0,,1010.6,
2022-06-19,35.3,27.1,43.8,,,,15.7,,1008.6,
2022-06-20,36.6,27.4,45.3,,,,14.7,,1007.8,
2022-06-21,37.5,29.1,45.9,,,,15.8,,1007.0,
2022-06-22,38.4,30.5,46.8,,,,15.9,,1005.8,
2022-06-23,39.1,31.1,47.5,,,,16.5,,1006.1,
2022-06-24,39.5,30.8,47.9,,,,12.7,,1004.4,
2022-06-25,39.6,31.6,48.1,,,,12.6,,1002.1,
2022-06-26,39.7,31.4,48.4,,,,12.0,,1002.8,
2022-06-27,39.8,28.9,48.8,,,,10.2,,1004.6,
2022-06-28,39.3,28.7,48.4,,,,11.6,,1005.4,
2022-06-29,40.3,33.1,48.0,,,,17.8,,1004.0,
2022-06-30,40.5,34.0,47.3,,,,18.2,,1004.0,
2022-07-01,39.7,34.3,45.9,,,,15.7,,1006.6,
2022-07-02,39.2,30.8,46.5,,,,12.0,,1010.3,
2022-07-03,40.2,32.5,47.4,,,,15.4,,1010.3,
2022-07-04,40.0,31.2,47.8,,,,18.0,,1008.8,
2022-07-05,39.3,32.2,46.0,,,,28.9,,1009.4,
2022-07-06,38.7,32.4,45.1,,,,30.2,,1010.0,
2022-07-07,38.1,30.7,45.0,,,,29.9,,1010.9,
2022-07-08,38.7,31.5,45.8,,,,18.8,,1010.7,
2022-07-09,39.2,31.6,46.4,,,,13.4,,1008.4,
2022-07-10,37.4,31.4,42.4,,,,28.5,,1006.8,
2022-07-11,37.1,31.4,42.6,,,,34.4,,1006.3,
2022-07-12,38.5,32.6,44.5,,,,32.1,,1008.3,
2022-07-13,39.7,34.6,44.9,,,,30.9,,1008.8,
2022-07-14,38.9,33.5,44.3,,,,37.6,,1007.1,
2022-07-15,37.3,31.3,43.0,,,,36.2,,1006.3,
2022-07-16,37.2,30.9,43.1,,,,33.7,,1006.8,
2022-07-17,37.4,31.1,43.5,,,,30.2,,1008.0,
2022-07-18,37.8,31.9,44.1,,,,31.8,,1007.8,
2022-07-19,36.9,30.4,43.5,,,,30.1,,1007.4,
2022-07-20,36.9,30.8,43.2,,,,30.4,,1008.3,
2022-07-21,36.8,30.2,43.1,,,,28.4,,1009.4,
2022-07-22,36.7,29.2,43.8,,,,25.8,,1009.1,
2022-07-23,36.9,30.2,43.2,,,,27.9,,1009.9,
2022-07-24,36.3,29.7,42.5,,,,27.3,,1010.6,
2022-07-25,36.8,29.9,43.0,,,,28.1,,1009.9,
2022-07-26,36.5,29.4,42.7,,,,27.2,,1008.1,
2022-07-27,37.0,30.1,43.7,,,,30.5,,1006.3,
2022-07-28,37.7,30.2,44.8,,,,28.2,,1005.6,
2022-07-29,38.6,30.8,45.8,,,,32.2,,1006.6,
2022-07-30,39.2,32.0,45.6,,,,27.2,,1007.8,
2022-07-31,38.3,31.5,45.1,,,,29.7,,1008.0,
2022-08-01,38.2,31.7,45.1,,,,32.8,,1007.1,
2022-08-02,38.5,31.0,45.7,,,,24.8,,1006.3,
2022-08-03,37.9,30.3,44.9,,,,14.3,,1006.5,
2022-08-04,37.3,30.5,43.6,,,,23.5,,1007.6,
2022-08-05,36.7,29.0,43.2,,,,26.2,,1009.5,
2022-08-06,37.1,30.5,44.0,,,,22.1,,1009.6,
2022-08-07,37.4,28.6,45.2,,,,13.7,,1007.5,
2022-08-08,37.4,28.4,45.2,,,,15.2,,1006.7,
2022-08-09,36.8,31.0,42.7,,,,30.6,,1008.7,
2022-08-10,37.4,30.9,43.8,,,,30.2,,1007.7,
2022-08-11,38.8,32.7,45.4,,,,33.6,,1007.0,
2022-08-12,38.5,31.2,45.9,,,,26.6,,1007.7,
2022-08-13,37.9,30.9,44.8,,,,25.9,,1008.3,
2022-08-14,37.1,30.3,43.7,,,,32.9,,1008.0,
2022-08-15,38.4,31.0,45.9,,,,24.6,,1004.8,
2022-08-16,39.3,32.5,45.9,,,,17.4,,1004.9,
2022-08-17,38.8,31.7,45.1,,,,11.7,,1006.8,
2022-08-18,39.0,31.7,46.4,,,,11.1,,1006.8,
2022-08-19,39.0,31.2,46.5,,,,19.1,,1006.7,
2022-08-20,38.9,31.1,46.2,,,,24.1,,1009.2,
2022-08-21,38.8,32.2,45.6,,,,22.2,,1009.7,
2022-08-22,37.6,28.0,45.9,,,,10.3,,1006.0,
2022-08-23,38.3,32.1,45.3,,,,14.7,,1004.4,
2022-08-24,38.2,31.6,45.1,,,,19.5,,1005.8,
2022-08-25,37.6,30.9,44.2,,,,12.4,,1008.4,
2022-08-26,37.2,29.8,43.8,,,,12.0,,1007.2,
2022-08-27,37.8,30.2,45.2,,,,13.7,,1005.1,
2022-08-28,37.2,30.0,44.3,,,,13.2,,1007.0,
2022-08-29,37.2,28.4,44.9,,,,13.5,,1009.5,
2022-08-30,38.3,30.8,45.7,,,,20.8,,1010.5,
2022-08-31,38.1,30.9,45.0,,,,21.5,,1010.1,
2022-09-01,38.2,31.3,45.1,,,,24.7,,1008.7,
2022-09-02,38.0,30.4,45.4,,,,24.9,,1008.7,
2022-09-03,38.6,32.2,45.6,,,,22.2,,1008.8,
2022-09-04,38.2,30.2,45.6,,,,10.7,,1010.8,
2022-09-05,38.0,31.3,44.7,,,,23.5,,1011.9,
2022-09-06,37.7,31.5,44.4,,,,26.7,,1011.5,
2022-09-07,37.3,30.1,44.3,,,,21.7,,1010.4,
2022-09-08,37.8,31.6,44.0,,,,20.7,,1010.1,
2022-09-09,37.2,30.6,43.6,,,,24.8,,1010.9,
2022-09-10,37.0,30.3,43.3,,,,22.1,,1011.3,
2022-09-11,36.3,29.7,42.8,,,,26.7,,1010.6,
2022-09-12,35.8,28.9,43.1,,,,30.6,,1008.9,
2022-09-13,36.4,29.4,44.2,,,,27.7,,1007.5,
2022-09-14,36.6,29.0,44.6,,,,21.1,,1007.9,
2022-09-15,36.0,26.7,44.8,,,,9.9,,1008.1,
2022-09-16,35.4,25.1,44.8,,,,7.6,,1005.9,
2022-09-17,37.2,28.9,44.7,,,,7.8,,1003.9,
2022-09-18,37.5,29.5,45.4,,,,9.0,,1004.8,
2022-09-19,37.1,28.1,45.7,,,,13.0,,1007.1,
2022-09-20,36.6,27.7,45.5,,,,10.4,,1007.4,
2022-09-21,35.6,27.7,43.7,,,,14.5,,1007.9,
2022-09-22,36.0,29.2,42.3,,,,13.4,,1007.6,
2022-09-23,34.4,29.1,39.3,,,,22.2,,1010.0,
2022-09-24,32.5,26.9,39.5,,,,25.2,,1011.7,
2022-09-25,33.0,26.7,40.4,,,,19.5,,1009.7,
2022-09-26,34.9,27.1,43.0,,,,13.4,,1008.9,
2022-09-27,36.3,29.4,43.2,,,,16.1,,1009.6,
2022-09-28,34.4,28.7,39.8,,,,16.7,,1008.6,
2022-09-29,33.1,27.0,40.1,,,,18.7,,1004.4,
2022-09-30,31.9,25.6,39.6,,,,12.6,,1003.2,
2022-10-01,32.3,26.9,38.5,,,,23.3,,1010.2,
2022-10-02,34.4,28.9,39.9,,,,29.7,,1016.4,
2022-10-03,34.7,29.0,41.0,,,,35.3,,1014.2,
2022-10-04,34.2,28.9,40.2,,,,31.6,,1011.9,
2022-10-05,33.3,27.6,40.1,,,,28.3,,1011.8,
2022-10-06,32.9,27.8,39.0,,,,25.9,,1012.3,
2022-10-07,32.6,27.0,39.0,,,,27.9,,1012.6,
2022-10-08,33.1,27.5,39.5,,,,27.7,,1012.1,
2022-10-09,32.6,26.9,39.9,,,,23.3,,1012.7,
2022-10-10,32.2,25.8,38.9,,,,15.6,,1013.1,
2022-10-11,32.9,27.8,39.0,,,,17.8,,1011.7,
2022-10-12,30.9,21.4,38.7,,,,10.4,,1011.8,
2022-10-13,31.6,26.8,37.2,,,,35.7,,1014.1,
2022-10-14,32.0,25.8,39.3,,,,33.3,,1015.4,
2022-10-15,31.3,26.5,37.8,,,,30.0,,1015.4,
2022-10-16,29.3,23.2,35.6,,,,27.4,,1016.0,
2022-10-17,30.1,25.5,36.1,,,,35.0,,1016.6,
2022-10-18,29.7,25.4,35.3,,,,39.1,,1018.7,
2022-10-19,28.1,22.7,34.5,,,,27.9,,1017.7,
2022-10-20,26.1,19.2,32.6,,,,21.9,,1016.4,
2022-10-21,25.4,19.5,32.0,,,,27.1,,1017.4,
2022-10-22,25.8,19.7,33.4,,,,27.0,,1017.9,
2022-10-23,26.6,21.3,34.1,,,,21.4,,1018.4,
2022-10-24,26.7,20.8,34.6,,,,19.5,,1018.2,
2022-10-25,26.0,20.4,33.0,,,,24.1,,1016.9,
2022-10-26,27.0,21.0,34.7,,,,23.1,,1016.2,
2022-10-27,27.7,21.5,35.2,,,,23.9,,1019.1,
2022-10-28,26.8,20.9,33.6,,,,28.0,,1020.5,
2022-10-29,26.1,19.7,33.9,,,,21.4,,1018.4,
2022-10-30,26.6,21.2,33.3,,,,23.9,,1016.5,
2022-10-31,25.8,19.8,32.6,,,,24.1,,1017.2,
2022-11-01,25.3,20.8,31.5,,,,29.5,,1018.9,
2022-11-02,24.6,18.4,31.2,,,,27.4,,1018.5,
2022-11-03,25.0,20.3,31.4,,,,30.1,,1018.0,
2022-11-04,23.3,17.4,30.6,,,,21.7,,1017.3,
2022-11-05,22.2,11.8,31.5,,,,10.0,,1017.3,
2022-11-06,22.6,16.8,29.2,,,,19.9,,1018.4,
2022-11-07,21.8,14.9,29.6,,,,23.5,,1019.4,
2022-11-08,22.9,17.4,30.4,,,,25.2,,1018.0,
2022-11-09,23.4,17.1,30.8,,,,19.8,,1016.4,
2022-11-10,23.3,17.6,29.9,,,,21.0,,1014.5,
2022-11-11,23.5,17.7,31.2,,,,14.7,,1015.1,
2022-11-12,21.6,12.8,31.0,,,,11.2,,1017.2,
2022-11-13,22.6,16.1,31.3,,,,13.8,,1018.4,
2022-11-14,22.2,16.6,30.4,,,,18.4,,1020.6,
2022-11-15,20.8,13.3,29.8,,,,11.9,,1020.4,
2022-11-16,20.3,11.2,30.3,,,,4.5,,1018.8,
2022-11-17,20.4,9.6,30.9,,,,3.1,,1017.7,
2022-11-18,20.6,10.5,31.0,,,,4.0,,1016.5,
2022-11-19,19.6,10.0,29.4,,,,3.7,,1015.6,
2022-11-20,18.7,13.8,24.6,,,,19.1,,1020.7,
2022-11-21,16.3,10.9,22.1,,,,18.1,,1023.7,
2022-11-22,15.4,7.1,25.1,,,,7.9,,1021.6,
2022-11-23,17.2,6.5,28.0,,,,7.5,,1020.6,
2022-11-24,20.3,11.1,29.2,,,,10.9,,1019.3,
2022-11-25,22.2,16.8,28.5,,,,21.5,,1018.4,
2022-11-26,22.8,18.6,28.2,,,,26.7,,1018.8,
2022-11-27,17.9,14.2,22.7,,,,28.6,,1019.8,
2022-11-28,16.4,11.1,22.8,,,,27.3,,1017.4,
2022-11-29,16.0,9.7,22.9,,,,19.6,,1016.3,
2022-11-30,14.8,6.8,22.5,,,,15.9,,1016.0,
2022-12-01,15.1,8.3,23.4,,,,14.5,,1013.8,
2022-12-02,14.5,6.1,24.4,,,,5.9,,1011.0,
2022-12-03,15.1,3.4,27.3,,,,5.8,,1010.8,
2022-12-04,17.4,6.7,29.5,,,,5.5,,1015.2,
2022-12-05,19.7,8.2,31.2,,,,6.1,,1018.4,
2022-12-06,23.0,15.4,32.7,,,,6.9,,1016.9,
2022-12-07,21.7,12.2,31.6,,,,5.9,,1015.3,
2022-12-08,21.5,11.4,32.7,,,,5.9,,1015.8,
2022-12-09,21.6,11.3,32.4,,,,10.7,,1016.8,
2022-12-10,23.0,16.0,32.1,,,,12.6,,1016.1,
2022-12-11,21.4,11.0,31.4,,,,6.2,,1015.8,
2022-12-12,21.3,12.3,30.8,,,,2.8,,1016.3,
2022-12-13,21.9,12.7,32.7,,,,3.8,,1016.6,
2022-12-14,21.6,10.9,32.6,,,,3.7,,1015.5,
2022-12-15,21.4,11.0,32.2,,,,9.3,,1013.1,
2022-12-16,19.6,10.5,29.6,,,,5.7,,1013.5,
2022-12-17,18.3,8.5,28.9,,,,3.9,,1016.5,
2022-12-18,19.2,9.3,28.0,,,,13.4,,1019.1,
2022-12-19,19.1,14.2,24.5,,,,32.6,,1020.7,
2022-12-20,20.5,16.3,26.2,,,,37.7,,1021.6,
2022-12-21,18.7,14.0,24.3,,,,21.1,,1023.8,
2022-12-22,15.8,8.4,23.3,,,,10.1,,1024.5,
2022-12-23,15.4,8.8,22.7,,,,20.2,,1024.6,
2022-12-24,16.5,10.9,24.1,,,,25.2,,1024.4,
2022-12-25,17.7,11.9,25.7,,,,21.9,,1023.9,
2022-12-26,19.0,13.2,27.0,,,,23.5,,1023.3,
2022-12-27,19.7,15.0,27.0,,,,22.1,,1023.6,
2022-12-28,18.8,12.7,26.8,,,,15.9,,1023.1,
2022-12-29,17.6,10.9,25.0,,,,10.5,,1023.2,
2022-12-30,17.1,10.4,23.5,,,,21.3,,1024.4,
2022-12-31,17.5,12.1,24.7,,,,32.4,,1024.5,
2023-01-01,18.1,13.8,25.0,,,,25.3,,1023.1,
2023-01-02,17.7,12.7,25.0,,,,21.2,,1021.9,
2023-01-03,17.2,11.9,24.3,,,,24.8,,1022.8,
2023-01-04,17.5,12.3,24.1,,,,32.8,,1023.3,
2023-01-05,16.6,11.9,22.6,,,,29.5,,1022.1,
2023-01-06,15.3,10.1,21.3,,,,20.2,,1023.0,
2023-01-07,14.3,9.3,20.1,,,,21.3,,1025.7,
2023-01-08,14.0,8.5,20.9,,,,22.1,,1026.4,
2023-01-09,14.1,7.1,22.2,,,,16.9,,1026.8,
2023-01-10,14.9,4.4,24.5,,,,13.0,,1026.7,
2023-01-11,17.4,12.2,23.2,,,,19.8,,1024.3,
2023-01-12,18.2,14.7,23.2,,,,21.6,,1021.3,
2023-01-13,18.7,13.8,25.3,,,,24.5,,1021.0,
2023-01-14,17.7,11.8,24.4,,,,29.2,,1021.6,
2023-01-15,17.1,11.1,24.3,,,,28.4,,1022.0,
2023-01-16,16.0,9.7,24.4,,,,10.7,,1021.0,
2023-01-17,13.3,2.0,24.7,,,,4.3,,1019.0,
2023-01-18,13.1,1.4,24.6,,,,8.3,,1015.9,
2023-01-19,12.6,4.9,20.2,,,,19.0,,1019.3,
2023-01-20,12.0,4.8,19.9,,,,17.4,,1020.9,
2023-01-21,11.1,1.1,21.0,,,,7.7,,1018.5,
2023-01-22,12.2,2.7,22.0,,,,5.8,,1017.2,
2023-01-23,13.6,8.7,20.5,,,,19.5,,1017.4,
2023-01-24,13.8,7.0,22.1,,,,14.3,,1016.2,
2023-01-25,13.4,5.4,22.6,,,,6.9,,1014.7,
2023-01-26,12.0,6.8,17.9,,,,18.8,,1014.6,
2023-01-27,9.0,2.5,16.6,,,,6.9,,1017.5,
2023-01-28,9.0,-1.3,18.8,,,,4.0,,1015.9,
2023-01-29,10.1,-0.1,19.4,,,,7.9,,1017.6,
2023-01-30,12.3,6.3,19.0,,,,24.7,,1020.8,
2023-01-31,13.1,8.2,18.0,,,,40.1,,1022.6,
2023-02-01,14.9,9.3,21.6,,,,33.6,,1019.7,
2023-02-02,15.2,10.7,21.5,,,,20.8,,1015.3,
2023-02-03,11.9,4.8,17.8,,,,16.1,,1018.5,
2023-02-04,13.7,8.9,18.8,,,,24.0,,1022.0,
2023-02-05,15.3,10.8,20.7,,,,35.3,,1022.2,
2023-02-06,16.6,12.0,23.1,,,,28.1,,1017.3,
2023-02-07,17.8,14.1,24.9,,,,12.3,,1013.9,
2023-02-08,15.9,8.8,22.2,,,,12.7,,1017.9,
2023-02-09,15.5,7.8,22.0,,,,21.5,,1022.2,
2023-02-10,16.7,13.1,20.8,,,,37.4,,1023.0,
2023-02-11,15.3,13.1,17.8,,,,45.2,,1023.3,
2023-02-12,14.7,10.5,20.4,,,,38.5,,1024.1,
2023-02-13,15.8,10.5,21.0,,,,36.0,,1025.1,
2023-02-14,16.6,12.1,21.3,,,,44.5,,1024.4,
2023-02-15,18.6,14.4,24.5,,,,26.7,,1020.4,
2023-02-16,20.0,14.0,26.5,,,,27.2,,1020.7,
2023-02-17,19.9,14.4,26.8,,,,37.2,,1021.0,
2023-02-18,20.4,15.0,27.1,,,,38.8,,1021.1,
2023-02-19,20.6,14.8,27.9,,,,37.0,,1019.6,
2023-02-20,21.0,14.6,28.2,,,,31.5,,1019.3,
2023-02-21,21.2,13.8,28.9,,,,21.1,,1017.9,
2023-02-22,21.1,13.3,28.6,,,,17.7,,1016.6,
2023-02-23,21.0,11.0,30.3,,,,8.3,,1014.1,
2023-02-24,23.2,12.6,33.7,,,,23.8,,1008.5,
2023-02-25,20.4,12.5,27.3,,,,14.0,,1008.2,
2023-02-26,18.8,10.8,26.5,,,,9.9,,1010.2,
2023-02-27,18.2,6.7,27.1,,,,10.7,,1010.3,
2023-02-28,19.4,13.1,26.7,,,,10.6,,1014.8,
2023-03-01,19.1,9.1,28.6,,,,8.1,,1014.2,
2023-03-02,20.7,12.6,29.9,,,,12.6,,1012.8,
2023-03-03,20.0,14.9,26.3,,,,23.9,,1012.7,
2023-03-04,19.4,12.8,27.0,,,,21.9,,1016.2,
2023-03-05,20.0,13.1,28.2,,,,23.0,,1016.9,
2023-03-06,22.1,13.5,31.2,,,,13.4,,1014.9,
2023-03-07,22.1,9.7,33.6,,,,3.8,,1013.5,
2023-03-08,24.2,12.0,35.0,,,,10.2,,1012.9,
2023-03-09,27.2,19.5,36.1,,,,22.3,,1013.5,
2023-03-10,27.5,19.9,35.0,,,,24.8,,1015.1,
2023-03-11,25.8,18.0,33.4,,,,18.8,,1016.7,
2023-03-12,25.7,16.9,34.4,,,,17.5,,1015.1,
2023-03-13,26.9,19.3,35.0,,,,23.2,,1014.2,
2023-03-14,27.1,19.6,34.9,,,,22.4,,1011.9,
2023-03-15,26.8,19.3,34.2,,,,24.0,,1011.3,
2023-03-16,25.5,17.8,33.0,,,,26.8,,1011.2,
2023-03-17,26.1,18.0,33.9,,,,25.2,,1010.8,
2023-03-18,25.6,17.8,33.2,,,,19.2,,1008.2,
2023-03-19,23.5,15.4,29.3,,,,13.6,,1004.3,
2023-03-20,22.4,18.9,25.6,,,,23.1,,1004.6,
2023-03-21,20.7,14.2,26.5,,,,18.1,,1010.6,
2023-03-22,22.0,15.7,28.3,,,,19.8,,1013.9,
2023-03-23,23.0,15.9,30.1,,,,23.1,,1015.0,
2023-03-24,23.3,15.3,30.8,,,,27.4,,1016.6,
2023-03-25,24.8,17.3,32.7,,,,31.4,,1016.5,
2023-03-26,26.4,18.9,34.8,,,,25.5,,1015.5,
2023-03-27,27.0,18.8,35.6,,,,14.6,,1013.2,
2023-03-28,26.3,14.3,36.1,,,,16.7,,1014.0,
2023-03-29,27.5,20.9,34.0,,,,28.0,,1017.6,
2023-03-30,26.5,19.4,33.3,,,,27.6,,1019.1,
2023-03-31,27.4,19.5,34.8,,,,21.5,,1017.5,
2023-04-01,27.5,18.0,35.2,,,,12.9,,1015.9,
2023-04-02,26.2,14.5,35.5,,,,8.2,,1012.8,
2023-04-03,25.9,20.6,31.7,,,,23.1,,1011.2,
2023-04-04,26.0,17.1,35.6,,,,19.2,,1007.0,
2023-04-05,28.3,18.0,37.4,,,,16.6,,1004.0,
2023-04-06,25.8,14.3,33.6,,,,18.5,,1004.6,
2023-04-07,22.9,14.3,28.7,,,,17.5,,1006.6,
2023-04-08,20.8,14.5,26.5,,,,27.2,,1013.4,
2023-04-09,22.4,15.6,29.3,,,,30.9,,1015.8,
2023-04-10,24.6,17.8,31.2,,,,33.6,,1016.4,
2023-04-11,25.6,17.9,32.8,,,,28.9,,1016.6,
2023-04-12,26.4,19.1,33.7,,,,21.2,,1014.1,
2023-04-13,26.8,16.0,35.3,,,,10.8,,1010.6,
2023-04-14,27.1,16.2,35.9,,,,14.6,,1011.8,
2023-04-15,27.6,20.0,35.5,,,,19.8,,1012.1,
2023-04-16,26.8,16.0,36.0,,,,13.6,,1009.2,
2023-04-17,26.9,20.2,34.4,,,,20.4,,1007.9,
2023-04-18,28.0,17.7,38.1,,,,13.8,,1007.7,
2023-04-19,29.3,17.3,38.2,,,,20.4,,1006.8,
2023-04-20,27.6,15.9,35.8,,,,17.5,,1003.6,
2023-04-21,27.9,16.6,37.0,,,,11.6,,1000.8,
2023-04-22,29.9,23.5,35.5,,,,21.2,,1004.3,
2023-04-23,29.5,23.1,35.6,,,,29.8,,1007.6,
2023-04-24,29.8,22.9,36.0,,,,30.0,,1009.8,
2023-04-25,30.7,23.6,37.1,,,,30.1,,1010.5,
2023-04-26,31.2,23.1,38.6,,,,27.2,,1009.4,
2023-04-27,33.0,25.2,40.6,,,,32.0,,1008.9,
2023-04-28,34.9,27.4,42.1,,,,32.0,,1009.9,
2023-04-29,35.2,28.4,42.2,,,,25.3,,1010.1,
2023-04-30,33.8,25.3,42.2,,,,17.4,,1008.1,
2023-05-01,33.7,23.7,42.7,,,,13.4,,1005.1,
2023-05-02,32.6,26.9,38.4,,,,35.1,,1008.2,
2023-05-03,31.9,25.2,39.1,,,,26.8,,1011.2,
2023-05-04,31.8,22.0,40.8,,,,15.8,,1013.1,
2023-05-05,33.8,25.7,42.3,,,,17.8,,1011.3,
2023-05-06,35.0,26.5,43.6,,,,18.1,,1008.3,
2023-05-07,34.7,25.7,43.7,,,,15.7,,1006.2,
2023-05-08,33.9,27.5,40.3,,,,19.4,,1010.0,
2023-05-09,29.8,23.8,34.8,,,,23.6,,1013.8,
2023-05-10,29.2,21.5,35.9,,,,21.3,,1012.4,
2023-05-11,30.6,22.0,39.3,,,,19.1,,1009.5,
2023-05-12,33.3,24.2,42.7,,,,15.1,,1006.4,
2023-05-13,34.3,25.9,42.4,,,,20.7,,1005.5,
2023-05-14,33.0,25.2,39.7,,,,24.5,,1006.3,
2023-05-15,26.0,20.5,31.1,,,,21.0,,1014.3,
2023-05-16,25.7,16.3,34.1,,,,9.8,,1013.0,
2023-05-17,28.9,18.8,37.9,,,,13.1,,1008.8,
2023-05-18,31.2,21.5,39.8,,,,21.4,,1004.8,
2023-05-19,28.6,21.4,33.5,,,,27.1,,1005.2,
2023-05-20,25.2,18.3,31.3,,,,15.0,,1011.4,
2023-05-21,27.0,19.1,34.9,,,,15.6,,1009.0,
2023-05-22,27.9,18.2,35.6,,,,21.7,,1005.1,
2023-05-23,26.5,15.1,35.2,,,,15.5,,1006.4,
2023-05-24,27.2,16.4,35.8,,,,13.1,,1006.9,
2023-05-25,29.8,22.0,37.0,,,,9.3,,1008.3,
2023-05-26,30.1,20.7,38.1,,,,12.7,,1009.7,
2023-05-27,32.2,26.5,38.3,,,,16.7,,1010.0,
2023-05-28,31.7,25.2,37.8,,,,19.5,,1008.8,
2023-05-29,29.2,18.3,37.2,,,,13.2,,1007.8,
2023-05-30,29.7,21.6,36.3,,,,18.7,,1007.0,
2023-05-31,29.9,24.6,35.6,,,,20.8,,1008.5,
2023-06-01,30.3,23.9,36.5,,,,19.1,,1008.4,
2023-06-02,31.5,24.2,39.7,,,,22.9,,1004.9,
2023-06-03,31.8,24.0,39.5,,,,16.4,,1003.6,
2023-06-04,31.7,21.0,40.1,,,,16.2,,1004.7,
2023-06-05,32.2,22.5,40.5,,,,8.7,,1005.6,
2023-06-06,33.9,28.1,40.1,,,,25.4,,1006.1,
2023-06-07,34.8,28.7,41.1,,,,33.4,,1007.8,
2023-06-08,35.3,28.8,42.7,,,,25.1,,1008.0,
2023-06-09,36.7,27.6,45.1,,,,12.6,,1005.8,
2023-06-10,37.3,26.8,45.7,,,,12.8,,1005.4,
2023-06-11,35.4,24.6,45.2,,,,9.9,,1006.2,
2023-06-12,36.3,25.4,45.8,,,,12.6,,1006.3,
2023-06-13,36.7,25.7,45.7,,,,14.7,,1005.1,
2023-06-14,37.2,29.2,44.8,,,,15.6,,1005.2,
2023-06-15,35.9,27.6,43.3,,,,15.3,,1008.6,
2023-06-16,36.2,29.5,43.0,,,,26.8,,1010.2,
2023-06-17,35.8,28.7,42.7,,,,23.3,,1010.0,
2023-06-18,35.9,28.1,44.2,,,,19.7,,1008.6,
2023-06-19,37.7,29.9,45.7,,,,16.8,,1006.8,
2023-06-20,38.8,30.7,46.3,,,,9.7,,1006.8,
2023-06-21,39.0,30.9,46.6,,,,11.5,,1007.5,
2023-06-22,39.4,31.9,46.8,,,,13.9,,1008.4,
2023-06-23,37.7,30.4,44.1,,,,25.3,,1008.3,
2023-06-24,37.6,31.3,44.1,,,,34.0,,1006.6,
2023-06-25,38.0,32.3,44.4,,,,24.3,,1007.0,
2023-06-26,37.8,31.8,43.9,,,,14.8,,1008.8,
2023-06-27,38.4,31.9,44.0,,,,15.2,,1008.4,
2023-06-28,38.4,33.2,44.3,,,,26.4,,1008.0,
2023-06-29,38.4,31.5,44.7,,,,25.8,,1009.6,
2023-06-30,39.2,33.2,45.8,,,,19.5,,1009.6,
2023-07-01,38.9,31.1,46.3,,,,17.0,,1008.4,
2023-07-02,40.0,32.1,47.7,,,,17.7,,1007.5,
2023-07-03,40.8,31.1,48.9,,,,14.3,,1007.3,
2023-07-04,42.1,35.3,49.4,,,,16.8,,1006.7,
2023-07-05,41.8,35.0,48.8,,,,20.3,,1006.9,
2023-07-06,41.1,33.4,48.2,,,,23.0,,1006.7,
2023-07-07,40.7,32.7,47.8,,,,29.5,,1007.2,
2023-07-08,40.3,33.4,47.0,,,,31.3,,1008.2,
2023-07-09,39.3,32.7,45.5,,,,31.6,,1010.9,
2023-07-10,39.8,33.2,47.2,,,,29.9,,1012.7,
2023-07-11,40.8,34.2,47.4,,,,25.9,,1011.0,
2023-07-12,40.4,33.4,47.1,,,,27.9,,1010.0,
2023-07-13,38.7,32.4,44.9,,,,26.7,,1009.8,
2023-07-14,37.3,29.7,44.2,,,,24.4,,1009.0,
2023-07-15,38.4,32.2,45.6,,,,20.2,,1007.8,
2023-07-16,38.5,31.7,45.5,,,,20.9,,1007.5,
2023-07-17,38.5,31.1,45.0,,,,25.8,,1009.2,
2023-07-18,39.1,33.0,45.5,,,,31.0,,1009.8,
2023-07-19,38.6,32.1,45.0,,,,37.3,,1008.8,
2023-07-20,39.1,32.2,46.0,,,,28.9,,1007.7,
2023-07-21,38.6,31.0,45.7,,,,30.2,,1006.7,
2023-07-22,39.4,32.8,46.2,,,,21.1,,1007.4,
2023-07-23,40.1,32.9,46.6,,,,13.4,,1009.5,
2023-07-24,40.0,30.4,47.5,,,,18.1,,1008.0,
2023-07-25,40.4,33.1,47.5,,,,16.2,,1005.4,
2023-07-26,40.6,32.1,48.1,,,,11.2,,1005.3,
2023-07-27,41.5,34.7,48.7,,,,12.9,,1005.9,
2023-07-28,41.0,34.5,48.3,,,,17.5,,1007.1,
2023-07-29,40.2,31.6,48.6,,,,12.8,,1008.8,
2023-07-30,41.2,33.4,49.2,,,,20.7,,1009.7,
2023-07-31,41.3,32.8,49.6,,,,12.4,,1008.6,
2023-08-01,41.0,29.8,49.5,,,,11.7,,1005.5,
2023-08-02,41.9,33.9,48.9,,,,17.8,,1004.5,
2023-08-03,40.8,34.0,47.5,,,,14.7,,1004.9,
2023-08-04,40.5,31.9,48.5,,,,13.5,,1004.9,
2023-08-05,40.9,31.4,49.3,,,,16.2,,1006.0,
2023-08-06,40.7,33.4,47.3,,,,27.0,,1007.6,
2023-08-07,38.7,32.0,44.9,,,,29.0,,1008.7,
2023-08-08,39.0,32.5,45.5,,,,31.5,,1007.5,
2023-08-09,39.4,34.1,45.2,,,,38.2,,1008.8,
2023-08-10,37.5,29.9,44.3,,,,25.3,,1010.7,
2023-08-11,36.6,30.6,42.9,,,,27.8,,1011.6,
2023-08-12,37.2,30.5,44.1,,,,27.8,,1010.5,
2023-08-13,37.8,30.6,44.9,,,,22.0,,1007.9,
2023-08-14,38.0,31.4,44.1,,,,28.7,,1007.6,
2023-08-15,37.8,32.4,43.5,,,,23.4,,1009.1,
2023-08-16,36.5,30.8,41.5,,,,18.1,,1010.4,
2023-08-17,35.3,27.9,41.7,,,,15.7,,1010.9,
2023-08-18,36.2,29.9,43.1,,,,21.7,,1010.9,
2023-08-19,37.1,30.5,43.6,,,,28.1,,1010.4,
2023-08-20,36.6,30.0,42.5,,,,21.9,,1009.5,
2023-08-21,36.7,29.8,42.8,,,,12.6,,1008.4,
2023-08-22,36.9,31.4,42.2,,,,19.1,,1007.8,
2023-08-23,35.7,29.5,41.6,,,,26.8,,1009.2,
2023-08-24,34.8,29.0,40.6,,,,30.1,,1010.0,
2023-08-25,36.1,29.9,42.4,,,,36.4,,1008.1,
2023-08-26,36.6,32.2,42.5,,,,26.1,,1007.4,
2023-08-27,36.5,29.0,44.0,,,,10.6,,1009.1,
2023-08-28,37.3,30.5,43.3,,,,14.0,,1010.1,
2023-08-29,36.1,30.3,42.0,,,,13.0,,1009.8,
2023-08-30,36.5,28.8,43.3,,,,13.8,,1007.4,
2023-08-31,37.6,29.4,45.0,,,,9.9,,1007.5,
2023-09-01,37.6,29.0,45.2,,,,9.5,,1008.1,
2023-09-02,38.9,29.9,47.0,,,,14.1,,1005.1,
2023-09-03,38.6,31.0,45.7,,,,18.4,,1005.7,
2023-09-04,39.8,34.1,45.7,,,,11.2,,1008.9,
2023-09-05,39.0,32.8,44.7,,,,14.1,,1007.3,
2023-09-06,38.9,32.2,45.0,,,,13.6,,1007.6,
2023-09-07,38.4,32.1,44.1,,,,15.1,,1008.3,
2023-09-08,37.1,30.4,43.4,,,,16.1,,1008.2,
2023-09-09,36.3,29.8,43.0,,,,21.8,,1009.4,
2023-09-10,36.2,29.9,42.9,,,,21.2,,1010.6,
2023-09-11,36.3,29.8,43.0,,,,20.4,,1009.8,
2023-09-12,36.3,29.3,42.9,,,,17.9,,1008.7,
2023-09-13,36.3,29.7,42.8,,,,21.4,,1008.7,
2023-09-14,35.6,29.6,41.6,,,,25.9,,1008.9,
2023-09-15,35.9,29.9,43.1,,,,21.4,,1008.1,
2023-09-16,36.3,30.4,43.7,,,,20.0,,1008.1,
2023-09-17,36.5,30.0,43.4,,,,24.6,,1007.9,
2023-09-18,36.4,29.8,43.2,,,,25.6,,1007.7,
2023-09-19,36.0,30.2,43.2,,,,22.1,,1007.2,
2023-09-20,35.2,27.5,43.2,,,,10.3,,1007.9,
2023-09-21,35.8,27.6,43.9,,,,7.9,,1007.9,
2023-09-22,36.5,28.0,44.0,,,,7.6,,1007.4,
2023-09-23,36.8,28.0,44.7,,,,9.2,,1007.9,
2023-09-24,38.3,32.7,44.3,,,,16.4,,1009.6,
2023-09-25,36.3,32.2,41.9,,,,24.9,,1011.4,
2023-09-26,34.2,26.2,41.8,,,,10.5,,1010.6,
2023-09-27,33.5,26.6,39.8,,,,17.3,,1008.4,
2023-09-28,30.7,26.1,35.7,,,,37.5,,1009.8,
2023-09-29,31.0,25.5,37.3,,,,39.4,,1010.8,
2023-09-30,32.8,27.1,39.2,,,,38.4,,1010.8,
2023-10-01,33.0,28.3,38.8,,,,36.5,,1012.0,
2023-10-02,31.5,26.4,37.1,,,,31.4,,1013.3,
2023-10-03,31.5,26.2,37.2,,,,32.4,,1012.5,
2023-10-04,32.1,27.1,37.9,,,,39.1,,1012.6,
2023-10-05,30.9,26.2,36.6,,,,34.9,,1014.8,
2023-10-06,29.9,24.6,35.6,,,,31.3,,1015.8,
2023-10-07,29.6,24.1,36.0,,,,32.0,,1014.4,
2023-10-08,29.8,25.3,35.9,,,,33.2,,1014.2,
2023-10-09,29.3,24.5,35.4,,,,34.2,,1014.9,
2023-10-10,29.4,23.6,36.2,,,,30.6,,1014.0,
2023-10-11,29.7,24.6,36.1,,,,35.0,,1013.0,
2023-10-12,30.0,25.0,36.0,,,,34.5,,1012.1,
2023-10-13,30.9,26.0,37.0,,,,23.6,,1013.0,
2023-10-14,28.9,21.7,36.2,,,,8.5,,1013.6,
2023-10-15,29.0,21.5,36.5,,,,12.7,,1011.1,
2023-10-16,29.5,24.8,35.9,,,,21.5,,1009.8,
2023-10-17,28.4,20.1,36.8,,,,13.0,,1011.5,
2023-10-18,27.5,16.5,36.8,,,,6.3,,1013.1,
2023-10-19,27.8,16.9,37.3,,,,6.6,,1012.4,
2023-10-20,29.7,20.5,39.2,,,,19.1,,1007.5,
2023-10-21,29.1,19.9,37.1,,,,12.8,,1008.2,
2023-10-22,29.2,19.1,38.2,,,,7.7,,1011.1,
2023-10-23,30.9,22.0,40.1,,,,11.7,,1012.4,
2023-10-24,30.4,24.0,36.3,,,,11.1,,1013.0,
2023-10-25,30.2,24.0,36.1,,,,12.2,,1013.9,
2023-10-26,29.0,22.6,36.7,,,,11.8,,1013.9,
2023-10-27,28.0,19.9,36.3,,,,5.8,,1012.4,
2023-10-28,27.5,17.7,36.9,,,,4.5,,1011.1,
2023-10-29,27.9,17.9,38.2,,,,6.2,,1010.6,
2023-10-30,28.0,17.8,38.1,,,,4.8,,1011.5,
2023-10-31,29.1,19.9,39.0,,,,7.0,,1013.3,
2023-11-01,28.9,21.3,37.6,,,,12.3,,1015.0,
2023-11-02,28.5,20.8,37.1,,,,9.5,,1013.9,
2023-11-03,26.7,16.8,37.1,,,,4.1,,1011.0,
2023-11-04,25.4,15.0,36.3,,,,3.2,,1011.1,
2023-11-05,25.8,14.8,37.2,,,,3.5,,1012.4,
2023-11-06,26.0,14.6,37.2,,,,5.8,,1012.7,
2023-11-07,26.0,15.0,36.9,,,,7.6,,1011.1,
2023-11-08,27.5,21.3,34.9,,,,16.5,,1010.3,
2023-11-09,26.6,21.9,32.5,,,,15.0,,1011.9,
2023-11-10,25.4,20.0,32.8,,,,19.9,,1014.8,
2023-11-11,24.5,19.0,31.7,,,,17.8,,1017.1,
2023-11-12,23.6,16.8,31.5,,,,14.9,,1018.6,
2023-11-13,23.2,16.6,30.8,,,,20.5,,1020.6,
2023-11-14,24.2,18.9,30.9,,,,27.5,,1020.0,
2023-11-15,25.2,20.4,32.0,,,,25.3,,1018.0,
2023-11-16,24.9,20.5,31.3,,,,25.9,,1018.0,
2023-11-17,24.4,19.4,30.5,,,,26.6,,1018.0,
2023-11-18,23.7,18.3,30.4,,,,24.5,,1019.2,
2023-11-19,23.5,18.2,30.9,,,,26.0,,1018.7,
2023-11-20,22.8,17.3,29.8,,,,17.4,,1017.5,
2023-11-21,20.2,13.7,27.9,,,,8.3,,1015.8,
2023-11-22,18.2,9.8,26.3,,,,8.0,,1012.2,
2023-11-23,15.8,10.4,20.4,,,,13.6,,1013.9,
2023-11-24,14.8,9.4,20.8,,,,9.8,,1014.8,
2023-11-25,14.6,7.1,22.2,,,,3.8,,1015.3,
2023-11-26,16.3,9.6,25.0,,,,8.2,,1015.5,
2023-11-27,18.2,12.6,26.4,,,,8.1,,1016.6,
2023-11-28,16.7,7.6,26.1,,,,2.8,,1015.5,
2023-11-29,16.8,8.1,26.8,,,,2.1,,1014.7,
2023-11-30,15.6,4.9,27.2,,,,2.0,,1016.5,
2023-12-01,15.9,5.3,27.5,,,,2.5,,1015.9,
2023-12-02,16.5,7.3,27.2,,,,4.2,,1015.1,
2023-12-03,16.7,7.7,25.2,,,,13.2,,1017.3,
2023-12-04,16.5,12.0,22.6,,,,21.1,,1020.5,
2023-12-05,16.4,10.0,24.9,,,,10.7,,1018.1,
2023-12-06,16.2,8.6,25.7,,,,3.7,,1015.9,
2023-12-07,17.2,9.2,25.9,,,,10.6,,1019.5,
2023-12-08,18.4,14.1,24.7,,,,12.6,,1020.6,
2023-12-09,16.2,9.3,22.7,,,,14.6,,1020.4,
2023-12-10,15.8,11.3,21.3,,,,22.4,,1024.1,
2023-12-11,17.4,12.6,24.4,,,,27.0,,1024.4,
2023-12-12,18.3,12.4,27.4,,,,13.0,,1023.3,
2023-12-13,16.9,7.5,27.7,,,,3.8,,1019.6,
2023-12-14,15.8,6.6,25.0,,,,5.5,,1018.9,
2023-12-15,15.3,13.0,19.2,,,,27.8,,1023.6,
2023-12-16,13.4,10.4,17.8,,,,34.9,,1024.1,
2023-12-17,12.0,9.5,15.9,,,,31.8,,1024.2,
2023-12-18,10.3,7.7,14.5,,,,23.6,,1025.2,
2023-12-19,8.5,2.0,15.0,,,,9.6,,1025.2,
2023-12-20,10.7,3.8,18.6,,,,6.2,,1024.4,
2023-12-21,11.0,3.3,19.4,,,,6.4,,1023.6,
2023-12-22,12.1,5.7,20.4,,,,12.0,,1024.0,
2023-12-23,12.6,5.8,21.5,,,,11.8,,1024.0,
2023-12-24,13.7,6.5,22.4,,,,12.6,,1023.8,
2023-12-25,14.9,8.5,23.2,,,,11.9,,1022.0,
2023-12-26,15.2,7.7,23.5,,,,9.1,,1020.2,
2023-12-27,18.5,14.4,26.1,,,,7.9,,1018.7,
2023-12-28,15.4,8.3,23.3,,,,8.1,,1020.0,
2023-12-29,15.8,11.7,21.9,,,,16.9,,1021.1,
2023-12-30,15.8,10.6,23.7,,,,16.4,,1019.6,
2023-12-31,16.2,10.4,24.4,,,,14.0,,1019.0,
2024-01-01,16.7,11.3,24.7,,,,14.3,,1018.8,
2024-01-02,16.7,10.8,24.4,,,,15.4,,1020.8,
2024-01-03,16.2,11.2,23.2,,,,22.9,,1022.1,
2024-01-04,16.4,12.3,23.7,,,,13.5,,1018.8,
2024-01-05,13.8,5.1,24.0,,,,7.1,,1016.1,
2024-01-06,13.5,6.0,22.5,,,,9.2,,1018.0,
2024-01-07,14.2,9.0,21.9,,,,16.1,,1019.3,
2024-01-08,13.3,6.1,22.3,,,,8.7,,1019.7,
2024-01-09,14.0,7.0,23.2,,,,15.5,,1020.6,
2024-01-10,15.2,9.0,23.0,,,,11.7,,1019.4,
2024-01-11,15.4,8.3,24.7,,,,5.1,,1018.1,
2024-01-12,14.3,4.8,25.2,,,,7.8,,1020.5,
2024-01-13,15.6,10.3,22.7,,,,21.6,,1024.3,
2024-01-14,15.1,9.2,23.4,,,,18.8,,1024.1,
2024-01-15,14.2,5.2,24.4,,,,4.1,,1022.4,
2024-01-16,13.6,3.9,24.8,,,,1.8,,1022.2,
2024-01-17,14.4,4.6,25.2,,,,2.6,,1021.5,
2024-01-18,15.7,6.2,27.1,,,,1.8,,1020.5,
2024-01-19,15.5,4.8,27.6,,,,3.5,,1018.7,
2024-01-20,16.6,6.7,28.4,,,,3.9,,1019.4,
2024-01-21,18.6,12.6,26.4,,,,20.3,,1022.0,
2024-01-22,17.2,14.4,21.6,,,,36.0,,1025.2,
2024-01-23,14.6,11.5,19.0,,,,44.1,,1029.3,
2024-01-24,15.0,10.7,21.3,,,,37.0,,1030.8,
2024-01-25,15.6,11.1,21.2,,,,37.7,,1029.7,
2024-01-26,17.5,13.0,24.6,,,,38.5,,1026.7,
2024-01-27,19.2,14.3,26.8,,,,35.0,,1025.1,
2024-01-28,20.2,15.4,28.0,,,,36.0,,1023.6,
2024-01-29,19.7,15.8,25.8,,,,35.2,,1023.6,
2024-01-30,18.8,15.4,24.6,,,,40.2,,1023.0,
2024-01-31,17.7,14.4,23.5,,,,40.1,,1024.3,
2024-02-01,16.6,12.7,22.7,,,,36.0,,1025.7,
2024-02-02,15.6,10.8,22.5,,,,27.2,,1025.2,
2024-02-03,14.8,9.5,20.9,,,,27.6,,1025.3,
2024-02-04,15.7,11.7,21.4,,,,37.1,,1027.2,
2024-02-05,17.0,12.8,23.6,,,,32.2,,1028.1,
2024-02-06,16.8,12.1,23.6,,,,16.0,,1026.5,
2024-02-07,15.9,8.5,24.2,,,,9.7,,1024.4,
2024-02-08,15.0,6.1,24.2,,,,7.9,,1022.2,
2024-02-09,15.3,5.1,25.3,,,,7.1,,1017.1,
2024-02-10,19.1,11.1,27.3,,,,16.1,,1010.8,
2024-02-11,22.0,16.8,29.6,,,,5.9,,1011.6,
2024-02-12,21.1,14.0,29.7,,,,11.3,,1018.1,
2024-02-13,20.7,10.8,30.4,,,,9.1,,1020.6,
2024-02-14,22.1,17.3,28.5,,,,24.8,,1021.9,
2024-02-15,22.3,17.0,30.1,,,,28.2,,1019.7,
2024-02-16,21.9,15.2,30.1,,,,11.8,,1017.3,
2024-02-17,20.6,15.9,25.6,,,,17.1,,1017.3,
2024-02-18,19.4,15.2,23.3,,,,27.4,,1018.8,
2024-02-19,21.1,17.1,26.2,,,,40.3,,1018.2,
2024-02-20,21.2,16.9,26.5,,,,35.6,,1018.2,
2024-02-21,18.8,15.2,23.1,,,,30.6,,1019.6,
2024-02-22,16.2,11.4,21.1,,,,26.1,,1020.7,
2024-02-23,16.9,10.0,24.6,,,,9.5,,1016.5,
2024-02-24,17.8,7.5,27.4,,,,7.1,,1013.6,
2024-02-25,17.5,13.2,22.4,,,,19.1,,1020.1,
2024-02-26,16.6,8.4,25.6,,,,8.1,,1016.2,
2024-02-27,17.3,7.3,27.1,,,,15.3,,1009.4,
2024-02-28,14.9,9.7,19.7,,,,18.0,,1015.2,
2024-02-29,13.3,4.8,20.6,,,,11.0,,1018.3,
2024-03-01,14.1,4.2,22.8,,,,5.2,,1018.6,
2024-03-02,18.0,11.9,25.9,,,,10.1,,1015.8,
2024-03-03,18.4,8.1,28.0,,,,5.5,,1014.4,
2024-03-04,19.3,11.1,27.0,,,,16.1,,1016.4,
2024-03-05,19.2,12.9,25.6,,,,25.8,,1018.8,
2024-03-06,20.3,14.5,26.9,,,,32.2,,1016.7,
2024-03-07,20.7,14.4,27.6,,,,20.8,,1014.8,
2024-03-08,21.0,11.2,29.6,,,,8.9,,1012.0,
2024-03-09,21.5,10.8,31.1,,,,14.3,,1010.9,
2024-03-10,22.0,12.0,30.7,,,,16.6,,1010.0,
2024-03-11,21.7,13.6,29.3,,,,13.0,,1014.1,
2024-03-12,22.8,16.6,29.2,,,,28.9,,1016.4,
2024-03-13,22.6,16.9,28.6,,,,25.2,,1014.9,
2024-03-14,23.4,18.9,28.7,,,,19.4,,1013.2,
2024-03-15,22.7,15.3,29.5,,,,20.6,,1016.9,
2024-03-16,23.3,16.4,30.1,,,,22.8,,1019.6,
2024-03-17,23.1,15.8,30.0,,,,23.3,,1020.4,
2024-03-18,24.2,17.3,31.3,,,,24.2,,1017.8,
2024-03-19,25.2,18.6,33.1,,,,13.9,,1013.6,
2024-03-20,25.2,17.0,34.2,,,,9.8,,1012.3,
2024-03-21,26.7,18.9,35.6,,,,14.0,,1012.0,
2024-03-22,27.4,18.8,36.3,,,,12.4,,1010.3,
2024-03-23,28.3,20.4,37.3,,,,19.3,,1010.1,
2024-03-24,29.9,24.9,36.8,,,,24.8,,1010.1,
2024-03-25,26.9,23.1,30.0,,,,26.1,,1007.2,
2024-03-26,23.6,15.5,30.1,,,,24.1,,1006.1,
2024-03-27,20.9,14.6,26.4,,,,13.5,,1010.5,
2024-03-28,21.3,12.5,30.3,,,,14.0,,1014.1,
2024-03-29,22.8,12.1,32.2,,,,13.6,,1009.5,
2024-03-30,23.6,13.8,31.9,,,,14.6,,1008.9,
2024-03-31,23.1,12.1,32.1,,,,8.9,,1012.0,
2024-04-01,23.6,10.6,34.1,,,,5.0,,1013.5,
2024-04-02,25.7,14.7,35.1,,,,8.1,,1013.1,
2024-04-03,27.3,20.4,34.0,,,,28.1,,1010.9,
2024-04-04,27.2,20.5,33.4,,,,28.5,,1010.7,
2024-04-05,30.0,22.2,38.0,,,,28.6,,1008.2,
2024-04-06,32.7,27.2,39.0,,,,36.1,,1008.1,
2024-04-07,32.9,26.0,40.4,,,,23.8,,1008.8,
2024-04-08,32.4,25.1,40.9,,,,14.4,,1007.4,
2024-04-09,32.2,22.7,40.7,,,,11.2,,1006.3,
2024-04-10,30.2,25.9,33.9,,,,37.1,,1010.8,
2024-04-11,25.5,20.6,30.3,,,,29.3,,1015.1,
2024-04-12,20.1,16.6,22.7,,,,25.4,,1017.1,
2024-04-13,18.3,11.5,23.4,,,,20.1,,1014.4,
2024-04-14,18.0,12.5,23.0,,,,16.1,,1014.5,
2024-04-15,19.9,12.0,27.1,,,,12.6,,1014.9,
2024-04-16,23.0,13.1,31.6,,,,9.6,,1013.5,
2024-04-17,25.0,16.3,33.5,,,,9.5,,1013.3,
2024-04-18,26.4,15.3,36.1,,,,6.5,,1011.5,
2024-04-19,28.9,17.3,38.7,,,,8.2,,1009.0,
2024-04-20,29.3,17.9,38.6,,,,15.0,,1004.8,
2024-04-21,29.6,21.4,37.1,,,,18.0,,1001.3,
2024-04-22,26.0,17.2,32.3,,,,10.8,,1003.7,
2024-04-23,25.0,19.0,31.2,,,,14.1,,1010.5,
2024-04-24,25.8,16.2,34.7,,,,10.4,,1010.0,
2024-04-25,28.5,21.1,36.9,,,,23.6,,1006.9,
2024-04-26,29.7,19.9,37.7,,,,17.7,,1001.6,
2024-04-27,29.2,20.4,36.0,,,,17.7,,1002.8,
2024-04-28,27.4,19.6,33.1,,,,20.9,,1006.9,
2024-04-29,26.4,20.6,30.4,,,,19.8,,1009.9,
2024-04-30,25.1,17.1,31.4,,,,12.7,,1011.4,
2024-05-01,25.1,19.0,31.2,,,,21.1,,1013.1,
2024-05-02,27.0,19.8,34.4,,,,26.0,,1011.9,
2024-05-03,29.8,23.1,36.9,,,,26.1,,1011.0,
2024-05-04,30.9,23.8,37.5,,,,27.2,,1011.8,
2024-05-05,32.0,25.6,38.3,,,,34.3,,1008.8,
2024-05-06,33.3,27.6,39.5,,,,22.1,,1004.8,
2024-05-07,33.2,24.8,40.9,,,,12.0,,1005.8,
2024-05-08,32.5,24.0,39.6,,,,14.9,,1008.6,
2024-05-09,29.6,24.6,34.9,,,,30.6,,1010.8,
2024-05-10,28.6,22.1,35.3,,,,29.5,,1011.7,
2024-05-11,28.9,22.7,35.2,,,,29.7,,1012.1,
2024-05-12,30.5,23.8,37.1,,,,27.2,,1011.7,
2024-05-13,31.9,24.4,39.2,,,,17.6,,1010.1,
2024-05-14,32.6,23.4,41.3,,,,9.5,,1007.5,
2024-05-15,34.3,23.9,43.0,,,,18.0,,1005.3,
2024-05-16,32.4,28.8,35.0,,,,18.4,,1008.7,
2024-05-17,32.2,23.6,39.5,,,,16.4,,1009.6,
2024-05-18,33.3,23.8,40.9,,,,19.0,,1007.7,
2024-05-19,32.7,23.4,40.6,,,,16.2,,1007.6,
2024-05-20,32.5,24.0,39.2,,,,16.9,,1008.0,
2024-05-21,32.9,25.0,40.7,,,,11.9,,1009.0,
2024-05-22,33.3,25.4,40.8,,,,10.0,,1008.2,
2024-05-23,32.5,21.1,41.5,,,,10.1,,1006.9,
2024-05-24,34.2,24.5,42.2,,,,12.2,,1006.8,
2024-05-25,33.6,23.4,42.1,,,,8.2,,1007.9,
2024-05-26,35.2,27.6,43.0,,,,16.3,,1007.7,
2024-05-27,35.0,27.9,42.1,,,,14.8,,1008.2,
2024-05-28,35.2,29.2,41.9,,,,28.2,,1008.4,
2024-05-29,35.6,29.7,41.9,,,,26.2,,1007.3,
2024-05-30,35.6,28.4,42.2,,,,23.3,,1005.8,
2024-05-31,35.9,29.3,42.7,,,,23.9,,1004.3,
2024-06-01,35.4,29.4,41.9,,,,21.9,,1005.0,
2024-06-02,33.3,23.3,41.1,,,,16.4,,1006.1,
2024-06-03,33.3,23.6,41.0,,,,12.7,,1006.1,
2024-06-04,33.6,23.4,41.6,,,,10.1,,1006.3,
2024-06-05,35.7,28.7,43.4,,,,19.1,,1008.2,
2024-06-06,37.3,30.8,44.5,,,,18.9,,1009.4,
2024-06-07,38.0,31.2,45.2,,,,15.2,,1010.6,
2024-06-08,39.1,31.7,45.9,,,,12.2,,1009.3,
2024-06-09,39.3,31.9,46.2,,,,10.5,,1006.6,
2024-06-10,39.4,30.8,46.6,,,,10.6,,1005.9,
2024-06-11,39.8,32.2,46.4,,,,12.4,,1005.9,
2024-06-12,39.1,30.9,46.0,,,,12.0,,1007.0,
2024-06-13,40.0,32.8,47.0,,,,10.8,,1007.9,
2024-06-14,40.2,33.8,46.7,,,,22.1,,1008.0,
2024-06-15,39.9,34.2,46.2,,,,25.6,,1006.7,
2024-06-16,39.7,34.0,46.3,,,,21.7,,1005.0,
2024-06-17,40.7,34.8,47.1,,,,19.7,,1006.4,
2024-06-18,41.4,34.6,48.2,,,,18.4,,1006.9,
2024-06-19,41.6,35.0,48.1,,,,19.8,,1005.1,
2024-06-20,40.9,34.3,47.9,,,,19.8,,1004.5,
2024-06-21,40.7,34.1,47.6,,,,14.3,,1005.1,
2024-06-22,40.7,32.9,47.9,,,,13.2,,1004.8,
2024-06-23,40.1,32.5,47.2,,,,15.8,,1002.2,
2024-06-24,39.1,31.3,46.7,,,,12.4,,1002.0,
2024-06-25,39.1,32.2,46.4,,,,17.1,,1004.2,
2024-06-26,40.3,31.8,47.8,,,,12.4,,1004.2,
2024-06-27,40.8,33.4,47.6,,,,10.9,,1005.7,
2024-06-28,41.4,34.7,48.5,,,,20.5,,1007.6,
2024-06-29,40.6,33.4,47.9,,,,19.6,,1008.0,
2024-06-30,40.5,31.8,48.3,,,,12.9,,1007.3,
2024-07-01,41.6,34.0,48.7,,,,18.5,,1007.2,
2024-07-02,40.4,31.7,47.6,,,,14.5,,1005.6,
2024-07-03,40.1,32.5,46.9,,,,12.7,,1004.8,
2024-07-04,39.9,32.2,47.1,,,,10.8,,1005.8,
2024-07-05,40.6,34.4,47.7,,,,13.6,,1006.9,
2024-07-06,40.1,32.5,47.6,,,,11.7,,1005.3,
2024-07-07,40.7,33.2,48.1,,,,15.0,,1003.2,
2024-07-08,40.8,33.6,48.0,,,,20.3,,1003.4,
2024-07-09,41.3,34.3,47.6,,,,29.2,,1005.2,
2024-07-10,40.8,33.8,47.3,,,,31.5,,1009.1,
2024-07-11,41.8,33.0,48.7,,,,17.9,,1009.3,
2024-07-12,41.9,35.6,47.6,,,,25.5,,1006.5,
2024-07-13,40.3,32.7,47.3,,,,26.1,,1005.5,
2024-07-14,39.8,32.6,46.8,,,,26.2,,1006.9,
2024-07-15,40.3,32.2,47.5,,,,21.2,,1007.5,
2024-07-16,39.4,31.5,46.2,,,,12.6,,1008.8,
2024-07-17,41.5,35.1,48.4,,,,20.6,,1008.3,
2024-07-18,41.1,33.1,48.0,,,,20.7,,1009.4,
2024-07-19,41.0,33.3,47.3,,,,17.8,,1008.7,
2024-07-20,39.4,32.8,45.3,,,,24.5,,1006.3,
2024-07-21,39.1,32.2,45.8,,,,18.0,,1006.1,
2024-07-22,39.6,31.4,47.2,,,,17.1,,1007.2,
2024-07-23,41.6,34.5,48.6,,,,23.1,,1008.5,
2024-07-24,40.4,34.4,45.6,,,,26.1,,1009.0,
2024-07-25,36.9,30.9,42.1,,,,25.2,,1007.3,
2024-07-26,35.8,29.2,41.7,,,,23.0,,1006.4,
2024-07-27,37.3,29.9,43.5,,,,21.1,,1006.4,
2024-07-28,40.1,34.3,45.8,,,,29.9,,1005.8,
2024-07-29,40.8,35.4,46.3,,,,34.7,,1006.0,
2024-07-30,38.3,33.2,43.4,,,,36.0,,1007.8,
2024-07-31,36.7,30.7,42.2,,,,36.9,,1007.8,
2024-08-01,37.3,31.5,43.0,,,,35.0,,1007.9,
2024-08-02,37.9,30.5,44.7,,,,26.5,,1007.2,
2024-08-03,38.6,31.4,45.7,,,,23.1,,1006.1,
2024-08-04,39.1,30.1,46.9,,,,11.1,,1006.2,
2024-08-05,40.2,34.9,46.3,,,,20.2,,1005.3,
2024-08-06,38.6,31.8,44.9,,,,24.1,,1005.3,
2024-08-07,37.1,29.3,43.7,,,,26.9,,1006.3,
2024-08-08,38.1,31.7,44.4,,,,30.4,,1007.3,
2024-08-09,38.7,32.7,44.7,,,,30.3,,1008.7,
2024-08-10,37.7,31.1,43.7,,,,30.6,,1008.7,
2024-08-11,38.0,31.8,43.7,,,,32.0,,1007.6,
2024-08-12,38.8,33.7,44.1,,,,33.2,,1006.6,
2024-08-13,38.4,32.4,44.5,,,,29.2,,1005.8,
2024-08-14,38.2,31.1,44.8,,,,18.6,,1004.7,
2024-08-15,37.9,30.4,44.8,,,,12.1,,1004.8,
2024-08-16,38.7,31.5,45.6,,,,19.2,,1005.3,
2024-08-17,38.4,31.6,44.3,,,,14.7,,1007.6,
2024-08-18,38.1,30.1,44.3,,,,10.2,,1009.2,
2024-08-19,39.7,32.8,46.5,,,,11.1,,1006.8,
2024-08-20,41.0,33.3,47.8,,,,11.3,,1005.2,
2024-08-21,40.4,33.2,46.5,,,,20.7,,1006.9,
2024-08-22,38.7,32.4,44.3,,,,27.8,,1007.3,
2024-08-23,37.3,31.0,43.0,,,,30.8,,1007.2,
2024-08-24,37.6,30.5,44.0,,,,29.4,,1008.9,
2024-08-25,37.5,31.1,43.5,,,,24.4,,1011.0,
2024-08-26,37.0,29.8,43.4,,,,15.6,,1009.0,
2024-08-27,37.1,29.2,43.7,,,,11.1,,1006.2,
2024-08-28,37.9,30.3,44.7,,,,16.6,,1006.2,
2024-08-29,37.6,31.2,43.7,,,,21.5,,1007.6,
2024-08-30,37.3,31.1,43.2,,,,25.6,,1008.4,
2024-08-31,37.0,31.2,42.9,,,,27.7,,1008.5,
2024-09-01,36.7,30.6,42.9,,,,27.1,,1008.8,
2024-09-02,36.7,30.3,43.0,,,,21.2,,1008.9,
2024-09-03,36.2,29.5,42.3,,,,17.2,,1008.9,
2024-09-04,37.7,31.7,42.6,,,,13.1,,1006.8,
2024-09-05,35.4,26.5,39.7,,,,15.8,,1006.7,
2024-09-06,30.3,26.1,37.0,,,,15.8,,1009.7,
2024-09-07,31.3,26.8,37.6,,,,11.1,,1013.2,
2024-09-08,34.0,27.0,39.9,,,,8.1,,1013.3,
2024-09-09,36.2,29.0,42.1,,,,11.9,,1011.1,
2024-09-10,35.4,30.7,40.0,,,,25.8,,1009.2,
2024-09-11,33.3,27.7,38.9,,,,21.0,,1007.9,
2024-09-12,33.6,26.4,40.5,,,,15.2,,1007.0,
2024-09-13,35.0,28.6,41.5,,,,17.7,,1008.3,
2024-09-14,36.2,30.2,42.3,,,,13.9,,1009.4,
2024-09-15,35.3,26.1,43.0,,,,9.0,,1008.5,
2024-09-16,34.8,26.5,41.6,,,,13.0,,1007.4,
2024-09-17,34.2,25.7,40.8,,,,11.0,,1006.2,
2024-09-18,35.7,28.7,41.3,,,,10.3,,1007.4,
2024-09-19,34.9,30.3,39.5,,,,21.5,,1007.8,
2024-09-20,33.7,29.5,38.4,,,,20.6,,1010.5,
2024-09-21,34.8,30.3,40.1,,,,22.0,,1010.7,
2024-09-22,34.0,29.3,39.8,,,,26.6,,1012.1,
2024-09-23,33.8,29.2,38.5,,,,19.1,,1011.6,
2024-09-24,33.8,27.4,39.1,,,,13.1,,1011.7,
2024-09-25,33.8,28.2,39.2,,,,14.6,,1013.1,
2024-09-26,34.5,28.6,40.0,,,,15.3,,1013.1,
2024-09-27,34.9,29.2,40.5,,,,12.9,,1011.2,
2024-09-28,34.4,26.8,41.0,,,,14.1,,1009.8,
2024-09-29,35.5,29.6,40.9,,,,22.1,,1011.3,
2024-09-30,35.9,30.2,42.3,,,,24.4,,1010.1,
2024-10-01,35.4,30.6,40.7,,,,29.2,,1010.2,
2024-10-02,33.3,27.7,39.6,,,,22.2,,1010.3,
2024-10-03,32.4,25.0,40.3,,,,12.1,,1009.7,
2024-10-04,32.4,23.0,41.8,,,,7.1,,1009.2,
2024-10-05,33.5,24.6,42.1,,,,10.6,,1008.1,
2024-10-06,34.2,28.1,41.7,,,,13.7,,1008.5,
2024-10-07,33.1,26.9,39.3,,,,12.8,,1010.3,
2024-10-08,34.1,26.8,40.6,,,,9.4,,1012.1,
2024-10-09,33.5,24.6,40.8,,,,6.1,,1012.4,
2024-10-10,33.1,23.8,40.7,,,,7.7,,1010.8,
2024-10-11,32.5,23.0,41.0,,,,8.8,,1010.5,
2024-10-12,30.9,21.3,40.0,,,,6.6,,1010.8,
2024-10-13,31.4,23.3,40.5,,,,10.4,,1011.2,
2024-10-14,32.4,24.9,39.8,,,,14.7,,1011.6,
2024-10-15,33.6,28.2,39.3,,,,12.9,,1012.3,
2024-10-16,33.9,28.0,39.9,,,,9.4,,1013.5,
2024-10-17,32.5,24.6,39.2,,,,8.7,,1015.0,
2024-10-18,30.8,25.2,36.7,,,,16.1,,1013.6,
2024-10-19,26.0,22.0,30.0,,,,22.7,,1015.8,
2024-10-20,23.0,17.3,26.9,,,,23.8,,1017.1,
2024-10-21,23.9,19.4,28.5,,,,26.8,,1016.0,
2024-10-22,23.2,18.7,27.4,,,,25.0,,1016.7,
2024-10-23,23.4,18.3,28.9,,,,18.5,,1016.2,
2024-10-24,24.8,18.8,31.3,,,,9.7,,1015.6,
2024-10-25,24.6,17.4,31.1,,,,8.5,,1014.6,
2024-10-26,24.5,17.0,31.3,,,,7.0,,1014.0,
2024-10-27,24.8,17.9,32.3,,,,9.0,,1012.3,
2024-10-28,27.8,20.9,35.8,,,,14.6,,1010.9,
2024-10-29,27.3,18.2,35.7,,,,5.1,,1013.4,
2024-10-30,27.8,19.2,35.6,,,,4.4,,1014.8,
2024-10-31,27.9,19.2,35.2,,,,6.3,,1015.2,
2024-11-01,28.1,22.8,32.5,,,,11.4,,1014.8,
2024-11-02,26.4,20.2,33.1,,,,11.3,,1013.4,
2024-11-03,28.1,23.3,34.7,,,,12.9,,1015.2,
2024-11-04,27.1,19.5,35.1,,,,6.5,,1018.1,
2024-11-05,26.7,18.8,34.9,,,,6.0,,1017.6,
2024-11-06,26.4,20.1,33.0,,,,15.7,,1016.3,
2024-11-07,25.4,20.3,31.4,,,,19.8,,1017.9,
2024-11-08,24.5,19.6,31.0,,,,20.4,,1020.0,
2024-11-09,23.6,17.5,30.6,,,,13.7,,1020.5,
2024-11-10,22.6,14.3,30.6,,,,3.8,,1017.7,
2024-11-11,22.5,18.4,28.1,,,,11.2,,1017.0,
2024-11-12,20.7,14.9,26.9,,,,9.2,,1016.4,
2024-11-13,20.7,13.1,28.9,,,,12.5,,1016.0,
2024-11-14,23.6,18.0,31.0,,,,21.1,,1016.1,
2024-11-15,24.1,19.0,31.3,,,,19.3,,1015.8,
2024-11-16,21.7,14.6,31.0,,,,6.1,,1017.0,
2024-11-17,21.9,13.9,31.1,,,,11.1,,1018.4,
2024-11-18,23.7,17.7,32.1,,,,14.4,,1018.9,
2024-11-19,23.8,17.3,31.6,,,,12.6,,1019.2,
2024-11-20,24.0,16.9,30.9,,,,8.9,,1019.5,
2024-11-21,22.7,18.0,28.1,,,,11.2,,1018.7,
2024-11-22,19.3,11.3,27.6,,,,6.8,,1018.5,
2024-11-23,18.6,9.9,27.2,,,,9.7,,1021.1,
2024-11-24,20.7,15.6,27.0,,,,19.0,,1021.7,
2024-11-25,21.2,17.2,26.9,,,,20.0,,1020.8,
2024-11-26,21.8,17.6,27.8,,,,28.9,,1020.4,
2024-11-27,20.3,16.4,25.9,,,,22.9,,1021.4,
2024-11-28,18.3,13.4,24.2,,,,17.4,,1022.9,
2024-11-29,18.6,12.3,25.4,,,,17.0,,1023.6,
2024-11-30,19.5,14.8,25.8,,,,21.8,,1023.1,
2024-12-01,19.3,14.0,25.9,,,,21.5,,1020.6,
2024-12-02,19.1,15.1,25.1,,,,23.5,,1019.9,
2024-12-03,17.7,13.6,22.9,,,,23.6,,1021.1,
2024-12-04,17.0,12.0,24.1,,,,13.3,,1021.8,
2024-12-05,15.3,10.1,21.6,,,,18.6,,1023.3,
2024-12-06,14.5,9.5,21.0,,,,13.4,,1025.2,
2024-12-07,13.8,6.8,21.7,,,,9.7,,1024.5,
2024-12-08,14.1,4.6,24.1,,,,1.9,,1020.3,
2024-12-09,15.3,6.6,24.5,,,,4.4,,1016.2,
2024-12-10,15.0,6.9,23.6,,,,5.8,,1015.1,
2024-12-11,17.3,9.6,26.5,,,,11.4,,1014.3,
2024-12-12,16.4,7.8,26.3,,,,7.8,,1015.7,
2024-12-13,15.8,6.6,25.6,,,,5.9,,1018.3,
2024-12-14,17.9,8.8,26.7,,,,12.8,,1021.4,
2024-12-15,18.3,13.1,25.6,,,,25.0,,1022.6,
2024-12-16,15.6,13.1,18.9,,,,42.2,,1027.4,
2024-12-17,13.5,9.8,17.9,,,,38.9,,1030.8,
2024-12-18,13.6,10.0,18.8,,,,28.7,,1030.9,
2024-12-19,14.4,10.1,21.6,,,,20.1,,1028.0,
2024-12-20,13.6,5.0,23.4,,,,4.5,,1024.4,
2024-12-21,14.2,5.7,23.0,,,,15.0,,1022.6,
2024-12-22,16.3,12.9,22.1,,,,31.5,,1023.7,
2024-12-23,14.7,10.6,21.6,,,,16.9,,1022.1,
2024-12-24,13.2,5.3,21.2,,,,11.3,,1021.3,
2024-12-25,14.4,10.4,19.0,,,,22.7,,1023.1,
2024-12-26,15.1,12.5,18.9,,,,26.1,,1022.4,
2024-12-27,12.7,8.8,17.8,,,,29.0,,1022.9,
2024-12-28,12.0,7.9,17.4,,,,34.7,,1022.9,
2024-12-29,13.6,9.8,19.7,,,,34.8,,1020.4,
2024-12-30,14.3,10.3,20.5,,,,19.5,,1019.6,
2024-12-31,14.2,9.2,20.7,,,,12.0,,1018.0,
2025-01-01,12.2,5.0,19.5,,,,6.3,,1017.5,
2025-01-02,12.1,6.7,18.5,,,,11.0,,1018.5,
2025-01-03,13.6,8.3,19.0,,,,19.6,,1023.2,
2025-01-04,13.9,7.6,20.0,,,,21.8,,1024.0,
2025-01-05,15.5,11.9,21.8,,,,19.6,,1019.6,
2025-01-06,15.3,9.3,23.5,,,,6.6,,1017.4,
2025-01-07,14.0,5.6,22.0,,,,13.5,,1021.4,
2025-01-08,14.0,8.1,20.2,,,,19.1,,1025.1,
2025-01-09,15.0,10.1,22.3,,,,20.1,,1023.5,
2025-01-10,16.0,9.2,24.4,,,,17.0,,1023.6,
2025-01-11,17.1,11.7,25.2,,,,11.4,,1023.0,
2025-01-12,15.8,8.6,24.1,,,,7.2,,1020.2,
2025-01-13,13.9,10.1,19.0,,,,17.4,,1018.2,
2025-01-14,10.5,4.9,15.6,,,,20.2,,1019.8,
2025-01-15,10.9,6.5,16.0,,,,24.7,,1019.2,
2025-01-16,11.8,8.6,15.9,,,,18.3,,1019.3,
2025-01-17,9.5,1.8,17.3,,,,5.2,,1023.0,
2025-01-18,10.8,2.8,19.6,,,,8.5,,1021.1,
2025-01-19,11.6,5.5,19.0,,,,8.3,,1020.5,
2025-01-20,12.2,4.8,19.8,,,,12.7,,1022.8,
2025-01-21,14.9,8.4,23.4,,,,21.5,,1022.5,
2025-01-22,16.5,11.1,25.3,,,,13.6,,1019.2,
2025-01-23,16.6,8.7,26.0,,,,4.6,,1018.5,
2025-01-24,21.6,16.8,28.6,,,,20.7,,1019.2,
2025-01-25,19.8,17.0,24.4,,,,26.2,,1019.6,
2025-01-26,18.8,13.8,25.8,,,,20.7,,1021.8,
2025-01-27,18.8,13.0,26.3,,,,20.7,,1023.6,
2025-01-28,19.5,11.9,27.9,,,,15.4,,1021.8,
2025-01-29,18.2,14.2,24.1,,,,23.8,,1023.9,
2025-01-30,16.1,8.7,25.0,,,,10.5,,1019.2,
2025-01-31,15.1,8.4,20.9,,,,13.5,,1012.5,
2025-02-01,12.7,6.7,18.0,,,,10.1,,1018.3,
2025-02-02,13.5,6.9,20.7,,,,8.3,,1019.1,
2025-02-03,14.6,9.2,20.6,,,,16.8,,1020.7,
2025-02-04,15.4,10.2,21.7,,,,25.9,,1020.5,
2025-02-05,15.8,11.6,21.1,,,,35.8,,1021.3,
2025-02-06,15.8,12.2,20.5,,,,32.7,,1019.1,
2025-02-07,14.7,11.0,19.7,,,,22.0,,1020.5,
2025-02-08,14.1,8.5,20.4,,,,23.9,,1023.0,
2025-02-09,16.4,11.1,23.5,,,,33.8,,1021.0,
2025-02-10,17.9,12.6,24.8,,,,37.2,,1017.7,
2025-02-11,18.3,13.1,25.4,,,,30.9,,1016.7,
2025-02-12,17.9,12.6,24.9,,,,21.1,,1016.8,
2025-02-13,18.0,12.6,24.8,,,,14.4,,1016.8,
2025-02-14,17.4,12.2,23.8,,,,15.6,,1017.7,
2025-02-15,16.7,9.5,24.7,,,,10.3,,1016.8,
2025-02-16,18.1,9.5,26.8,,,,15.8,,1012.9,
2025-02-17,20.3,17.5,24.3,,,,30.2,,1005.9,
2025-02-18,19.6,13.6,26.2,,,,18.8,,1013.5,
2025-02-19,21.1,16.6,27.3,,,,21.5,,1012.1,
2025-02-20,18.7,15.2,21.3,,,,30.0,,1014.6,
2025-02-21,17.4,14.2,21.4,,,,34.6,,1017.9,
2025-02-22,17.5,13.4,22.0,,,,32.0,,1021.1,
2025-02-23,18.6,14.4,23.5,,,,29.2,,1018.5,
2025-02-24,17.8,14.9,21.1,,,,40.2,,1019.4,
2025-02-25,17.4,12.9,22.7,,,,25.8,,1023.0,
2025-02-26,16.9,10.8,23.6,,,,17.4,,1022.0,
2025-02-27,17.9,10.2,25.5,,,,18.6,,1020.3,
2025-02-28,19.6,13.6,27.9,,,,16.1,,1015.8,
2025-03-01,19.0,7.8,29.2,,,,15.5,,1010.0,
2025-03-02,18.3,9.7,26.4,,,,5.8,,1012.4,
2025-03-03,18.3,9.5,26.0,,,,6.2,,1014.8,
2025-03-04,22.5,19.3,26.7,,,,22.3,,1011.6,
2025-03-05,22.7,20.2,25.7,,,,22.8,,1009.9,
2025-03-06,18.1,16.0,21.4,,,,15.7,,1015.8,
2025-03-07,18.7,13.5,24.7,,,,11.4,,1014.4,
2025-03-08,18.1,9.5,26.4,,,,5.8,,1012.8,
2025-03-09,20.7,11.3,30.0,,,,10.8,,1009.5,
2025-03-10,21.6,12.7,29.4,,,,12.4,,1008.9,
2025-03-11,21.1,11.6,29.6,,,,9.9,,1010.3,
2025-03-12,21.7,11.6,30.6,,,,10.3,,1009.4,
2025-03-13,22.6,11.9,32.0,,,,13.3,,1008.0,
2025-03-14,22.5,12.8,31.2,,,,14.6,,1008.2,
2025-03-15,22.2,13.3,30.1,,,,10.0,,1012.9,
2025-03-16,22.5,14.1,30.2,,,,10.4,,1016.1,
2025-03-17,23.6,15.4,32.0,,,,17.5,,1014.9,
2025-03-18,24.4,15.6,33.0,,,,16.7,,1011.9,
2025-03-19,24.3,17.0,31.2,,,,17.2,,1010.2,
2025-03-20,24.1,16.6,31.4,,,,16.3,,1010.9,
2025-03-21,27.6,16.1,38.9,,,,15.4,,1012.8,
2025-03-22,32.2,25.3,40.1,,,,16.7,,1008.5,
2025-03-23,30.0,23.2,35.9,,,,17.4,,1006.6,
2025-03-24,28.1,22.0,33.4,,,,17.9,,1007.4,
2025-03-25,25.4,18.2,32.0,,,,14.7,,1008.7,
2025-03-26,22.5,17.5,27.0,,,,25.2,,1011.7,
2025-03-27,20.4,14.7,26.0,,,,22.0,,1015.0,
2025-03-28,21.9,15.3,29.2,,,,22.3,,1013.8,
2025-03-29,24.0,17.5,30.4,,,,15.4,,1012.9,
2025-03-30,23.3,14.9,29.8,,,,13.2,,1011.7,
2025-03-31,20.4,13.5,26.3,,,,16.4,,1015.1,
2025-04-01,21.0,9.0,31.1,,,,6.4,,1010.6,
2025-04-02,25.3,15.5,34.0,,,,16.7,,1005.4,
2025-04-03,24.6,11.7,34.1,,,,8.6,,1011.1,
2025-04-04,27.7,18.4,35.2,,,,8.1,,1011.2,
2025-04-05,28.1,19.7,34.8,,,,11.6,,1007.5,
2025-04-06,26.2,17.3,33.2,,,,14.8,,1005.7,
2025-04-07,25.8,19.7,31.1,,,,18.5,,1010.6,
2025-04-08,24.2,18.8,29.2,,,,25.2,,1016.6,
2025-04-09,24.3,18.3,30.7,,,,26.9,,1017.2,
2025-04-10,25.8,17.7,34.0,,,,17.6,,1014.3,
2025-04-11,28.5,19.5,37.3,,,,21.2,,1013.7,
2025-04-12,31.4,23.7,39.9,,,,17.9,,1009.7,
2025-04-13,30.5,26.2,35.0,,,,16.1,,1008.0,
2025-04-14,28.0,21.3,33.2,,,,16.4,,1008.0,
2025-04-15,26.2,16.9,34.1,,,,12.1,,1008.2,
2025-04-16,25.6,18.0,31.8,,,,14.8,,1009.0,
2025-04-17,23.9,18.4,29.5,,,,34.7,,1015.4,
2025-04-18,25.4,18.4,32.5,,,,23.6,,1012.9,
2025-04-19,26.5,18.8,33.3,,,,12.3,,1010.1,
2025-04-20,27.2,19.8,34.6,,,,16.8,,1008.1,
2025-04-21,27.4,20.7,33.6,,,,20.3,,1008.7,
2025-04-22,26.6,22.5,30.8,,,,22.1,,1012.2,
2025-04-23,27.4,21.1,34.1,,,,26.2,,1014.9,
2025-04-24,28.8,22.8,34.9,,,,27.9,,1014.1,
2025-04-25,30.2,24.2,36.6,,,,14.7,,1011.8,
2025-04-26,30.7,21.9,38.0,,,,12.4,,1009.6,
2025-04-27,29.5,21.5,35.4,,,,17.1,,1010.5,
2025-04-28,29.2,23.2,35.5,,,,18.5,,1011.1,
2025-04-29,28.9,20.5,36.8,,,,11.8,,1010.6,
2025-04-30,30.9,23.7,37.8,,,,20.8,,1010.2,
2025-05-01,32.4,25.6,38.4,,,,29.9,,1010.6,
2025-05-02,33.5,28.5,39.7,,,,24.4,,1010.7,
2025-05-03,34.0,26.4,40.6,,,,12.8,,1010.3,
2025-05-04,33.0,28.0,35.0,,,,22.3,,1010.1,
2025-05-05,30.6,21.9,37.9,,,,13.5,,1009.1,
2025-05-06,30.4,20.3,38.2,,,,13.0,,1008.0,
2025-05-07,31.0,23.8,36.4,,,,15.0,,1009.9,
2025-05-08,32.7,25.0,39.1,,,,18.4,,1007.3,
2025-05-09,31.6,23.6,37.5,,,,12.5,,1007.9,
2025-05-10,31.4,22.9,38.4,,,,15.3,,1011.8,
2025-05-11,29.2,24.6,33.7,,,,27.3,,1014.4,
2025-05-12,31.3,26.1,37.3,,,,21.2,,1009.9,
2025-05-13,32.4,25.7,38.8,,,,13.6,,1006.9,
2025-05-14,30.3,26.5,33.6,,,,18.5,,1005.2,
2025-05-15,25.8,20.6,31.6,,,,19.5,,1010.3,
2025-05-16,27.1,22.0,32.5,,,,22.6,,1012.4,
2025-05-17,28.2,21.5,34.7,,,,27.1,,1012.6,
2025-05-18,31.5,26.1,37.8,,,,21.7,,1011.8,
2025-05-19,32.1,25.4,38.6,,,,11.4,,1012.9,
2025-05-20,32.9,23.5,41.1,,,,8.8,,1011.3,
2025-05-21,34.4,25.1,43.0,,,,8.7,,1008.7,
2025-05-22,35.5,27.6,42.5,,,,14.0,,1007.1,
2025-05-23,34.3,25.8,41.8,,,,17.7,,1004.8,
2025-05-24,30.5,24.1,36.3,,,,19.4,,1006.5,
2025-05-25,27.9,22.7,32.5,,,,35.4,,1014.5,
2025-05-26,28.2,22.3,34.0,,,,33.7,,1014.9,
2025-05-27,30.4,23.9,37.1,,,,33.4,,1013.6,
2025-05-28,32.0,25.7,38.1,,,,36.0,,1013.9,
2025-05-29,33.8,27.7,40.0,,,,39.9,,1011.9,
2025-05-30,35.2,30.0,40.6,,,,38.2,,1009.9,
2025-05-31,32.9,27.9,37.5,,,,33.9,,1011.2,
2025-06-01,31.0,25.8,36.5,,,,33.9,,1011.8,
2025-06-02,31.0,25.3,36.2,,,,32.5,,1010.7,
2025-06-03,32.7,27.5,37.7,,,,24.6,,1008.3,
2025-06-04,34.5,28.7,40.9,,,,17.6,,1007.0,
2025-06-05,34.2,25.3,41.6,0.0,,,13.6,,1007.9,
2025-06-06,35.7,29.4,41.3,0.0,,,15.7,,1009.9,
2025-06-07,35.6,29.4,41.8,0.0,,,14.9,,1010.9,
2025-06-08,36.2,29.9,42.3,0.0,,,18.1,,1011.4,
2025-06-09,37.6,32.0,43.2,0.0,,,25.5,,1010.4,
2025-06-10,38.0,32.5,43.5,0.0,,,29.2,,1009.7,
2025-06-11,38.2,31.8,44.4,0.0,,,27.5,,1007.0,
2025-06-12,37.9,31.6,44.3,0.0,,,26.5,,1006.4,
2025-06-13,37.4,32.1,43.0,0.0,,,32.5,,1007.8,
2025-06-14,35.5,28.8,41.4,0.0,,,28.3,,1009.4,
2025-06-15,36.5,30.2,42.7,0.0,,,25.9,,1009.2,
2025-06-16,37.0,31.4,42.9,0.0,,,26.3,,1010.2,
2025-06-17,36.8,30.5,42.6,0.0,,,28.4,,1010.8,
2025-06-18,37.3,31.1,43.1,0.0,,,29.9,,1008.8,
2025-06-19,38.0,31.7,43.6,0.0,,,33.4,,1007.2,
2025-06-20,38.0,32.5,43.2,0.0,,,35.9,,1008.2,
2025-06-21,36.0,31.8,40.6,0.0,,,37.3,,1010.1,
2025-06-22,35.0,29.7,41.1,0.0,,,34.8,,1011.0,
2025-06-23,35.7,29.7,41.6,0.0,,,35.0,,1009.5,
2025-06-24,37.4,31.6,43.3,0.0,,,35.5,,1007.2,
2025-06-25,38.0,32.8,43.7,0.0,,,27.5,,1007.7,
2025-06-26,38.3,32.0,43.5,0.0,,,24.0,,1009.1,
2025-06-27,37.3,30.3,43.4,0.0,,,33.5,,1010.7,
2025-06-28,37.3,31.1,43.6,0.0,,,30.9,,1010.7,
2025-06-29,36.3,30.8,42.0,0.0,,,33.7,,1009.8,
2025-06-30,35.8,29.1,41.8,0.0,,,25.1,,1008.1,
2025-07-01,37.1,31.1,43.2,0.0,,,24.3,,1007.1,
2025-07-02,38.5,31.9,44.9,0.0,,,17.0,,1006.7,
2025-07-03,39.8,33.4,45.6,0.0,,,23.2,,1007.0,
2025-07-04,40.0,34.7,45.1,0.0,,,31.5,,1007.5,
2025-07-05,38.7,33.4,43.7,0.0,,,33.8,,1008.1,
2025-07-06,36.4,28.7,42.2,0.0,,,19.3,,1008.3,
2025-07-07,37.3,30.1,43.7,0.0,,,13.6,,1007.5,
2025-07-08,38.2,30.6,45.0,0.0,,,11.2,,1008.1,
2025-07-09,39.6,30.2,47.0,0.0,,,7.6,,1008.2,
2025-07-10,40.6,34.5,46.4,0.0,,,22.2,,1007.2,
2025-07-11,39.0,33.4,44.0,0.0,,,32.3,,1007.1,
2025-07-12,39.2,31.9,45.4,0.0,,,27.2,,1004.9,
2025-07-13,40.5,34.9,46.3,0.0,,,23.1,,1006.7,
2025-07-14,39.3,33.6,44.8,0.0,,,16.0,,1011.7,
2025-07-15,39.3,31.9,46.2,0.0,,,19.5,,1010.6,
2025-07-16,39.5,30.2,46.5,0.0,,,15.0,,1008.3,
2025-07-17,38.3,32.9,44.1,0.0,,,11.6,,1006.2,
2025-07-18,38.9,32.3,45.6,0.0,,,18.1,,1005.2,
2025-07-19,39.5,33.5,45.7,0.0,,,16.0,,1005.9,
2025-07-20,39.6,32.4,45.9,0.0,,,9.4,,1005.2,
2025-07-21,41.1,34.0,47.3,0.0,,,16.1,,1003.8,
2025-07-22,40.4,33.1,46.5,0.0,,,28.0,,1004.7,
2025-07-23,39.7,33.6,45.9,0.0,,,29.3,,1003.2,
2025-07-24,39.2,35.0,43.6,0.0,,,21.6,,1004.3,
2025-07-25,38.5,32.1,44.0,0.0,,,15.4,,1007.2,
2025-07-26,39.5,33.2,45.6,0.0,,,12.0,,1008.1,
2025-07-27,40.0,32.4,46.7,0.0,,,12.8,,1007.2,
2025-07-28,39.1,33.8,43.7,0.0,,,23.3,,1007.0,
2025-07-29,37.7,30.9,43.3,0.0,,,21.6,,1006.9,
2025-07-30,38.4,31.9,44.8,0.0,,,27.2,,1007.4,
2025-07-31,38.6,31.2,45.4,0.0,,,31.0,,1008.7,
2025-08-01,38.1,31.8,44.5,0.0,,,16.4,,1008.9,
2025-08-02,38.5,31.6,44.8,0.0,,,9.0,,1008.5,
2025-08-03,39.4,31.7,45.9,0.0,,,13.0,,1008.4,
2025-08-04,41.5,35.6,46.7,0.0,,,23.6,,1007.8,
2025-08-05,40.4,35.5,44.9,0.0,,,27.7,,1009.8,
2025-08-06,37.4,31.6,42.3,0.0,,,25.8,,1010.1,
2025-08-07,36.5,30.0,42.1,0.0,,,26.3,,1009.0,
2025-08-08,38.0,32.4,43.4,0.0,,,28.2,,1008.6,
2025-08-09,38.3,32.4,43.4,0.0,,,27.2,,1008.5,
2025-08-10,38.4,32.8,43.7,0.0,,,33.6,,1008.5,
2025-08-11,38.2,32.7,43.6,0.0,,,28.5,,1007.4,
2025-08-12,37.7,31.7,43.1,0.0,,,25.6,,1007.4,
2025-08-13,36.5,30.6,42.2,0.0,,,23.1,,1008.5,
2025-08-14,36.4,29.2,43.0,0.0,,,22.0,,1009.3,
2025-08-15,36.6,28.6,43.7,0.0,,,18.4,,1011.2,
2025-08-16,36.5,28.5,44.0,0.0,,,10.6,,1009.0,
2025-08-17,36.6,29.2,43.4,0.0,,,18.1,,1007.1,
2025-08-18,36.4,31.1,42.1,0.0,,,22.2,,1009.1,
2025-08-19,35.5,28.4,41.5,0.0,,,13.0,,1010.4,
2025-08-20,36.2,28.6,43.2,0.0,,,8.2,,1009.1,
2025-08-21,36.1,25.8,44.5,0.0,,,7.9,,1007.3,
2025-08-22,38.1,30.2,45.4,0.0,,,18.1,,1005.8,
2025-08-23,39.3,32.8,45.6,0.0,,,32.1,,1003.8,
2025-08-24,39.0,33.1,45.0,0.0,,,29.0,,1004.3,
2025-08-25,38.0,32.6,44.0,0.0,,,13.4,,1008.1,
2025-08-26,38.4,31.8,45.6,0.0,,,11.4,,1008.2,
2025-08-27,38.8,32.7,45.6,0.0,,,10.3,,1008.0,
2025-08-28,38.9,31.7,45.8,0.0,,,8.6,,1006.7,
2025-08-29,38.8,31.5,44.7,0.0,,,14.8,,1005.5,
2025-08-30,38.0,29.4,44.4,0.0,,,14.7,,1006.9,
2025-08-31,39.0,32.8,44.8,0.0,,,19.4,,1007.5,
2025-09-01,38.6,32.4,44.4,0.0,,,18.8,,1007.5,
2025-09-02,38.7,31.5,45.1,0.0,,,17.0,,1006.7,
2025-09-03,38.3,31.3,45.6,0.0,,,18.7,,1006.9,
2025-09-04,37.4,30.0,44.3,0.0,,,14.7,,1007.4,
2025-09-05,36.9,32.8,41.3,0.0,,,18.4,,1009.4,
2025-09-06,35.5,29.8,40.7,0.0,,,15.8,,1013.0,
2025-09-07,37.6,32.5,43.2,0.0,,,18.7,,1011.7,
2025-09-08,37.8,31.0,44.0,0.0,,,16.7,,1009.3,
2025-09-09,37.9,31.0,44.2,0.0,,,14.7,,1007.1,
2025-09-10,36.9,29.3,43.0,,,,11.3,,1007.9,
2025-09-11,35.8,29.3,41.1,0.0,,,19.7,,1010.8,
2025-09-12,35.2,30.1,40.2,0.0,,,26.6,,1010.8,
2025-09-13,35.0,30.4,39.9,0.0,,,32.1,,1010.5,
2025-09-14,35.2,30.3,40.0,0.0,,,21.6,,1012.0,
2025-09-15,35.9,30.4,42.2,0.0,,,22.0,,1011.7,
2025-09-16,36.8,29.6,43.0,0.0,,,21.1,,1012.4,
2025-09-17,35.9,30.4,41.5,0.0,,,30.7,,1012.9,
2025-09-18,34.6,28.9,40.3,0.0,,,32.6,,1013.2,
2025-09-19,33.3,27.1,39.0,0.0,,,29.7,,1012.8,
2025-09-20,33.7,28.1,39.9,0.0,,,27.7,,1011.3,
2025-09-21,34.0,28.8,40.0,0.0,,,22.9,,1009.9,
2025-09-22,33.2,27.8,39.1,0.0,,,19.3,,1009.9,
2025-09-23,32.2,24.6,39.9,0.0,,,13.2,,1010.4,
2025-09-24,32.7,25.0,40.8,0.0,,,18.4,,1010.9,
2025-09-25,34.5,27.7,42.1,0.0,,,19.9,,1010.7,
2025-09-26,35.2,27.9,42.6,0.0,,,12.5,,1009.9,
2025-09-27,33.7,25.6,39.9,0.0,,,13.4,,1011.2,
2025-09-28,30.5,25.7,36.1,0.0,,,27.0,,1013.2,
2025-09-29,29.6,23.6,36.2,0.0,,,21.3,,1012.3,
2025-09-30,31.0,24.1,38.7,0.0,,,21.2,,1012.4,
2025-10-01,31.6,24.8,38.5,0.0,,,15.4,,1012.5,
2025-10-02,29.9,24.9,35.3,0.0,,,8.9,,1012.1,
2025-10-03,30.2,24.2,36.6,0.0,,,21.4,,1014.3,
2025-10-04,28.5,23.4,32.9,0.0,,,28.9,,1014.8,
2025-10-05,29.0,23.1,35.3,0.0,,,36.2,,1011.9,
2025-10-06,30.9,24.8,38.0,0.0,,,29.1,,1012.5,
2025-10-07,30.7,25.9,36.6,0.0,,,31.4,,1015.4,
2025-10-08,28.6,23.7,33.6,0.0,,,29.0,,1015.8,
2025-10-09,28.6,23.2,34.3,0.0,,,25.1,,1013.9,
2025-10-10,29.0,22.2,36.3,0.0,,,24.1,,1012.9,
2025-10-11,31.2,25.2,38.5,0.0,,,19.1,,1010.3,
2025-10-12,32.2,25.7,39.6,0.0,,,13.8,,1009.7,
2025-10-13,32.1,25.8,39.2,0.0,,,11.0,,1010.4,
2025-10-14,31.2,23.7,38.0,0.0,,,12.7,,1012.9,
2025-10-15,29.8,22.6,37.6,0.0,,,10.1,,1013.4,
2025-10-16,29.1,17.9,38.1,0.0,,,8.1,,1010.6,
2025-10-17,30.0,24.4,35.0,0.0,,,15.2,,1011.6,
2025-10-18,28.5,24.8,32.2,0.0,,,22.1,,1015.2,
2025-10-19,28.7,24.1,33.8,0.0,,,8.8,,1015.3,
2025-10-20,28.2,20.7,35.8,0.0,,,9.1,,1013.7,
2025-10-21,29.8,21.9,37.4,0.0,,,6.4,,1012.9,
2025-10-22,29.4,19.4,38.7,0.0,,,4.7,,1013.2,
2025-10-23,30.3,23.5,38.1,0.0,,,12.1,,1014.2,
2025-10-24,30.2,24.4,37.3,0.0,,,17.6,,1015.4,
2025-10-25,29.6,23.2,38.1,0.0,,,12.8,,1014.3,
2025-10-26,29.0,18.8,38.6,0.0,,,7.3,,1013.5,
2025-10-27,28.3,18.5,37.2,0.0,,,3.8,,1013.9,
2025-10-28,27.4,19.4,34.8,0.0,,,13.4,,1013.9,
2025-10-29,26.8,20.9,33.9,0.0,,,16.3,,1014.5,
2025-10-30,26.6,19.9,35.3,0.0,,,9.2,,1013.4,
2025-10-31,27.5,20.4,37.0,0.0,,,8.4,,1015.3,
2025-11-01,27.9,19.3,37.0,0.0,,,4.7,,1016.5,
2025-11-02,26.9,18.2,35.1,0.0,,,6.9,,1014.7,
2025-11-03,27.2,22.9,33.8,0.0,,,31.0,,1013.4,
2025-11-04,26.2,21.2,32.7,0.0,,,28.1,,1015.5,
2025-11-05,25.8,20.5,33.1,0.0,,,17.1,,1015.3,
2025-11-06,24.7,19.3,32.7,0.0,,,12.7,,1013.4,
2025-11-07,23.2,14.5,31.8,0.0,,,7.2,,1013.2,
2025-11-08,24.5,17.9,31.8,0.0,,,7.2,,1014.3,
2025-11-09,24.3,15.7,31.9,0.0,,,9.8,,1015.7,
2025-11-10,23.1,17.6,30.1,0.0,,,21.5,,1017.8,
2025-11-11,22.7,15.9,30.7,0.0,,,21.5,,1017.1,
2025-11-12,24.9,19.0,32.3,0.0,,,24.7,,1016.2,
2025-11-13,24.4,18.3,31.2,0.0,,,18.3,,1016.6,
2025-11-14,22.8,12.2,34.2,0.0,,,4.6,,1017.5,
2025-11-15,23.2,12.5,34.5,0.0,,,3.4,,1017.6,
2025-11-16,23.6,12.6,34.9,0.0,,,3.1,,1016.4,
2025-11-17,23.4,13.6,34.1,0.0,,,7.6,,1014.3,
2025-11-18,22.8,13.3,32.3,0.0,,,14.3,,1010.4,
2025-11-19,19.9,14.1,26.7,0.0,,,8.0,,1011.2,
2025-11-20,17.8,10.3,25.3,0.0,,,6.7,,1014.0,
2025-11-21,18.2,11.5,24.4,0.0,,,10.0,,1017.9,
2025-11-22,17.3,12.5,22.0,0.0,,,22.2,,1021.4,
2025-11-23,14.4,10.7,19.1,0.0,,,28.8,,1024.4,
2025-11-24,15.1,10.1,22.3,0.0,,,23.9,,1022.0,
2025-11-25,15.6,6.8,25.1,0.0,,,6.4,,1017.9,
2025-11-26,16.4,6.4,26.5,0.0,,,5.7,,1015.1,
2025-11-27,16.3,10.0,20.6,0.0,,,22.1,,1017.2,
2025-11-28,12.7,7.3,19.2,0.0,,,20.4,,1020.6,
2025-11-29,13.6,7.8,20.6,0.0,,,25.0,,1018.8,
2025-11-30,14.5,8.5,22.3,0.0,,,14.1,,1015.3,
2025-12-01,15.3,9.4,22.9,0.0,,,14.3,,1012.1,
2025-12-02,14.9,10.5,20.8,0.0,,,15.7,,1013.4,
2025-12-03,13.1,4.5,21.7,0.0,,,5.1,,1017.7,
2025-12-04,12.6,8.4,19.0,0.0,,,12.8,,1021.4,
2025-12-05,11.9,2.3,21.7,0.0,,,4.4,,1022.3,
2025-12-06,13.5,4.0,21.6,0.0,,,11.3,,1021.8,
2025-12-07,15.8,11.9,21.2,0.0,,,27.5,,1020.8,
2025-12-08,16.1,13.6,19.3,0.0,,,24.5,,1019.6,
2025-12-09,17.4,13.6,22.4,0.0,,,15.7,,1020.4,
2025-12-10,16.6,12.0,22.5,0.0,,,16.6,,1019.1,
2025-12-11,17.3,13.7,22.7,0.0,,,18.2,,1014.5,
2025-12-12,17.9,13.2,21.8,0.4,,,12.2,,1010.3,
2025-12-13,14.6,6.4,23.0,0.0,,,8.6,,1013.4,
2025-12-14,15.4,5.4,23.9,0.0,,,8.6,,1015.1,
2025-12-15,18.6,15.1,23.0,0.7,,,18.6,,1016.3,
2025-12-16,14.1,7.2,21.1,0.0,,,6.3,,1017.5,
2025-12-17,13.4,4.8,20.7,0.0,,,11.4,,1012.7,
2025-12-18,13.4,9.4,17.2,0.0,,,14.9,,1013.7,
2025-12-19,10.5,4.0,17.6,0.0,,,5.8,,1018.3,
2025-12-20,10.4,2.0,19.3,0.0,,,2.3,,1018.1,
2025-12-21,11.4,2.8,20.8,0.0,,,3.1,,1016.3,
2025-12-22,12.0,3.6,21.5,0.0,,,4.0,,1014.2,
2025-12-23,12.1,4.6,19.9,0.0,,,5.4,,1015.1,
2025-12-24,12.5,5.7,21.2,0.0,,,7.2,,1014.6,
2025-12-25,12.8,3.6,22.1,0.0,,,9.6,,1012.8,
2025-12-26,13.8,6.2,21.7,0.0,,,4.8,,1013.6,
2025-12-27,14.9,10.8,21.3,0.0,,,13.5,,1017.4,
2025-12-28,13.3,8.1,21.1,0.0,,,12.0,,1017.9,
2025-12-29,11.9,3.2,20.6,0.0,,,3.0,,1018.3,
2025-12-30,13.6,6.2,21.8,0.0,,,3.5,,1019.1,
2025-12-31,13.6,7.1,21.4,0.0,,,8.5,,1019.4,
2026-01-01,13.4,6.0,20.9,0.0,,,11.8,,1020.5,
2026-01-02,15.7,11.2,23.6,0.0,,,20.1,,1018.4,
2026-01-03,15.6,7.0,25.1,0.0,,,9.1,,1014.2,
2026-01-04,16.7,9.0,24.6,0.0,,,17.5,,1010.4,
2026-01-05,18.1,12.6,24.1,0.0,,,15.4,,1011.3,
2026-01-06,17.7,13.4,23.1,0.0,,,16.6,,1011.6,
2026-01-07,13.2,10.2,16.3,0.0,,,19.0,,1019.7,
2026-01-08,11.4,7.1,16.0,0.0,,,31.6,,1028.5,
2026-01-09,12.6,8.2,18.9,0.0,,,26.1,,1024.4,
2026-01-10,12.2,6.0,18.7,0.0,,,12.7,,1023.0,
2026-01-11,14.2,7.8,21.1,0.0,,,20.5,,1022.1,
2026-01-12,14.4,10.0,20.4,0.0,,,27.2,,1022.4,
2026-01-13,14.7,10.0,22.4,0.0,,,18.2,,1019.5,
2026-01-14,16.2,9.1,25.5,0.0,,,12.2,,1016.5,
2026-01-15,16.6,12.6,21.2,0.0,,,11.5,,1016.5,
2026-01-16,12.2,4.2,19.9,0.0,,,4.7,,1019.9,
2026-01-17,12.0,3.3,20.7,0.0,,,6.1,,1015.4,
2026-01-18,12.8,4.8,20.6,0.0,,,12.3,,1008.4,
2026-01-19,13.0,9.9,15.3,0.0,,,25.0,,1004.7,
2026-01-20,10.5,4.0,16.7,0.0,,,14.7,,1014.8,
2026-01-21,10.6,1.7,18.9,0.0,,,13.7,,1016.5,
2026-01-22,11.5,0.7,21.1,0.0,,,12.4,,1016.2,
2026-01-23,13.5,2.8,23.7,0.0,,,12.3,,1015.0,
2026-01-24,16.8,10.2,24.4,0.0,,,23.9,,1011.0,
2026-01-25,13.3,7.5,19.0,0.0,,,12.8,,1020.3,
2026-01-26,11.8,2.0,22.0,0.0,,,4.2,,1023.7,
2026-01-27,12.9,2.1,23.9,0.0,,,4.8,,1021.5,
2026-01-28,14.7,3.6,25.9,0.0,,,11.0,,1018.2,
2026-01-29,16.1,5.4,27.4,0.0,,,6.3,,1017.2,
2026-01-30,17.2,7.0,27.7,0.0,,,3.5,,1016.0,
2026-01-31,19.1,9.5,28.8,0.0,,,4.0,,1014.9,
2026-02-01,17.8,13.0,24.5,0.0,,,14.1,,1017.3,
2026-02-02,16.5,7.1,26.7,0.0,,,7.2,,1015.2,
2026-02-03,19.0,8.8,29.9,0.0,,,16.0,,1011.0,
2026-02-04,18.2,9.5,27.1,0.0,,,10.8,,1012.6,
2026-02-05,17.9,8.7,27.7,0.0,,,5.4,,1013.0,
2026-02-06,18.9,8.4,29.4,0.0,,,10.0,,1012.2,
2026-02-07,19.5,11.6,27.7,0.0,,,9.7,,1014.6,
2026-02-08,19.4,12.6,27.3,0.0,,,15.4,,1017.8,
2026-02-09,19.1,11.0,28.1,0.0,,,12.5,,1015.9,
2026-02-10,19.0,11.2,27.0,0.0,,,10.9,,1014.7,
2026-02-11,18.8,11.3,26.5,0.0,,,14.0,,1015.6,
2026-02-12,21.3,11.8,31.5,0.0,,,3.2,,1018.4,
2026-02-13,22.2,12.2,32.3,0.0,,,6.9,,1015.2,
2026-02-14,19.3,16.5,22.8,0.0,,,22.8,,1010.8,
2026-02-15,14.8,9.3,19.8,0.0,,,15.4,,1023.3,
2026-02-16,14.9,5.8,23.3,0.0,,,5.7,,1025.9,
2026-02-17,17.4,6.6,27.6,0.0,,,5.2,,1022.2,
2026-02-18,20.8,13.5,29.2,0.0,,,16.8,,1019.6,
2026-02-19,21.2,12.9,30.5,0.0,,,8.6,,1018.1,
2026-02-20,19.9,12.6,28.0,0.0,,,17.7,,1020.8,
2026-02-21,18.2,12.7,24.0,0.0,,,28.3,,1023.7,
2026-02-22,18.3,12.5,24.5,0.0,,,38.3,,1023.2,
2026-02-23,19.6,14.0,26.1,0.0,,,39.4,,1021.0,
2026-02-24,20.5,14.3,28.1,0.0,,,24.7,,1018.9,
2026-02-25,20.8,13.8,28.9,0.0,,,15.3,,1017.7,
2026-02-26,21.5,13.6,30.5,0.0,,,17.1,,1018.3,
2026-02-27,22.7,16.8,30.7,0.0,,,20.0,,1017.4,
2026-02-28,22.3,15.5,30.9,0.0,,,15.3,,1014.1,
2026-03-01,23.1,15.9,31.2,0.0,,,18.6,,1011.9,
2026-03-02,24.9,17.5,31.7,0.0,,,24.0,,1010.3,
2026-03-03,23.2,15.3,30.6,0.0,,,16.8,,1012.0,
2026-03-04,22.8,14.7,30.1,0.0,,,15.6,,1012.7,
2026-03-05,20.1,14.0,25.3,0.0,,,12.6,,1014.6,
2026-03-06,18.2,10.3,25.7,0.0,,,8.2,,1015.5,
2026-03-07,19.8,11.7,28.3,0.0,,,11.6,,1014.2,
2026-03-08,21.3,14.7,29.6,0.0,,,15.5,,1013.9,
2026-03-09,21.9,15.9,29.1,0.0,,,21.5,,1013.4,
2026-03-10,20.6,15.3,26.9,0.0,,,23.3,,1013.2,
2026-03-11,19.9,12.5,27.9,0.0,,,20.3,,1010.8,
2026-03-12,21.1,15.0,27.2,0.0,,,35.3,,1011.8,
2026-03-13,20.2,15.7,25.1,0.0,,,35.3,,1014.1,
2026-03-14,19.6,14.3,25.4,0.0,,,19.4,,1013.0,
2026-03-15,19.0,8.1,27.6,0.0,,,13.4,,1009.9,
2026-03-16,18.4,15.0,22.9,0.0,,,18.1,,1013.6,
2026-03-17,17.2,9.4,24.3,0.0,,,12.7,,1014.9,
2026-03-18,17.9,9.3,26.3,0.0,,,8.6,,1013.6,
2026-03-19,21.9,12.0,31.2,0.0,,,6.8,,1011.8,
2026-03-20,25.3,14.8,34.1,0.0,,,13.6,,1009.8,
2026-03-21,26.2,21.9,30.1,0.0,,,25.4,,1008.5,
2026-03-22,22.4,20.4,23.9,6.6,,,25.4,,1010.8,
2026-03-23,21.1,19.0,23.9,124.3,,,20.5,,1012.0,
2026-03-24,22.3,16.5,28.7,0.0,,,9.9,,1014.0,
2026-03-25,22.3,19.6,25.9,0.0,,,21.4,,1014.9,
2026-03-26,20.5,19.0,21.8,5.3,,,17.2,,1011.3,
2026-03-27,21.9,16.7,28.2,0.0,,,15.8,,1006.1,
2026-03-28,21.0,16.4,25.7,0.0,,,14.9,,1009.1,
2026-03-29,20.1,17.4,24.2,0.0,,,26.0,,1010.7,
2026-03-30,14.7,11.9,17.5,0.0,,,24.0,,1011.7,
2026-03-31,12.3,8.3,16.3,6.1,,,25.3,,1012.8,
2026-04-01,14.8,6.0,22.7,0.0,,,10.2,,1015.7,
2026-04-02,17.3,7.7,25.6,0.0,,,6.5,,1014.9,
2026-04-03,19.0,7.0,28.2,0.0,,,7.0,,1016.1,
2026-04-04,20.5,14.1,26.3,0.0,,,20.7,,1019.1,
2026-04-05,19.6,12.4,25.8,0.0,,,24.1,,1021.5,
2026-04-06,21.2,14.4,27.8,0.0,,,34.5,,1021.5,
2026-04-07,23.6,16.2,31.4,0.0,,,26.2,,1018.0,
2026-04-08,26.9,19.5,35.3,0.0,,,13.6,,1014.2,
2026-04-09,27.5,17.6,37.1,0.0,,,10.0,,1013.2,
2026-04-10,30.3,22.2,38.6,0.0,,,18.4,,1010.7,
2026-04-11,28.0,21.0,31.8,0.0,,,23.1,,1007.0,
2026-04-12,22.2,12.4,30.2,0.0,,,6.4,,1009.4,
2026-04-13,23.5,14.9,30.6,0.0,,,13.9,,1008.2,
2026-04-14,21.4,16.0,25.6,0.0,,,23.1,,1013.7,
2026-04-15,21.1,14.0,27.1,0.0,,,18.5,,1015.7,
2026-04-16,22.1,15.4,28.3,0.0,,,25.5,,1014.9,
2026-04-17,23.2,16.7,29.2,0.0,,,28.7,,1013.2,
2026-04-18,24.3,18.3,30.1,0.0,,,33.0,,1013.3,
2026-04-19,26.5,19.4,33.5,0.0,,,30.9,,1011.8,
2026-04-20,29.8,23.1,37.2,0.0,,,27.6,,1008.0,
2026-04-21,31.6,25.0,38.8,0.0,,,17.8,,1005.1,
2026-04-22,29.5,19.1,37.8,0.0,,,8.4,,1007.2,
2026-04-23,30.8,23.1,37.6,0.0,,,13.1,,1009.2,
2026-04-24,29.5,20.7,37.7,0.0,,,12.4,,1008.1,
2026-04-25,31.2,23.2,39.0,0.0,,,17.6,,1005.5,
2026-04-26,32.1,23.9,39.7,0.0,,,16.8,,1006.1,
2026-04-27,30.5,21.6,37.4,0.0,,,15.0,,1009.0,
2026-04-28,31.7,27.4,37.1,0.0,,,17.3,,1008.4,
2026-04-29,32.4,25.3,39.0,0.0,,,19.6,,1007.1,
2026-04-30,31.9,22.5,39.9,0.0,,,15.0,,1009.7,
2026-05-01,30.5,21.9,37.8,0.0,,,14.1,,1010.7,
2026-05-02,29.6,23.3,36.5,0.0,,,23.2,,1011.3,
2026-05-03,29.9,23.2,36.6,0.0,,,28.2,,1010.5,
2026-05-04,31.1,24.4,38.8,0.0,,,17.0,,1009.2,
2026-05-05,31.6,21.7,40.5,0.0,,,16.1,,1006.2,
2026-05-06,30.8,20.3,39.2,0.0,,,17.5,,1006.2,
2026-05-07,30.1,27.1,33.1,0.0,,,17.0,,1008.9,
2026-05-08,30.8,20.6,39.2,0.0,,,10.6,,1009.1,
2026-05-09,33.6,22.8,42.0,0.0,,,13.1,,1009.3,
2026-05-10,34.5,24.8,42.3,0.0,,,9.3,,1011.5,
2026-05-11,35.7,27.7,42.8,0.0,,,15.5,,1011.8,
2026-05-12,37.2,30.9,42.9,0.0,,,26.1,,1011.6,
2026-05-13,36.1,30.7,41.5,0.0,,,26.3,,1011.1,
2026-05-14,37.4,29.8,45.4,0.0,,,18.8,,1006.2,
2026-05-15,37.4,29.9,45.2,0.0,,,24.1,,1002.0,
2026-05-16,35.4,27.4,41.7,0.0,,,16.3,,1002.5,
2026-05-17,32.3,26.9,37.0,0.0,,,16.9,,1007.2,
2026-05-18,30.3,25.8,35.3,0.0,,,21.0,,1010.3,
2026-05-19,30.1,25.6,34.5,0.0,,,34.9,,1014.8,
2026-05-20,31.6,27.6,36.0,0.0,,,36.5,,1014.2,
2026-05-21,32.9,27.8,38.0,0.0,,,42.9,,1011.6,
2026-05-22,34.1,29.8,38.2,0.0,,,48.8,,1011.1,
2026-05-23,33.1,29.2,37.5,0.0,,,48.8,,1011.7,
2026-05-24,32.3,28.4,37.0,0.0,,,49.0,,1011.2,
2026-05-25,32.4,27.8,37.5,0.0,,,46.3,,1012.1,
2026-05-26,32.3,27.2,37.9,0.0,,,40.4,,1011.9,
2026-05-27,31.9,26.9,36.4,0.0,,,39.1,,1011.0,
2026-05-28,31.4,26.6,36.0,0.0,,,29.9,,1011.6,
2026-05-29,30.8,24.4,36.5,0.0,,,19.1,,1013.6,
2026-05-30,31.2,25.0,36.9,0.0,,,20.8,,1013.8,
2026-05-31,31.5,24.3,38.4,0.0,,,17.0,,1012.6,
2026-06-01,32.0,23.8,39.5,0.0,,,9.9,,1011.1,
2026-06-02,33.0,25.0,40.7,0.0,,,13.5,,1011.1,
2026-06-03,34.0,24.8,42.4,0.0,,,10.7,,1010.7,
2026-06-04,35.3,25.0,44.1,0.0,,,5.2,,1008.3,
2026-06-05,36.5,26.9,45.1,0.0,,,6.1,,1006.2,
2026-06-06,37.5,31.2,44.0,0.0,,,13.4,,1006.2,
2026-06-07,37.1,31.8,42.1,0.0,,,15.4,,1011.3,
2026-06-08,35.8,28.6,42.6,0.0,,,11.4,,1012.4,
2026-06-09,36.1,27.4,43.4,0.0,,,9.3,,1009.7,
2026-06-10,37.6,30.1,44.2,0.0,,,10.5,,1007.8,
2026-06-11,38.3,32.1,44.0,0.0,,,14.7,,1008.6,
2026-06-12,39.2,33.8,44.7,0.0,,,22.1,,1009.6,
2026-06-13,39.8,34.7,44.7,0.0,,,26.2,,1010.0,
2026-06-14,38.7,32.8,44.6,0.0,,,21.5,,1009.9,
2026-06-15,37.6,31.7,43.5,0.0,,,17.8,,1008.2,
2026-06-16,38.7,32.3,45.2,0.0,,,16.9,,1007.9,
2026-06-17,38.8,33.2,44.5,0.0,,,20.5,,1008.7,
2026-06-18,39.3,33.8,45.4,0.0,,,21.0,,1008.8,
2026-06-19,39.9,34.2,45.6,0.0,,,19.4,,1007.5,
2026-06-20,39.9,33.0,45.5,0.0,,,25.6,,1008.6,
2026-06-21,38.6,33.8,43.6,0.0,,,32.6,,1012.2,
2026-06-22,36.7,31.6,41.8,0.0,,,30.2,,1012.1,
2026-06-23,36.1,30.5,41.6,0.0,,,30.4,,1008.9,
2026-06-24,36.8,30.6,42.8,0.0,,,24.7,,1008.4,
2026-06-25,37.6,30.1,44.6,0.0,,,15.1,,1010.1,
2026-06-26,38.4,30.8,45.7,0.0,,,11.5,,1010.2,
2026-06-27,38.8,31.3,46.0,0.0,,,19.7,,1009.9,
2026-06-28,38.5,32.0,45.0,0.0,,,19.1,,1009.6,
2026-06-29,36.3,29.6,41.9,0.0,,,25.2,,1010.4,
2026-06-30,36.4,30.3,42.1,0.0,,,26.2,,1009.7,
2026-07-01,37.5,32.5,43.0,0.0,,,26.4,,1008.0,
2026-07-02,37.8,32.4,43.8,0.0,,,18.9,,1007.5,
2026-07-03,38.5,32.6,45.0,0.0,,,16.5,,1007.7,
2026-07-04,39.4,35.0,44.2,0.0,,,30.4,,1010.0,
2026-07-05,37.2,33.2,41.6,0.0,,,33.7,,1010.9,
2026-07-06,36.6,31.1,41.7,0.0,,,35.6,,1009.9,
2026-07-07,37.3,31.9,42.5,0.0,,,34.4,,1009.9,
2026-07-08,38.2,32.6,43.3,0.0,,,30.7,,1009.5,
2026-07-09,38.4,32.6,43.8,0.0,,,28.0,,1007.8,
2026-07-10,38.4,31.5,45.1,0.0,,,23.8,,1005.6,
2026-07-11,39.9,33.2,46.7,0.0,,,22.2,,1005.1,
2026-07-12,40.3,33.4,47.2,0.0,,,22.1,,1006.3,
2026-07-13,39.9,33.2,46.1,0.0,,,31.5,,1007.1,
2026-07-14,40.6,34.4,46.8,0.0,,,29.4,,1008.8,
2026-07-15,39.0,34.0,44.4,0.0,,,33.1,,1010.7,
2026-07-16,39.4,33.2,46.3,0.0,,,35.1,,1010.5,
2026-07-17,39.5,32.5,45.9,0.0,,,23.3,,1009.7,
2026-07-18,39.6,33.2,45.8,0.0,,,30.6,,1008.5,
2026-07-19,39.3,32.9,45.5,0.0,,,29.8,,1008.8,
2026-07-20,39.6,33.8,45.7,0.0,,,27.2,,1010.0,
2026-07-21,39.6,33.3,46.1,0.0,,,21.9,,1011.0,
