time,tavg,tmin,tmax,prcp,snow,wdir,wspd,wpgt,pres,tsun
1996-09-30,21.9,,25.5,,,,,,,
2001-05-26,21.0,14.7,23.0,,,,,,,
2001-05-29,24.2,,27.0,,,,,,,
2001-05-30,22.7,16.4,26.0,,,,,,,
2001-05-31,21.8,15.5,23.4,,,,,,,
2001-06-01,22.5,15.8,24.6,,,,,,,
2001-06-02,22.3,17.3,24.3,,,,,,,
2001-06-03,24.5,16.4,27.5,,,,,,,
2001-06-04,22.3,16.6,24.2,,,,,,,
2001-06-05,22.8,15.9,24.5,,,,,,,
2001-06-06,23.7,18.0,25.6,,,,,,,
2001-06-07,22.4,19.3,23.5,,,,,,,
2001-06-12,23.6,20.2,27.6,,,,,,,
2001-06-13,22.9,20.2,23.9,,,,,,,
2001-06-15,27.1,,32.5,,,,,,,
2001-06-16,26.4,22.4,30.2,,,,,,,
2001-06-17,22.5,19.7,24.6,,,,,,,
2001-06-18,22.7,19.1,23.9,,,,,,,
2001-06-19,21.8,15.3,24.1,,,,,,,
2001-06-20,22.3,15.5,24.9,,,,,,,
2001-06-21,22.6,15.7,24.5,,,,,,,
2001-06-23,26.8,19.2,37.2,,,,,,,
2001-06-24,27.2,22.4,30.7,,,,,,,
2001-06-25,26.8,20.2,32.7,,,,,,,
2001-06-26,26.4,22.8,28.0,,,,,,,
2001-06-27,27.3,20.0,33.6,,,,,,,
2001-06-28,24.8,20.3,26.2,0.5,,,,,,
2001-06-30,23.5,18.0,26.3,,,,,,,
2001-07-02,25.3,18.5,27.6,,,,,,,
2001-07-03,25.1,19.0,27.4,,,,,,,
2001-07-04,25.9,19.4,27.7,,,,,,,
2001-07-05,27.5,20.5,30.6,,,,,,,
2001-07-07,26.2,21.3,27.8,,,,,,,
2001-07-08,26.3,21.2,28.8,,,,,,,
2001-07-09,28.6,24.9,38.3,,,,,,,
2001-07-10,26.5,23.2,28.2,,,,,,,
2001-07-11,26.6,19.2,29.4,,,,,,,
2001-07-13,27.4,21.2,29.0,,,,,,,
2001-07-14,26.6,20.8,29.3,,,,,,,
2001-07-15,28.1,22.3,32.9,,,,,,,
2001-07-16,26.7,23.6,29.0,,,,,,,
2001-07-17,26.5,20.0,29.0,,,,,,,
2001-07-18,27.9,19.8,30.7,,,,,,,
2001-07-19,26.6,20.3,29.7,,,,,,,
2001-07-20,24.8,17.4,26.8,,,,,,,
2001-07-21,25.2,17.8,28.0,,,,,,,
2001-07-22,25.7,19.6,29.0,,,,,,,
2001-07-24,27.8,24.7,31.0,,,,,,,
2001-07-25,26.9,23.9,28.2,,,,,,,
2001-07-26,26.2,19.2,29.6,,,,,,,
2001-07-28,26.8,22.2,28.2,,,,,,,
2001-07-29,27.5,23.9,29.7,,,,,,,
2001-07-30,28.2,22.7,31.1,,,,,,,
2001-07-31,28.3,22.0,31.3,,,,,,,
2001-08-01,29.3,21.6,31.4,,,,,,,
2001-08-02,28.0,22.3,29.4,,,,,,,
2001-08-03,30.2,25.1,33.2,,,,,,,
2001-08-04,28.7,24.4,31.5,,,,,,,
2001-08-07,27.3,20.9,29.7,,,,,,,
2001-08-08,29.3,21.6,32.3,,,,,,,
2001-08-13,26.6,19.7,29.5,,,,,,,
2001-08-15,28.4,20.9,31.6,,,,,,,
2001-08-16,27.6,22.4,29.2,,,,,,,
2001-08-17,26.2,,27.5,,,,,,,
2001-08-18,28.9,22.3,33.7,3.0,,,,,,
2001-08-20,27.8,24.5,29.0,,,,,,,
2001-08-21,28.9,,30.5,,,,,,,
2001-08-23,27.8,20.8,30.6,,,,,,,
2001-08-24,27.2,19.4,30.0,,,,,,,
2001-08-25,27.7,20.0,31.0,,,,,,,
2001-08-26,28.4,21.4,32.0,,,,,,,
2001-08-27,27.5,22.3,30.6,,,,,,,
2001-08-29,28.6,21.2,30.6,,,,,,,
2001-08-31,27.7,,28.6,,,,,,,
2001-09-01,26.9,21.7,29.6,,,,,,,
2001-09-03,25.7,19.5,28.9,,,,,,,
2001-09-04,26.8,,28.6,,,,,,,
2001-09-05,26.8,23.3,28.7,,,,,,,
2001-09-06,25.6,19.8,28.1,,,,,,,
2001-09-07,25.0,21.6,28.7,,,,,,,
2001-09-09,25.2,17.6,29.0,,,,,,,
2001-09-10,24.8,19.0,28.6,,,,,,,
2001-09-11,25.6,,27.2,,,,,,,
2001-09-12,23.9,17.2,26.9,,,,,,,
2001-09-13,24.3,17.6,27.6,,,,,,,
2001-09-14,26.6,18.6,29.4,,,,,,,
2001-09-15,24.8,20.4,26.5,,,,,,,
2001-09-16,23.9,19.3,26.8,,,,,,,
2001-09-17,23.2,17.6,27.0,,,,,,,
2001-09-18,21.7,,23.2,,,,,,,
2001-09-19,23.1,18.5,25.4,,,,,,,
2001-09-20,22.8,20.5,26.5,9.9,,,,,,
2001-09-21,22.9,20.4,24.3,5.1,,,,,,
2001-09-23,25.8,22.8,28.2,0.0,,,,,,
2001-09-24,24.1,17.7,26.2,6.1,,,,,,
2001-09-25,23.7,19.4,25.7,0.0,,,,,,
2001-09-26,24.0,19.2,26.2,0.0,,,,,,
2001-09-27,23.7,20.0,26.0,,,,,,,
2001-09-28,24.8,19.4,28.2,,,,,,,
2001-09-29,24.3,22.3,26.2,1.0,,,,,,
2001-09-30,23.0,18.3,25.4,4.1,,,,,,
2001-10-01,22.7,18.4,26.5,0.0,,,,,,
2001-10-02,26.0,18.4,28.7,,,,,,,
2001-10-05,29.8,23.8,34.5,,,,,,,
2001-10-06,25.9,21.4,28.3,,,,,,,
2001-10-07,25.3,21.2,28.1,,,,,,,
2001-10-09,25.5,18.3,32.3,,,,,,,
2001-10-10,24.5,21.5,27.0,,,,,,,
2001-10-11,26.2,21.0,29.2,,,,,,,
2001-10-12,26.8,20.5,29.8,,,,,,,
2001-10-13,26.0,21.0,28.3,,,,,,,
2001-10-14,24.3,20.0,25.8,,,,,,,
2001-10-15,23.8,21.0,25.7,,,,,,,
2001-10-16,23.5,19.5,26.2,,,,,,,
2001-10-17,24.2,16.8,27.3,,,,,,,
2001-10-18,26.5,,28.0,,,,,,,
2001-10-19,24.7,17.9,27.7,,,,,,,
2001-10-20,27.6,,35.7,,,,,,,
2001-10-22,23.6,17.0,26.8,,,,,,,
2001-10-23,23.7,16.2,27.7,,,,,,,
2001-10-24,23.3,19.4,25.6,,,,,,,
2001-10-26,21.9,13.7,25.7,,,,,,,
2001-10-27,21.8,16.7,25.5,,,,,,,
2001-10-28,22.9,,24.5,,,,,,,
2001-10-29,21.5,15.5,24.0,,,,,,,
2001-10-30,22.7,14.5,25.7,,,,,,,
2001-10-31,23.4,15.4,27.3,,,,,,,
2001-11-01,21.3,,23.5,,,,,,,
2001-11-02,19.8,16.4,22.7,26.9,,,,,,
2001-11-03,19.6,15.0,22.4,0.0,,,,,,
2001-11-09,17.6,,21.3,,,,,,,
2001-11-10,15.7,12.8,18.0,,,,,,,
2001-11-11,16.7,12.2,20.5,,,,,,,
2001-11-12,15.4,11.0,17.5,,,,,,,
2001-11-13,15.9,12.6,18.1,13.0,,,,,,
2001-11-14,16.6,10.8,20.3,7.9,,,,,,
2001-11-15,16.3,11.9,20.0,0.0,,,,,,
2001-11-16,18.4,9.8,24.0,,,,,,,
2001-11-17,20.4,14.3,23.3,,,,,,,
2001-11-19,15.9,12.0,17.8,,,,,,,
2001-11-20,14.9,11.9,17.6,4.1,,,,,,
2001-11-21,15.3,11.4,17.0,0.0,,,,,,
2001-11-22,16.6,11.5,19.6,3.0,,,,,,
2001-11-24,15.3,10.0,16.6,0.3,,,,,,
2001-11-25,14.0,9.5,15.7,0.0,,,,,,
2001-11-26,13.6,10.8,16.9,3.0,,,,,,
2001-11-27,16.2,,17.4,0.0,,,,,,
2001-11-28,13.5,12.8,15.0,1.0,,,,,,
2001-12-01,15.4,10.0,18.6,0.0,,,,,,
2001-12-02,15.5,,17.6,,,,,,,
2001-12-03,14.2,10.0,17.4,,,,,,,
2001-12-04,14.0,10.0,17.5,,,,,,,
2001-12-05,14.9,11.0,17.4,,,,,,,
2001-12-06,15.4,10.0,20.2,,,,,,,
2001-12-07,15.3,9.0,17.8,,,,,,,
2001-12-09,11.9,7.3,14.8,0.5,,,,,,
2001-12-10,11.0,8.8,13.0,0.0,,,,,,
2001-12-12,11.4,6.5,14.5,0.0,,,,,,
2001-12-13,10.5,6.0,15.0,,,,,,,
2001-12-14,14.4,,18.0,,,,,,,
2001-12-15,15.9,,18.4,,,,,,,
2001-12-16,12.3,,13.5,4.1,,,,,,
2001-12-17,11.9,8.8,14.3,70.1,,,,,,
2001-12-18,10.1,6.1,14.0,0.0,,,,,,
2001-12-19,10.0,6.3,12.1,,,,,,,
2001-12-20,11.3,8.0,14.2,,,,,,,
2001-12-22,12.4,7.0,15.8,3.0,,,,,,
2001-12-23,13.6,8.4,16.5,0.0,,,,,,
2001-12-25,10.7,7.0,12.6,7.1,,,,,,
2001-12-26,12.8,9.0,14.7,25.9,,,,,,
2001-12-27,12.5,9.3,14.1,16.0,,,,,,
2001-12-28,11.9,7.8,14.4,3.0,,,,,,
2001-12-29,12.7,7.0,16.5,0.0,,,,,,
2001-12-30,14.8,6.5,18.5,,,,,,,
2001-12-31,16.8,11.2,19.6,,,,,,,
2002-01-02,14.7,12.0,16.5,,,,,,,
2002-01-03,13.8,5.9,17.0,,,,,,,
2002-01-04,12.8,10.8,13.7,,,,,,,
2002-01-05,13.0,10.0,15.5,,,,,,,
2002-01-06,11.0,6.3,14.3,,,,,,,
2002-01-09,12.7,6.7,16.0,,,,,,,
2002-01-10,12.9,5.8,16.6,,,,,,,
2002-01-11,12.2,5.6,15.6,,,,,,,
2002-01-12,12.9,8.8,15.3,,,,,,,
2002-01-13,12.1,7.3,15.6,,,,,,,
2002-01-14,12.1,7.0,13.6,,,,,,,
2002-01-15,13.1,,14.0,,,,,,,
2002-01-16,10.8,,12.2,,,,,,,
2002-01-17,9.9,7.4,12.6,,,,,,,
2002-01-18,11.3,6.5,14.2,,,,,,,
2002-01-19,12.2,,13.8,,,,,,,
2002-01-20,13.2,8.4,15.3,,,,,,,
2002-01-21,12.9,7.1,16.3,,,,,,,
2002-01-23,15.7,,17.6,,,,,,,
2002-01-26,13.6,8.2,16.5,,,,,,,
2002-01-27,13.2,7.9,17.0,,,,,,,
2002-01-28,14.4,8.5,17.7,,,,,,,
2002-01-29,13.6,7.0,19.1,,,,,,,
2002-01-31,13.6,8.0,15.6,,,,,,,
2002-02-01,14.3,9.8,17.6,,,,,,,
2002-02-02,14.3,8.4,18.0,,,,,,,
2002-02-03,14.5,7.3,17.7,,,,,,,
2002-02-04,14.9,7.2,17.0,,,,,,,
2002-02-05,15.3,12.0,17.3,,,,,,,
2002-02-06,14.1,11.2,16.2,,,,,,,
2002-02-07,10.3,8.8,12.5,,,,,,,
2002-02-08,13.5,8.0,15.6,,,,,,,
2002-02-09,13.4,8.6,15.6,,,,,,,
2002-02-10,14.0,8.0,17.0,,,,,,,
2002-02-11,13.8,7.6,17.5,,,,,,,
2002-02-12,14.9,9.3,18.5,,,,,,,
2002-02-13,14.8,8.0,18.3,,,,,,,
2002-02-14,13.8,6.9,16.0,,,,,,,
2002-02-15,13.8,12.0,16.2,,,,,,,
2002-02-16,14.1,11.2,15.6,,,,,,,
2002-02-17,13.6,8.3,16.3,,,,,,,
2002-02-18,14.2,11.6,16.5,,,,,,,
2002-02-19,12.2,10.5,14.4,2.0,,,,,,
2002-02-20,13.7,11.9,15.3,0.8,,,,,,
2002-02-21,11.2,,15.4,0.0,,,,,,
2002-02-22,11.8,7.5,13.2,11.9,,,,,,
2002-02-24,15.8,8.0,17.8,,,,,,,
2002-02-25,15.7,,17.7,,,,,,,
2002-02-26,15.8,9.8,18.5,,,,,,,
2002-02-27,17.6,8.4,21.2,,,,,,,
2002-02-28,16.0,9.9,18.6,,,,,,,
2002-03-01,15.4,9.8,23.0,,,,,,,
2002-03-02,18.3,8.0,23.8,,,,,,,
2002-03-03,16.3,13.0,18.1,,,,,,,
2002-03-04,16.0,10.4,19.0,,,,,,,
2002-03-06,15.1,9.4,17.4,8.9,,,,,,
2002-03-07,13.5,10.0,16.0,0.0,,,,,,
2002-03-08,13.3,7.5,15.7,,,,,,,
2002-03-09,13.2,7.4,15.6,1.0,,,,,,
2002-03-11,15.4,9.0,18.0,2.0,,,,,,
2002-03-13,22.9,16.2,28.3,,,,,,,
2002-03-14,16.2,10.6,19.6,,,,,,,
2002-03-15,16.1,12.0,19.4,2.0,,,,,,
2002-03-16,18.1,11.3,21.5,0.0,,,,,,
2002-03-17,16.0,15.0,16.7,,,,,,,
2002-03-18,17.7,,19.7,,,,,,,
2002-03-19,17.7,12.5,19.3,,,,,,,
2002-03-20,17.4,11.3,21.5,,,,,,,
2002-03-21,18.1,11.7,20.2,,,,,,,
2002-03-22,17.5,11.9,20.6,,,,,,,
2002-03-23,17.2,11.0,20.2,,,,,,,
2002-03-24,16.4,11.0,17.5,,,,,,,
2002-03-25,14.4,8.8,17.6,,,,,,,
2002-03-26,14.2,7.4,17.6,,,,,,,
2002-03-27,14.5,7.0,17.9,,,,,,,
2002-03-28,15.7,10.2,18.9,,,,,,,
2002-03-29,18.2,15.5,21.2,1.0,,,,,,
2002-03-30,16.4,14.3,17.8,4.1,,,,,,
2002-03-31,15.9,10.0,18.9,0.0,,,,,,
2002-04-01,16.5,11.2,19.5,,,,,,,
2002-04-03,16.8,12.8,18.6,7.1,,,,,,
2002-04-04,13.2,10.9,13.9,1.0,,,,,,
2002-04-05,16.1,10.9,17.6,19.1,,,,,,
2002-04-06,18.7,8.5,22.3,0.0,,,,,,
2002-04-07,17.7,16.7,19.5,,,,,,,
2002-04-08,17.2,14.0,18.4,,,,,,,
2002-04-09,16.3,11.2,19.7,,,,,,,
2002-04-10,16.1,10.0,20.2,,,,,,,
2002-04-11,18.5,,29.6,,,,,,,
2002-04-12,15.9,,18.1,3.0,,,,,,
2002-04-13,16.7,13.2,18.5,3.0,,,,,,
2002-04-14,16.8,11.4,19.1,0.0,,,,,,
2002-04-16,15.4,11.4,17.4,1.0,,,,,,
2002-04-18,15.7,8.3,19.4,0.0,,,,,,
2002-04-19,15.5,10.0,18.3,,,,,,,
2002-04-21,15.9,,18.0,,,,,,,
2002-04-22,17.2,15.0,18.4,,,,,,,
2002-04-23,17.2,12.7,18.6,,,,,,,
2002-04-24,17.3,10.6,19.6,,,,,,,
2002-04-28,20.3,12.5,23.6,,,,,,,
2002-04-29,20.4,15.3,23.5,,,,,,,
2002-05-01,18.9,13.7,21.4,,,,,,,
2002-05-03,19.4,,22.2,,,,,,,
2002-05-08,19.9,16.4,21.5,2.0,,,,,,
2002-05-09,19.9,13.3,23.5,0.0,,,,,,
2002-05-13,20.8,13.8,23.2,5.1,,,,,,
2002-05-14,20.9,14.5,23.4,0.0,,,,,,
2002-05-15,20.9,14.0,24.4,,,,,,,
2002-05-16,22.1,14.3,24.5,,,,,,,
2002-05-17,22.8,15.0,26.1,,,,,,,
2002-05-18,20.5,16.8,22.3,,,,,,,
2002-05-19,19.6,13.5,21.7,,,,,,,
2002-05-20,20.5,13.5,24.8,,,,,,,
2002-05-21,21.5,16.3,23.2,,,,,,,
2002-05-22,21.2,15.7,24.6,,,,,,,
2002-05-24,20.8,18.0,22.2,,,,,,,
2002-05-25,21.8,13.4,25.6,,,,,,,
2002-05-28,22.3,,24.3,,,,,,,
2002-05-29,21.3,14.2,24.8,,,,,,,
2002-05-30,21.8,15.5,25.2,,,,,,,
2002-06-01,24.3,18.4,28.3,,,,,,,
2002-06-04,23.1,19.7,24.5,,,,,,,
2002-06-05,23.6,,24.2,,,,,,,
2002-06-06,22.2,18.0,23.3,,,,,,,
2002-06-07,22.6,16.3,25.4,,,,,,,
2002-06-08,21.7,15.1,24.3,,,,,,,
2002-06-10,23.3,13.3,27.8,0.0,,,,,,
2002-06-11,21.9,14.4,24.4,1.0,,,,,,
2002-06-12,22.6,14.4,25.2,0.0,,,,,,
2002-06-13,22.9,14.3,25.4,,,,,,,
2002-06-14,23.3,15.2,26.2,,,,,,,
2002-06-16,23.7,16.6,26.3,,,,,,,
2002-06-17,24.1,17.2,27.8,,,,,,,
2002-06-19,23.6,19.9,25.3,,,,,,,
2002-06-20,24.8,21.0,26.5,,,,,,,
2002-06-22,25.1,19.8,27.8,,,,,,,
2002-06-23,24.9,20.6,27.0,,,,,,,
2002-06-25,25.5,19.5,27.5,,,,,,,
2002-06-27,27.7,19.8,32.0,,,,,,,
2002-06-28,29.2,25.9,32.8,,,,,,,
2002-06-29,26.7,23.8,28.7,,,,,,,
2002-06-30,25.5,23.0,28.0,,,,,,,
2002-07-01,25.4,21.0,27.3,,,,,,,
2002-07-02,24.3,21.5,26.0,2.0,,,,,,
2002-07-03,25.4,19.2,28.3,0.0,,,,,,
2002-07-08,25.5,22.6,26.5,,,,,,,
2002-07-12,26.4,23.6,27.8,,,,,,,
2002-07-13,26.1,23.0,28.0,,,,,,,
2002-07-14,21.9,,24.2,,,,,,,
2002-07-15,22.8,17.8,24.8,,,,,,,
2002-07-17,24.8,18.9,27.5,,,,,,,
2002-07-26,26.3,19.4,29.6,,,,,,,
2002-07-27,25.2,,28.5,,,,,,,
2002-07-28,26.3,19.0,29.0,,,,,,,
2002-08-01,26.2,20.4,29.3,,,,,,,
2002-08-02,26.8,23.9,29.6,,,,,,,
2002-08-07,26.2,22.8,28.0,,,,,,,
2002-08-10,26.5,,29.0,,,,,,,
2002-08-11,24.4,20.3,26.7,22.1,,,,,,
2002-08-13,26.8,,28.2,,,,,,,
2002-08-14,25.7,20.3,28.2,,,,,,,
2002-08-15,24.8,20.0,27.9,,,,,,,
2002-08-16,26.2,22.2,28.5,,,,,,,
2002-08-18,26.3,20.2,29.0,,,,,,,
2002-08-19,28.8,,30.8,,,,,,,
2002-08-20,26.7,22.7,27.8,,,,,,,
2002-08-21,25.4,22.2,27.8,,,,,,,
2002-08-22,26.9,,28.0,,,,,,,
2002-08-23,26.8,20.7,29.3,,,,,,,
2002-08-24,27.3,18.2,31.0,2.0,,,,,,
2002-08-25,25.7,22.6,27.8,10.9,,,,,,
2002-08-27,25.1,20.2,27.2,4.1,,,,,,
2002-08-28,24.8,20.0,27.7,0.0,,,,,,
2002-08-29,25.0,19.5,28.0,1.0,,,,,,
2002-08-31,25.2,19.2,28.0,,,,,,,
2002-09-01,24.6,20.0,27.7,32.0,,,,,,
2002-09-02,24.6,19.2,27.6,14.0,,,,,,
2002-09-03,27.6,,29.0,0.0,,,,,,
2002-09-04,26.6,23.5,28.7,,,,,,,
2002-09-06,24.3,19.0,26.8,,,,,,,
2002-09-10,25.8,20.2,27.8,,,,,,,
2002-09-11,25.1,18.9,27.8,,,,,,,
2002-09-12,24.2,17.6,27.4,,,,,,,
2002-09-13,25.8,18.0,29.5,,,,,,,
2002-09-15,24.5,19.4,27.5,,,,,,,
2002-09-16,26.2,,28.4,,,,,,,
2002-09-17,26.3,20.8,28.0,,,,,,,
2002-09-18,26.7,23.0,29.0,,,,,,,
2002-09-19,26.8,23.2,28.0,,,,,,,
2002-09-20,27.0,23.0,32.2,,,,,,,
2002-09-21,25.8,21.8,27.2,0.5,,,,,,
2002-09-22,24.8,20.3,27.3,1.0,,,,,,
2002-09-23,20.8,,25.2,5.1,,,,,,
2002-09-24,22.3,,24.0,0.0,,,,,,
2002-09-25,22.6,18.9,24.4,0.5,,,,,,
2002-09-26,21.8,18.0,24.2,0.0,,,,,,
2002-09-27,21.7,15.1,24.2,,,,,,,
2002-09-28,21.8,17.0,24.5,,,,,,,
2002-09-29,21.3,15.8,24.3,,,,,,,
2002-09-30,22.3,15.5,24.8,,,,,,,
2002-10-01,22.8,15.4,26.0,,,,,,,
2002-10-02,23.9,15.9,27.4,,,,,,,
2002-10-03,24.0,15.8,27.3,,,,,,,
2002-10-04,20.3,17.8,22.5,,,,,,,
2002-10-05,21.3,17.4,23.6,,,,,,,
2002-10-07,21.3,16.0,24.9,,,,,,,
2002-10-08,22.8,15.5,25.7,,,,,,,
2002-10-09,24.7,19.6,26.6,,,,,,,
2002-10-10,20.4,17.3,24.3,,,,,,,
2002-10-11,17.6,13.7,19.0,,,,,,,
2002-10-12,20.1,16.0,21.7,,,,,,,
2002-10-13,21.4,18.0,23.0,,,,,,,
2002-10-14,21.9,14.8,25.2,,,,,,,
2002-10-16,24.2,15.5,28.5,,,,,,,
2002-10-17,22.3,16.4,26.0,,,,,,,
2002-10-18,21.9,18.9,24.3,,,,,,,
2002-10-19,20.8,13.2,24.2,,,,,,,
2002-10-20,21.8,14.5,26.0,,,,,,,
2002-10-21,24.3,18.0,27.3,,,,,,,
2002-10-22,22.9,20.4,26.3,,,,,,,
2002-10-24,19.9,15.0,22.3,,,,,,,
2002-10-25,20.3,15.4,22.7,,,,,,,
2002-10-27,21.3,,24.4,,,,,,,
2002-10-28,19.7,14.2,22.8,,,,,,,
2002-10-29,19.4,12.3,24.0,,,,,,,
2002-10-30,21.4,13.0,26.1,,,,,,,
2002-10-31,19.8,13.0,22.7,,,,,,,
2002-11-01,17.3,15.0,20.0,33.0,,,,,,
2002-11-02,20.2,14.8,21.0,25.9,,,,,,
2002-11-03,20.1,13.2,23.0,0.3,,,,,,
2002-11-04,18.2,16.5,19.7,0.0,,,,,,
2002-11-05,16.4,14.5,19.3,16.0,,,,,,
2002-11-06,15.7,14.0,19.2,4.1,,,,,,
2002-11-07,14.9,12.9,17.5,3.0,,,,,,
2002-11-09,17.9,12.5,20.2,5.1,,,,,,
2002-11-10,19.8,15.0,21.3,0.0,,,,,,
2002-11-11,19.4,13.7,22.9,,,,,,,
2002-11-12,19.0,14.1,22.0,,,,,,,
2002-11-13,19.3,13.0,22.9,,,,,,,
2002-11-14,26.0,14.9,29.0,,,,,,,
2002-11-15,26.8,23.5,28.8,,,,,,,
2002-11-16,18.4,13.0,21.3,2.0,,,,,,
2002-11-17,14.8,14.0,16.3,0.0,,,,,,
2002-11-18,16.1,11.3,18.3,16.0,,,,,,
2002-11-19,17.0,11.0,20.7,0.0,,,,,,
2002-11-20,17.5,14.8,21.0,,,,,,,
2002-11-21,16.1,9.9,20.8,2.0,,,,,,
2002-11-22,18.5,14.9,20.2,2.0,,,,,,
2002-11-23,22.2,12.1,27.3,0.0,,,,,,
2002-11-24,23.6,18.2,29.8,,,,,,,
2002-11-25,20.8,14.4,25.2,,,,,,,
2002-11-27,17.8,,18.7,,,,,,,
2002-11-28,16.9,11.1,20.4,,,,,,,
2002-11-29,17.2,16.0,18.7,0.8,,,,,,
2002-11-30,13.2,10.0,16.0,11.9,,,,,,
2002-12-02,14.7,12.0,16.4,46.0,,,,,,
2002-12-03,13.0,,14.5,29.0,,,,,,
2002-12-04,14.0,9.0,15.6,15.0,,,,,,
2002-12-05,12.3,9.6,15.1,50.0,,,,,,
2002-12-07,12.6,10.0,15.6,131.1,,,,,,
2002-12-08,13.4,9.5,16.0,55.9,,,,,,
2002-12-10,15.4,9.5,18.5,0.0,,,,,,
2002-12-11,18.2,13.5,21.0,,,,,,,
2002-12-12,15.4,12.5,17.0,2.0,,,,,,
2002-12-14,19.9,14.0,23.3,0.0,,,,,,
2002-12-16,14.4,10.7,19.0,,,,,,,
2002-12-17,17.6,,20.9,,,,,,,
2002-12-20,15.3,13.6,16.4,2.0,,,,,,
2002-12-21,15.4,13.6,17.0,19.1,,,,,,
2002-12-23,16.4,,19.6,,,,,,,
2002-12-24,17.3,12.1,21.1,,,,,,,
2002-12-25,17.6,11.6,19.8,,,,,,,
2002-12-27,19.1,12.2,24.8,,,,,,,
2002-12-28,15.5,12.2,17.7,,,,,,,
2002-12-29,16.2,,17.9,,,,,,,
2002-12-30,15.0,10.0,18.0,,,,,,,
2002-12-31,15.8,11.3,16.7,2.0,,,,,,
2003-01-01,16.1,13.3,17.7,6.1,,,,,,
2003-01-02,17.1,10.5,21.0,,,,,,,
2003-01-03,17.2,10.5,22.9,,,,,,,
2003-01-04,15.8,8.5,19.3,,,,,,,
2003-01-05,15.4,11.6,17.6,2.0,,,,,,
2003-01-06,14.2,,18.0,,,,,,,
2003-01-07,14.3,10.5,16.8,,,,,,,
2003-01-29,13.7,10.5,15.6,1.0,,,,,,
2003-01-30,8.3,6.6,10.6,7.9,,,,,,
2003-02-01,8.6,6.5,10.5,31.0,,,,,,
2003-02-02,11.6,4.8,13.2,2.0,,,,,,
2003-02-03,13.5,9.8,16.2,0.0,,,,,,
2003-02-04,15.9,6.8,20.0,0.0,,,,,,
2003-02-05,12.1,10.0,13.7,4.1,,,,,,
2003-02-06,11.1,8.5,12.6,6.1,,,,,,
2003-02-08,11.6,7.5,15.5,0.0,,,,,,
2003-02-09,12.5,,14.3,,,,,,,
2003-02-10,9.8,6.2,14.3,,,,,,,
2003-02-12,12.4,9.0,14.4,3.0,,,,,,
2003-02-13,10.6,9.2,12.3,0.3,,,,,,
2003-02-15,11.4,5.8,15.0,1.0,,,,,,
2003-02-17,9.1,7.0,12.0,4.1,,,,,,
2003-02-18,8.8,6.0,11.1,14.0,,,,,,
2003-02-19,12.6,7.5,15.0,6.1,,,,,,
2003-02-21,13.6,8.5,15.8,4.1,,,,,,
2003-02-22,13.7,8.3,18.4,0.0,,,,,,
2003-02-24,15.3,9.5,18.7,,,,,,,
2003-02-25,16.9,13.0,19.0,,,,,,,
2003-02-26,15.8,13.8,18.0,,,,,,,
2003-02-27,14.2,10.3,20.4,,,,,,,
2003-02-28,14.3,10.2,15.2,,,,,,,
2003-03-01,15.1,12.2,17.3,4.1,,,,,,
2003-03-02,16.4,10.3,18.6,0.0,,,,,,
2003-03-03,15.9,10.6,18.6,,,,,,,
2003-03-04,16.0,15.0,17.5,,,,,,,
2003-03-05,15.6,10.0,18.3,,,,,,,
2003-03-07,15.4,12.4,18.4,,,,,,,
2003-03-08,14.6,9.0,17.5,,,,,,,
2003-03-09,14.9,12.0,17.8,,,,,,,
2003-03-10,14.7,9.0,17.6,,,,,,,
2003-03-11,15.3,8.0,19.6,,,,,,,
2003-03-12,19.7,10.3,23.3,,,,,,,
2003-03-13,18.3,12.5,22.2,,,,,,,
2003-03-14,14.7,10.2,17.0,,,,,,,
2003-03-15,16.3,13.3,18.7,,,,,,,
2003-03-17,12.5,7.9,14.6,1.0,,,,,,
2003-03-18,14.3,,16.7,0.0,,,,,,
2003-03-22,17.2,10.6,20.7,,,,,,,
2003-03-23,15.6,10.0,18.8,,,,,,,
2003-03-25,16.7,8.0,21.0,,,,,,,
2003-03-26,17.3,9.7,20.2,,,,,,,
2003-03-27,17.9,9.2,22.3,,,,,,,
2003-03-28,17.9,15.5,19.7,,,,,,,
2003-03-29,18.6,12.5,22.2,,,,,,,
2003-03-30,16.8,12.6,19.6,1.0,,,,,,
2003-03-31,16.6,12.0,18.3,8.9,,,,,,
2003-04-01,15.3,13.2,16.8,2.0,,,,,,
2003-04-02,15.0,11.2,17.3,4.1,,,,,,
2003-04-03,11.6,8.9,14.0,0.0,,,,,,
2003-04-04,14.4,8.4,15.5,38.1,,,,,,
2003-04-06,13.4,7.0,16.3,3.0,,,,,,
2003-04-07,15.1,8.3,19.6,0.0,,,,,,
2003-04-08,15.8,7.7,19.3,,,,,,,
2003-04-09,16.9,15.0,18.3,,,,,,,
2003-04-10,17.1,15.0,18.4,,,,,,,
2003-04-11,18.9,12.3,22.6,,,,,,,
2003-04-12,18.1,15.0,19.6,2.0,,,,,,
2003-04-13,19.1,12.4,22.4,0.0,,,,,,
2003-04-14,19.5,17.4,21.5,,,,,,,
2003-04-15,16.6,13.8,18.2,,,,,,,
2003-04-16,14.1,12.9,15.2,5.1,,,,,,
2003-04-17,16.7,13.4,17.7,9.9,,,,,,
2003-04-18,16.1,11.3,18.0,0.0,,,,,,
2003-04-19,18.3,12.0,22.6,,,,,,,
2003-04-20,18.3,12.2,20.6,5.1,,,,,,
2003-04-21,17.4,12.5,19.4,0.0,,,,,,
2003-04-22,18.4,11.5,21.5,,,,,,,
2003-04-23,15.3,,18.0,,,,,,,
2003-04-24,18.2,14.7,20.2,,,,,,,
2003-04-25,19.4,13.0,25.5,,,,,,,
2003-04-26,21.4,14.3,26.0,,,,,,,
2003-04-27,20.2,,22.0,,,,,,,
2003-04-28,22.6,14.4,30.6,,,,,,,
2003-04-29,19.3,,20.8,,,,,,,
2003-05-01,20.6,,22.2,,,,,,,
2003-05-02,19.7,17.2,20.2,,,,,,,
2003-05-03,19.7,15.8,21.4,,,,,,,
2003-05-04,19.8,17.0,21.7,,,,,,,
2003-05-05,19.8,,21.2,,,,,,,
2003-05-06,19.1,17.0,21.7,1.0,,,,,,
2003-05-07,19.6,13.5,22.5,2.0,,,,,,
2003-05-08,18.9,15.2,22.1,0.0,,,,,,
2003-05-09,18.5,17.0,20.4,2.0,,,,,,
2003-05-10,18.0,15.5,19.9,24.9,,,,,,
2003-05-11,18.7,15.2,20.3,18.0,,,,,,
2003-05-12,18.6,,20.5,0.0,,,,,,
2003-05-13,20.4,13.6,23.0,,,,,,,
2003-05-14,20.5,14.0,23.2,,,,,,,
2003-05-15,19.7,13.8,21.8,,,,,,,
2003-05-16,20.3,15.8,23.0,,,,,,,
2003-05-17,19.6,18.0,20.8,,,,,,,
2003-05-18,19.7,15.6,23.0,,,,,,,
2003-05-19,21.4,13.7,24.3,,,,,,,
2003-05-20,20.8,,22.4,,,,,,,
2003-05-21,20.6,14.5,23.0,,,,,,,
2003-05-25,22.2,17.6,24.7,,,,,,,
2003-05-26,17.4,15.4,21.1,3.0,,,,,,
2003-05-27,18.0,11.8,21.2,0.0,,,,,,
2003-05-29,21.5,13.6,24.0,,,,,,,
2003-05-30,22.8,15.0,26.3,,,,,,,
2003-05-31,22.7,16.3,25.5,,,,,,,
2003-06-01,22.1,16.8,24.5,,,,,,,
2003-06-02,22.2,20.5,24.0,,,,,,,
2003-06-03,22.7,17.0,25.4,,,,,,,
2003-06-04,27.1,18.0,30.8,,,,,,,
2003-06-05,26.1,20.5,27.5,,,,,,,
2003-06-06,25.2,,27.9,,,,,,,
2003-06-07,24.4,,25.6,,,,,,,
2003-06-08,23.7,17.8,27.2,,,,,,,
2003-06-09,24.8,17.2,27.6,,,,,,,
2003-06-11,27.5,,30.0,,,,,,,
2003-06-12,29.8,26.3,33.2,,,,,,,
2003-06-14,25.8,,27.8,,,,,,,
2003-06-15,25.8,20.3,29.4,,,,,,,
2003-06-16,26.5,20.8,31.7,,,,,,,
2003-06-17,26.4,24.0,29.3,,,,,,,
2003-06-18,27.3,19.5,29.7,,,,,,,
2003-06-19,25.8,20.0,28.0,,,,,,,
2003-06-20,25.2,18.3,27.4,,,,,,,
2003-06-21,27.2,19.5,29.4,,,,,,,
2003-06-22,30.4,21.3,36.0,,,,,,,
2003-06-23,31.7,25.4,37.0,,,,,,,
2003-06-24,30.1,23.5,33.0,,,,,,,
2003-06-25,28.2,22.4,30.3,,,,,,,
2003-06-26,27.0,21.6,29.0,,,,,,,
2003-06-27,29.7,22.6,34.7,,,,,,,
2003-06-30,30.9,25.9,35.0,,,,,,,
2003-07-01,28.8,23.0,31.6,,,,,,,
2003-07-02,28.4,23.0,30.0,,,,,,,
2003-07-03,27.3,,29.3,,,,,,,
2003-07-04,27.1,22.7,31.0,,,,,,,
2003-07-05,28.1,22.9,30.0,,,,,,,
2003-07-06,27.9,,29.3,,,,,,,
2003-07-07,27.3,22.6,30.4,,,,,,,
2003-07-09,28.9,20.4,31.4,,,,,,,
2003-07-10,27.9,21.2,31.5,,,,,,,
2003-07-11,27.9,21.0,31.0,,,,,,,
2003-07-12,28.8,19.7,32.0,,,,,,,
2003-07-14,27.4,23.0,29.7,,,,,,,
2003-07-16,29.8,25.8,32.0,0.0,,,,,,
2003-07-17,28.5,24.8,32.0,,,,,,,
2003-07-19,30.2,25.7,33.2,,,,,,,
2003-07-20,32.0,22.6,34.6,,,,,,,
2003-07-21,33.8,29.4,38.4,,,,,,,
2003-07-25,30.5,25.8,33.0,,,,,,,
2003-07-26,31.3,18.3,35.2,,,,,,,
2003-07-28,29.0,24.0,32.4,,,,,,,
2003-07-29,31.1,,32.4,,,,,,,
2003-07-31,29.3,19.4,32.4,,,,,,,
2003-08-02,28.0,21.6,30.7,,,,,,,
2003-08-04,29.6,24.0,31.8,,,,,,,
2003-08-05,29.9,23.0,32.6,,,,,,,
2003-08-06,29.2,22.5,33.2,,,,,,,
2003-08-07,29.8,22.8,33.7,,,,,,,
2003-08-08,28.9,23.5,31.6,,,,,,,
2003-08-09,29.8,24.6,33.2,,,,,,,
2003-08-10,30.1,23.4,33.5,,,,,,,
2003-08-11,29.9,23.6,32.7,,,,,,,
2003-08-12,30.6,22.2,33.7,,,,,,,
2003-08-13,31.1,24.7,34.7,,,,,,,
2003-08-14,30.1,24.4,33.0,,,,,,,
2003-08-15,30.2,23.0,34.0,,,,,,,
2003-08-16,30.0,24.0,31.5,,,,,,,
2003-08-17,29.9,25.3,31.7,,,,,,,
2003-08-19,29.8,25.6,31.7,,,,,,,
2003-08-20,30.2,25.5,41.7,,,,,,,
2003-08-21,30.8,25.0,35.0,,,,,,,
2003-08-22,31.2,26.7,33.7,,,,,,,
2003-08-23,33.2,26.3,36.0,,,,,,,
2003-08-24,33.3,,36.0,,,,,,,
2003-08-25,29.3,26.9,32.0,,,,,,,
2003-08-26,27.9,22.1,30.3,,,,,,,
2003-08-27,31.2,,34.0,,,,,,,
2003-08-28,29.6,24.0,32.6,,,,,,,
2003-08-29,29.9,24.9,33.0,,,,,,,
2003-08-30,28.9,24.6,31.0,,,,,,,
2003-08-31,29.4,24.2,32.4,,,,,,,
2003-09-01,29.8,24.8,31.6,,,,,,,
2003-09-02,29.5,25.4,31.7,,,,,,,
2003-09-03,28.9,26.3,31.4,,,,,,,
2003-09-04,29.4,22.5,32.7,,,,,,,
2003-09-05,30.0,26.4,32.9,,,,,,,
2003-09-06,27.9,21.0,30.0,33.0,,,,,,
2003-09-07,28.4,24.6,30.5,0.0,,,,,,
2003-09-08,28.1,,30.0,,,,,,,
2003-09-11,25.3,21.1,28.0,1.0,,,,,,
2003-09-13,25.6,23.3,27.2,0.0,,,,,,
2003-09-14,23.2,,26.6,,,,,,,
2003-09-15,20.9,16.8,32.6,11.9,,,,,,
2003-09-18,25.2,18.5,28.7,,,,,,,
2003-09-19,25.6,18.7,29.5,,,,,,,
2003-09-21,25.0,20.5,27.2,,,,,,,
2003-09-22,25.6,19.0,28.0,,,,,,,
2003-09-23,25.0,20.8,27.2,,,,,,,
2003-09-24,25.5,21.3,28.3,,,,,,,
2003-09-25,24.3,20.0,27.4,,,,,,,
2003-09-27,22.7,17.5,26.3,,,,,,,
2003-09-28,25.3,17.6,29.2,,,,,,,
2003-09-29,24.5,19.4,27.2,,,,,,,
2003-09-30,25.9,18.7,28.9,,,,,,,
2003-10-01,30.0,24.5,34.2,,,,,,,
2003-10-02,26.6,23.4,28.0,,,,,,,
2003-10-03,26.8,17.0,29.3,,,,,,,
2003-10-04,24.9,20.0,28.2,,,,,,,
2003-10-05,23.7,,25.4,,,,,,,
2003-10-06,22.3,20.6,24.0,0.5,,,,,,
2003-10-07,22.9,19.2,25.0,7.1,,,,,,
2003-10-08,19.7,,24.4,3.0,,,,,,
2003-10-09,22.0,17.2,25.0,0.0,,,,,,
2003-10-10,23.1,16.2,26.3,,,,,,,
2003-10-11,23.7,16.3,27.3,,,,,,,
2003-10-12,25.5,20.6,30.2,,,,,,,
2003-10-13,24.3,21.8,26.3,,,,,,,
2003-10-15,22.8,18.0,25.5,0.3,,,,,,
2003-10-16,23.1,16.7,27.0,0.0,,,,,,
2003-10-17,21.7,16.8,24.6,13.0,,,,,,
2003-10-18,21.4,15.5,24.2,15.0,,,,,,
2003-10-19,21.8,15.5,25.3,0.0,,,,,,
2003-10-20,23.2,18.5,26.6,,,,,,,
2003-10-21,23.2,18.4,26.2,2.0,,,,,,
2003-10-23,19.1,,23.2,6.1,,,,,,
2003-10-24,18.0,16.6,19.0,5.1,,,,,,
2003-10-25,20.5,14.6,23.7,1.0,,,,,,
2003-10-26,24.2,15.4,27.8,0.0,,,,,,
2003-10-29,22.1,16.0,23.6,,,,,,,
2003-10-30,18.8,16.6,21.6,3.0,,,,,,
2003-10-31,21.9,14.8,26.3,8.9,,,,,,
2003-11-03,19.5,13.6,23.0,1.0,,,,,,
2003-11-04,18.1,13.5,21.0,0.0,,,,,,
2003-11-06,18.6,13.2,21.0,0.0,,,,,,
2003-11-07,18.6,12.2,22.8,,,,,,,
2003-11-08,20.3,16.8,22.4,0.0,,,,,,
2003-11-10,17.9,13.2,22.1,0.0,,,,,,
2003-11-11,19.2,,20.4,,,,,,,
2003-11-12,16.1,13.8,17.3,,,,,,,
2003-11-13,17.6,14.0,20.0,0.0,,,,,,
2003-11-14,17.5,13.9,21.0,0.0,,,,,,
2003-11-15,20.8,12.7,24.5,,,,,,,
2003-11-16,20.1,12.8,21.9,,,,,,,
2003-11-18,17.8,13.8,20.2,0.0,,,,,,
2003-11-19,19.8,14.4,23.0,,,,,,,
2003-11-20,17.8,15.2,20.0,1.0,,,,,,
2003-11-21,16.6,13.3,19.0,9.9,,,,,,
2003-11-22,19.7,12.2,23.7,2.0,,,,,,
2003-11-28,16.7,12.0,18.2,11.9,,,,,,
2003-11-30,15.9,9.7,20.6,3.0,,,,,,
2003-12-01,19.7,11.5,23.4,0.0,,,,,,
2003-12-02,17.0,12.2,20.4,0.0,,,,,,
2003-12-03,11.4,,17.0,1.0,,,,,,
2003-12-04,14.1,8.6,18.7,18.0,,,,,,
2003-12-05,13.3,6.7,17.9,0.0,,,,,,
2003-12-06,14.3,6.6,19.3,0.0,,,,,,
2003-12-07,15.1,8.3,19.7,0.0,,,,,,
2003-12-10,11.7,7.2,14.2,0.0,,,,,,
2003-12-11,13.7,9.5,15.6,16.0,,,,,,
2003-12-12,15.9,13.2,17.0,37.1,,,,,,
2003-12-13,16.5,15.0,17.2,5.1,,,,,,
2003-12-14,15.9,11.6,19.0,0.0,,,,,,
2003-12-15,15.4,13.0,17.6,1.0,,,,,,
2003-12-16,14.8,13.9,16.0,4.1,,,,,,
2003-12-17,12.7,8.0,17.4,0.0,,,,,,
2003-12-18,14.8,10.5,18.3,0.0,,,,,,
2003-12-19,15.4,11.3,17.7,0.0,,,,,,
2003-12-22,13.3,9.5,16.5,0.0,,,,,,
2003-12-23,9.3,,11.6,16.0,,,,,,
2003-12-26,12.3,6.6,16.3,0.0,,,,,,
2003-12-27,12.2,6.2,16.3,0.0,,,,,,
2003-12-28,14.3,7.5,18.6,0.0,,,,,,
2003-12-30,12.7,8.6,15.5,18.0,,,,,,
2004-01-03,12.4,9.0,13.5,13.0,,,,,,
2004-01-04,10.7,7.0,14.0,7.9,,,,,,
2004-01-05,12.2,8.5,14.7,6.1,,,,,,
2004-01-06,11.3,5.8,16.2,0.0,,,,,,
2004-01-07,12.2,6.5,16.3,0.0,,,,,,
2004-01-08,11.2,,16.5,0.0,,,,,,
2004-01-09,15.0,9.6,18.6,0.0,,,,,,
2004-01-11,15.7,13.4,18.6,0.0,,,,,,
2004-01-12,15.0,9.2,17.7,0.0,,,,,,
2004-01-13,17.8,10.0,22.7,0.0,,,,,,
2004-01-14,14.6,9.3,18.0,0.0,,,,,,
2004-01-16,13.4,8.4,17.7,0.0,,,,,,
2004-01-17,14.7,10.4,18.0,0.0,,,,,,
2004-01-19,9.1,6.8,11.3,23.1,,,,,,
2004-01-23,13.1,7.5,16.4,2.0,,,,,,
2004-01-24,13.7,12.0,14.4,3.0,,,,,,
2004-01-25,14.3,10.7,16.6,6.1,,,,,,
2004-01-26,15.1,10.2,18.4,0.0,,,,,,
2004-01-27,14.8,10.8,17.4,0.0,,,,,,
2004-01-28,11.1,,15.6,3.0,,,,,,
2004-02-02,14.3,7.5,17.5,0.0,,,,,,
2004-02-03,14.7,8.6,18.4,0.0,,,,,,
2004-02-04,13.8,8.5,17.4,0.0,,,,,,
2004-02-05,13.3,7.3,17.0,0.0,,,,,,
2004-02-06,13.4,7.4,17.2,,,,,,,
2004-02-07,15.8,,17.3,,,,,,,
2004-02-08,14.9,13.0,17.4,0.0,,,,,,
2004-02-09,12.6,8.5,16.6,0.0,,,,,,
2004-02-10,12.6,7.4,16.6,0.0,,,,,,
2004-02-11,12.1,6.3,15.8,0.0,,,,,,
2004-02-14,12.6,6.6,17.9,0.0,,,,,,
2004-02-15,13.5,6.8,16.3,0.0,,,,,,
2004-02-16,14.8,,16.1,,,,,,,
2004-02-17,14.7,9.5,18.7,0.0,,,,,,
2004-02-18,12.4,9.0,14.2,21.1,,,,,,
2004-02-19,13.8,8.4,17.4,0.5,,,,,,
2004-02-21,26.3,21.5,28.0,0.5,,,,,,
2004-02-22,15.1,,17.5,0.8,,,,,,
2004-02-23,16.0,9.4,19.0,7.9,,,,,,
2004-02-24,14.7,8.8,18.5,0.0,,,,,,
2004-02-25,16.0,10.4,21.3,0.0,,,,,,
2004-02-26,16.3,12.0,18.2,5.1,,,,,,
2004-02-28,12.9,,14.2,0.0,,,,,,
2004-02-29,12.2,7.1,15.8,0.0,,,,,,
2004-03-01,7.2,,11.0,10.9,,,,,,
2004-03-02,6.7,3.4,9.9,19.1,,,,,,
2004-03-07,13.8,,16.4,3.0,,,,,,
2007-09-22,23.7,22.1,25.4,3.0,,,,,,
2007-09-23,23.3,19.4,26.0,29.0,,,,,,
2007-09-24,23.2,21.8,24.5,0.0,,,,,,
2007-09-25,23.2,19.5,24.6,1.0,,,,,,
2007-09-26,24.1,18.1,28.2,0.0,,,,,,
2007-09-27,22.5,18.4,25.0,15.0,,,,,,
2007-09-28,23.2,17.6,25.5,3.0,,,,,,
2007-09-29,26.0,22.2,31.5,0.0,,,,,,
2007-09-30,23.7,19.0,26.7,0.0,,,,,,
2007-10-01,23.5,19.5,25.6,0.0,,,,,,
2007-10-02,25.0,21.4,27.2,0.0,,,,,,
2007-10-03,25.2,22.8,27.2,0.0,,,,,,
2007-10-04,26.1,20.8,28.7,0.0,,,,,,
2007-10-05,24.2,22.5,28.4,0.0,,,,,,
2007-10-06,23.2,20.2,25.2,0.0,,,,,,
2007-10-07,22.8,19.1,24.6,0.5,,,,,,
2007-10-08,22.1,18.3,24.4,9.9,,,,,,
2007-10-09,21.5,17.8,24.2,5.1,,,,,,
2007-10-10,21.4,15.8,24.8,10.9,,,,,,
2007-10-11,22.6,16.5,26.2,2.0,,,,,,
2007-10-12,23.1,15.0,25.0,1.0,,,,,,
2007-10-13,19.6,17.3,21.8,7.9,,,,,,
2007-10-14,21.3,17.4,24.0,15.0,,,,,,
2007-10-15,23.5,18.0,26.2,3.0,,,,,,
2007-10-16,23.1,17.0,26.5,0.0,,,,,,
2007-10-17,22.6,19.1,25.0,0.0,,,,,,
2007-10-20,20.3,16.4,21.4,1.0,,,,,,
2007-10-21,15.8,,17.2,0.0,,,,,,
2007-10-22,20.2,14.8,22.9,3.0,,,,,,
2007-10-23,18.5,16.3,22.1,4.1,,,,,,
2007-10-24,20.1,14.0,23.6,0.0,,,,,,
2007-10-25,20.6,16.8,22.5,0.0,,,,,,
2007-10-26,19.3,15.4,21.5,7.9,,,,,,
2007-10-27,19.4,16.5,22.0,1.0,,,,,,
2007-10-28,20.0,15.5,22.2,0.0,,,,,,
2007-10-29,19.8,17.4,21.8,0.0,,,,,,
2007-10-30,18.8,15.2,20.0,7.9,,,,,,
2007-10-31,14.0,12.8,14.5,23.1,,,,,,
2007-11-01,17.4,13.1,20.0,16.0,,,,,,
2007-11-02,16.8,,18.2,42.9,,,,,,
2008-03-04,15.3,8.0,19.0,0.0,,,,,,
2008-03-05,7.3,,10.6,7.9,,,,,,
2008-03-06,10.8,3.0,12.2,42.9,,,,,,
2008-03-07,9.8,6.4,12.3,7.1,,,,,,
2008-03-08,11.4,4.6,12.0,37.1,,,,,,
2008-03-09,14.1,4.6,17.4,19.1,,,,,,
2008-03-10,14.3,7.8,17.2,0.0,,,,,,
2008-03-11,16.3,10.2,17.9,0.0,,,,,,
2008-03-12,17.2,10.5,22.0,0.0,,,,,,
2008-03-13,16.2,9.4,19.5,0.0,,,,,,
2008-03-14,16.0,10.6,19.5,0.0,,,,,,
2008-03-15,17.2,10.0,21.0,0.0,,,,,,
2008-03-16,17.5,13.3,20.0,0.0,,,,,,
2008-03-17,16.7,9.3,20.6,0.0,,,,,,
2008-03-18,17.2,9.5,20.6,0.0,,,,,,
2008-03-19,15.9,10.4,18.0,0.0,,,,,,
2008-03-20,13.2,9.7,16.2,0.0,,,,,,
2008-03-21,13.3,9.0,16.0,7.1,,,,,,
2008-03-22,15.2,4.5,18.0,0.0,,,,,,
2008-03-24,13.7,6.4,15.5,18.0,,,,,,
2008-03-25,15.7,7.5,18.0,0.0,,,,,,
2008-03-26,16.3,9.2,19.3,0.0,,,,,,
2008-03-27,14.9,10.7,16.4,7.1,,,,,,
2008-03-28,16.3,14.6,17.2,0.0,,,,,,
2008-03-29,15.4,8.0,18.2,4.1,,,,,,
2008-03-30,17.5,12.2,20.3,0.0,,,,,,
2008-03-31,14.1,,15.7,0.0,,,,,,
2008-04-01,14.3,10.2,16.3,22.1,,,,,,
2008-04-02,16.3,13.1,18.0,11.9,,,,,,
2008-04-03,16.2,9.0,18.5,0.0,,,,,,
2008-04-04,16.1,9.0,18.2,0.0,,,,,,
2008-04-05,15.1,9.8,17.3,0.0,,,,,,
2008-04-06,18.7,8.2,24.3,0.0,,,,,,
2008-04-07,21.6,15.5,24.8,0.0,,,,,,
2008-04-08,20.1,17.4,21.5,0.0,,,,,,
2008-04-09,23.6,14.0,27.6,0.0,,,,,,
2008-04-10,23.1,18.3,26.6,0.0,,,,,,
2008-04-12,16.4,11.4,18.4,6.1,,,,,,
2008-04-13,16.0,11.3,18.6,3.0,,,,,,
2008-04-14,17.3,9.0,20.4,0.0,,,,,,
2008-04-15,16.6,10.5,18.8,0.0,,,,,,
2008-04-16,17.2,9.2,19.8,0.0,,,,,,
2008-04-17,19.2,16.7,20.6,0.0,,,,,,
2008-04-18,21.4,14.3,24.9,0.0,,,,,,
2008-04-19,18.8,13.4,21.1,0.0,,,,,,
2008-04-20,18.4,12.0,22.2,0.0,,,,,,
2008-04-21,17.4,11.2,20.6,0.0,,,,,,
2008-04-22,18.3,12.0,20.1,0.0,,,,,,
2008-04-23,18.9,10.0,22.4,0.0,,,,,,
2008-04-24,18.4,11.0,20.6,0.0,,,,,,
2008-04-25,18.3,11.0,21.1,0.0,,,,,,
2008-04-26,20.1,12.2,22.9,0.0,,,,,,
2008-04-27,18.4,9.4,22.4,0.0,,,,,,
2008-04-28,18.9,10.3,22.8,0.0,,,,,,
2008-04-29,20.1,13.5,21.8,0.0,,,,,,
2008-04-30,19.6,13.2,22.0,0.0,,,,,,
2008-05-01,20.2,13.5,22.4,0.0,,,,,,
2008-05-02,20.6,16.4,23.3,0.0,,,,,,
2008-05-03,19.8,16.6,21.4,0.0,,,,,,
2008-05-05,19.4,14.4,21.4,0.0,,,,,,
2008-05-06,20.4,13.2,23.8,0.0,,,,,,
2008-05-07,20.9,13.2,24.6,0.0,,,,,,
2008-05-08,21.9,17.5,24.3,0.0,,,,,,
2008-05-09,20.1,17.5,22.5,0.0,,,,,,
2008-05-10,19.7,15.5,21.6,20.1,,,,,,
2008-05-11,18.8,13.2,21.0,8.9,,,,,,
2008-05-12,17.8,14.0,20.6,2.0,,,,,,
2008-05-13,18.3,14.0,19.6,14.0,,,,,,
2008-05-14,19.8,11.6,22.2,2.0,,,,,,
2008-05-15,20.7,15.4,23.9,0.0,,,,,,
2008-05-17,20.4,17.8,21.0,0.0,,,,,,
2008-05-18,18.6,14.8,20.4,0.0,,,,,,
2008-05-20,18.6,13.4,21.3,8.9,,,,,,
2008-05-21,20.8,12.7,24.2,6.1,,,,,,
2008-05-22,20.9,14.8,23.3,0.0,,,,,,
2008-05-23,21.2,14.4,24.0,0.0,,,,,,
2008-05-24,22.3,17.9,24.2,0.0,,,,,,
2008-05-25,21.6,17.4,23.7,0.0,,,,,,
2008-05-26,20.6,17.5,22.0,0.0,,,,,,
2008-05-27,18.2,16.2,19.6,1.0,,,,,,
2008-05-28,16.9,14.4,19.3,2.0,,,,,,
2008-05-29,19.6,12.2,21.6,19.1,,,,,,
2008-05-30,21.6,14.0,23.7,0.0,,,,,,
2008-05-31,23.0,17.6,27.0,0.0,,,,,,
2008-06-01,21.1,18.6,22.3,0.0,,,,,,
2008-06-02,20.6,17.2,21.8,0.0,,,,,,
2008-06-03,20.7,13.6,22.6,0.0,,,,,,
2008-06-04,21.2,13.9,24.0,0.0,,,,,,
2008-06-05,21.6,14.4,24.5,0.0,,,,,,
2008-06-06,22.1,16.8,23.2,0.0,,,,,,
2008-06-07,21.6,14.8,23.8,0.0,,,,,,
2008-06-08,21.6,17.6,23.6,0.0,,,,,,
2008-06-09,22.0,16.2,24.2,0.0,,,,,,
2008-06-10,22.7,18.5,24.7,4.1,,,,,,
2008-06-11,23.2,19.4,24.8,0.0,,,,,,
2008-06-12,22.1,19.2,23.6,0.0,,,,,,
2008-06-13,23.1,15.2,25.0,2.0,,,,,,
2008-06-14,23.0,15.8,25.5,0.0,,,,,,
2008-06-17,26.8,,29.3,,,,,,,
2008-06-18,24.2,19.5,26.2,0.0,,,,,,
2008-06-19,24.2,16.7,25.8,0.0,,,,,,
2008-06-20,23.8,16.0,26.6,0.0,,,,,,
2008-06-21,25.0,15.5,27.0,0.0,,,,,,
2008-06-22,26.4,17.7,30.4,0.0,,,,,,
2008-06-23,27.8,20.8,31.2,0.0,,,,,,
2008-06-24,25.8,22.0,26.8,0.0,,,,,,
2008-06-25,25.8,21.2,27.6,0.0,,,,,,
2008-06-26,25.2,19.0,27.2,0.0,,,,,,
2008-06-27,25.1,18.8,27.2,0.0,,,,,,
2008-06-28,26.1,20.2,28.5,0.0,,,,,,
2008-06-29,26.5,19.0,28.5,0.0,,,,,,
2008-06-30,25.8,19.4,28.8,0.0,,,,,,
2008-07-01,25.5,20.0,28.6,0.0,,,,,,
2008-07-02,27.5,19.0,30.5,0.0,,,,,,
2008-07-03,30.8,22.2,34.0,0.0,,,,,,
2008-07-04,27.4,21.6,29.7,0.0,,,,,,
2008-07-05,28.1,19.7,31.5,0.0,,,,,,
2008-07-06,28.0,23.0,29.2,0.0,,,,,,
2008-07-07,29.3,21.9,32.0,1.0,,,,,,
2008-07-08,28.3,23.5,30.5,0.0,,,,,,
2008-07-09,26.6,22.3,30.2,0.0,,,,,,
2008-07-10,27.7,22.3,30.9,0.0,,,,,,
2008-07-11,27.3,24.8,29.3,0.0,,,,,,
2008-07-12,28.3,23.3,31.7,0.0,,,,,,
2008-07-13,27.8,24.5,29.5,0.0,,,,,,
2008-07-14,26.4,24.0,30.0,0.0,,,,,,
2008-07-15,25.4,21.3,27.5,0.0,,,,,,
2008-07-16,26.4,20.5,30.7,0.0,,,,,,
2008-07-17,28.7,21.8,32.4,0.0,,,,,,
2008-07-18,26.8,23.0,29.1,0.0,,,,,,
2008-07-19,26.5,20.3,29.2,0.0,,,,,,
2008-07-20,26.9,19.4,31.3,0.0,,,,,,
2008-07-21,26.3,22.4,28.0,0.0,,,,,,
2008-07-22,26.9,22.1,29.0,0.0,,,,,,
2008-07-23,26.1,17.6,29.0,0.0,,,,,,
2008-07-24,26.5,16.7,30.2,0.0,,,,,,
2008-07-25,28.7,23.5,30.6,0.0,,,,,,
2008-07-26,27.0,19.0,29.3,0.0,,,,,,
2008-07-27,27.2,19.1,30.5,0.0,,,,,,
2008-07-28,27.6,19.5,30.8,0.0,,,,,,
2008-07-29,27.7,20.3,30.5,0.0,,,,,,
2008-07-30,27.7,21.3,31.5,0.0,,,,,,
2008-07-31,27.4,22.1,29.5,0.0,,,,,,
2008-08-01,27.8,22.0,29.3,0.0,,,,,,
2008-08-02,27.2,21.5,29.6,0.0,,,,,,
2008-08-03,27.9,21.6,30.5,0.0,,,,,,
2008-08-04,28.0,19.4,30.9,0.0,,,,,,
2008-08-05,26.7,19.0,31.4,0.0,,,,,,
2008-08-06,28.4,17.9,33.0,0.0,,,,,,
2008-08-07,28.9,21.8,30.9,0.0,,,,,,
2008-08-08,29.2,25.0,31.0,0.0,,,,,,
2008-08-09,28.8,24.3,30.6,0.0,,,,,,
2008-08-10,27.8,20.2,30.4,0.0,,,,,,
2008-08-11,27.4,19.3,31.2,0.0,,,,,,
2008-08-12,28.6,21.7,31.6,0.0,,,,,,
2008-08-13,29.7,22.4,32.5,0.0,,,,,,
2008-08-14,28.1,24.8,30.0,0.0,,,,,,
2008-08-15,27.8,23.9,30.0,0.0,,,,,,
2008-08-16,26.8,20.7,29.1,0.0,,,,,,
2008-08-17,26.9,18.6,30.6,0.0,,,,,,
2008-08-18,26.3,19.0,31.0,0.0,,,,,,
2008-08-19,28.2,22.0,31.5,0.0,,,,,,
2008-08-20,28.4,,29.8,0.0,,,,,,
2008-08-21,27.5,20.5,30.5,0.0,,,,,,
2008-08-22,27.8,20.6,31.8,0.0,,,,,,
2008-08-24,26.8,22.7,29.4,1.0,,,,,,
2008-08-25,26.6,19.5,29.8,0.0,,,,,,
2008-08-27,26.3,19.5,29.5,0.0,,,,,,
2008-08-28,26.6,21.0,29.7,0.0,,,,,,
2008-08-29,27.1,21.0,30.6,0.0,,,,,,
2008-08-30,26.9,20.6,30.3,0.0,,,,,,
2008-09-03,26.9,20.7,29.7,0.0,,,,,,
2008-09-07,27.5,23.0,30.2,0.0,,,,,,
2008-09-09,35.3,24.8,42.7,0.0,,,,,,
2008-09-10,28.4,28.0,33.2,0.0,,,,,,
2008-09-11,26.8,23.0,34.0,,,,,,,
2008-09-13,25.0,21.8,27.0,2.0,,,,,,
2008-09-15,22.8,17.1,25.6,18.0,,,,,,
2008-09-16,23.8,16.6,27.0,1.0,,,,,,
2008-09-17,24.6,16.2,28.3,0.0,,,,,,
2008-09-18,25.7,19.2,29.6,0.0,,,,,,
2008-09-19,25.1,21.9,27.5,0.0,,,,,,
2008-09-20,24.1,18.3,27.6,22.1,,,,,,
2008-09-21,23.7,16.9,26.8,0.0,,,,,,
2008-09-22,24.7,18.4,28.6,0.0,,,,,,
2008-09-24,23.6,20.4,26.5,0.0,,,,,,
2008-09-25,21.6,19.0,24.5,9.9,,,,,,
2008-09-26,22.0,17.3,25.0,7.1,,,,,,
2008-09-27,21.0,17.6,24.7,7.1,,,,,,
2008-09-28,22.3,15.2,25.0,4.1,,,,,,
2008-09-29,22.4,16.6,25.5,0.0,,,,,,
2008-09-30,19.7,,21.3,5.1,,,,,,
2008-10-01,20.1,16.0,23.3,13.0,,,,,,
2008-10-03,22.4,16.2,25.6,0.0,,,,,,
2008-10-04,20.0,15.0,22.0,27.9,,,,,,
2008-10-05,21.3,13.3,25.0,0.0,,,,,,
2008-10-06,22.8,14.9,26.0,0.0,,,,,,
2008-10-07,22.2,15.5,25.6,0.0,,,,,,
2008-10-08,22.3,15.0,25.3,0.0,,,,,,
2008-10-09,22.7,15.0,26.0,3.0,,,,,,
2008-10-10,24.3,19.0,26.3,0.0,,,,,,
2008-10-11,25.1,19.6,28.0,0.0,,,,,,
2008-10-12,25.3,19.6,30.0,0.0,,,,,,
2008-10-13,24.0,20.0,26.4,0.0,,,,,,
2008-10-14,22.8,18.2,25.4,0.5,,,,,,
2008-10-15,22.7,19.5,24.6,0.0,,,,,,
2008-10-16,21.8,17.0,25.6,2.0,,,,,,
2008-10-17,21.3,16.0,24.0,2.0,,,,,,
2008-10-18,22.8,16.3,25.8,3.0,,,,,,
2008-10-19,23.7,16.6,26.5,0.0,,,,,,
2008-10-20,22.7,16.6,26.4,0.0,,,,,,
2008-10-21,21.9,,27.6,0.0,,,,,,
2008-10-22,23.8,21.0,25.5,0.0,,,,,,
2008-10-23,20.2,16.0,23.1,0.5,,,,,,
2008-10-24,21.1,14.4,24.1,3.0,,,,,,
2008-10-25,21.9,17.2,24.6,2.0,,,,,,
2008-10-26,21.6,16.2,24.2,0.0,,,,,,
2008-10-27,23.2,,25.9,,,,,,,
2008-10-28,24.0,15.7,29.0,0.0,,,,,,
2008-10-29,18.4,17.1,20.2,2.0,,,,,,
2008-10-30,16.8,10.1,19.8,5.1,,,,,,
2008-10-31,16.7,11.0,18.8,0.0,,,,,,
2008-11-01,22.7,14.3,27.0,1.0,,,,,,
2008-11-03,19.6,14.3,21.2,0.0,,,,,,
2008-11-04,18.2,13.2,20.9,0.0,,,,,,
2008-11-05,16.8,12.0,20.0,0.0,,,,,,
2008-11-06,15.9,10.0,19.4,3.0,,,,,,
2008-11-07,17.1,12.4,19.6,4.1,,,,,,
2008-11-08,17.1,10.3,20.2,0.0,,,,,,
2008-11-09,16.7,10.0,20.0,0.0,,,,,,
2008-11-10,16.9,9.6,21.0,0.0,,,,,,
2008-11-11,18.7,11.5,21.2,0.0,,,,,,
2008-11-12,18.3,12.4,20.3,0.0,,,,,,
2008-11-13,13.8,,17.0,3.0,,,,,,
2008-11-14,13.7,9.7,16.7,21.1,,,,,,
2008-11-15,15.5,10.4,17.3,19.1,,,,,,
2008-11-16,15.2,11.5,17.1,14.0,,,,,,
2008-11-17,16.9,12.9,18.2,27.9,,,,,,
2008-11-18,15.7,13.4,17.3,7.9,,,,,,
2008-11-19,15.8,11.0,19.0,9.9,,,,,,
2008-11-20,15.8,9.5,20.3,0.0,,,,,,
2008-11-21,15.8,9.3,19.7,0.0,,,,,,
2008-11-23,14.7,12.8,15.8,3.0,,,,,,
2008-11-24,16.1,10.6,19.8,0.0,,,,,,
2008-11-25,13.3,,15.3,5.1,,,,,,
2008-11-26,12.5,8.0,15.0,7.9,,,,,,
2008-11-27,15.2,9.3,18.7,1.0,,,,,,
2008-11-28,14.2,10.2,16.4,0.0,,,,,,
2008-11-29,17.5,10.0,21.6,7.1,,,,,,
2008-11-30,17.8,13.4,21.8,0.0,,,,,,
2008-12-01,13.8,7.7,17.0,0.0,,,,,,
2008-12-02,10.8,7.0,14.3,0.0,,,,,,
2008-12-03,11.5,,13.6,38.1,,,,,,
2008-12-04,13.1,8.0,16.3,10.9,,,,,,
2008-12-05,15.2,8.5,17.7,0.3,,,,,,
2008-12-06,16.6,12.3,18.5,0.5,,,,,,
2008-12-07,16.0,11.6,19.6,0.0,,,,,,
2008-12-08,15.4,10.6,18.0,0.0,,,,,,
2008-12-09,18.6,13.3,21.4,0.0,,,,,,
2008-12-10,15.1,10.0,18.3,0.0,,,,,,
2008-12-11,10.2,7.3,13.0,23.9,,,,,,
2008-12-12,13.7,7.0,15.6,30.0,,,,,,
2008-12-13,13.3,5.8,16.9,0.0,,,,,,
2008-12-14,12.4,7.7,14.7,0.0,,,,,,
2008-12-15,10.3,8.9,13.0,4.1,,,,,,
2008-12-16,11.6,4.6,16.4,7.1,,,,,,
2008-12-17,10.2,8.2,11.5,0.0,,,,,,
2008-12-18,13.6,8.5,15.3,41.9,,,,,,
2008-12-19,13.1,8.8,14.4,13.0,,,,,,
2008-12-20,14.8,12.0,16.1,11.9,,,,,,
2008-12-21,14.8,13.0,16.0,0.0,,,,,,
2008-12-22,13.2,9.1,16.3,0.0,,,,,,
2008-12-23,12.6,6.4,17.0,0.0,,,,,,
2008-12-24,12.4,6.3,17.0,0.0,,,,,,
2008-12-25,11.6,6.0,15.6,0.0,,,,,,
2008-12-26,12.7,,15.4,,,,,,,
2008-12-27,13.2,7.4,18.3,0.0,,,,,,
2008-12-28,13.4,7.7,16.8,0.0,,,,,,
2008-12-29,13.4,10.3,15.5,0.0,,,,,,
2008-12-30,12.7,6.2,16.7,2.0,,,,,,
2009-01-01,15.0,9.6,18.2,0.0,,,,,,
2009-01-19,12.8,6.6,17.3,0.0,,,,,,
2009-01-20,14.1,7.8,17.3,0.0,,,,,,
2009-01-21,10.4,,12.3,5.1,,,,,,
2009-01-22,12.9,,13.6,23.1,,,,,,
2009-01-23,16.7,11.0,18.5,3.0,,,,,,
2009-01-24,17.5,10.9,20.3,2.0,,,,,,
2009-01-25,15.7,12.4,20.0,1.0,,,,,,
2009-01-27,10.3,7.0,12.6,7.9,,,,,,
2009-01-28,14.3,8.2,15.3,7.1,,,,,,
2009-01-29,14.8,12.0,15.6,3.0,,,,,,
2009-01-30,15.5,12.8,18.3,7.9,,,,,,
2009-01-31,15.4,9.0,17.7,0.0,,,,,,
2009-02-01,13.0,10.7,15.6,18.0,,,,,,
2009-02-02,16.5,12.6,18.2,0.0,,,,,,
2009-02-03,13.1,1.0,15.6,2.0,,,,,,
2009-02-04,16.1,8.0,20.4,3.0,,,,,,
2009-02-05,20.0,13.0,24.2,0.0,,,,,,
2009-02-06,16.1,9.0,21.0,9.9,,,,,,
2009-02-07,11.9,9.5,13.4,7.9,,,,,,
2009-02-08,8.2,5.0,11.8,8.9,,,,,,
2009-02-09,15.3,5.6,16.7,14.0,,,,,,
2009-02-10,15.2,8.4,18.8,0.0,,,,,,
2009-02-11,14.2,12.4,14.9,0.0,,,,,,
2009-02-12,11.4,,12.6,5.1,,,,,,
2009-02-13,11.0,7.3,11.7,8.9,,,,,,
2009-02-14,12.0,5.0,14.7,0.0,,,,,,
2009-02-15,11.7,7.3,13.6,2.0,,,,,,
2009-02-16,10.1,4.8,12.7,0.0,,,,,,
2009-02-17,10.1,3.9,13.0,0.0,,,,,,
2009-02-18,12.4,7.0,13.8,1.0,,,,,,
2009-02-19,13.3,8.2,15.5,0.0,,,,,,
2009-02-20,12.8,6.5,15.6,0.0,,,,,,
2009-02-21,10.8,5.5,14.4,2.0,,,,,,
2009-02-22,12.1,7.7,15.0,5.1,,,,,,
2009-02-23,12.7,9.4,14.6,5.1,,,,,,
2009-02-24,12.7,10.3,14.0,5.1,,,,,,
2009-02-25,12.7,7.6,15.2,2.0,,,,,,
2009-02-26,12.8,6.9,16.0,0.0,,,,,,
2009-02-27,14.0,5.3,18.0,0.0,,,,,,
2009-02-28,13.8,5.8,18.6,0.0,,,,,,
2009-03-01,15.5,9.0,18.5,3.0,,,,,,
2009-03-03,15.8,10.4,19.5,0.0,,,,,,
2009-03-04,13.8,12.5,14.7,0.0,,,,,,
2009-03-05,11.4,8.9,14.2,9.9,,,,,,
2009-03-06,11.9,6.6,14.0,32.0,,,,,,
2009-03-07,13.6,10.0,14.4,6.1,,,,,,
2009-03-08,13.9,6.0,17.7,0.0,,,,,,
2009-03-09,15.3,7.8,19.2,0.0,,,,,,
2009-03-10,15.4,,18.1,,,,,,,
2009-03-11,13.9,7.5,16.9,0.0,,,,,,
2009-03-12,13.7,7.0,16.2,0.0,,,,,,
2009-03-13,13.9,6.0,18.0,0.0,,,,,,
2009-03-14,16.8,7.6,20.2,0.0,,,,,,
2009-03-15,14.3,8.6,17.7,0.0,,,,,,
2009-03-16,14.1,8.5,16.7,0.0,,,,,,
2009-03-17,14.2,9.2,16.7,8.9,,,,,,
2009-03-18,14.5,9.0,17.5,0.0,,,,,,
2009-03-19,13.9,8.0,18.8,0.0,,,,,,
2009-03-20,14.8,8.5,16.9,0.0,,,,,,
2009-03-21,13.3,10.9,15.7,0.0,,,,,,
2009-03-22,12.7,5.6,15.3,0.0,,,,,,
2009-03-23,13.6,6.0,16.1,0.8,,,,,,
2009-03-24,15.7,6.4,19.5,0.0,,,,,,
2009-03-25,14.7,8.4,17.8,0.0,,,,,,
2009-03-26,15.3,7.6,18.1,0.0,,,,,,
2009-03-27,16.6,7.7,20.6,0.0,,,,,,
2009-03-28,25.2,13.0,28.0,0.0,,,,,,
2009-03-29,18.3,14.8,21.0,4.1,,,,,,
2009-03-30,15.3,11.6,19.0,1.0,,,,,,
2009-03-31,14.4,9.1,16.4,6.1,,,,,,
2009-04-01,14.5,8.5,16.7,7.1,,,,,,
2009-04-02,15.2,9.2,17.3,0.0,,,,,,
2009-04-03,14.8,9.8,18.5,3.0,,,,,,
2009-04-04,13.9,10.3,15.9,52.1,,,,,,
2009-04-05,14.8,10.6,17.2,6.1,,,,,,
2009-04-06,16.5,9.0,20.3,0.5,,,,,,
2009-04-07,19.1,15.0,23.3,0.0,,,,,,
2009-04-08,13.6,11.2,18.2,13.0,,,,,,
2009-04-09,15.2,8.4,18.4,13.0,,,,,,
2009-04-10,16.3,9.2,19.4,3.0,,,,,,
2009-04-11,11.8,,14.4,19.1,,,,,,
2009-04-12,13.1,8.3,15.2,25.9,,,,,,
2009-04-13,13.1,10.0,14.7,14.0,,,,,,
2009-04-14,15.9,9.3,19.5,3.0,,,,,,
2009-04-15,18.1,11.1,20.0,0.0,,,,,,
2009-04-16,18.1,13.6,21.3,2.0,,,,,,
2009-04-17,17.3,13.5,19.3,0.0,,,,,,
2009-04-18,14.8,12.3,17.6,6.1,,,,,,
2009-04-19,15.3,9.2,18.3,7.1,,,,,,
2009-04-20,15.4,10.6,17.1,3.0,,,,,,
2009-04-21,14.3,9.5,16.7,6.1,,,,,,
2009-04-22,15.4,12.3,16.3,39.9,,,,,,
2009-04-23,17.7,14.1,19.4,4.1,,,,,,
2009-04-24,20.1,12.6,24.4,0.0,,,,,,
2009-04-25,25.7,18.3,28.5,0.0,,,,,,
2009-04-27,15.6,11.4,17.9,2.0,,,,,,
2009-04-28,17.5,9.0,20.0,2.0,,,,,,
2009-04-29,17.9,11.6,19.8,0.0,,,,,,
2009-04-30,18.0,10.2,21.4,0.0,,,,,,
2009-05-01,17.7,13.0,20.0,0.0,,,,,,
2009-05-02,17.7,13.6,19.6,1.0,,,,,,
2009-05-03,17.3,10.8,19.3,0.0,,,,,,
2009-05-04,18.4,11.3,20.7,0.0,,,,,,
2009-05-05,16.8,11.0,19.0,0.0,,,,,,
2009-05-06,18.4,11.0,20.4,0.5,,,,,,
2009-05-07,19.7,11.3,22.5,0.0,,,,,,
2009-05-08,22.1,12.8,25.3,0.0,,,,,,
2009-05-11,26.7,20.2,31.3,0.0,,,,,,
2009-05-13,21.3,16.6,23.0,0.0,,,,,,
2009-05-14,19.8,16.3,21.2,0.0,,,,,,
2009-05-15,17.9,15.5,18.8,6.1,,,,,,
2009-05-16,19.3,15.5,20.4,8.9,,,,,,
2009-05-17,21.3,13.0,24.4,0.0,,,,,,
2009-05-18,21.5,14.2,23.4,0.0,,,,,,
2009-05-19,23.3,16.6,26.5,0.0,,,,,,
2009-05-20,26.4,17.9,29.3,0.0,,,,,,
2009-05-21,28.5,22.2,31.6,0.0,,,,,,
2009-05-22,26.3,,34.0,0.0,,,,,,
2009-05-23,27.7,20.3,32.5,0.0,,,,,,
2009-05-24,22.9,19.0,26.0,0.0,,,,,,
2009-05-25,21.9,19.0,23.1,0.0,,,,,,
2009-05-26,22.2,15.4,25.0,0.0,,,,,,
2009-05-27,22.2,16.4,24.3,0.0,,,,,,
2009-05-28,21.2,14.0,23.5,0.0,,,,,,
2009-05-29,22.0,12.7,24.6,0.0,,,,,,
2009-05-30,23.5,16.0,29.0,0.0,,,,,,
2009-05-31,23.8,20.5,27.2,0.0,,,,,,
2009-06-01,22.9,18.2,25.4,0.0,,,,,,
2009-06-02,23.9,16.3,26.2,0.0,,,,,,
2009-06-03,24.4,15.2,28.0,0.0,,,,,,
2009-06-05,24.8,20.4,30.0,0.0,,,,,,
2009-06-06,24.3,16.5,27.0,0.0,,,,,,
2009-06-07,23.4,15.5,25.0,0.0,,,,,,
2009-06-08,23.1,16.2,25.0,0.0,,,,,,
2009-06-09,23.8,16.8,26.3,0.0,,,,,,
2009-06-10,23.7,16.0,26.6,0.0,,,,,,
2009-06-11,24.9,17.3,28.0,0.0,,,,,,
2009-06-12,24.7,17.4,27.5,0.0,,,,,,
2009-06-13,25.8,16.8,30.0,0.0,,,,,,
2009-06-14,28.9,19.6,31.2,0.0,,,,,,
2009-06-15,29.2,23.3,32.9,0.0,,,,,,
2009-06-16,26.1,20.3,28.9,0.0,,,,,,
2009-06-17,24.2,17.6,27.7,0.0,,,,,,
2009-06-18,25.3,18.8,28.3,0.0,,,,,,
2009-06-19,26.7,18.5,29.5,0.0,,,,,,
2009-06-20,25.6,20.3,28.5,0.0,,,,,,
2009-06-21,24.4,21.0,27.0,0.0,,,,,,
2009-06-22,23.9,16.6,26.3,0.0,,,,,,
2009-06-23,24.8,16.0,27.1,0.0,,,,,,
2009-06-24,24.6,17.8,27.0,0.0,,,,,,
2009-06-25,26.6,19.8,31.6,0.0,,,,,,
2009-06-26,26.2,20.3,27.6,0.0,,,,,,
2009-06-28,26.5,19.0,28.5,0.0,,,,,,
2009-06-29,25.2,18.6,27.0,0.0,,,,,,
2009-06-30,26.1,19.0,28.9,0.0,,,,,,
2009-07-01,27.0,19.3,30.5,0.0,,,,,,
2009-07-02,28.3,19.0,30.7,0.0,,,,,,
2009-07-03,27.5,21.5,30.2,0.0,,,,,,
2009-07-04,29.5,22.3,32.6,0.0,,,,,,
2009-07-05,29.6,22.6,32.7,0.0,,,,,,
2009-07-06,28.3,22.2,32.4,0.0,,,,,,
2009-07-07,28.8,21.5,32.3,0.0,,,,,,
2009-07-08,28.4,22.5,30.6,0.0,,,,,,
2009-07-09,27.4,,29.6,1.0,,,,,,
2009-07-10,26.8,21.8,29.5,0.0,,,,,,
2009-07-12,27.4,20.6,30.8,0.0,,,,,,
2009-07-13,30.7,24.3,34.0,0.0,,,,,,
2009-07-14,27.9,25.5,29.3,0.0,,,,,,
2009-07-15,28.9,24.8,35.2,0.0,,,,,,
2009-07-16,27.8,24.7,30.0,0.0,,,,,,
2009-07-17,28.6,24.5,31.0,0.0,,,,,,
2009-07-18,26.2,24.4,27.8,0.0,,,,,,
2009-07-19,26.3,20.0,28.0,0.0,,,,,,
2009-07-20,27.2,22.5,29.2,0.0,,,,,,
2009-07-21,28.7,22.3,31.2,0.0,,,,,,
2009-07-22,31.8,25.0,37.9,0.0,,,,,,
2009-07-23,33.7,27.8,40.3,0.0,,,,,,
2009-07-24,30.0,25.0,33.9,0.0,,,,,,
2009-07-25,28.9,25.0,30.8,0.0,,,,,,
2009-07-26,28.4,22.0,31.7,0.0,,,,,,
2009-07-28,29.0,,30.6,,,,,,,
2009-07-29,27.7,22.6,30.9,0.0,,,,,,
2009-07-30,27.6,21.6,30.7,0.0,,,,,,
2009-08-01,27.8,22.6,29.6,0.0,,,,,,
2009-08-02,29.9,23.9,32.5,0.0,,,,,,
2009-08-03,28.5,17.3,32.4,0.0,,,,,,
2009-08-04,28.4,23.2,30.4,0.0,,,,,,
2009-08-05,27.9,21.2,30.6,0.0,,,,,,
2009-08-06,28.5,20.5,31.3,0.0,,,,,,
2009-08-07,27.5,21.5,29.5,0.0,,,,,,
2009-08-08,27.1,20.7,30.4,0.0,,,,,,
2009-08-09,28.0,22.3,31.3,0.0,,,,,,
2009-08-10,30.9,25.0,33.4,1.0,,,,,,
2009-08-11,29.7,22.8,33.0,1.0,,,,,,
2009-08-12,28.8,26.3,30.9,0.0,,,,,,
2009-08-13,28.3,25.6,30.0,1.0,,,,,,
2009-08-14,27.5,23.0,29.7,0.0,,,,,,
2009-08-15,27.7,23.8,30.5,0.0,,,,,,
2009-08-16,28.7,26.5,30.6,0.0,,,,,,
2009-08-17,29.4,26.0,32.0,0.0,,,,,,
2009-08-18,28.8,22.3,31.5,0.0,,,,,,
2009-08-19,30.8,21.5,39.0,0.0,,,,,,
2009-08-20,28.7,20.3,32.0,7.1,,,,,,
2009-08-21,28.7,22.3,31.6,0.0,,,,,,
2009-08-22,28.3,21.0,31.2,0.0,,,,,,
2009-08-23,28.3,20.8,31.6,0.0,,,,,,
2009-08-24,28.2,21.5,30.9,0.0,,,,,,
2009-08-25,27.8,22.0,30.0,0.0,,,,,,
2009-08-26,28.0,22.5,32.0,0.0,,,,,,
2009-08-27,27.9,22.6,31.4,2.0,,,,,,
2009-08-28,28.7,25.3,30.8,0.0,,,,,,
2009-08-29,26.7,21.5,29.3,3.0,,,,,,
2009-08-30,27.8,22.3,30.6,0.0,,,,,,
2009-08-31,26.3,21.4,31.0,0.0,,,,,,
2009-09-01,28.3,21.5,31.6,0.0,,,,,,
2009-09-03,28.1,25.6,29.8,0.0,,,,,,
2009-09-04,28.8,21.6,31.4,0.0,,,,,,
2009-09-05,27.4,22.9,30.8,0.0,,,,,,
2009-09-06,27.6,23.9,30.0,0.0,,,,,,
2009-09-07,26.5,20.4,29.6,0.0,,,,,,
2009-09-08,26.1,21.0,29.0,0.0,,,,,,
2009-09-09,25.9,20.4,28.8,0.0,,,,,,
2009-09-10,25.3,19.4,27.4,0.0,,,,,,
2009-09-11,25.4,19.7,28.0,0.0,,,,,,
2009-09-12,23.7,19.3,26.0,0.0,,,,,,
2009-09-13,24.7,19.8,26.9,0.0,,,,,,
2009-09-14,24.5,18.4,27.4,0.0,,,,,,
2009-09-15,24.8,20.1,27.0,0.0,,,,,,
2009-09-17,24.5,16.5,28.3,0.0,,,,,,
2009-09-18,24.1,15.6,26.1,7.1,,,,,,
2009-09-20,23.4,19.2,25.2,0.8,,,,,,
2009-09-21,21.8,17.0,24.1,4.1,,,,,,
2009-09-22,22.6,16.7,25.0,0.0,,,,,,
2009-09-23,20.1,17.6,23.0,5.1,,,,,,
2009-09-24,21.1,17.0,22.5,116.1,,,,,,
2009-09-25,23.1,20.4,24.5,34.0,,,,,,
2009-09-26,23.2,18.0,25.4,14.0,,,,,,
2009-09-27,23.8,18.3,27.2,0.0,,,,,,
2009-09-28,23.7,19.5,26.2,0.0,,,,,,
2009-09-29,24.4,21.3,26.0,0.0,,,,,,
2009-09-30,24.2,19.7,27.2,0.0,,,,,,
2009-10-04,23.0,17.8,25.3,0.0,,,,,,
2009-10-05,24.9,19.0,27.8,0.0,,,,,,
2009-10-06,25.7,20.3,29.3,0.0,,,,,,
2009-10-07,26.3,18.3,31.4,0.0,,,,,,
2009-10-08,26.3,18.0,31.6,0.0,,,,,,
2009-10-09,24.9,20.7,27.2,0.0,,,,,,
2009-10-10,23.9,19.6,25.8,0.0,,,,,,
2009-10-11,22.2,18.3,24.3,5.1,,,,,,
2009-10-12,22.8,16.6,25.3,2.0,,,,,,
2009-10-13,21.3,17.3,23.3,7.9,,,,,,
2009-10-14,21.7,16.6,23.0,0.0,,,,,,
2009-10-15,21.2,16.9,22.6,0.0,,,,,,
2009-10-16,17.8,11.3,21.0,2.0,,,,,,
2009-10-18,18.2,15.5,20.1,3.0,,,,,,
2009-10-19,16.9,13.0,20.2,0.0,,,,,,
2009-10-20,22.4,13.6,26.3,1.0,,,,,,
2009-10-21,24.9,23.3,28.0,0.0,,,,,,
2009-10-22,21.4,17.3,25.0,5.1,,,,,,
2009-10-23,21.2,17.3,22.5,8.9,,,,,,
2009-10-24,20.8,15.8,23.3,1.0,,,,,,
2009-10-25,21.3,20.2,22.0,0.0,,,,,,
2009-10-26,21.3,20.0,22.3,5.1,,,,,,
2009-10-27,20.8,14.8,23.6,0.0,,,,,,
2009-10-28,19.4,13.0,23.0,0.0,,,,,,
2009-10-29,18.7,,22.0,0.0,,,,,,
2009-10-30,18.5,12.0,21.5,0.0,,,,,,
2009-10-31,19.0,12.6,21.8,0.0,,,,,,
2009-11-02,21.3,13.9,27.6,0.0,,,,,,
2009-11-03,20.3,17.0,22.2,5.1,,,,,,
2009-11-04,20.8,14.8,24.7,0.0,,,,,,
2009-11-05,19.2,16.0,22.0,1.0,,,,,,
2009-11-06,13.6,,19.0,27.9,,,,,,
2009-11-07,17.1,9.5,21.4,33.0,,,,,,
2009-11-08,16.8,14.0,19.3,0.0,,,,,,
2009-11-09,11.8,10.4,13.6,32.0,,,,,,
2009-11-10,14.2,9.6,15.7,26.9,,,,,,
2009-11-11,18.6,11.4,20.4,10.9,,,,,,
2009-11-13,19.3,12.5,22.8,0.0,,,,,,
2009-11-14,19.8,15.2,22.6,0.0,,,,,,
2009-11-15,21.3,16.0,24.6,0.0,,,,,,
2009-11-16,20.8,12.8,25.7,0.0,,,,,,
2009-11-17,20.1,15.6,24.6,0.0,,,,,,
2009-11-18,20.3,12.8,24.4,0.0,,,,,,
2009-11-19,19.3,9.8,24.0,0.0,,,,,,
2009-11-20,17.9,14.0,22.4,0.0,,,,,,
2009-11-21,18.1,10.9,23.2,0.0,,,,,,
2009-11-22,19.5,11.5,23.4,0.0,,,,,,
2009-11-23,17.9,14.0,19.6,0.5,,,,,,
2009-11-24,17.2,11.5,20.4,1.0,,,,,,
2009-11-25,16.2,10.1,20.0,0.0,,,,,,
2009-11-26,17.7,10.9,20.9,0.0,,,,,,
2009-11-27,18.3,13.0,22.2,0.0,,,,,,
2009-11-28,17.2,13.8,20.4,0.5,,,,,,
2009-11-29,20.4,11.0,22.5,0.0,,,,,,
2009-12-01,12.2,8.0,15.2,14.0,,,,,,
2009-12-02,14.8,9.0,17.2,20.1,,,,,,
2009-12-03,16.9,10.0,21.5,0.0,,,,,,
2009-12-04,16.2,11.0,18.7,11.9,,,,,,
2009-12-05,16.9,15.5,17.4,5.1,,,,,,
2009-12-06,15.2,10.3,19.4,0.0,,,,,,
2009-12-07,15.3,9.6,20.0,0.0,,,,,,
2009-12-08,15.2,8.9,19.4,0.0,,,,,,
2009-12-09,16.9,12.5,18.5,0.0,,,,,,
2009-12-10,17.0,12.5,17.5,0.0,,,,,,
2009-12-11,15.7,13.8,18.0,0.0,,,,,,
2009-12-12,14.8,10.0,17.6,0.0,,,,,,
2009-12-13,14.3,9.4,18.4,0.0,,,,,,
2009-12-14,14.3,9.8,17.4,0.0,,,,,,
2009-12-15,12.2,6.7,16.0,0.0,,,,,,
2009-12-16,13.0,9.8,15.4,33.0,,,,,,
2009-12-17,19.0,10.3,20.8,0.0,,,,,,
2009-12-18,14.2,12.5,16.0,6.1,,,,,,
2009-12-20,9.3,,12.3,23.1,,,,,,
2009-12-23,21.1,13.9,24.2,0.0,,,,,,
2010-07-09,26.1,18.5,29.0,0.0,,,,,,
2010-07-10,27.0,20.2,28.7,0.0,,,,,,
2010-07-11,26.6,22.0,28.2,0.0,,,,,,
2011-05-15,20.6,19.0,23.3,0.0,,,,,,
2011-05-19,19.2,18.0,22.0,3.0,,,,,,
2011-05-28,23.1,16.3,26.2,0.0,,,,,,
2011-05-30,24.7,19.2,27.4,0.0,,,,,,
2011-06-12,22.5,16.3,25.0,0.0,,,,,,
2013-01-30,13.7,7.4,17.4,0.0,,,,,,
2013-02-02,13.4,8.0,19.6,0.0,,,,,,
2013-02-03,10.7,,11.6,,,,,,,
2013-02-04,12.6,8.6,13.5,4.1,,,,,,
2013-02-05,12.0,5.8,17.0,0.0,,,,,,
2013-02-06,13.0,7.3,16.6,0.0,,,,,,
2013-02-07,10.4,7.2,12.3,18.0,,,,,,
2013-02-09,7.3,5.0,11.3,31.0,,,,,,
2013-02-10,11.2,4.8,15.6,16.0,,,,,,
2013-02-11,12.2,8.6,15.4,0.0,,,,,,
2013-02-12,10.2,6.0,13.6,16.0,,,,,,
2013-02-13,9.3,7.3,11.6,9.9,,,,,,
2013-02-14,13.1,7.6,15.3,37.1,,,,,,
2013-02-15,13.3,7.4,17.5,0.0,,,,,,
2013-02-16,13.3,9.3,16.3,0.0,,,,,,
2013-02-17,12.5,6.8,15.8,0.0,,,,,,
2013-02-18,13.3,8.2,16.3,0.0,,,,,,
2013-02-19,13.7,8.2,16.8,0.0,,,,,,
2013-02-20,12.9,8.8,14.9,0.0,,,,,,
2013-02-21,14.2,12.0,16.4,3.0,,,,,,
2013-02-22,16.4,9.3,19.1,5.1,,,,,,
2013-02-23,13.4,,17.4,5.1,,,,,,
2013-02-24,8.5,6.3,11.3,27.9,,,,,,
2013-02-25,8.4,5.1,11.3,3.0,,,,,,
2013-02-26,9.0,3.9,11.9,8.9,,,,,,
2013-02-28,14.9,10.2,19.7,0.0,,,,,,
2013-03-01,11.6,9.0,15.0,6.1,,,,,,
2013-03-02,13.1,8.6,15.4,29.0,,,,,,
2013-03-04,18.8,13.0,21.3,0.0,,,,,,
2013-03-05,20.7,13.0,24.2,0.5,,,,,,
2013-03-06,17.9,14.0,20.6,0.0,,,,,,
2013-03-07,18.7,13.8,21.3,1.0,,,,,,
2013-03-08,19.1,16.1,20.8,3.0,,,,,,
2013-03-09,17.7,13.2,21.5,0.0,,,,,,
2013-03-10,16.8,12.4,20.0,0.0,,,,,,
2013-03-11,16.0,11.6,17.7,0.0,,,,,,
2013-03-12,15.8,10.2,17.6,0.0,,,,,,
2013-03-13,13.7,11.9,16.6,11.9,,,,,,
2013-03-14,10.1,5.1,12.6,15.0,,,,,,
2013-03-15,11.9,7.4,13.7,23.1,,,,,,
2013-03-16,13.4,6.6,17.3,0.0,,,,,,
2013-03-17,21.8,10.8,25.3,0.0,,,,,,
2013-03-18,18.1,15.0,22.0,1.0,,,,,,
2013-03-19,16.8,11.1,19.7,0.0,,,,,,
2013-03-20,17.0,16.0,21.0,0.0,,,,,,
2013-03-21,14.7,8.9,18.0,4.1,,,,,,
2013-03-22,18.2,8.8,23.9,0.0,,,,,,
2013-03-23,17.8,11.8,22.0,0.0,,,,,,
2013-03-24,14.3,,18.0,0.0,,,,,,
2013-03-25,16.4,11.8,18.3,7.9,,,,,,
2013-03-26,18.0,11.0,20.9,0.0,,,,,,
2013-03-27,18.4,12.7,21.7,0.0,,,,,,
2013-03-28,17.9,13.0,21.4,0.0,,,,,,
2013-03-29,17.7,11.3,20.7,0.0,,,,,,
2013-03-30,18.1,13.5,22.3,0.0,,,,,,
2013-03-31,16.3,10.9,19.7,0.0,,,,,,
2013-04-01,17.7,14.2,21.4,1.0,,,,,,
2013-04-02,17.0,11.8,18.0,2.0,,,,,,
2013-04-03,17.3,10.1,20.4,0.0,,,,,,
2013-04-04,16.8,13.0,19.0,0.0,,,,,,
2013-04-05,16.6,11.0,19.3,0.8,,,,,,
2013-04-06,13.7,,15.6,7.9,,,,,,
2013-04-07,13.4,7.6,16.1,15.0,,,,,,
2013-04-08,16.1,8.5,19.6,0.3,,,,,,
2013-04-09,17.6,11.6,20.8,0.0,,,,,,
2013-04-10,18.4,13.6,21.0,0.0,,,,,,
2013-04-11,18.5,13.0,20.7,0.0,,,,,,
2013-04-12,19.4,14.0,21.6,0.0,,,,,,
2013-04-13,17.9,12.4,19.5,0.0,,,,,,
2013-04-14,19.1,13.0,22.8,0.0,,,,,,
2013-04-15,18.7,13.0,20.7,0.0,,,,,,
2013-04-16,17.8,16.2,19.0,0.0,,,,,,
2013-04-17,18.4,13.4,21.0,0.0,,,,,,
2013-04-18,18.0,11.0,20.7,0.0,,,,,,
2013-04-20,16.5,,17.0,0.0,,,,,,
2013-04-21,16.9,14.0,19.0,0.0,,,,,,
2013-04-22,15.9,9.4,19.0,0.0,,,,,,
2013-04-23,16.8,10.4,20.1,0.0,,,,,,
2013-04-24,15.6,12.7,17.0,11.9,,,,,,
2013-04-25,21.4,15.2,26.7,6.1,,,,,,
2013-04-26,18.1,,21.3,0.0,,,,,,
2013-04-27,18.6,13.3,21.0,1.0,,,,,,
2013-04-28,20.3,15.9,24.7,0.0,,,,,,
2013-04-29,15.6,,17.7,0.0,,,,,,
2013-04-30,17.3,13.0,19.3,0.0,,,,,,
2021-01-02,9.8,6.5,13.2,0.1,,,13.7,,1010.3,
2021-01-03,8.1,5.7,11.1,0.1,,,16.5,,1013.3,
2021-01-04,8.6,4.5,13.3,0.0,,,10.5,,1014.2,
2021-01-05,9.1,5.7,13.6,0.0,,,8.3,,1012.4,
2021-01-06,9.0,7.0,11.6,2.1,,,4.1,,1013.5,
2021-01-07,11.9,6.8,17.9,0.0,,,5.3,,1008.1,
2021-01-08,13.0,8.9,16.6,0.1,,,5.6,,1006.6,
2021-01-09,16.7,12.7,20.6,8.4,,,9.6,,1004.4,
2021-01-10,12.1,9.1,14.7,6.1,,,5.5,,1010.6,
2021-01-11,9.9,6.9,13.7,21.6,,,10.8,,1016.4,
2021-01-12,10.7,9.7,12.4,9.8,,,16.8,,1025.3,
2021-01-13,11.9,10.8,13.9,0.1,,,14.5,,1027.9,
2021-01-14,11.9,9.2,14.2,2.0,,,14.2,,1024.6,
2021-01-15,12.1,11.4,13.1,9.3,,,16.3,,1022.0,
2021-01-16,10.6,8.9,11.8,32.3,,,16.3,,1023.2,
2021-01-17,10.7,7.7,14.7,0.0,,,10.0,,1026.7,
2021-01-18,11.2,6.3,13.9,4.3,,,8.6,,1027.1,
2021-01-19,9.6,4.9,15.2,0.0,,,6.4,,1027.0,
2021-01-20,13.5,8.4,19.2,0.0,,,12.4,,1019.4,
2021-01-21,13.8,9.3,17.4,0.5,,,14.7,,1018.4,
2021-01-22,14.6,8.4,21.3,1.6,,,16.9,,1014.3,
2021-01-23,13.1,9.7,15.5,1.5,,,17.8,,1015.6,
2021-01-24,13.7,9.5,18.7,2.6,,,18.0,,1012.5,
2021-01-25,14.5,12.0,18.2,0.7,,,9.2,,1014.3,
2021-01-26,12.5,7.3,14.3,14.5,,,11.7,,1021.6,
2021-01-27,13.1,6.0,18.1,1.7,,,12.2,,1023.6,
2021-01-28,15.8,12.0,20.5,0.1,,,6.6,,1023.3,
2021-01-29,15.9,11.6,23.2,0.0,,,7.2,,1020.0,
2021-01-30,15.6,11.9,19.9,3.7,,,8.3,,1012.8,
2021-01-31,13.7,11.6,15.0,15.2,,,25.4,,1009.7,
2021-02-01,15.6,14.5,17.3,8.4,,,26.8,,1010.8,
2021-02-02,15.1,11.1,18.0,0.0,,,12.1,,1017.8,
2021-02-03,15.2,10.0,21.1,0.0,,,7.1,,1017.0,
2021-02-04,18.1,14.0,22.8,0.0,,,10.9,,1013.9,
2021-02-05,19.7,16.1,23.7,0.0,,,13.8,,1011.2,
2021-02-06,18.1,13.2,26.0,0.0,,,11.8,,1005.6,
2021-02-07,13.6,11.4,16.1,2.5,,,15.8,,1006.9,
2021-02-08,14.7,12.2,18.0,2.0,,,10.0,,1008.8,
2021-02-09,13.9,10.8,18.5,0.0,,,9.8,,1012.4,
2021-02-10,15.8,11.7,21.1,8.1,,,18.1,,1012.0,
2021-02-11,14.0,10.2,18.7,0.3,,,7.5,,1020.5,
2021-02-12,14.8,10.5,20.1,1.3,,,6.5,,1019.3,
2021-02-13,13.7,11.8,15.5,9.2,,,15.3,,1022.5,
2021-02-14,11.1,7.9,13.2,7.3,,,8.7,,1030.0,
2021-02-15,9.9,6.6,13.2,0.1,,,8.7,,1035.0,
2021-02-16,10.5,6.7,15.5,0.0,,,7.0,,1030.0,
2021-02-17,12.7,8.3,17.0,0.0,,,5.4,,1024.6,
2021-02-18,13.6,9.2,18.8,0.0,,,7.2,,1020.4,
2021-02-19,12.8,9.2,17.3,0.0,,,7.5,,1021.5,
2021-02-20,13.9,8.8,19.0,0.0,,,8.2,,1019.6,
2021-02-21,20.1,14.0,26.3,0.0,,,22.5,,1013.8,
2021-02-22,15.2,12.2,21.1,4.6,,,10.7,,1019.5,
2021-02-23,13.3,11.5,15.5,6.5,,,5.3,,1029.5,
2021-02-24,13.3,9.5,17.3,0.0,,,5.6,,1031.3,
2021-02-25,12.7,9.1,16.2,0.0,,,4.2,,1029.5,
2021-02-26,12.3,8.5,16.4,0.0,,,5.1,,1027.0,
2021-02-27,11.9,9.1,15.2,0.0,,,5.2,,1024.4,
2021-02-28,11.9,6.9,16.2,0.0,,,6.4,,1022.1,
2021-03-01,14.5,9.7,19.4,0.0,,,7.4,,1020.8,
2021-03-02,14.7,11.0,19.4,0.0,,,6.8,,1022.6,
2021-03-03,13.4,9.5,17.4,0.0,,,4.4,,1024.4,
2021-03-04,13.5,11.2,16.1,0.8,,,5.1,,1021.0,
2021-03-05,13.2,10.5,15.9,0.8,,,5.1,,1017.4,
2021-03-06,13.2,9.4,17.4,0.1,,,5.3,,1019.9,
2021-03-07,14.7,11.6,18.4,0.0,,,7.1,,1017.2,
2021-03-08,14.2,10.5,17.4,2.2,,,6.0,,1012.7,
2021-03-09,12.6,10.6,14.4,9.5,,,10.9,,1015.2,
2021-03-10,12.1,9.0,14.8,1.6,,,7.3,,1022.4,
2021-03-11,11.9,8.7,16.1,0.0,,,5.3,,1026.6,
2021-03-12,13.7,8.7,18.8,0.0,,,6.1,,1021.8,
2021-03-13,13.6,10.0,16.5,4.6,,,6.8,,1021.8,
2021-03-14,13.2,8.8,17.4,2.5,,,10.1,,1022.1,
2021-03-15,12.5,9.2,15.2,0.5,,,7.3,,1024.2,
2021-03-16,12.5,9.2,15.8,1.3,,,12.3,,1024.2,
2021-03-17,12.7,9.8,16.2,0.3,,,7.4,,1022.4,
2021-03-18,11.6,8.5,14.3,2.1,,,7.4,,1017.5,
2021-03-19,10.0,9.1,11.2,10.5,,,6.2,,1010.8,
2021-03-20,10.6,7.3,13.7,8.7,,,7.2,,1007.9,
2021-03-21,10.7,9.4,12.5,15.7,,,16.9,,1014.0,
2021-03-22,10.6,9.2,11.6,34.0,,,19.4,,1015.8,
2021-03-23,11.8,7.8,14.8,4.4,,,8.2,,1023.4,
2021-03-24,11.4,6.5,16.8,0.0,,,8.4,,1025.5,
2021-03-25,12.3,8.1,17.0,0.0,,,5.1,,1025.3,
2021-03-26,14.5,7.3,20.7,0.0,,,8.0,,1023.4,
2021-03-27,17.1,12.6,21.8,0.0,,,11.0,,1023.5,
2021-03-28,15.7,10.2,20.7,0.0,,,6.3,,1026.7,
2021-03-29,16.6,12.7,20.8,0.0,,,6.7,,1027.2,
2021-03-30,16.7,12.4,20.9,0.0,,,4.7,,1025.7,
2021-03-31,16.6,12.2,20.5,0.0,,,4.8,,1022.2,
2021-04-01,19.2,13.3,23.8,0.0,,,8.3,,1017.0,
2021-04-02,17.0,14.0,19.3,0.6,,,9.8,,1014.7,
2021-04-03,15.5,11.7,19.6,0.0,,,7.2,,1012.3,
2021-04-04,15.3,12.5,18.4,0.5,,,11.7,,1013.1,
2021-04-05,13.9,11.8,15.9,17.4,,,9.4,,1016.5,
2021-04-06,13.9,8.3,18.8,0.0,,,6.4,,1014.4,
2021-04-07,12.9,9.5,15.5,0.3,,,11.7,,1018.4,
2021-04-08,12.4,7.8,16.8,0.0,,,9.6,,1023.1,
2021-04-09,15.9,10.9,20.8,0.0,,,8.1,,1018.9,
2021-04-10,17.9,14.5,22.5,0.3,,,8.3,,1015.2,
2021-04-11,17.8,13.3,21.3,0.0,,,8.4,,1015.0,
2021-04-12,15.3,13.0,17.7,7.4,,,11.0,,1021.4,
2021-04-13,14.1,12.3,16.4,0.0,,,11.4,,1024.3,
2021-04-14,13.2,9.6,16.1,6.5,,,4.3,,1018.8,
2021-04-15,14.6,12.9,18.1,20.8,,,10.5,,1013.4,
2021-04-16,13.4,11.8,14.5,32.2,,,14.3,,1010.9,
2021-04-17,12.5,10.7,14.8,22.3,,,9.6,,1016.1,
2021-04-18,11.6,9.6,13.9,11.7,,,12.8,,1020.4,
2021-04-19,12.5,6.8,16.6,0.0,,,7.4,,1020.4,
2021-04-20,15.3,11.1,20.0,0.0,,,7.2,,1014.9,
2021-04-21,16.6,13.5,21.7,0.0,,,9.9,,1011.8,
2021-04-22,15.1,12.0,17.2,0.5,,,6.6,,1014.3,
2021-04-23,15.2,11.6,17.7,1.3,,,7.6,,1018.3,
2021-04-24,16.4,10.6,22.0,0.0,,,10.8,,1017.7,
2021-04-25,19.8,14.4,24.9,0.0,,,9.2,,1011.1,
2021-04-26,19.0,14.7,22.3,0.0,,,10.7,,1006.8,
2021-04-27,16.8,12.8,20.2,0.0,,,6.8,,1008.0,
2021-04-28,17.8,13.9,21.6,0.0,,,6.0,,1008.7,
2021-04-29,17.6,14.2,20.8,0.0,,,5.8,,1010.9,
2021-04-30,16.7,13.7,19.8,0.0,,,7.9,,1009.3,
2021-05-01,15.8,12.8,18.1,1.6,,,11.1,,1013.5,
2021-05-02,15.9,11.5,20.2,2.2,,,7.3,,1017.6,
2021-05-03,17.8,15.0,20.8,11.1,,,6.7,,1016.7,
2021-05-04,18.8,15.7,23.3,1.8,,,4.8,,1015.4,
2021-05-05,17.6,15.9,19.1,7.0,,,6.4,,1015.9,
2021-05-06,17.1,15.2,18.6,5.4,,,7.2,,1016.1,
2021-05-07,17.9,15.0,21.3,1.2,,,5.7,,1018.7,
2021-05-08,19.2,13.5,23.5,0.0,,,5.7,,1018.2,
2021-05-09,23.3,19.1,29.5,0.0,,,10.8,,1012.0,
2021-05-10,20.4,18.3,23.1,2.0,,,11.9,,1012.3,
2021-05-11,17.7,15.1,21.0,2.7,,,12.5,,1017.9,
2021-05-12,16.4,12.2,20.1,0.0,,,6.4,,1019.3,
2021-05-13,17.7,12.9,22.2,0.0,,,6.9,,1015.8,
2021-05-14,17.6,13.5,21.9,1.2,,,10.3,,1015.4,
2021-05-15,17.9,12.4,22.8,0.0,,,5.4,,1017.3,
2021-05-16,21.2,16.3,25.3,0.0,,,5.7,,1013.3,
2021-05-17,20.3,16.4,23.9,0.0,,,6.7,,1015.4,
2021-05-18,18.5,14.6,22.0,0.0,,,8.4,,1018.3,
2021-05-19,18.9,15.7,21.3,0.0,,,7.4,,1019.8,
2021-05-20,17.4,14.1,19.9,0.0,,,8.4,,1023.5,
2021-05-21,21.0,13.1,25.8,0.0,,,8.3,,1015.9,
2021-05-22,21.3,18.3,24.7,0.0,,,6.6,,1013.0,
2021-05-23,20.9,17.5,28.2,0.0,,,11.1,,1012.2,
2021-05-24,19.0,15.0,22.1,0.5,,,15.7,,1019.2,
2021-05-25,17.7,13.1,21.0,0.0,,,10.1,,1022.7,
2021-05-26,19.9,15.8,24.0,0.0,,,7.6,,1016.6,
2021-05-27,19.8,17.1,21.8,0.0,,,7.2,,1016.0,
2021-05-28,20.0,16.7,23.5,0.6,,,9.2,,1014.7,
2021-05-29,19.6,16.4,22.0,0.0,,,8.2,,1018.2,
2021-05-30,19.4,15.5,22.7,0.0,,,4.7,,1018.3,
2021-05-31,21.5,15.3,26.2,0.0,,,4.6,,1015.5,
2021-06-01,23.5,20.2,26.3,0.5,,,7.0,,1012.6,
2021-06-02,21.8,19.4,23.8,0.0,,,8.6,,1014.4,
2021-06-03,22.3,18.6,25.8,0.0,,,5.9,,1016.5,
2021-06-04,24.0,21.0,29.6,2.3,,,12.4,,1019.0,
2021-06-05,22.9,19.9,25.2,0.0,,,6.2,,1018.7,
2021-06-06,21.0,19.1,22.5,1.8,,,9.6,,1019.8,
2021-06-07,20.2,17.5,22.9,2.0,,,5.8,,1021.3,
2021-06-08,21.2,16.3,25.2,0.0,,,5.3,,1020.1,
2021-06-09,21.9,16.8,24.9,0.0,,,5.3,,1020.0,
2021-06-10,21.6,17.3,25.0,0.0,,,6.3,,1018.7,
2021-06-11,22.3,16.8,26.1,0.0,,,5.6,,1016.7,
2021-06-12,22.2,17.2,25.8,0.0,,,5.7,,1017.6,
2021-06-13,23.2,17.7,27.4,0.0,,,4.9,,1018.5,
2021-06-14,24.1,18.7,27.5,0.0,,,5.0,,1017.1,
2021-06-15,24.6,19.4,28.6,0.0,,,7.0,,1014.8,
2021-06-16,25.8,21.5,30.2,0.0,,,7.4,,1010.6,
2021-06-17,25.1,20.8,36.2,0.0,,,12.5,,1011.9,
2021-06-18,24.3,18.7,30.3,0.0,,,6.3,,1013.0,
2021-06-19,25.5,20.6,31.4,0.0,,,10.5,,1012.6,
2021-06-20,22.3,19.5,24.6,0.0,,,12.0,,1013.7,
2021-06-21,22.2,17.6,26.0,0.0,,,5.8,,1012.7,
2021-06-22,22.7,19.0,26.0,0.0,,,6.3,,1013.4,
2021-06-23,21.7,18.6,24.2,0.0,,,5.2,,1016.1,
2021-06-24,22.2,18.9,24.6,0.0,,,6.1,,1018.5,
2021-06-25,22.6,20.1,24.8,0.5,,,8.3,,1017.4,
2021-06-26,22.9,20.1,25.7,0.1,,,7.7,,1014.3,
2021-06-27,23.0,20.7,25.2,1.2,,,9.7,,1013.8,
2021-06-28,23.5,19.2,27.7,0.0,,,5.1,,1014.3,
2021-06-29,23.6,21.2,26.0,0.0,,,6.4,,1015.2,
2021-06-30,23.2,21.0,26.2,0.0,,,7.6,,1016.1,
2021-07-01,23.9,19.0,27.3,0.0,,,6.5,,1016.3,
2021-07-02,24.6,20.3,28.6,0.0,,,5.7,,1015.9,
2021-07-03,25.2,20.5,29.8,0.0,,,6.2,,1015.1,
2021-07-04,26.6,22.0,32.6,0.0,,,6.5,,1014.2,
2021-07-05,26.2,22.6,29.2,0.0,,,5.5,,1014.4,
2021-07-06,27.8,23.4,31.3,0.0,,,8.0,,1011.5,
2021-07-07,27.2,22.3,32.1,0.0,,,7.4,,1013.6,
2021-07-08,25.0,22.4,27.1,0.5,,,7.5,,1018.6,
2021-07-09,25.0,22.9,26.9,0.0,,,10.9,,1019.6,
2021-07-10,25.1,21.6,28.3,0.0,,,5.5,,1016.4,
2021-07-11,27.7,23.7,31.8,0.0,,,5.2,,1014.7,
2021-07-12,29.7,26.5,34.4,0.0,,,10.3,,1011.5,
2021-07-13,24.9,21.8,27.3,2.7,,,11.6,,1014.5,
2021-07-14,23.2,19.5,26.2,0.0,,,6.3,,1017.9,
2021-07-15,23.7,19.2,27.2,0.1,,,11.9,,1016.7,
2021-07-16,23.3,19.6,26.6,0.0,,,8.3,,1018.2,
2021-07-17,23.5,18.7,27.6,0.0,,,6.6,,1017.5,
2021-07-18,23.7,19.0,27.6,0.0,,,6.5,,1014.3,
2021-07-19,24.3,19.8,28.1,0.0,,,6.7,,1013.0,
2021-07-20,24.3,19.8,28.0,0.0,,,5.3,,1014.8,
2021-07-21,26.3,20.8,31.5,0.0,,,6.7,,1017.3,
2021-07-22,28.2,22.3,32.6,0.0,,,10.4,,1015.7,
2021-07-23,30.3,23.8,36.0,0.0,,,6.6,,1012.5,
2021-07-24,32.4,26.0,40.0,0.0,,,9.5,,1009.2,
2021-07-25,28.3,23.9,32.7,0.0,,,7.9,,1009.5,
2021-07-26,26.4,23.1,29.3,0.0,,,6.5,,1011.9,
2021-07-27,25.8,23.2,28.2,0.0,,,6.2,,1014.0,
2021-07-28,27.8,22.8,32.9,0.0,,,6.1,,1011.7,
2021-07-29,25.9,22.2,30.1,0.1,,,5.4,,1013.1,
2021-07-30,27.4,22.9,31.8,0.0,,,5.9,,1012.5,
2021-07-31,29.1,26.0,33.6,0.0,,,8.2,,1010.7,
2021-08-01,26.4,24.3,28.9,0.3,,,9.3,,1014.0,
2021-08-02,25.8,23.1,28.4,0.0,,,15.5,,1013.5,
2021-08-03,25.8,22.7,28.8,0.1,,,8.6,,1012.9,
2021-08-04,25.3,22.5,28.0,0.6,,,9.0,,1014.2,
2021-08-05,25.4,21.3,29.3,0.0,,,6.1,,1014.6,
2021-08-06,27.3,21.2,32.4,0.0,,,4.6,,1010.0,
2021-08-07,28.5,24.0,33.1,0.0,,,8.8,,1007.7,
2021-08-08,26.8,23.2,29.4,0.0,,,5.3,,1012.6,
2021-08-09,28.2,22.6,37.9,0.0,,,7.7,,1013.3,
2021-08-10,34.5,27.1,38.5,0.0,,,12.7,,1013.3,
2021-08-11,32.7,27.4,37.9,0.0,,,8.1,,1015.1,
2021-08-12,33.9,28.5,39.2,0.0,,,8.1,,1016.1,
2021-08-13,29.8,26.1,34.3,0.0,,,5.8,,1018.2,
2021-08-14,29.1,25.7,33.4,0.0,,,5.5,,1018.2,
2021-08-15,29.9,23.5,34.4,0.0,,,5.3,,1015.4,
2021-08-16,29.3,24.9,33.9,0.0,,,6.3,,1014.1,
2021-08-17,26.4,23.9,28.3,0.0,,,9.4,,1016.9,
2021-08-18,25.0,21.8,28.3,0.0,,,8.1,,1017.2,
2021-08-19,25.5,20.2,29.6,0.0,,,8.2,,1013.4,
2021-08-20,26.3,22.2,29.4,0.0,,,6.4,,1014.4,
2021-08-21,27.7,22.6,31.8,0.0,,,8.2,,1016.0,
2021-08-22,28.2,22.6,34.3,0.0,,,11.7,,1016.9,
2021-08-23,28.4,24.2,33.5,0.0,,,8.7,,1014.1,
2021-08-24,25.8,22.1,29.1,0.0,,,6.3,,1012.4,
2021-08-25,25.7,22.4,29.9,0.0,,,6.4,,1011.4,
2021-08-26,25.7,23.6,28.7,0.0,,,6.0,,1014.3,
2021-08-27,25.6,20.6,29.7,0.0,,,5.2,,1013.9,
2021-08-28,26.5,20.9,31.5,0.0,,,7.6,,1012.8,
2021-08-29,25.4,23.1,28.2,0.0,,,8.1,,1013.6,
2021-08-30,24.9,20.4,28.4,0.0,,,6.5,,1013.7,
2021-08-31,27.1,21.9,32.2,0.0,,,7.2,,1014.0,
2021-09-01,30.5,26.8,34.7,0.0,,,8.8,,1013.2,
2021-09-02,27.7,23.9,33.4,0.0,,,11.6,,1014.5,
2021-09-03,26.1,23.3,28.8,0.2,,,7.0,,1015.5,
2021-09-04,25.5,23.1,27.8,0.0,,,6.3,,1015.3,
2021-09-05,24.6,22.0,28.3,0.0,,,7.6,,1017.1,
2021-09-06,24.2,19.5,27.9,0.0,,,5.4,,1019.8,
2021-09-07,25.4,20.1,29.8,0.0,,,7.1,,1019.1,
2021-09-08,28.4,23.4,34.9,0.0,,,8.1,,1013.4,
2021-09-09,25.6,22.9,28.8,0.7,,,10.3,,1013.2,
2021-09-10,25.2,21.5,28.7,0.1,,,10.9,,1015.9,
2021-09-11,24.3,21.5,27.5,3.6,,,8.4,,1018.5,
2021-09-12,23.8,19.5,27.8,0.0,,,6.7,,1016.5,
2021-09-13,25.1,20.4,30.1,0.0,,,6.3,,1016.3,
2021-09-14,29.7,24.1,35.2,0.0,,,9.6,,1013.8,
2021-09-15,29.4,26.1,32.8,0.0,,,7.6,,1013.9,
2021-09-16,26.8,24.3,33.3,0.0,,,10.8,,1014.8,
2021-09-17,25.4,24.1,28.1,1.0,,,8.3,,1014.5,
2021-09-18,24.4,21.6,28.0,0.2,,,8.6,,1013.9,
2021-09-19,24.0,20.2,27.7,0.2,,,6.7,,1016.3,
2021-09-20,23.4,20.3,27.6,0.5,,,10.3,,1016.5,
2021-09-21,23.6,20.4,28.9,5.7,,,10.0,,1017.0,
2021-09-22,24.5,20.4,29.1,0.0,,,5.6,,1015.3,
2021-09-23,27.8,22.0,34.7,0.0,,,8.6,,1013.4,
2021-09-24,30.2,24.9,34.9,0.0,,,10.6,,1012.5,
2021-09-25,25.4,22.1,29.6,0.0,,,6.4,,1015.4,
2021-09-26,24.6,22.4,26.8,0.1,,,7.7,,1019.2,
2021-09-27,24.0,21.9,26.5,2.8,,,8.1,,1020.7,
2021-09-28,22.4,19.0,25.9,0.0,,,6.1,,1020.4,
2021-09-29,22.0,18.1,25.9,0.0,,,5.6,,1022.2,
2021-09-30,21.8,18.2,25.7,0.0,,,7.8,,1023.4,
2021-10-01,21.9,17.7,25.8,0.1,,,7.7,,1019.8,
2021-10-02,22.1,19.2,25.7,0.0,,,5.9,,1017.4,
2021-10-03,24.6,19.4,30.5,0.0,,,8.2,,1012.8,
2021-10-04,23.0,20.4,26.6,0.5,,,9.3,,1016.5,
2021-10-05,21.5,17.6,24.5,0.0,,,10.1,,1020.3,
2021-10-06,20.7,16.4,25.1,2.1,,,9.1,,1021.1,
2021-10-07,20.6,18.0,23.0,7.0,,,8.7,,1019.9,
2021-10-08,20.1,17.3,22.9,0.6,,,10.1,,1018.3,
2021-10-09,19.4,16.8,22.9,5.4,,,9.4,,1018.8,
2021-10-10,19.1,16.5,22.0,4.8,,,7.8,,1020.4,
2021-10-11,19.0,15.7,22.4,0.4,,,7.1,,1021.0,
2021-10-12,18.2,14.6,22.4,0.0,,,7.5,,1017.9,
2021-10-13,18.4,14.1,22.6,7.5,,,15.2,,1017.1,
2021-10-14,17.4,15.4,20.3,10.1,,,7.2,,1020.9,
2021-10-15,17.8,14.0,22.2,0.1,,,6.7,,1020.6,
2021-10-16,18.7,15.1,23.2,0.0,,,6.8,,1017.8,
2021-10-17,18.5,14.9,23.5,0.0,,,6.9,,1018.6,
2021-10-18,18.4,14.6,22.9,0.0,,,7.5,,1022.8,
2021-10-19,17.7,13.0,23.6,0.0,,,9.8,,1026.2,
2021-10-20,19.7,15.0,25.7,0.0,,,9.4,,1023.4,
2021-10-21,21.5,17.2,27.1,0.0,,,10.5,,1017.9,
2021-10-22,19.5,15.6,24.2,0.0,,,7.3,,1015.5,
2021-10-23,18.8,14.8,22.8,8.4,,,8.0,,1017.4,
2021-10-24,18.5,16.6,21.4,8.7,,,13.6,,1020.0,
2021-10-25,17.7,15.8,20.6,15.7,,,12.3,,1020.2,
2021-10-26,17.5,15.1,20.8,1.0,,,5.9,,1021.0,
2021-10-27,17.7,14.4,21.9,0.0,,,6.7,,1020.2,
2021-10-28,16.9,13.5,21.1,1.1,,,5.7,,1018.2,
2021-10-29,17.8,13.6,22.7,0.0,,,6.1,,1016.4,
2021-10-30,19.6,15.1,25.4,0.0,,,7.9,,1014.9,
2021-10-31,20.9,16.3,25.4,0.0,,,8.6,,1014.3,
2021-11-01,21.8,18.6,27.0,12.0,,,14.1,,1012.4,
2021-11-02,20.1,17.6,22.9,2.7,,,7.9,,1012.6,
2021-11-03,18.1,15.7,22.1,8.3,,,11.5,,1007.2,
2021-11-04,16.5,14.4,18.6,0.6,,,8.9,,1012.3,
2021-11-05,15.0,12.7,17.8,3.7,,,12.5,,1015.2,
2021-11-06,13.2,11.6,15.1,5.0,,,5.3,,1014.4,
2021-11-07,13.5,9.4,18.4,5.9,,,16.2,,1013.9,
2021-11-08,14.5,12.6,16.8,22.3,,,23.0,,1013.6,
2021-11-09,14.4,12.8,17.3,16.8,,,18.0,,1011.5,
2021-11-10,15.4,11.9,20.3,0.2,,,10.9,,1013.7,
2021-11-11,15.5,12.6,19.6,0.0,,,7.5,,1017.5,
2021-11-12,15.4,11.9,20.3,0.0,,,10.5,,1014.2,
2021-11-13,16.0,13.3,19.7,2.1,,,9.0,,1015.0,
2021-11-14,14.5,12.1,16.5,7.6,,,9.8,,1015.6,
2021-11-15,14.0,11.3,17.7,6.9,,,7.1,,1011.7,
2021-11-16,13.6,10.9,16.5,6.2,,,14.7,,1011.8,
2021-11-17,14.8,13.7,16.7,7.9,,,13.8,,1016.2,
2021-11-18,15.1,12.5,17.9,1.4,,,6.2,,1023.5,
2021-11-19,13.9,10.6,18.3,0.0,,,8.5,,1026.7,
2021-11-20,14.9,12.0,19.9,0.1,,,7.7,,1023.2,
2021-11-21,14.7,12.5,19.3,5.3,,,9.0,,1014.7,
2021-11-22,14.0,11.4,17.3,4.4,,,8.0,,1011.7,
2021-11-23,13.6,10.0,18.8,0.0,,,6.1,,1014.9,
2021-11-24,14.1,10.7,16.8,6.1,,,8.6,,1013.9,
2021-11-25,12.3,8.5,17.7,1.8,,,9.8,,1008.9,
2021-11-26,12.9,9.7,17.5,0.1,,,9.1,,1008.7,
2021-11-27,13.6,11.2,16.4,0.5,,,13.2,,1006.0,
2021-11-28,10.5,8.9,12.9,5.9,,,23.2,,1008.5,
2021-11-29,12.4,10.9,14.0,10.2,,,27.9,,1014.7,
2021-11-30,12.6,9.5,14.6,11.1,,,9.4,,1025.1,
2021-12-01,11.5,7.8,16.5,0.0,,,5.8,,1021.7,
2021-12-02,11.8,7.8,16.4,12.3,,,14.5,,1009.2,
2021-12-03,10.6,9.6,12.6,22.5,,,21.0,,1016.4,
2021-12-04,11.9,9.3,16.1,0.0,,,8.9,,1021.7,
2021-12-05,12.8,9.1,17.1,13.0,,,22.5,,1015.1,
2021-12-06,10.4,7.5,12.9,57.9,,,24.4,,1018.4,
2021-12-07,13.7,9.7,17.8,0.0,,,12.0,,1021.0,
2021-12-08,14.2,9.8,19.8,5.8,,,15.1,,1013.1,
2021-12-09,11.4,8.7,14.1,17.5,,,25.0,,1017.2,
2021-12-10,16.2,13.9,18.7,2.6,,,26.7,,1014.2,
2021-12-11,12.7,11.3,14.2,9.6,,,21.0,,1018.1,
2021-12-12,12.3,10.9,14.2,1.4,,,13.1,,1026.1,
2021-12-13,10.9,7.5,15.2,0.4,,,7.1,,1027.9,
2021-12-14,9.8,6.5,14.9,0.0,,,5.3,,1025.9,
2021-12-15,9.3,5.8,13.8,0.0,,,5.8,,1025.0,
2021-12-16,10.0,6.9,14.8,0.0,,,5.8,,1027.1,
2021-12-17,10.3,6.5,16.1,0.0,,,5.8,,1027.4,
2021-12-18,10.9,7.7,15.8,0.0,,,6.7,,1026.8,
2021-12-19,10.3,7.0,14.8,0.0,,,4.8,,1025.4,
2021-12-20,11.4,8.4,15.6,0.2,,,6.3,,1022.8,
2021-12-21,11.6,6.9,16.8,0.0,,,5.5,,1022.4,
2021-12-22,13.4,10.3,19.3,0.0,,,4.9,,1020.5,
2021-12-23,12.8,9.3,15.9,0.0,,,4.2,,1021.7,
2021-12-24,14.3,9.5,20.2,0.0,,,9.2,,1017.5,
2021-12-25,15.4,12.8,19.1,0.0,,,10.8,,1012.4,
2021-12-26,15.4,12.4,19.8,0.9,,,8.0,,1012.6,
2021-12-27,15.7,12.0,19.3,0.3,,,10.3,,1015.3,
2021-12-28,16.3,12.8,18.9,0.0,,,15.0,,1019.3,
2021-12-29,14.9,12.0,18.4,0.0,,,10.3,,1022.7,
2021-12-30,13.3,10.0,17.8,0.0,,,4.7,,1024.2,
2021-12-31,13.0,9.4,16.5,0.0,,,3.3,,1027.1,
2022-01-01,12.1,8.8,16.3,0.0,,,3.5,,1028.9,
2022-01-02,13.9,11.3,17.3,0.0,,,3.1,,1029.1,
2022-01-03,12.3,8.3,14.8,0.0,,,3.5,,1026.4,
2022-01-04,13.6,8.9,19.8,0.0,,,5.8,,1017.4,
2022-01-05,12.5,9.8,16.2,2.7,,,17.2,,1013.3,
2022-01-06,9.6,7.2,11.1,21.5,,,12.9,,1015.9,
2022-01-07,9.8,6.8,11.5,17.9,,,22.8,,1021.6,
2022-01-08,11.6,8.4,13.5,10.3,,,21.7,,1024.4,
2022-01-09,13.6,11.7,15.5,0.0,,,23.5,,1018.2,
2022-01-10,13.8,12.0,15.3,12.7,,,23.6,,1013.2,
2022-01-11,11.8,10.7,13.7,3.6,,,16.4,,1020.9,
2022-01-12,10.8,8.7,12.7,1.6,,,12.1,,1025.8,
2022-01-13,9.9,7.6,12.6,4.2,,,6.7,,1030.4,
2022-01-14,9.6,6.9,13.3,0.0,,,5.2,,1032.0,
2022-01-15,9.1,5.4,13.5,0.2,,,6.6,,1029.1,
2022-01-16,8.7,4.5,13.7,0.0,,,6.3,,1030.0,
2022-01-17,8.8,5.6,13.3,0.0,,,9.7,,1032.3,
2022-01-18,8.7,5.2,13.4,0.0,,,8.4,,1032.3,
2022-01-19,9.3,5.4,14.8,0.0,,,5.5,,1030.1,
2022-01-20,9.6,6.0,14.0,0.0,,,5.5,,1026.4,
2022-01-21,8.7,5.0,13.4,0.4,,,7.9,,1024.6,
2022-01-22,9.8,6.6,13.0,4.4,,,8.2,,1028.7,
2022-01-23,9.9,5.5,14.8,0.0,,,8.4,,1027.4,
2022-01-24,9.8,6.7,15.1,0.0,,,9.6,,1026.5,
2022-01-25,10.0,5.9,15.8,0.0,,,7.0,,1030.0,
2022-01-26,10.1,6.9,15.3,0.0,,,8.7,,1030.1,
2022-01-27,10.4,6.4,15.2,0.0,,,5.3,,1029.0,
2022-01-28,10.1,6.4,15.2,0.0,,,6.0,,1030.3,
2022-01-29,10.5,6.7,15.0,0.0,,,8.3,,1031.4,
2022-01-30,9.6,5.0,14.3,0.0,,,7.7,,1029.7,
2022-01-31,11.6,6.5,17.5,0.2,,,8.0,,1022.7,
2022-02-01,11.5,10.6,12.7,4.2,,,21.5,,1022.8,
2022-02-02,12.9,10.9,15.0,3.4,,,19.3,,1025.9,
2022-02-03,13.7,9.4,19.7,0.0,,,7.9,,1023.6,
2022-02-04,13.2,8.7,18.5,0.0,,,6.7,,1021.1,
2022-02-05,12.1,9.2,15.5,0.0,,,5.2,,1023.4,
2022-02-06,11.5,8.6,15.2,0.0,,,6.5,,1026.5,
2022-02-07,11.0,7.2,15.0,0.0,,,7.4,,1027.8,
2022-02-08,11.4,8.2,14.7,0.1,,,8.1,,1030.3,
2022-02-09,11.2,7.7,16.3,0.0,,,8.1,,1030.7,
2022-02-10,11.2,7.0,16.0,0.0,,,7.7,,1027.5,
2022-02-11,11.1,7.7,15.2,0.0,,,6.9,,1025.0,
2022-02-12,11.2,8.7,13.9,0.5,,,6.0,,1025.4,
2022-02-13,11.0,7.8,14.9,0.0,,,7.1,,1023.5,
2022-02-14,11.6,5.8,17.0,0.0,,,7.8,,1018.9,
2022-02-15,12.0,9.5,14.5,3.6,,,12.8,,1023.9,
2022-02-16,13.1,10.7,16.0,0.0,,,15.6,,1025.7,
2022-02-17,13.5,10.0,17.3,0.0,,,11.2,,1024.6,
2022-02-18,14.4,9.5,20.4,0.0,,,5.9,,1020.6,
2022-02-19,15.3,11.4,21.7,0.0,,,13.2,,1017.2,
2022-02-20,13.1,8.3,15.4,2.3,,,7.4,,1026.5,
2022-02-21,11.2,7.1,15.3,0.0,,,9.2,,1026.1,
2022-02-22,12.9,10.2,15.1,0.7,,,11.9,,1026.8,
2022-02-23,12.2,9.2,16.4,0.0,,,8.0,,1027.1,
2022-02-24,14.2,8.8,19.5,0.0,,,7.0,,1020.9,
2022-02-25,12.8,8.0,15.7,0.6,,,7.1,,1022.0,
2022-02-26,11.5,8.4,14.8,0.0,,,5.2,,1023.1,
2022-02-27,11.2,7.9,15.1,2.5,,,10.6,,1021.8,
2022-02-28,8.4,6.8,10.0,18.1,,,8.4,,1025.2,
2022-03-01,9.5,6.4,13.6,1.8,,,7.6,,1027.7,
2022-03-02,9.9,4.7,15.1,0.0,,,7.6,,1024.9,
2022-03-03,11.4,5.9,16.2,0.0,,,8.9,,1017.7,
2022-03-04,11.3,8.3,14.9,7.6,,,10.7,,1013.1,
2022-03-05,12.1,9.9,14.9,9.6,,,11.2,,1015.1,
2022-03-06,10.7,7.4,14.5,13.4,,,7.2,,1014.5,
2022-03-07,11.0,7.4,14.2,0.0,,,7.2,,1014.3,
2022-03-08,11.0,8.0,14.4,5.5,,,6.6,,1018.3,
2022-03-09,11.1,8.3,14.4,6.2,,,6.7,,1023.4,
2022-03-10,12.7,7.9,17.7,0.0,,,10.3,,1022.2,
2022-03-11,14.1,10.7,17.9,0.0,,,9.2,,1018.4,
2022-03-12,13.2,9.9,15.6,8.9,,,6.5,,1016.4,
2022-03-13,13.1,8.2,17.6,0.0,,,8.0,,1017.7,
2022-03-14,18.3,11.2,26.3,0.0,,,8.2,,1017.0,
2022-03-15,19.1,15.3,25.2,0.0,,,10.3,,1018.1,
2022-03-16,17.6,14.0,21.5,0.3,,,9.5,,1012.3,
2022-03-17,14.2,11.0,16.4,1.6,,,6.3,,1011.0,
2022-03-18,13.5,11.7,15.3,3.0,,,8.7,,1015.2,
2022-03-19,13.1,10.7,15.3,1.2,,,5.0,,1017.2,
2022-03-20,14.2,9.9,18.4,3.3,,,10.0,,1021.1,
2022-03-21,14.8,12.9,16.6,2.5,,,10.8,,1023.7,
2022-03-22,13.6,12.0,17.1,6.9,,,6.9,,1023.1,
2022-03-23,14.8,12.2,17.6,0.2,,,7.5,,1022.3,
2022-03-24,15.6,12.1,19.3,0.0,,,7.4,,1020.5,
2022-03-25,16.5,11.9,22.0,0.9,,,10.4,,1015.4,
2022-03-26,15.7,12.0,20.4,1.5,,,13.2,,1013.0,
2022-03-27,14.4,11.0,17.4,0.3,,,9.3,,1020.3,
2022-03-28,15.0,10.8,18.2,0.0,,,8.1,,1021.4,
2022-03-29,20.1,15.3,24.8,2.0,,,16.4,,1008.5,
2022-03-30,15.3,13.9,20.2,5.7,,,11.6,,1003.5,
2022-03-31,13.4,10.9,16.2,22.4,,,13.1,,1002.5,
2022-04-01,12.8,11.3,15.3,11.6,,,20.5,,1008.7,
2022-04-02,11.2,8.7,13.1,0.4,,,18.9,,1016.0,
2022-04-03,10.4,6.4,13.9,0.2,,,11.5,,1014.7,
2022-04-04,12.7,8.8,16.2,10.6,,,11.8,,1009.5,
2022-04-05,15.1,10.9,19.2,1.8,,,9.6,,1007.5,
2022-04-06,14.9,12.7,17.7,1.3,,,20.7,,1011.8,
2022-04-07,14.7,10.9,18.7,1.1,,,14.2,,1021.0,
2022-04-08,14.7,10.1,19.5,0.0,,,6.0,,1019.1,
2022-04-09,15.4,11.6,19.6,0.0,,,10.2,,1017.1,
2022-04-10,15.2,10.8,18.7,0.0,,,9.6,,1019.5,
2022-04-11,19.3,13.0,24.6,0.0,,,10.2,,1013.7,
2022-04-12,19.6,14.3,25.0,0.0,,,10.3,,1010.0,
2022-04-13,14.8,14.3,15.9,13.4,,,10.9,,1009.2,
2022-04-14,13.9,12.3,15.9,9.4,,,6.9,,1008.7,
2022-04-15,15.3,13.6,17.1,3.4,,,6.2,,1013.2,
2022-04-16,15.3,13.0,17.4,1.5,,,14.6,,1017.8,
2022-04-17,16.3,12.1,19.1,0.0,,,14.0,,1016.6,
2022-04-18,14.7,10.2,18.9,0.0,,,7.0,,1017.4,
2022-04-19,18.4,12.6,23.6,0.0,,,8.9,,1011.0,
2022-04-20,16.2,13.2,18.9,5.6,,,8.2,,1006.8,
2022-04-21,14.0,11.9,17.0,12.6,,,16.8,,1004.0,
2022-04-22,16.4,13.8,19.7,0.1,,,13.9,,1007.4,
2022-04-23,19.0,14.7,22.5,0.0,,,18.5,,1007.2,
2022-04-24,15.4,11.8,18.7,0.0,,,7.9,,1013.7,
2022-04-25,15.3,11.3,18.9,0.0,,,6.2,,1013.2,
2022-04-26,16.3,12.6,19.2,0.0,,,5.0,,1012.4,
2022-04-27,17.0,14.4,19.6,0.2,,,10.1,,1013.2,
2022-04-28,16.2,15.5,17.1,7.9,,,8.2,,1017.1,
2022-04-29,16.4,13.3,18.3,5.8,,,6.8,,1020.3,
2022-04-30,15.4,12.3,18.4,0.0,,,7.1,,1020.2,
2022-05-01,15.9,11.5,19.1,0.0,,,7.8,,1019.3,
2022-05-02,16.7,12.5,21.1,0.6,,,6.7,,1014.2,
2022-05-03,16.6,13.5,18.9,0.4,,,8.7,,1011.5,
2022-05-04,20.2,14.3,28.0,0.4,,,10.1,,1008.8,
2022-05-05,17.0,15.5,19.2,51.6,,,20.9,,1010.6,
2022-05-06,15.6,13.8,18.1,16.2,,,22.9,,1019.7,
2022-05-07,15.3,14.1,16.9,20.7,,,18.9,,1019.1,
2022-05-08,17.1,13.9,20.4,0.1,,,11.4,,1020.1,
2022-05-09,16.3,12.5,20.0,0.0,,,7.2,,1022.0,
2022-05-10,16.3,13.3,19.3,0.9,,,7.2,,1022.9,
2022-05-11,16.9,12.3,20.7,0.0,,,9.7,,1022.1,
2022-05-12,20.4,14.9,24.7,0.0,,,9.8,,1020.4,
2022-05-13,21.1,18.5,24.3,0.0,,,9.7,,1019.8,
2022-05-14,19.6,15.7,22.6,0.0,,,5.3,,1018.6,
2022-05-15,21.4,16.4,25.8,0.0,,,4.4,,1016.2,
2022-05-16,20.6,18.1,23.3,0.0,,,7.1,,1019.4,
2022-05-17,20.2,16.2,23.0,0.0,,,5.2,,1018.8,
2022-05-18,19.7,17.2,21.8,0.0,,,4.9,,1018.8,
2022-05-19,22.4,15.7,27.2,0.0,,,6.2,,1019.5,
2022-05-20,23.4,17.8,27.9,0.0,,,6.4,,1021.5,
2022-05-21,23.3,18.4,27.8,0.0,,,5.7,,1019.7,
2022-05-22,24.4,18.3,29.8,0.0,,,6.7,,1013.6,
2022-05-23,23.9,19.7,27.1,0.0,,,6.9,,1010.4,
2022-05-24,22.2,18.6,25.2,0.0,,,5.2,,1009.2,
2022-05-25,21.2,18.7,23.8,3.5,,,8.2,,1012.6,
2022-05-28,20.9,16.8,24.2,0.0,,,17.7,,1014.5,
2022-05-29,22.3,16.1,28.5,0.0,,,6.5,,1008.9,
2022-05-30,23.0,18.5,27.3,0.0,,,4.6,,1010.3,
2022-05-31,21.5,18.9,24.7,0.0,,,4.5,,1013.7,
2022-06-01,22.1,18.6,26.3,0.0,,,7.0,,1013.4,
2022-06-02,22.3,18.9,26.1,0.0,,,8.4,,1013.1,
2022-06-03,22.1,20.0,24.9,0.0,,,7.3,,1014.0,
2022-06-04,20.8,17.7,23.4,0.0,,,6.3,,1016.0,
2022-06-05,22.5,18.5,25.8,0.0,,,5.6,,1019.3,
2022-06-06,23.2,19.8,29.5,0.0,,,6.2,,1017.9,
2022-06-07,22.6,19.9,25.1,0.0,,,7.2,,1016.8,
2022-06-08,23.0,19.0,25.9,0.0,,,5.5,,1014.4,
2022-06-09,22.2,19.4,24.8,0.3,,,9.9,,1016.7,
2022-06-10,21.6,18.5,24.0,0.0,,,12.1,,1019.4,
2022-06-11,21.2,17.3,24.2,0.0,,,6.6,,1020.6,
2022-06-12,21.7,16.7,25.6,0.0,,,4.4,,1020.3,
2022-06-13,23.5,16.9,28.4,0.0,,,4.5,,1017.6,
2022-06-14,26.9,21.5,31.8,0.0,,,4.0,,1014.8,
2022-06-15,26.3,21.6,31.3,0.0,,,5.8,,1015.9,
2022-06-16,25.8,20.4,30.0,0.0,,,5.2,,1016.9,
2022-06-17,26.0,20.8,29.9,0.0,,,5.3,,1017.9,
2022-06-18,26.6,22.2,30.3,0.0,,,5.8,,1015.0,
2022-06-19,26.6,21.8,31.7,0.0,,,8.2,,1011.0,
2022-06-20,26.7,20.9,31.0,0.0,,,5.6,,1011.5,
2022-06-21,27.3,23.6,31.3,0.0,,,7.2,,1011.7,
2022-06-22,25.8,23.3,29.2,0.0,,,8.3,,1013.1,
2022-06-23,24.3,22.0,26.8,1.1,,,7.7,,1014.8,
2022-06-24,24.6,21.4,26.9,0.2,,,8.3,,1015.1,
2022-06-25,24.2,20.6,27.8,0.0,,,8.8,,1012.1,
2022-06-26,21.5,20.0,23.7,0.0,,,7.7,,1010.0,
2022-06-27,22.5,19.0,26.3,0.0,,,8.2,,1013.2,
2022-06-28,23.6,21.7,26.0,0.0,,,9.9,,1017.2,
2022-06-29,24.1,20.0,27.9,0.0,,,8.1,,1013.2,
2022-06-30,23.7,20.5,27.3,0.0,,,7.0,,1010.5,
2022-07-01,24.1,21.1,27.2,0.2,,,9.6,,1014.9,
2022-07-02,27.0,22.9,31.7,0.0,,,6.9,,1015.7,
2022-07-03,28.6,24.3,33.5,0.0,,,5.4,,1015.9,
2022-07-04,26.7,22.9,31.5,0.0,,,6.7,,1016.4,
2022-07-05,26.5,23.3,30.5,0.0,,,6.5,,1016.9,
2022-07-06,27.4,23.5,33.1,0.0,,,6.5,,1016.3,
2022-07-07,25.8,22.5,28.9,0.0,,,9.7,,1019.2,
2022-07-08,24.5,20.4,28.1,0.0,,,7.1,,1021.4,
2022-07-09,24.1,20.6,27.1,0.0,,,5.8,,1020.5,
2022-07-10,24.6,20.2,28.1,0.0,,,6.0,,1017.4,
2022-07-11,24.3,18.7,28.2,0.0,,,5.5,,1015.6,
2022-07-12,27.8,21.9,33.1,0.0,,,6.3,,1015.8,
2022-07-13,26.3,23.1,30.1,0.0,,,8.0,,1018.9,
2022-07-14,25.8,20.7,30.3,0.0,,,8.6,,1018.1,
2022-07-15,26.1,21.3,30.6,0.0,,,7.0,,1015.1,
2022-07-16,26.9,21.8,30.9,0.0,,,6.4,,1014.6,
2022-07-17,27.2,23.7,30.7,0.0,,,5.8,,1015.4,
2025-01-01,11.7,5.0,18.0,,,,,,,
2025-01-02,11.9,8.0,18.0,,,,,,,
2025-01-03,12.1,8.0,17.0,,,,,,,
2025-01-04,11.7,6.0,18.0,,,,,,,
2025-01-05,12.9,6.0,20.0,,,,,,,
2025-01-06,16.1,11.0,21.0,,,,,,,
2025-01-07,12.5,8.0,15.9,,,,,,,
2025-01-08,10.9,5.0,17.0,,,,,,,
2025-01-09,13.2,6.0,19.0,,,,,,,
2025-01-10,12.9,8.0,19.0,,,,,,,
2025-01-11,13.5,7.0,18.1,,,,,,,
2025-01-12,12.0,8.6,15.0,,,,,,,
2025-01-13,9.4,8.0,12.0,,,,,,,
2025-01-14,9.7,7.0,13.0,,,,,,,
2025-01-15,9.9,8.0,12.0,,,,,,,
2025-01-16,8.8,7.0,10.2,,,,,,,
2025-01-17,8.3,3.0,14.0,,,,,,,
2025-01-18,12.9,11.0,14.0,,,,,,,
2025-01-19,11.4,11.0,13.0,,,,,,,
2025-01-20,10.6,6.0,16.0,,,,,,,
2025-01-21,12.2,6.0,19.0,,,,,,,
2025-01-22,15.1,8.0,23.0,,,,,,,
2025-01-23,15.2,10.0,17.5,,,,,,,
2025-01-24,13.9,8.0,20.0,,,,,,,
2025-01-25,17.2,9.0,22.0,,,,,,,
2025-01-26,13.7,8.0,20.0,,,,,,,
2025-01-27,17.6,11.5,23.0,,,,,,,
2025-01-28,15.6,10.0,20.0,,,,,,,
2025-01-29,13.6,10.6,17.0,,,,,,,
2025-01-30,14.3,7.0,19.0,,,,,,,
2025-01-31,13.0,11.0,15.0,,,,,,,
2025-02-01,11.9,9.5,14.0,,,,,,,
2025-02-02,11.1,9.8,14.1,,,,,,,
2025-02-03,11.6,10.0,13.0,,,,,,,
2025-02-04,12.9,10.0,16.0,,,,,,,
2025-02-05,12.1,10.0,16.0,,,,,,,
2025-02-06,10.9,8.0,15.0,,,,,,,
2025-02-07,10.2,5.0,15.0,,,,,,,
2025-02-08,11.7,5.0,17.0,,,,,,,
2025-02-09,11.7,7.0,15.0,,,,,,,
2025-02-10,11.1,6.0,17.0,,,,,,,
2025-02-11,12.4,5.0,20.0,,,,,,,
2025-02-12,13.9,7.0,21.0,,,,,,,
2025-02-13,12.7,10.0,16.0,,,,,,,
2025-02-14,12.6,9.0,16.0,,,,,,,
2025-02-15,11.7,6.0,18.0,,,,,,,
2025-02-16,12.1,6.0,18.2,,,,,,,
2025-02-17,11.8,7.0,17.0,,,,,,,
2025-02-18,13.7,7.0,21.0,,,,,,,
2025-02-19,16.6,11.0,21.0,,,,,,,
2025-02-20,14.6,9.0,18.0,,,,,,,
2025-02-21,14.7,10.0,19.0,,,,,,,
2025-02-22,14.7,8.0,23.0,,,,,,,
2025-02-23,14.8,11.0,18.0,,,,,,,
2025-02-24,13.1,7.0,18.0,,,,,,,
2025-02-25,14.4,9.0,19.0,,,,,,,
2025-02-26,12.9,8.0,16.0,,,,,,,
2025-02-27,11.4,5.0,17.0,,,,,,,
2025-03-01,15.3,12.0,20.0,,,,,,,
2025-03-02,13.8,10.0,18.0,,,,,,,
2025-03-03,16.2,10.0,23.0,,,,,,,
2025-03-04,18.0,14.0,23.0,,,,,,,
2025-03-05,17.0,12.0,21.0,,,,,,,
2025-03-06,16.4,14.0,19.0,,,,,,,
2025-03-07,15.2,12.0,18.0,,,,,,,
2025-03-08,17.1,9.0,22.0,,,,,,,
2025-03-09,16.1,14.0,22.0,,,,,,,
2025-03-10,15.8,11.0,21.0,,,,,,,
2025-03-11,15.3,10.0,21.0,,,,,,,
2025-03-12,15.9,12.0,20.0,,,,,,,
2025-03-13,15.8,10.0,22.0,,,,,,,
2025-03-14,16.2,13.0,20.0,,,,,,,
2025-03-15,15.0,10.0,19.0,,,,,,,
2025-03-16,13.2,8.0,18.0,,,,,,,
2025-03-17,14.2,8.0,19.0,,,,,,,
2025-03-18,16.0,12.0,20.0,,,,,,,
2025-03-19,15.8,11.0,20.0,,,,,,,
2025-03-20,20.9,14.0,27.0,,,,,,,
2025-03-21,20.5,14.0,29.0,,,,,,,
2025-03-22,15.5,11.0,19.0,,,,,,,
2025-03-23,15.1,12.0,18.0,,,,,,,
2025-03-24,14.5,10.0,19.0,,,,,,,
2025-03-25,13.4,9.0,17.1,,,,,,,
2025-03-26,12.0,10.0,15.0,,,,,,,
2025-03-27,14.3,11.7,17.0,,,,,,,
2025-03-28,14.0,8.7,19.0,,,,,,,
2025-03-29,13.9,9.0,18.0,,,,,,,
2025-03-30,14.0,11.0,15.0,,,,,,,
2025-03-31,15.2,11.0,18.0,,,,,,,
2025-04-01,13.3,8.0,18.0,,,,,,,
2025-04-02,14.8,8.0,20.0,,,,,,,
2025-04-03,19.2,10.0,27.0,,,,,,,
2025-04-04,20.2,14.0,28.0,,,,,,,
2025-04-05,17.2,12.0,22.0,,,,,,,
2025-04-06,16.1,12.0,19.0,,,,,,,
2025-04-07,16.1,12.0,21.0,,,,,,,
2025-04-08,14.9,10.0,20.0,,,,,,,
2025-04-09,15.8,10.0,22.0,,,,,,,
2025-04-10,16.4,12.0,20.0,,,,,,,
2025-04-11,17.2,12.0,22.0,,,,,,,
2025-04-12,23.5,18.0,29.0,,,,,,,
2025-04-13,20.0,18.0,22.0,,,,,,,
2025-04-14,17.3,14.0,19.0,,,,,,,
2025-04-15,17.5,13.0,22.4,,,,,,,
2025-04-16,13.0,11.0,15.0,,,,,,,
2025-04-17,14.8,12.0,18.0,,,,,,,
2025-04-18,17.7,11.0,22.0,,,,,,,
2025-04-19,20.0,14.0,26.0,,,,,,,
2025-04-20,15.0,12.0,21.0,,,,,,,
2025-04-21,14.3,11.0,19.0,,,,,,,
2025-04-22,14.8,9.0,20.0,,,,,,,
2025-04-23,15.4,10.0,20.0,,,,,,,
2025-04-24,15.8,10.0,21.0,,,,,,,
2025-04-25,16.9,12.0,21.0,,,,,,,
2025-04-26,17.3,12.0,21.0,,,,,,,
2025-04-27,17.7,13.0,21.0,,,,,,,
2025-04-28,15.2,12.0,18.0,,,,,,,
2025-04-29,17.0,11.0,21.1,,,,,,,
2025-04-30,22.0,14.0,28.0,,,,,,,
2025-05-01,22.5,16.0,28.0,,,,,,,
2025-05-02,24.4,17.7,29.0,,,,,,,
2025-05-03,24.7,20.0,29.0,,,,,,,
2025-05-04,21.0,17.0,26.0,,,,,,,
2025-05-05,19.1,15.0,23.0,,,,,,,
2025-05-06,19.1,14.0,23.0,,,,,,,
2025-05-07,18.2,13.0,22.0,,,,,,,
2025-05-08,18.9,16.0,21.0,,,,,,,
2025-05-09,18.2,13.0,22.0,,,,,,,
2025-05-10,20.1,15.0,25.0,,,,,,,
2025-05-11,19.1,16.0,23.0,,,,,,,
2025-05-12,17.9,13.0,22.0,,,,,,,
2025-05-13,19.2,15.0,24.0,,,,,,,
2025-05-14,16.7,15.0,18.0,,,,,,,
2025-05-15,16.9,15.0,20.0,,,,,,,
2025-05-16,18.2,14.0,21.0,,,,,,,
2025-05-17,18.5,12.0,23.0,,,,,,,
2025-05-18,22.6,17.0,28.0,,,,,,,
2025-05-19,23.5,17.0,32.0,,,,,,,
2025-05-20,21.2,18.0,24.0,,,,,,,
2025-05-21,20.0,16.0,24.0,,,,,,,
2025-05-22,19.7,15.0,23.0,,,,,,,
2025-05-23,18.5,17.0,21.0,,,,,,,
2025-05-24,18.7,15.0,22.0,,,,,,,
2025-05-25,19.2,15.0,23.0,,,,,,,
2025-05-26,20.6,16.0,25.0,,,,,,,
2025-05-27,20.2,14.0,25.0,,,,,,,
2025-05-28,20.0,15.0,25.0,,,,,,,
2025-05-29,21.0,13.0,28.0,,,,,,,
2025-05-30,21.6,16.0,27.0,,,,,,,
2025-05-31,21.7,16.0,26.0,,,,,,,
2025-06-01,23.2,16.0,29.0,,,,,,,
2025-06-02,30.1,22.0,34.0,,,,,,,
2025-06-03,25.7,22.0,31.0,,,,,,,
2025-06-04,23.3,20.0,26.0,,,,,,,
2025-06-05,23.2,20.0,26.0,,,,,,,
2025-06-06,24.2,18.0,30.0,,,,,,,
2025-06-07,23.9,21.0,26.0,,,,,,,
2025-06-08,23.4,20.0,27.6,,,,,,,
2025-06-09,23.8,20.0,26.4,,,,,,,
2025-06-10,23.3,19.0,28.0,,,,,,,
2025-06-11,24.1,17.0,29.0,,,,,,,
2025-06-12,24.8,17.0,29.0,,,,,,,
2025-06-13,23.5,17.0,29.0,,,,,,,
2025-06-14,25.5,19.0,32.0,,,,,,,
2025-06-15,27.4,19.0,35.0,,,,,,,
2025-06-16,25.6,19.0,32.0,,,,,,,
2025-06-17,24.5,20.0,28.0,,,,,,,
2025-06-18,23.8,19.0,28.0,,,,,,,
2025-06-19,24.0,19.0,28.0,,,,,,,
2025-06-20,24.2,19.0,28.0,,,,,,,
2025-06-21,25.3,18.0,30.0,,,,,,,
2025-06-22,24.8,20.0,29.0,,,,,,,
2025-06-23,25.2,20.0,29.0,,,,,,,
2025-06-24,26.9,18.0,32.5,,,,,,,
2025-06-25,28.9,22.0,35.0,,,,,,,
2025-06-26,25.6,20.0,31.0,,,,,,,
2025-06-27,25.3,21.0,30.0,,,,,,,
2025-06-28,25.7,21.0,30.0,,,,,,,
2025-06-29,25.4,20.0,29.0,,,,,,,
2025-06-30,26.2,21.0,30.0,,,,,,,
2025-07-01,26.7,22.0,30.0,,,,,,,
2025-07-02,27.2,23.0,30.0,,,,,,,
2025-07-03,27.1,23.0,30.0,,,,,,,
2025-07-04,27.0,23.0,31.0,,,,,,,
2025-07-05,26.7,22.0,30.0,,,,,,,
2025-07-06,27.2,21.0,31.0,,,,,,,
2025-07-07,27.8,24.0,31.0,,,,,,,
2025-07-08,27.0,23.0,30.0,,,,,,,
2025-07-09,26.0,23.0,29.0,,,,,,,
2025-07-10,25.9,21.0,31.0,,,,,,,
2025-07-11,26.0,20.0,31.0,,,,,,,
2025-07-12,25.7,21.0,30.0,,,,,,,
2025-07-13,26.6,24.0,30.0,0.0,,,10.6,,1014.9,
2025-07-14,28.2,22.0,36.0,0.0,,,12.4,,1017.2,
2025-07-15,28.7,24.0,35.0,0.0,,,19.1,,1016.4,
2025-07-16,27.1,24.0,29.0,1.0,,,12.2,,1017.9,
2025-07-17,26.6,22.0,31.0,0.0,,,7.0,,1015.9,
2025-07-18,29.8,21.0,37.0,0.0,,,14.1,,1012.2,
2025-07-19,32.0,25.0,36.0,0.0,,,16.7,,1010.0,
2025-07-20,27.5,21.0,33.0,0.0,,,8.4,,1009.8,
2025-07-21,28.9,24.0,34.0,0.0,,,13.8,,1010.4,
2025-07-22,27.4,22.0,31.0,0.0,,,15.1,,1014.1,
2025-07-23,28.5,23.0,35.0,0.0,,,15.2,,1011.7,
2025-07-24,29.3,27.0,32.0,0.0,,,13.8,,1009.2,
2025-07-25,26.0,23.0,28.0,3.7,,,23.7,,1012.7,
2025-07-26,24.6,21.0,28.0,0.7,,,13.5,,1017.2,
2025-07-27,24.4,20.0,29.0,0.0,,,8.7,,1017.6,
2025-07-28,25.0,18.0,30.0,0.0,,,11.2,,1014.8,
2025-07-29,25.8,21.0,28.0,0.0,,,10.1,,1017.1,
2025-07-30,24.4,19.0,28.0,0.0,,,13.0,,1018.2,
2025-07-31,24.6,19.0,29.0,0.0,,,23.9,,1017.8,
2025-08-01,25.1,21.0,29.0,0.0,,,24.2,,1013.1,
2025-08-02,25.2,21.0,29.0,0.0,,,14.7,,1013.4,
2025-08-03,25.1,21.0,29.0,0.0,,,19.9,,1016.1,
2025-08-04,24.3,20.0,28.0,0.0,,,9.1,,1020.5,
2025-08-05,23.7,17.0,30.0,0.0,,,11.6,,1019.6,
2025-08-06,24.0,17.6,30.0,0.0,,,9.1,,1019.2,
2025-08-07,25.7,19.0,32.0,0.0,,,16.4,,1017.0,
2025-08-08,24.8,19.0,30.0,0.0,,,14.7,,1016.4,
2025-08-09,24.8,20.0,28.0,0.0,,,10.2,,1016.9,
2025-08-10,25.3,21.0,29.0,0.0,,,8.9,,1018.3,
2025-08-11,24.8,20.0,29.0,0.0,,,7.4,,1017.1,
2025-08-12,24.9,19.0,30.0,0.0,,,7.9,,1015.8,
2025-08-13,25.3,19.0,30.0,0.0,,,10.5,,1014.9,
2025-08-14,26.0,20.0,30.0,0.0,,,9.6,,1015.7,
2025-08-15,26.0,21.0,30.0,0.0,,,7.4,,1017.4,
2025-08-16,25.6,21.0,29.0,0.0,,,13.3,,1017.2,
2025-08-17,28.2,21.0,35.0,0.0,,,18.1,,1014.5,
2025-08-18,28.3,22.0,34.0,0.0,,,13.3,,1013.3,
2025-08-19,29.0,22.0,36.0,0.0,,,14.0,,1010.4,
2025-08-20,27.7,22.0,32.0,0.0,,,14.6,,1009.7,
2025-08-21,25.8,21.0,30.0,0.0,,,11.6,,1011.7,
2025-08-22,25.4,20.0,29.0,0.0,,,12.3,,1014.9,
2025-08-23,25.4,21.0,29.0,0.0,,,16.5,,1015.4,
2025-08-24,26.8,20.0,32.0,0.0,,,13.6,,1014.7,
2025-08-25,28.0,21.0,36.0,0.0,,,13.1,,1014.7,
2025-08-26,32.8,26.0,38.0,0.0,,,16.3,,1011.7,
2025-08-27,32.3,26.0,44.0,0.0,,,18.1,,1008.3,
2025-08-28,28.6,22.0,33.0,0.0,,,15.1,,1009.5,
2025-08-29,25.0,20.0,29.0,0.2,,,16.8,,1012.2,
2025-08-31,26.7,,,,,,11.9,,1012.1,
2025-09-01,27.4,23.7,30.7,0.1,,,17.1,,1011.3,
2025-09-03,24.9,19.0,31.0,,,,,,,
2025-09-04,25.3,20.0,30.0,,,,,,,
2025-09-05,26.2,22.0,30.0,,,,,,,
2025-09-06,27.8,23.0,33.0,,,,,,,
2025-09-07,32.1,27.0,37.0,,,,,,,
2025-09-08,30.8,26.5,35.0,,,,,,,
2025-09-09,26.5,22.0,31.0,,,,,,,
2025-09-10,24.2,21.0,28.0,,,,,,,
2025-09-11,24.2,20.0,29.0,0.0,,,10.5,,1018.4,
2025-09-12,23.7,18.0,29.0,0.0,,,9.7,,1019.9,
2025-09-13,25.7,19.0,33.0,0.0,,,11.7,,1017.4,
2025-09-14,26.2,21.0,32.0,0.0,,,9.6,,1018.1,
2025-09-15,24.7,20.0,30.0,0.0,,,11.1,,1019.2,
2025-09-16,24.8,20.0,29.0,0.0,,,11.9,,1019.8,
2025-09-17,24.5,20.0,29.0,0.0,,,9.5,,1021.7,
2025-09-18,24.3,19.0,29.0,0.0,,,10.0,,1022.1,
2025-09-19,25.3,20.0,30.0,0.0,,,16.7,,1021.3,
2025-09-20,25.8,20.0,32.0,0.0,,,9.1,,1018.4,
2025-09-21,27.7,23.0,34.0,0.0,,,12.4,,1013.7,
2025-09-22,24.8,21.0,29.0,16.8,,,10.2,,1013.3,
2025-09-23,23.5,20.0,27.0,7.1,,,10.2,,1013.8,
2025-09-24,21.6,19.0,26.0,4.3,,,12.8,,1018.2,
2025-09-25,21.6,19.0,26.0,2.3,,,10.2,,1017.0,
2025-09-26,21.3,19.0,23.0,1.8,,,8.8,,1017.9,
2025-09-27,21.2,18.0,26.0,1.0,,,9.5,,1019.5,
2025-09-28,22.2,17.0,29.0,0.0,,,12.4,,1017.0,
2025-09-29,22.3,16.0,27.0,0.0,,,10.0,,1015.8,
2025-09-30,22.6,18.0,28.0,0.0,,,9.3,,1017.0,
2025-10-01,22.3,19.0,26.0,13.7,,,11.1,,1019.1,
2025-10-02,21.5,19.0,26.0,1.6,,,18.0,,1020.7,
2025-10-03,21.5,18.0,26.0,0.3,,,11.2,,1021.6,
2025-10-04,21.8,17.0,27.0,0.0,,,10.2,,1020.1,
2025-10-05,22.5,16.0,27.0,1.4,,,13.8,,1018.5,
2025-10-06,20.4,16.0,24.0,3.8,,,15.9,,1023.4,
2025-10-07,19.5,15.0,24.0,0.0,,,13.3,,1023.0,
2025-10-08,19.3,13.0,25.0,0.0,,,8.6,,1020.2,
2025-10-09,20.3,14.0,25.1,0.0,,,9.9,,1018.7,
2025-10-10,21.6,16.0,26.0,0.0,,,11.9,,1019.7,
2025-10-11,22.8,20.0,26.0,0.0,,,13.0,,1021.0,
2025-10-12,23.7,19.0,29.0,0.0,,,12.7,,1019.8,
2025-10-13,22.5,17.0,28.0,0.0,,,14.1,,1017.1,
2025-10-14,23.2,17.0,30.0,0.0,,,11.6,,1015.5,
2025-10-15,20.9,17.0,25.0,9.3,,,19.1,,1016.3,
2025-10-16,20.3,18.0,24.0,5.9,,,16.0,,1016.7,
2025-10-17,20.2,16.0,24.0,0.0,,,12.5,,1017.0,
2025-10-18,19.4,18.0,22.0,9.0,,,9.3,,1018.7,
2025-10-19,19.5,16.0,24.0,0.0,,,7.3,,1018.5,
2025-10-20,20.1,14.0,26.0,0.0,,,10.3,,1013.3,
2025-10-21,20.2,15.0,25.0,0.0,,,16.4,,1012.3,
2025-10-22,21.8,17.0,28.0,0.2,,,22.4,,1013.6,
2025-10-23,23.5,17.0,30.0,0.0,,,26.4,,1014.9,
2025-10-24,21.7,18.0,25.0,0.0,,,8.8,,1017.0,
2025-10-25,22.2,16.0,30.0,0.0,,,7.7,,1014.2,
2025-10-26,21.3,16.0,26.0,4.0,,,19.3,,1013.0,
2025-10-27,18.6,14.0,23.0,25.2,,,15.9,,1020.2,
2025-10-28,18.5,14.0,23.0,0.0,,,11.5,,1020.2,
2025-10-29,21.5,12.0,26.0,0.0,,,14.9,,1014.2,
2025-10-30,21.2,18.0,25.2,2.8,,,16.1,,1013.2,
2025-10-31,19.7,16.0,24.0,1.8,,,12.8,,1018.7,
2025-11-01,21.1,16.0,26.0,0.0,,,10.2,,1019.3,
2025-11-02,20.2,16.0,24.0,3.1,,,19.9,,1020.2,
2025-11-03,18.5,15.0,21.0,11.2,,,15.7,,1023.3,
2025-11-04,18.1,13.0,23.0,0.0,,,17.2,,1023.1,
2025-11-05,19.9,14.0,25.0,0.0,,,13.6,,1018.2,
2025-11-06,20.3,15.0,26.0,9.6,,,23.7,,1013.1,
2025-11-07,17.7,14.0,22.0,1.2,,,31.9,,1015.3,
2025-11-08,17.0,14.0,22.0,3.8,,,31.0,,1012.7,
2025-11-09,17.4,14.0,20.0,24.2,,,29.6,,1017.6,
2025-11-10,16.4,12.0,21.0,0.0,,,10.8,,1019.0,
2025-11-11,15.6,11.0,22.0,0.0,,,10.8,,1019.3,
2025-11-12,16.3,9.0,24.0,0.0,,,13.8,,1018.2,
2025-11-13,20.4,13.0,25.0,0.0,,,13.8,,1018.5,
2025-11-14,22.9,20.0,27.0,0.0,,,19.8,,1016.0,
2025-11-15,18.1,13.0,25.0,0.0,,,12.8,,1016.3,
2025-11-16,19.0,11.0,25.0,0.0,,,12.9,,1013.2,
2025-11-17,17.2,14.0,23.0,3.0,,,14.4,,1013.6,
2025-11-18,15.2,12.0,19.0,5.5,,,15.4,,1015.2,
2025-11-19,15.2,12.0,20.0,0.0,,,7.5,,1015.2,
2025-11-20,14.5,10.0,20.0,16.6,,,21.8,,1013.3,
2025-11-21,10.9,8.0,13.0,22.1,,,40.1,,1017.3,
2025-11-22,11.9,9.0,15.0,14.3,,,40.4,,1023.7,
2025-11-23,11.5,8.0,17.0,0.0,,,23.6,,1024.9,
2025-11-24,13.3,9.0,19.0,0.0,,,18.1,,1016.9,
2025-11-25,12.6,9.0,20.0,12.3,,,35.9,,1011.6,
2025-11-26,10.8,7.0,13.0,28.5,,,32.1,,1015.8,
2025-11-27,10.0,7.0,13.0,30.0,,,38.0,,1018.4,
2025-11-28,12.0,10.0,15.0,10.4,,,31.8,,1020.6,
2025-11-29,12.8,10.0,18.0,0.0,,,15.9,,1019.2,
2025-11-30,12.2,5.0,19.0,0.0,,,10.2,,1016.0,
2025-12-01,12.1,8.0,18.0,0.0,,,8.1,,1018.0,
2025-12-02,12.1,7.0,17.4,0.0,,,8.0,,1016.6,
2025-12-03,13.2,9.0,17.0,19.0,,,25.2,,1012.5,
2025-12-04,13.0,10.0,16.6,11.3,,,40.5,,1015.3,
2025-12-05,13.9,11.0,16.0,44.4,,,42.1,,1014.9,
2025-12-06,14.8,11.0,20.0,0.7,,,26.8,,1021.3,
2025-12-07,13.2,8.0,19.0,0.0,,,13.1,,1022.6,
2025-12-08,13.4,9.0,19.5,0.0,,,6.1,,1023.6,
2025-12-09,13.1,8.0,19.2,0.0,,,6.6,,1023.2,
2025-12-10,12.9,8.0,19.2,0.0,,,7.2,,1021.8,
2025-12-11,12.5,6.0,18.0,0.0,,,6.8,,1021.0,
2025-12-12,11.4,7.6,16.2,0.0,,,7.3,,1019.2,
2025-12-13,11.7,7.6,16.9,0.0,,,7.0,,1021.5,
2025-12-14,13.1,9.2,18.7,0.0,,,12.6,,1021.3,
2025-12-15,14.4,10.8,18.4,0.0,,,14.9,,1015.7,
2025-12-16,14.4,11.2,19.5,0.0,,,14.7,,1012.2,
2025-12-17,13.3,10.7,17.4,0.0,,,11.0,,1018.0,
2025-12-18,12.5,9.5,16.5,2.5,,,12.2,,1021.1,
2025-12-19,13.6,10.2,17.4,3.6,,,12.6,,1018.5,
2025-12-20,13.8,12.0,15.9,2.7,,,12.5,,1013.3,
2025-12-21,13.3,8.6,16.7,1.1,,,20.5,,1010.9,
2025-12-22,11.2,9.2,15.6,8.3,,,27.8,,1007.9,
2025-12-23,10.3,7.0,13.9,0.0,,,31.6,,1009.5,
2025-12-24,10.5,7.2,15.6,0.0,,,21.2,,1007.6,
2025-12-25,11.5,7.5,16.5,1.9,,,11.6,,1009.5,
2025-12-26,11.0,6.8,14.0,3.7,,,11.1,,1012.4,
2025-12-27,9.6,5.2,15.5,0.0,,,12.3,,1017.2,
2025-12-28,10.9,6.4,16.9,0.0,,,12.7,,1018.0,
2025-12-29,11.2,7.5,16.4,0.0,,,10.0,,1018.2,
2025-12-30,10.8,6.5,14.9,13.0,,,27.0,,1019.0,
2025-12-31,11.5,8.5,15.1,4.9,,,22.9,,1018.6,
2026-01-01,10.7,7.5,14.7,0.9,,,13.6,,1019.4,
2026-01-02,12.5,9.4,16.9,0.0,,,13.3,,1013.9,
2026-01-03,15.0,10.9,19.0,0.0,,,18.0,,1008.3,
2026-01-04,15.5,8.4,19.9,0.0,,,19.0,,1002.7,
2026-01-05,12.3,7.9,16.0,5.6,,,11.6,,1003.0,
2026-01-06,11.6,9.4,13.3,15.9,,,25.6,,1007.7,
2026-01-07,9.0,8.0,10.3,20.8,,,33.4,,1019.1,
2026-01-08,11.7,5.5,15.1,0.0,,,33.7,,1027.2,
2026-01-09,11.1,4.8,16.7,0.0,,,29.3,,1022.6,
2026-01-10,13.4,11.9,15.2,5.6,,,45.7,,1021.1,
2026-01-11,12.5,10.5,14.4,4.3,,,30.1,,1025.1,
2026-01-12,10.6,5.2,15.6,0.0,,,12.3,,1026.1,
2026-01-13,11.4,8.1,17.7,0.0,,,14.7,,1021.4,
2026-01-14,10.5,6.4,16.3,0.0,,,11.5,,1020.0,
2026-01-15,10.0,6.0,15.1,0.2,,,6.0,,1019.0,
2026-01-16,11.5,8.5,13.2,6.4,,,15.9,,1016.6,
2026-01-17,10.9,5.4,17.6,0.0,,,12.6,,1012.6,
2026-01-18,11.5,8.2,15.8,3.5,,,12.9,,1011.0,
2026-01-19,10.7,7.5,14.0,1.0,,,17.9,,1007.5,
2026-01-20,10.2,5.8,13.7,9.7,,,18.2,,1003.0,
2026-01-21,12.5,11.4,13.8,40.9,,,22.0,,1005.3,
2026-01-22,11.2,8.6,14.8,9.8,,,33.8,,1002.4,
2026-01-23,13.5,10.1,17.6,5.9,,,23.9,,1004.5,
2026-01-24,12.2,9.7,16.4,0.0,,,30.4,,1004.2,
2026-01-25,12.0,7.4,14.5,0.6,,,43.0,,1008.8,
2026-01-26,13.1,10.0,15.3,6.4,,,43.2,,1010.0,
2026-01-27,15.4,11.0,20.0,5.8,,,14.3,,1009.3,
2026-01-28,16.4,13.6,18.9,8.9,,,38.9,,1003.4,
2026-01-29,15.2,13.8,17.7,9.7,,,29.4,,1006.9,
2026-01-30,15.7,10.7,17.9,6.6,,,35.6,,1009.1,
2026-01-31,11.4,9.2,13.1,51.5,,,51.4,,1006.0,
2026-02-01,12.5,7.3,15.7,9.6,,,34.4,,1014.9,
2026-02-02,13.3,5.8,21.1,0.0,,,17.7,,1007.6,
2026-02-03,11.8,8.4,15.3,2.3,,,12.3,,1007.9,
2026-02-04,12.2,7.3,17.0,6.2,,,23.1,,1001.6,
2026-02-05,15.7,11.5,22.2,3.5,,,15.3,,1002.0,
2026-02-06,14.6,10.1,19.4,0.0,,,20.9,,1007.1,
2026-02-07,13.1,8.7,16.5,1.1,,,28.0,,1013.0,
2026-02-08,13.3,9.1,19.9,3.5,,,29.0,,1009.7,
2026-02-09,13.6,10.7,18.1,4.4,,,26.1,,1010.7,
2026-02-10,15.1,10.9,18.5,0.0,,,24.9,,1010.4,
2026-02-14,12.3,,,,,,46.3,,1002.0,
2026-02-15,12.8,10.7,14.7,5.0,,,41.3,,1018.6,
2026-02-16,15.1,13.1,17.4,0.0,,,37.4,,1020.7,
2026-02-17,15.5,13.0,16.8,2.1,,,36.9,,1021.3,
2026-02-18,13.2,7.6,18.8,0.0,,,9.1,,1018.9,
2026-02-19,13.4,10.3,17.7,2.0,,,33.7,,1017.6,
2026-02-20,13.5,12.3,15.3,1.6,,,31.8,,1025.3,
2026-02-21,12.7,7.0,15.8,0.1,,,19.4,,1030.6,
2026-02-22,10.8,5.4,17.1,0.0,,,8.1,,1030.0,
2026-02-23,12.0,6.3,18.7,0.0,,,7.5,,1025.6,
2026-02-24,12.6,7.5,18.7,0.0,,,7.5,,1022.3,
2026-02-25,13.3,7.1,19.9,0.0,,,10.8,,1020.2,
2026-02-26,13.7,8.2,19.9,0.0,,,8.7,,1024.0,
2026-02-27,13.5,8.2,18.5,0.0,,,8.9,,1023.6,
2026-02-28,14.3,8.4,20.4,0.0,,,9.3,,1020.5,
2026-03-01,12.9,8.8,16.2,0.0,,,8.2,,1022.5,
2026-03-02,15.3,11.5,20.0,0.0,,,14.4,,1018.4,
2026-03-03,16.9,12.6,23.2,0.9,,,19.8,,1014.4,
2026-03-04,18.5,12.0,24.0,0.0,,,18.8,,1014.1,
2026-03-05,16.2,13.5,21.1,6.0,,,20.3,,1012.2,
2026-03-06,13.7,8.5,19.0,5.9,,,11.1,,1014.7,
2026-03-07,12.9,9.4,16.7,0.2,,,13.6,,1019.4,
2026-03-08,14.0,9.0,20.2,0.0,,,12.5,,1020.5,
2026-03-09,13.3,9.9,16.6,0.5,,,9.9,,1021.5,
2026-03-10,13.4,9.2,18.0,0.0,,,12.0,,1018.7,
2026-03-11,14.6,12.5,16.3,0.1,,,20.0,,1022.8,
2026-03-12,13.8,11.8,16.5,3.2,,,15.1,,1025.1,
2026-03-13,12.9,7.6,16.4,0.5,,,13.8,,1020.8,
2026-03-14,12.6,6.1,19.8,18.9,,,17.5,,1009.2,
2026-03-15,9.9,8.9,11.6,43.8,,,32.4,,1006.4,
2026-03-16,13.4,11.5,15.6,17.3,,,37.9,,1014.6,
2026-03-17,13.9,8.4,16.3,1.3,,,26.3,,1017.4,
2026-03-18,11.5,5.3,17.8,0.0,,,11.0,,1011.7,
2026-03-19,12.4,7.3,17.8,0.0,,,18.6,,1011.7,
2026-03-20,13.4,9.4,16.6,0.0,,,20.3,,1011.9,
2026-03-21,13.7,10.5,17.4,3.3,,,19.4,,1009.3,
2026-03-22,13.1,10.9,15.8,0.0,,,10.2,,1011.1,
2026-03-23,12.6,8.2,15.8,0.3,,,8.3,,1014.6,
2026-03-24,12.0,8.8,15.3,1.3,,,8.6,,1022.1,
2026-03-25,11.4,6.2,16.1,0.0,,,10.4,,1020.2,
2026-03-26,11.9,8.4,15.2,2.4,,,18.3,,1015.3,
2026-03-27,12.1,11.3,13.5,1.4,,,29.4,,1016.3,
2026-03-28,11.2,8.9,14.7,2.6,,,19.9,,1019.5,
2026-03-29,10.4,8.3,11.2,28.5,,,22.4,,1016.1,
2026-03-30,10.6,6.6,14.1,9.8,,,17.2,,1019.6,
2026-03-31,12.2,9.5,14.3,12.0,,,40.7,,1016.6,
2026-04-01,10.8,8.7,12.4,21.6,,,37.2,,1012.9,
2026-04-02,11.9,9.4,14.2,10.3,,,36.8,,1012.6,
2026-04-03,12.9,10.8,15.3,5.1,,,32.5,,1018.7,
2026-04-04,12.4,7.5,15.8,5.0,,,17.0,,1025.4,
2026-04-05,11.9,4.9,18.0,0.0,,,12.9,,1026.4,
2026-04-06,15.6,9.9,21.7,0.0,,,14.3,,1024.3,
2026-04-07,18.4,13.7,25.5,0.0,,,14.5,,1021.2,
2026-04-08,17.8,12.8,23.4,0.0,,,13.8,,1019.9,
2026-04-09,16.6,9.6,23.2,0.0,,,10.8,,1018.9,
2026-04-10,17.0,10.3,22.4,0.0,,,10.9,,1016.7,
2026-04-11,19.9,12.3,26.4,0.0,,,16.8,,1009.3,
2026-04-12,16.8,15.1,19.6,8.0,,,24.6,,1002.5,
2026-04-13,15.6,13.6,17.4,29.4,,,32.5,,1005.9,
2026-04-14,14.0,11.7,16.3,15.1,,,30.5,,1015.8,
2026-04-15,14.5,12.0,16.3,4.9,,,30.6,,1019.9,
2026-04-16,14.8,10.1,18.2,0.0,,,18.4,,1021.2,
2026-04-17,14.6,9.2,20.1,0.0,,,8.0,,1020.6,
2026-04-18,14.6,8.4,19.9,0.0,,,7.6,,1019.9,
2026-04-19,15.4,9.3,20.3,0.0,,,9.2,,1018.2,
2026-04-20,17.0,11.4,21.5,0.0,,,9.5,,1013.8,
2026-04-21,17.5,12.4,22.5,0.0,,,9.4,,1010.7,
2026-04-22,17.7,13.1,21.9,0.0,,,8.2,,1012.2,
2026-04-23,18.0,11.9,24.5,0.0,,,19.2,,1015.0,
2026-04-24,18.2,14.2,22.2,0.0,,,23.4,,1014.1,
2026-04-25,17.4,13.9,20.6,1.2,,,9.8,,1016.1,
2026-04-26,17.3,13.5,20.8,0.0,,,10.1,,1017.5,
2026-04-27,17.7,14.3,20.6,0.0,,,9.5,,1016.1,
2026-04-28,18.7,14.7,22.5,6.1,,,11.2,,1011.0,
2026-04-29,19.6,16.4,22.9,0.0,,,14.9,,1009.7,
2026-04-30,17.8,15.2,20.4,0.0,,,11.3,,1015.3,
2026-05-01,17.5,15.2,19.7,0.7,,,11.7,,1018.1,
2026-05-02,18.5,13.5,22.1,0.0,,,25.3,,1019.5,
2026-05-03,20.1,17.4,24.1,0.4,,,15.6,,1015.8,
2026-05-04,19.7,16.4,23.6,0.0,,,17.8,,1014.1,
2026-05-05,18.8,16.0,21.7,2.7,,,14.2,,1013.2,
2026-05-06,17.8,16.3,19.6,1.4,,,13.4,,1011.4,
2026-05-07,17.9,15.9,20.3,19.0,,,17.3,,1009.4,
2026-05-08,17.4,13.2,20.7,0.7,,,14.5,,1013.0,
2026-05-09,22.4,16.1,33.3,0.0,,,24.4,,1008.7,
2026-05-10,18.4,13.7,21.9,0.0,,,15.2,,1015.9,
2026-05-11,18.0,13.9,21.2,0.0,,,16.0,,1015.5,
2026-05-12,17.6,12.5,21.6,0.0,,,10.9,,1016.6,
2026-05-13,18.3,13.1,21.4,0.0,,,19.5,,1016.5,
2026-05-14,17.8,11.7,22.8,0.0,,,7.5,,1011.3,
2026-05-15,18.0,12.9,22.9,2.5,,,16.2,,1007.0,
2026-05-16,16.5,14.1,18.5,4.3,,,15.2,,1014.3,
2026-05-17,16.5,13.3,19.3,0.0,,,13.0,,1017.2,
2026-05-18,16.3,11.7,20.2,0.0,,,8.0,,1018.7,
2026-05-19,17.7,11.6,22.6,0.0,,,7.4,,1021.9,
2026-05-20,19.3,13.7,24.4,0.0,,,13.7,,1023.2,
2026-05-21,19.4,13.5,24.6,0.0,,,13.0,,1023.9,
2026-05-22,19.3,13.7,23.6,0.0,,,11.7,,1024.0,
2026-05-23,20.1,13.9,25.2,0.0,,,16.4,,1022.8,
2026-05-24,19.4,14.3,23.2,0.0,,,7.6,,1023.6,
2026-05-25,20.4,13.9,25.1,0.0,,,18.7,,1024.7,
2026-05-26,20.6,15.0,25.0,0.0,,,15.9,,1024.3,
2026-05-27,20.3,15.3,24.3,0.0,,,9.2,,1021.4,
2026-05-28,20.7,14.9,24.9,0.0,,,11.0,,1019.1,
2026-05-29,21.2,15.8,25.5,0.0,,,6.7,,1019.7,
2026-05-30,21.1,15.2,25.8,0.0,,,8.5,,1019.0,
2026-05-31,20.8,15.7,24.4,0.0,,,8.4,,1018.4,
2026-06-01,21.4,14.9,26.0,0.0,,,10.3,,1017.0,
2026-06-02,24.6,17.9,31.3,0.0,,,11.3,,1013.4,
2026-06-03,23.3,19.5,26.0,0.0,,,13.6,,1015.3,
2026-06-04,22.0,17.4,25.8,0.0,,,12.4,,1013.2,
2026-06-05,22.4,17.8,25.9,0.0,,,12.4,,1012.9,
2026-06-06,22.4,19.2,25.7,0.0,,,13.0,,1017.0,
2026-06-07,23.1,19.4,26.3,0.3,,,13.7,,1019.3,
2026-06-08,25.7,21.8,29.8,0.6,,,10.6,,1016.6,
2026-06-09,23.2,20.5,25.8,0.0,,,13.2,,1014.8,
2026-06-10,23.2,20.8,26.0,0.4,,,12.8,,1015.8,
2026-06-11,22.4,18.4,25.0,0.0,,,19.4,,1021.2,
2026-06-12,20.7,14.9,24.6,0.0,,,7.9,,1024.3,
2026-06-13,21.3,16.1,25.4,0.0,,,10.3,,1020.7,
2026-06-14,24.1,19.4,28.3,0.0,,,11.5,,1014.5,
2026-06-15,23.3,21.2,25.9,1.0,,,14.2,,1014.0,
2026-06-16,22.9,18.8,26.3,0.0,,,9.5,,1016.9,
2026-06-17,23.6,17.9,28.7,0.0,,,10.5,,1017.7,
2026-06-18,27.1,20.3,32.8,0.0,,,14.1,,1015.5,
2026-06-19,28.3,23.4,32.5,0.0,,,14.0,,1014.0,
2026-06-20,27.5,22.1,32.0,0.0,,,14.4,,1016.5,
2026-06-21,26.8,20.2,32.0,0.0,,,13.9,,1019.9,
2026-06-22,27.1,20.4,32.9,0.0,,,18.3,,1018.8,
2026-06-23,25.5,19.9,30.4,0.0,,,11.7,,1015.7,
2026-06-24,25.8,21.2,29.6,0.0,,,9.7,,1014.0,
2026-06-25,25.9,20.7,30.7,0.0,,,10.7,,1014.3,
2026-06-26,24.8,21.6,27.4,0.0,,,12.7,,1017.2,
2026-06-27,26.2,21.9,31.0,0.0,,,13.4,,1016.4,
2026-06-28,25.9,20.6,30.2,0.0,,,8.9,,1017.2,
2026-06-29,25.5,22.6,28.4,0.0,,,13.9,,1017.9,
2026-06-30,25.1,20.8,28.7,0.0,,,8.0,,1018.5,
2026-07-01,26.0,21.4,29.4,0.0,,,8.3,,1018.6,
2026-07-02,25.8,22.4,28.5,0.0,,,13.4,,1019.1,
2026-07-03,25.4,23.0,27.9,1.7,,,22.4,,1020.3,
2026-07-04,24.7,21.1,27.7,0.0,,,16.8,,1022.4,
2026-07-05,24.7,20.1,29.0,0.0,,,7.8,,1020.9,
2026-07-06,24.1,19.0,28.7,0.0,,,6.7,,1019.5,
2026-07-07,25.8,18.9,32.2,0.0,,,8.6,,1019.1,
2026-07-08,27.0,19.4,33.4,0.0,,,9.0,,1017.0,
2026-07-09,28.4,20.6,35.4,0.0,,,9.0,,1012.0,
2026-07-10,29.1,21.8,36.8,0.0,,,15.0,,1009.3,
2026-07-11,28.9,22.7,38.4,0.0,,,11.4,,1011.2,
2026-07-12,31.6,24.7,37.2,0.0,,,13.7,,1012.0,
2026-07-13,29.0,26.1,31.7,0.0,,,14.5,,1014.0,
2026-07-14,29.0,26.2,31.3,0.0,,,14.0,,1015.5,
2026-07-15,30.7,26.2,36.3,0.0,,,12.8,,1016.6,
2026-07-16,33.1,24.9,43.3,0.0,,,10.4,,1015.9,
2026-07-17,31.4,25.0,38.0,0.0,,,13.4,,1014.7,
2026-07-18,32.3,25.3,39.6,0.0,,,11.0,,1013.0,
2026-07-19,32.7,28.0,39.7,0.0,,,14.0,,1013.0,
2026-07-20,32.2,25.2,40.2,0.0,,,11.4,,1014.0,
2026-07-21,34.1,27.5,41.1,0.0,,,13.7,,1014.2,
