time,tavg,tmin,tmax,prcp,snow,wdir,wspd,wpgt,pres,tsun
1996-02-01,11.5,8.5,15.0,5.1,,,,,,
1996-03-10,10.0,9.2,11.6,7.1,,,,,,
1996-04-09,11.8,6.0,16.7,,,,,,,
1996-04-24,12.7,12.3,15.0,,,,,,,
1996-04-26,12.0,11.2,12.9,1.0,,,,,,
1996-04-30,13.0,8.5,16.0,3.0,,,,,,
1996-06-05,18.3,12.6,22.4,4.1,,,,,,
1996-07-13,22.9,14.5,29.0,,,,,,,
1997-01-06,8.5,,11.7,,,,,,,
1997-06-13,33.5,26.6,40.0,,,,,,,
1997-12-05,10.6,8.3,14.9,,,,,,,
1998-10-10,16.1,,19.5,,,,,,,
2001-05-26,20.4,10.4,26.5,,,,,,,
2001-05-29,30.8,17.0,33.6,,,,,,,
2001-05-30,28.3,17.1,35.0,,,,,,,
2001-05-31,26.6,16.5,32.6,,,,,,,
2001-06-01,25.0,13.0,30.5,,,,,,,
2001-06-02,26.5,13.5,33.6,,,,,,,
2001-06-05,30.2,15.5,37.2,,,,,,,
2001-06-06,26.1,18.0,30.5,,,,,,,
2001-06-07,26.8,15.8,33.5,,,,,,,
2001-06-12,22.4,16.1,28.1,,,,,,,
2001-06-13,22.8,15.5,27.0,,,,,,,
2001-06-15,34.2,,37.1,,,,,,,
2001-06-16,27.7,24.0,32.4,,,,,,,
2001-06-17,24.5,18.0,29.4,,,,,,,
2001-06-19,23.7,12.2,29.6,,,,,,,
2001-06-20,24.6,11.5,30.5,,,,,,,
2001-06-22,30.1,14.0,37.0,,,,,,,
2001-06-23,31.5,17.5,39.0,,,,,,,
2001-06-24,34.9,23.0,40.6,,,,,,,
2001-06-25,34.9,24.0,41.5,,,,,,,
2001-06-26,33.1,24.5,39.1,,,,,,,
2001-06-27,29.8,22.8,35.0,,,,,,,
2001-06-28,25.8,18.5,31.0,,,,,,,
2001-06-29,25.9,16.5,31.7,,,,,,,
2001-06-30,29.2,,32.6,,,,,,,
2001-07-02,29.5,16.3,36.0,,,,,,,
2001-07-03,29.7,17.0,35.5,,,,,,,
2001-07-04,30.2,18.8,36.5,,,,,,,
2001-07-05,30.8,23.0,38.0,,,,,,,
2001-07-07,25.9,19.4,30.5,,,,,,,
2001-07-08,28.1,17.8,33.6,,,,,,,
2001-07-09,29.8,17.6,36.0,,,,,,,
2001-07-11,28.8,17.7,34.2,,,,,,,
2001-07-12,31.7,16.8,39.0,,,,,,,
2001-07-13,32.6,22.4,39.0,,,,,,,
2001-07-14,31.5,20.4,37.5,,,,,,,
2001-07-15,26.7,22.0,33.3,,,,,,,
2001-07-16,26.5,21.8,30.5,,,,,,,
2001-07-17,28.3,16.2,34.5,,,,,,,
2001-07-18,30.0,17.6,38.0,,,,,,,
2001-07-19,25.2,19.0,31.0,,,,,,,
2001-07-20,24.1,14.0,30.0,,,,,,,
2001-07-21,28.6,14.5,37.0,,,,,,,
2001-07-22,32.7,20.0,39.0,,,,,,,
2001-07-24,30.6,28.2,36.2,0.0,,,,,,
2001-07-25,26.9,22.4,31.0,0.0,,,,,,
2001-07-26,28.5,16.8,35.0,,,,,,,
2001-07-28,33.6,22.1,37.5,,,,,,,
2001-07-29,34.4,24.5,42.5,,,,,,,
2001-07-30,33.8,26.2,41.2,,,,,,,
2001-07-31,34.9,24.3,41.6,,,,,,,
2001-08-01,37.6,,42.5,,,,,,,
2001-08-02,32.7,23.4,39.0,,,,,,,
2001-08-03,30.5,24.0,38.0,,,,,,,
2001-08-04,30.6,22.2,37.0,,,,,,,
2001-08-07,29.2,17.5,36.0,,,,,,,
2001-08-08,32.7,19.8,38.6,,,,,,,
2001-08-11,31.7,,35.3,,,,,,,
2001-08-12,31.3,,37.3,,,,,,,
2001-08-13,27.8,23.4,32.0,,,,,,,
2001-08-15,33.3,22.0,38.5,,,,,,,
2001-08-16,29.1,23.8,35.0,,,,,,,
2001-08-17,23.4,22.0,25.7,6.1,,,,,,
2001-08-19,29.0,20.5,35.5,,,,,,,
2001-08-20,28.3,23.5,33.7,,,,,,,
2001-08-21,28.5,19.0,34.5,,,,,,,
2001-08-23,29.0,17.5,35.5,,,,,,,
2001-08-24,29.2,17.3,36.2,,,,,,,
2001-08-25,29.4,16.2,37.0,,,,,,,
2001-08-26,31.5,19.9,38.5,,,,,,,
2001-08-27,31.8,22.0,37.5,,,,,,,
2001-08-29,29.9,21.5,34.1,,,,,,,
2001-08-31,28.6,,32.1,,,,,,,
2001-09-02,25.9,20.0,31.0,,,,,,,
2001-09-03,28.4,17.3,35.3,,,,,,,
2001-09-04,33.2,,37.0,,,,,,,
2001-09-05,28.5,23.0,33.5,,,,,,,
2001-09-06,26.2,18.5,32.5,,,,,,,
2001-09-07,24.4,22.0,28.0,,,,,,,
2001-09-08,24.3,14.4,30.6,,,,,,,
2001-09-09,26.3,10.0,33.3,,,,,,,
2001-09-10,25.3,14.5,32.5,,,,,,,
2001-09-11,25.3,17.0,31.0,,,,,,,
2001-09-12,24.5,16.4,30.5,,,,,,,
2001-09-13,25.5,14.3,31.8,,,,,,,
2001-09-14,27.3,19.5,32.0,,,,,,,
2001-09-15,25.9,18.6,32.8,,,,,,,
2001-09-16,24.8,17.6,30.4,,,,,,,
2001-09-17,22.7,13.4,28.5,,,,,,,
2001-09-18,19.4,16.4,23.7,,,,,,,
2001-09-19,21.9,16.0,28.4,,,,,,,
2001-09-20,23.5,17.9,29.7,9.9,,,,,,
2001-09-21,23.9,17.0,30.3,0.0,,,,,,
2001-09-23,24.8,18.6,30.3,3.0,,,,,,
2001-09-24,22.4,17.9,37.2,7.9,,,,,,
2001-09-25,21.1,14.9,25.5,0.0,,,,,,
2001-09-26,23.4,15.5,29.5,,,,,,,
2001-09-27,24.7,19.0,30.2,0.0,,,,,,
2001-09-28,26.6,19.0,31.5,0.0,,,,,,
2001-09-29,20.7,18.7,26.2,3.0,,,,,,
2001-09-30,20.8,15.5,25.0,0.5,,,,,,
2001-10-01,22.1,13.6,28.8,0.0,,,,,,
2001-10-02,25.3,15.7,31.0,,,,,,,
2001-10-05,29.8,,33.5,,,,,,,
2001-10-06,26.3,19.1,32.1,,,,,,,
2001-10-07,22.8,19.5,25.4,,,,,,,
2001-10-08,21.6,8.1,29.5,,,,,,,
2001-10-09,19.2,,24.0,,,,,,,
2001-10-10,21.8,15.6,25.5,4.1,,,,,,
2001-10-11,27.6,19.0,33.0,0.0,,,,,,
2001-10-12,28.2,18.2,34.8,0.0,,,,,,
2001-10-13,26.7,17.0,34.7,,,,,,,
2001-10-14,21.8,,27.4,,,,,,,
2001-10-15,21.8,16.5,26.8,,,,,,,
2001-10-16,21.1,16.6,26.8,,,,,,,
2001-10-17,22.2,12.5,28.5,,,,,,,
2001-10-18,25.2,,29.3,,,,,,,
2001-10-19,24.7,,31.4,,,,,,,
2001-10-21,21.6,16.6,26.0,,,,,,,
2001-10-22,23.4,12.0,32.6,,,,,,,
2001-10-23,23.1,13.0,32.0,,,,,,,
2001-10-24,20.9,15.0,25.3,,,,,,,
2001-10-26,21.4,11.0,29.9,,,,,,,
2001-10-27,21.5,13.0,27.7,,,,,,,
2001-10-28,23.4,,27.1,,,,,,,
2001-10-29,19.2,9.5,25.7,,,,,,,
2001-10-30,20.2,10.0,27.5,,,,,,,
2001-10-31,21.8,14.0,26.0,,,,,,,
2001-11-01,18.9,13.7,23.5,,,,,,,
2001-11-02,16.9,13.0,21.0,,,,,,,
2001-11-03,16.7,11.1,22.0,,,,,,,
2001-11-09,13.6,,17.0,,,,,,,
2001-11-10,11.9,7.5,15.1,1.0,,,,,,
2001-11-11,9.3,5.6,11.2,2.0,,,,,,
2001-11-12,8.3,5.0,12.0,2.0,,,,,,
2001-11-13,11.2,7.5,13.6,3.0,,,,,,
2001-11-14,10.8,5.9,15.4,0.0,,,,,,
2001-11-15,10.1,6.6,13.4,,,,,,,
2001-11-16,15.3,5.3,19.1,,,,,,,
2001-11-17,15.8,8.8,21.5,,,,,,,
2001-11-18,14.2,10.9,18.8,,,,,,,
2001-11-19,11.4,8.1,15.0,,,,,,,
2001-11-20,11.1,7.6,15.0,0.5,,,,,,
2001-11-21,10.1,9.0,12.2,1.0,,,,,,
2001-11-22,14.3,10.0,17.4,5.1,,,,,,
2001-11-23,10.4,8.1,13.5,0.0,,,,,,
2001-11-24,11.1,6.9,15.6,,,,,,,
2001-11-25,8.8,1.3,15.5,,,,,,,
2001-11-26,10.3,2.5,16.8,,,,,,,
2001-11-28,11.5,,13.0,,,,,,,
2001-12-01,12.1,5.5,17.4,,,,,,,
2001-12-02,13.2,,19.0,,,,,,,
2001-12-03,10.1,2.0,16.7,,,,,,,
2001-12-04,9.9,3.0,17.0,,,,,,,
2001-12-05,10.6,1.8,17.3,,,,,,,
2001-12-06,10.8,1.5,18.0,,,,,,,
2001-12-07,11.2,3.0,15.5,,,,,,,
2001-12-09,7.8,2.6,12.5,,,,,,,
2001-12-10,7.2,0.0,13.5,,,,,,,
2001-12-11,7.5,-0.5,14.5,,,,,,,
2001-12-12,8.1,5.0,11.0,0.0,,,,,,
2001-12-13,6.4,-1.6,13.0,0.0,,,,,,
2001-12-14,8.6,1.6,14.1,,,,,,,
2001-12-15,12.3,,14.7,,,,,,,
2001-12-17,7.9,5.5,11.0,2.0,,,,,,
2001-12-18,5.7,0.1,9.1,0.0,,,,,,
2001-12-19,5.5,4.0,7.6,,,,,,,
2001-12-20,6.2,4.5,8.0,,,,,,,
2001-12-21,7.2,1.0,11.3,89.9,,,,,,
2001-12-22,10.2,6.7,14.0,0.0,,,,,,
2001-12-23,10.4,8.0,12.6,,,,,,,
2001-12-24,7.2,,10.2,,,,,,,
2001-12-25,6.6,4.0,8.4,,,,,,,
2001-12-26,7.9,5.0,12.0,0.8,,,,,,
2001-12-27,8.5,5.8,10.0,0.5,,,,,,
2001-12-28,8.4,4.4,12.5,0.0,,,,,,
2001-12-29,8.2,0.5,14.7,,,,,,,
2001-12-30,11.4,1.0,20.8,,,,,,,
2001-12-31,12.4,5.5,19.4,,,,,,,
2002-01-02,10.6,6.5,12.1,,,,,,,
2002-01-03,10.3,5.8,17.5,,,,,,,
2002-01-04,8.9,,10.0,7.1,,,,,,
2002-01-06,6.8,5.5,10.0,4.1,,,,,,
2002-01-08,6.1,0.8,10.5,,,,,,,
2002-01-09,7.4,0.0,13.5,,,,,,,
2002-01-10,9.1,2.0,14.5,,,,,,,
2002-01-11,7.4,1.3,13.0,,,,,,,
2002-01-12,8.4,4.0,13.0,,,,,,,
2002-01-13,7.8,0.9,15.0,,,,,,,
2002-01-14,8.0,5.5,9.8,0.0,,,,,,
2002-01-15,9.3,7.3,12.5,13.0,,,,,,
2002-01-16,7.7,6.0,8.6,3.0,,,,,,
2002-01-17,6.8,3.8,9.8,9.9,,,,,,
2002-01-18,6.2,0.0,11.5,0.3,,,,,,
2002-01-19,6.7,0.2,12.2,0.0,,,,,,
2002-01-20,7.7,1.8,13.5,,,,,,,
2002-01-21,8.2,-0.1,15.2,,,,,,,
2002-01-23,15.4,,19.6,,,,,,,
2002-01-26,8.9,2.5,14.5,,,,,,,
2002-01-27,10.7,2.4,18.5,,,,,,,
2002-01-28,12.5,2.6,21.0,,,,,,,
2002-01-29,12.7,2.4,22.2,,,,,,,
2002-01-31,10.8,3.1,16.2,,,,,,,
2002-02-01,11.3,6.0,17.5,,,,,,,
2002-02-02,12.6,1.8,21.1,,,,,,,
2002-02-03,12.9,3.4,21.0,,,,,,,
2002-02-05,11.2,4.2,18.8,,,,,,,
2002-02-06,10.2,7.5,12.4,,,,,,,
2002-02-07,7.1,5.3,9.7,7.1,,,,,,
2002-02-09,9.2,3.0,15.4,0.8,,,,,,
2002-02-10,12.2,4.0,18.4,0.0,,,,,,
2002-02-11,12.6,2.7,19.5,,,,,,,
2002-02-12,12.8,2.5,20.9,,,,,,,
2002-02-13,14.4,3.2,24.1,,,,,,,
2002-02-14,13.2,4.4,24.0,,,,,,,
2002-02-15,10.4,8.9,12.5,,,,,,,
2002-02-16,10.6,5.5,15.6,,,,,,,
2002-02-17,12.2,5.5,21.0,,,,,,,
2002-02-18,11.2,9.0,14.5,,,,,,,
2002-02-19,7.9,7.7,8.8,,,,,,,
2002-02-20,8.3,1.5,13.0,,,,,,,
2002-02-21,10.3,,11.4,,,,,,,
2002-02-22,7.6,6.0,10.5,,,,,,,
2002-02-24,12.1,3.8,17.4,,,,,,,
2002-02-25,14.3,,18.0,,,,,,,
2002-02-26,14.6,3.2,23.0,,,,,,,
2002-02-27,16.7,4.0,25.5,,,,,,,
2002-02-28,16.1,5.4,25.7,,,,,,,
2002-03-01,19.8,11.4,24.6,,,,,,,
2002-03-02,14.8,,21.5,,,,,,,
2002-03-03,15.6,8.5,23.0,,,,,,,
2002-03-04,15.9,9.0,22.5,,,,,,,
2002-03-05,10.2,8.5,12.7,1.0,,,,,,
2002-03-06,10.8,6.5,15.0,0.8,,,,,,
2002-03-07,9.1,5.0,12.5,0.0,,,,,,
2002-03-08,10.5,5.5,14.0,,,,,,,
2002-03-09,8.8,5.4,12.0,,,,,,,
2002-03-10,12.8,7.7,15.5,36.1,,,,,,
2002-03-11,13.8,5.5,21.5,0.0,,,,,,
2002-03-13,19.1,12.4,24.3,,,,,,,
2002-03-14,13.5,9.1,16.9,,,,,,,
2002-03-15,12.6,4.5,16.2,,,,,,,
2002-03-16,15.9,5.0,21.2,,,,,,,
2002-03-17,11.6,10.4,14.0,0.0,,,,,,
2002-03-18,15.7,,18.5,0.0,,,,,,
2002-03-19,15.8,10.4,19.8,,,,,,,
2002-03-20,16.4,7.0,22.1,,,,,,,
2002-03-21,17.6,8.0,23.6,,,,,,,
2002-03-22,18.2,6.5,24.0,,,,,,,
2002-03-23,17.6,10.2,22.3,,,,,,,
2002-03-24,13.7,7.0,28.0,,,,,,,
2002-03-25,12.8,4.6,18.5,,,,,,,
2002-03-26,11.0,3.5,17.2,,,,,,,
2002-03-27,13.0,2.8,20.5,,,,,,,
2002-03-28,14.3,8.0,17.2,,,,,,,
2002-03-29,15.1,14.0,18.5,,,,,,,
2002-03-30,12.8,10.8,15.7,,,,,,,
2002-03-31,14.9,4.4,21.0,,,,,,,
2002-04-01,16.9,6.4,23.5,,,,,,,
2002-04-02,19.0,,22.0,,,,,,,
2002-04-03,13.3,,16.5,,,,,,,
2002-04-04,7.9,6.1,10.5,0.3,,,,,,
2002-04-05,13.5,6.9,18.3,7.1,,,,,,
2002-04-06,18.9,6.0,24.0,0.0,,,,,,
2002-04-07,23.2,,27.1,,,,,,,
2002-04-08,15.5,12.4,20.0,,,,,,,
2002-04-09,17.6,9.0,23.8,,,,,,,
2002-04-10,16.4,9.0,25.0,,,,,,,
2002-04-11,15.5,,22.3,,,,,,,
2002-04-12,12.9,8.5,16.6,1.0,,,,,,
2002-04-13,11.2,8.8,13.0,0.8,,,,,,
2002-04-14,11.8,5.2,16.5,0.5,,,,,,
2002-04-18,14.3,2.2,20.5,,,,,,,
2002-04-19,12.7,8.8,15.7,,,,,,,
2002-04-23,15.3,9.5,20.2,0.5,,,,,,
2002-04-24,16.2,8.4,20.0,0.0,,,,,,
2002-04-28,24.0,11.6,31.0,,,,,,,
2002-04-29,22.2,12.0,29.0,,,,,,,
2002-05-01,23.0,13.0,30.5,,,,,,,
2002-05-03,16.1,,18.3,,,,,,,
2002-05-04,15.2,8.5,18.8,0.0,,,,,,
2002-05-05,15.6,5.5,23.0,0.0,,,,,,
2002-05-06,20.3,12.0,24.8,,,,,,,
2002-05-08,18.0,10.9,22.6,7.9,,,,,,
2002-05-11,15.3,11.8,18.4,1.0,,,,,,
2002-05-13,23.1,7.8,31.2,0.0,,,,,,
2002-05-14,24.8,12.6,30.5,,,,,,,
2002-05-15,25.7,13.0,34.2,,,,,,,
2002-05-16,29.0,15.8,36.2,,,,,,,
2002-05-17,28.1,16.0,37.3,,,,,,,
2002-05-18,20.0,17.0,23.0,,,,,,,
2002-05-19,19.9,11.0,24.5,,,,,,,
2002-05-20,23.1,9.0,31.0,,,,,,,
2002-05-21,26.1,20.5,32.0,,,,,,,
2002-05-22,26.8,16.7,36.8,,,,,,,
2002-05-24,19.3,10.8,23.8,,,,,,,
2002-05-25,21.1,9.7,29.0,,,,,,,
2002-05-28,23.1,,27.5,,,,,,,
2002-05-29,28.9,,33.8,,,,,,,
2002-05-30,28.1,16.8,34.0,,,,,,,
2002-06-01,27.7,21.5,32.2,,,,,,,
2002-06-04,27.6,,37.0,,,,,,,
2002-06-05,22.6,,27.5,,,,,,,
2002-06-06,19.5,13.9,23.5,,,,,,,
2002-06-07,19.9,12.8,23.7,,,,,,,
2002-06-08,19.9,,24.0,,,,,,,
2002-06-10,22.4,,29.5,,,,,,,
2002-06-11,24.7,13.8,32.1,1.5,,,,,,
2002-06-12,26.3,14.6,33.5,0.0,,,,,,
2002-06-13,28.3,15.4,35.5,,,,,,,
2002-06-14,31.4,19.0,37.7,,,,,,,
2002-06-16,30.3,18.1,37.8,,,,,,,
2002-06-17,32.4,18.8,38.1,,,,,,,
2002-06-19,30.4,17.5,37.3,,,,,,,
2002-06-20,31.3,19.2,37.1,,,,,,,
2002-06-21,31.3,18.1,39.5,,,,,,,
2002-06-22,34.7,,39.0,,,,,,,
2002-06-23,32.5,20.1,38.0,,,,,,,
2002-06-24,28.2,22.0,31.5,,,,,,,
2002-06-25,30.1,18.8,35.6,,,,,,,
2002-06-26,32.4,18.5,39.2,,,,,,,
2002-06-27,31.9,21.9,41.0,,,,,,,
2002-06-28,33.2,22.4,39.4,,,,,,,
2002-06-29,28.8,21.8,34.1,,,,,,,
2002-06-30,28.1,21.4,36.6,1.0,,,,,,
2002-07-01,22.8,20.0,27.3,0.0,,,,,,
2002-07-02,24.5,17.8,29.2,,,,,,,
2002-07-03,25.6,15.1,33.0,,,,,,,
2002-07-05,31.4,20.0,38.0,,,,,,,
2002-07-08,29.3,21.9,35.6,2.0,,,,,,
2002-07-12,25.4,21.4,29.0,,,,,,,
2002-07-13,24.6,18.4,31.6,,,,,,,
2002-07-14,19.9,18.5,24.5,,,,,,,
2002-07-17,25.9,18.5,33.6,,,,,,,
2002-07-26,26.9,16.0,32.4,,,,,,,
2002-07-27,26.1,17.8,33.0,,,,,,,
2002-07-28,27.5,16.8,33.4,,,,,,,
2002-08-07,25.7,21.4,28.0,,,,,,,
2002-08-10,26.8,,31.8,,,,,,,
2002-08-11,20.7,17.0,25.0,9.9,,,,,,
2002-08-12,26.7,,31.4,0.0,,,,,,
2002-08-13,30.7,,34.8,,,,,,,
2002-08-14,27.5,18.0,38.3,,,,,,,
2002-08-15,27.2,20.2,35.5,,,,,,,
2002-08-16,25.1,19.6,30.6,,,,,,,
2002-08-18,29.4,18.5,36.9,,,,,,,
2002-08-19,29.9,,34.5,,,,,,,
2002-08-20,27.6,21.8,31.6,,,,,,,
2002-08-21,25.3,18.4,32.0,,,,,,,
2002-08-23,27.3,17.8,33.5,,,,,,,
2002-08-24,24.3,19.2,30.3,,,,,,,
2002-08-25,25.1,19.0,31.0,,,,,,,
2002-08-26,23.3,19.5,26.8,0.8,,,,,,
2002-08-27,23.3,16.2,28.5,0.0,,,,,,
2002-08-28,23.7,18.2,28.0,,,,,,,
2002-08-29,24.3,17.2,28.6,,,,,,,
2002-08-31,24.4,15.4,29.6,,,,,,,
2002-09-02,23.8,16.6,32.6,,,,,,,
2002-09-04,25.0,21.0,28.7,,,,,,,
2002-09-06,23.6,15.5,28.5,,,,,,,
2002-09-07,24.3,15.4,31.0,,,,,,,
2002-09-10,24.9,17.2,31.0,0.0,,,,,,
2002-09-11,24.2,15.5,30.5,,,,,,,
2002-09-12,24.0,15.5,30.0,,,,,,,
2002-09-13,26.6,16.7,33.5,,,,,,,
2002-09-15,22.8,15.7,28.0,,,,,,,
2002-09-16,28.3,,32.4,,,,,,,
2002-09-17,28.4,21.4,33.4,0.0,,,,,,
2002-09-18,25.1,19.5,29.5,6.1,,,,,,
2002-09-19,27.6,19.2,34.8,0.3,,,,,,
2002-09-20,29.2,22.1,35.8,0.0,,,,,,
2002-09-21,24.2,21.0,28.9,,,,,,,
2002-09-22,21.6,18.0,28.5,,,,,,,
2002-09-23,20.4,16.5,26.0,,,,,,,
2002-09-24,19.3,,22.4,,,,,,,
2002-09-25,20.7,14.0,25.0,0.0,,,,,,
2002-09-26,20.1,16.7,24.0,,,,,,,
2002-09-27,19.0,,23.7,,,,,,,
2002-09-28,18.7,9.7,23.5,,,,,,,
2002-09-29,18.8,10.4,24.8,,,,,,,
2002-09-30,19.9,10.0,25.8,,,,,,,
2002-10-01,22.7,13.2,27.8,,,,,,,
2002-10-02,23.8,17.4,28.0,,,,,,,
2002-10-03,23.3,20.2,27.7,,,,,,,
2002-10-04,21.3,17.3,25.0,,,,,,,
2002-10-05,18.6,,23.5,0.0,,,,,,
2002-10-06,19.7,10.4,26.4,2.0,,,,,,
2002-10-07,19.8,15.5,25.9,0.0,,,,,,
2002-10-08,21.8,11.7,29.3,,,,,,,
2002-10-09,21.6,17.0,24.5,2.0,,,,,,
2002-10-10,13.7,,16.7,0.0,,,,,,
2002-10-11,14.2,10.0,16.6,5.1,,,,,,
2002-10-12,16.3,10.2,19.4,3.0,,,,,,
2002-10-13,19.0,12.5,23.5,0.0,,,,,,
2002-10-14,21.2,10.5,28.4,,,,,,,
2002-10-15,23.8,13.0,30.4,,,,,,,
2002-10-16,24.3,13.0,31.5,,,,,,,
2002-10-18,20.7,14.5,26.5,,,,,,,
2002-10-19,24.2,16.0,30.5,,,,,,,
2002-10-20,26.7,14.4,32.7,0.0,,,,,,
2002-10-21,27.4,23.2,33.0,,,,,,,
2002-10-22,20.7,18.5,25.7,0.0,,,,,,
2002-10-23,19.1,14.6,23.3,,,,,,,
2002-10-24,17.8,11.2,22.5,,,,,,,
2002-10-25,19.5,9.7,25.0,,,,,,,
2002-10-27,19.9,10.0,29.5,,,,,,,
2002-10-28,19.6,10.0,26.8,,,,,,,
2002-10-29,20.4,9.0,28.6,,,,,,,
2002-10-30,21.6,10.0,26.7,,,,,,,
2002-11-01,14.1,12.0,16.0,13.0,,,,,,
2002-11-02,15.7,13.1,18.2,7.9,,,,,,
2002-11-03,16.0,8.5,21.4,0.0,,,,,,
2002-11-04,17.6,13.5,19.6,,,,,,,
2002-11-05,12.3,11.0,13.5,6.1,,,,,,
2002-11-06,12.8,10.0,15.0,2.0,,,,,,
2002-11-07,8.7,5.7,11.0,1.0,,,,,,
2002-11-08,11.1,7.0,12.7,62.0,,,,,,
2002-11-09,13.8,8.6,17.0,7.1,,,,,,
2002-11-10,17.3,,19.3,0.0,,,,,,
2002-11-11,17.4,8.4,24.3,,,,,,,
2002-11-12,17.9,8.4,24.0,,,,,,,
2002-11-13,16.8,,21.8,,,,,,,
2002-11-14,21.1,16.0,24.5,,,,,,,
2002-11-15,18.3,,20.6,,,,,,,
2002-11-16,13.4,9.6,16.1,21.1,,,,,,
2002-11-17,10.9,9.4,12.4,0.0,,,,,,
2002-11-18,10.7,7.0,13.6,2.0,,,,,,
2002-11-19,12.7,4.5,16.0,0.5,,,,,,
2002-11-20,10.9,8.2,13.8,0.0,,,,,,
2002-11-21,11.5,4.0,19.0,0.8,,,,,,
2002-11-23,17.4,11.8,20.5,0.0,,,,,,
2002-11-24,18.2,14.1,20.7,,,,,,,
2002-11-25,13.9,,17.0,,,,,,,
2002-11-27,13.2,,15.8,,,,,,,
2002-11-28,13.4,6.8,19.5,,,,,,,
2002-11-30,9.2,8.2,11.0,10.9,,,,,,
2002-12-01,10.6,8.3,13.0,13.0,,,,,,
2002-12-02,11.8,10.2,14.0,6.1,,,,,,
2002-12-03,8.5,,11.0,29.0,,,,,,
2002-12-05,8.6,,11.0,1.0,,,,,,
2002-12-07,8.1,,9.2,0.0,,,,,,
2002-12-08,8.1,3.8,12.5,0.5,,,,,,
2002-12-10,10.7,5.5,13.8,,,,,,,
2002-12-12,10.8,7.0,13.8,4.1,,,,,,
2002-12-14,15.1,12.4,17.5,,,,,,,
2002-12-16,10.7,4.5,18.0,,,,,,,
2002-12-17,14.2,6.9,20.8,,,,,,,
2002-12-20,12.4,11.7,14.4,1.0,,,,,,
2002-12-21,11.9,10.8,14.2,19.1,,,,,,
2002-12-23,13.5,9.0,17.5,,,,,,,
2002-12-25,14.4,9.5,17.5,,,,,,,
2002-12-26,13.8,9.9,18.5,,,,,,,
2002-12-27,14.6,9.0,18.5,,,,,,,
2002-12-28,11.1,,14.2,,,,,,,
2002-12-29,11.0,,13.3,,,,,,,
2002-12-30,11.0,3.4,17.5,,,,,,,
2002-12-31,11.3,8.6,13.1,0.8,,,,,,
2003-01-01,11.2,6.2,15.0,,,,,,,
2003-01-02,13.1,5.8,20.4,,,,,,,
2003-01-03,13.6,5.5,21.6,,,,,,,
2003-01-04,12.3,5.8,17.8,,,,,,,
2003-01-05,11.1,7.5,14.0,2.0,,,,,,
2003-01-06,9.8,,12.5,0.0,,,,,,
2003-01-07,10.2,6.8,13.2,6.1,,,,,,
2003-01-08,10.1,6.4,12.5,0.0,,,,,,
2003-01-09,7.4,5.4,11.0,7.1,,,,,,
2003-01-26,6.1,4.5,8.0,4.1,,,,,,
2003-01-29,7.8,3.0,11.1,3.0,,,,,,
2003-01-30,4.3,,7.4,5.1,,,,,,
2003-02-01,1.7,0.6,2.6,30.0,10.0,,,,,
2003-02-02,2.3,,5.0,5.1,10.0,,,,,
2003-02-03,7.4,2.5,12.5,0.0,8.0,,,,,
2003-02-04,11.9,3.6,15.5,0.0,,,,,,
2003-02-05,7.8,6.5,9.6,11.9,,,,,,
2003-02-08,8.2,3.5,11.5,0.0,,,,,,
2003-02-09,8.9,5.9,12.0,2.0,,,,,,
2003-02-10,6.2,2.4,10.5,0.0,,,,,,
2003-02-11,7.5,4.5,9.0,16.0,,,,,,
2003-02-12,7.2,,12.0,0.0,,,,,,
2003-02-13,6.5,5.3,7.0,5.1,,,,,,
2003-02-15,6.4,0.5,10.5,0.5,,,,,,
2003-02-16,6.8,3.3,11.0,0.0,,,,,,
2003-02-17,3.3,,7.5,5.1,,,,,,
2003-02-19,8.3,0.4,13.5,0.5,,,,,,
2003-02-21,9.2,3.4,13.5,0.5,,,,,,
2003-02-22,10.3,5.5,16.8,0.0,,,,,,
2003-02-24,13.7,6.5,18.0,,,,,,,
2003-02-25,12.3,8.6,14.8,,,,,,,
2003-02-26,9.9,8.6,12.6,,,,,,,
2003-02-28,10.3,6.4,11.9,10.9,,,,,,
2003-03-01,12.5,7.5,16.8,0.8,,,,,,
2003-03-02,13.2,6.4,17.0,0.0,,,,,,
2003-03-03,13.2,8.4,16.5,,,,,,,
2003-03-04,14.7,11.5,18.4,,,,,,,
2003-03-05,15.2,5.4,21.8,,,,,,,
2003-03-06,14.4,8.5,20.8,,,,,,,
2003-03-07,13.0,8.9,16.0,,,,,,,
2003-03-08,11.7,5.8,16.0,0.0,,,,,,
2003-03-09,13.1,7.9,17.5,0.0,,,,,,
2003-03-10,12.0,7.5,17.1,,,,,,,
2003-03-11,15.1,4.5,28.4,0.0,,,,,,
2003-03-12,17.7,10.2,22.5,,,,,,,
2003-03-13,18.0,7.3,24.2,0.0,,,,,,
2003-03-14,13.6,8.0,17.7,,,,,,,
2003-03-15,12.3,10.5,15.0,,,,,,,
2003-03-16,9.1,6.8,11.6,0.0,,,,,,
2003-03-17,7.8,1.4,11.5,0.0,,,,,,
2003-03-18,9.1,-4.7,10.5,,,,,,,
2003-03-19,8.0,,10.5,,,,,,,
2003-03-20,10.3,5.5,14.6,0.0,,,,,,
2003-03-21,11.4,3.6,18.2,,,,,,,
2003-03-22,14.7,9.0,18.7,,,,,,,
2003-03-23,13.1,5.6,18.4,,,,,,,
2003-03-24,12.4,4.0,16.6,,,,,,,
2003-03-25,15.1,5.6,19.5,0.0,,,,,,
2003-03-26,16.4,6.0,22.5,,,,,,,
2003-03-27,18.2,9.6,22.7,,,,,,,
2003-03-28,16.2,,18.9,,,,,,,
2003-03-29,14.3,9.5,19.0,0.0,,,,,,
2003-03-30,14.1,11.5,15.4,1.0,,,,,,
2003-03-31,13.7,8.8,17.5,4.1,,,,,,
2003-04-01,11.9,10.2,14.0,2.0,,,,,,
2003-04-02,13.2,8.5,16.0,0.3,,,,,,
2003-04-03,3.7,,6.1,23.1,,,,,,
2003-04-04,7.3,2.7,8.2,55.9,,,,,,
2003-04-05,8.2,6.5,10.0,21.1,,,,,,
2003-04-06,10.9,4.4,15.6,5.1,,,,,,
2003-04-07,13.9,4.0,19.0,0.0,,,,,,
2003-04-08,17.3,7.0,22.8,,,,,,,
2003-04-09,17.9,11.8,23.5,0.8,,,,,,
2003-04-10,14.7,10.5,17.5,1.0,,,,,,
2003-04-11,15.9,9.0,21.0,0.0,,,,,,
2003-04-12,17.2,11.0,21.3,,,,,,,
2003-04-13,21.8,10.0,28.8,,,,,,,
2003-04-14,16.7,13.2,20.8,,,,,,,
2003-04-15,11.7,,12.9,,,,,,,
2003-04-16,11.7,9.5,13.5,5.1,,,,,,
2003-04-17,12.7,10.5,15.6,2.0,,,,,,
2003-04-18,14.5,8.2,19.3,0.0,,,,,,
2003-04-19,13.2,10.0,16.7,,,,,,,
2003-04-20,15.9,7.5,19.6,,,,,,,
2003-04-21,14.9,6.0,19.5,,,,,,,
2003-04-22,18.8,8.3,24.1,,,,,,,
2003-04-23,13.2,10.0,15.8,7.1,,,,,,
2003-04-24,16.6,9.4,21.7,0.0,,,,,,
2003-04-25,21.7,12.5,27.4,,,,,,,
2003-04-26,21.8,11.5,29.0,,,,,,,
2003-04-27,22.9,,26.0,,,,,,,
2003-04-28,25.7,14.1,31.5,,,,,,,
2003-04-29,28.2,20.0,33.5,,,,,,,
2003-05-01,22.3,,27.0,,,,,,,
2003-05-02,20.3,18.9,22.4,,,,,,,
2003-05-03,18.6,14.0,24.1,,,,,,,
2003-05-04,19.9,13.0,26.5,,,,,,,
2003-05-06,13.5,,16.8,,,,,,,
2003-05-07,17.2,6.5,23.3,,,,,,,
2003-05-10,14.2,12.0,16.5,1.0,,,,,,
2003-05-11,18.3,9.0,24.0,0.0,,,,,,
2003-05-12,18.9,9.5,25.2,,,,,,,
2003-05-13,21.5,10.5,27.0,,,,,,,
2003-05-14,22.1,10.2,28.0,,,,,,,
2003-05-15,22.0,11.5,28.5,,,,,,,
2003-05-16,21.3,15.0,26.5,1.0,,,,,,
2003-05-17,16.7,,19.0,0.0,,,,,,
2003-05-18,18.5,10.2,24.2,0.5,,,,,,
2003-05-19,24.3,10.0,30.2,0.0,,,,,,
2003-05-20,21.9,15.1,26.6,,,,,,,
2003-05-21,20.1,13.5,24.5,,,,,,,
2003-05-25,19.4,15.0,25.5,,,,,,,
2003-05-27,15.8,7.8,19.5,,,,,,,
2003-05-29,23.2,9.4,29.0,,,,,,,
2003-05-31,25.9,15.5,30.5,,,,,,,
2003-06-01,21.4,16.8,25.5,,,,,,,
2003-06-08,27.4,17.0,32.2,,,,,,,
2003-06-09,26.4,15.4,32.5,,,,,,,
2003-06-11,31.1,,34.3,,,,,,,
2003-06-12,30.3,21.0,36.0,,,,,,,
2003-06-15,27.2,14.4,34.2,,,,,,,
2003-06-16,25.9,18.0,33.5,,,,,,,
2003-06-18,29.6,17.2,34.5,,,,,,,
2003-06-19,26.4,18.0,31.5,,,,,,,
2003-06-20,25.8,14.2,32.5,,,,,,,
2003-06-21,29.8,16.4,36.2,,,,,,,
2003-06-22,31.7,22.0,38.0,,,,,,,
2003-06-23,33.5,25.4,38.5,,,,,,,
2003-06-24,33.5,22.6,39.0,,,,,,,
2003-06-25,36.1,,39.5,,,,,,,
2003-06-26,31.9,21.2,40.4,,,,,,,
2003-06-27,31.2,21.5,37.3,,,,,,,
2003-06-28,30.6,22.0,38.2,,,,,,,
2003-06-30,33.4,24.0,39.7,,,,,,,
2003-07-02,29.4,22.6,36.0,,,,,,,
2003-07-03,27.2,23.5,32.6,,,,,,,
2003-07-04,26.7,19.8,32.5,,,,,,,
2003-07-05,30.1,20.0,37.0,0.0,,,,,,
2003-07-06,27.6,22.2,31.0,1.0,,,,,,
2003-07-07,26.2,20.4,32.5,2.0,,,,,,
2003-07-08,30.9,19.5,36.5,0.0,,,,,,
2003-07-09,30.8,19.3,37.5,,,,,,,
2003-07-10,31.8,21.7,37.0,,,,,,,
2003-07-11,31.2,19.5,37.4,,,,,,,
2003-07-12,31.5,19.5,38.8,,,,,,,
2003-07-13,32.1,24.3,38.4,,,,,,,
2003-07-16,31.3,,33.5,0.0,,,,,,
2003-07-17,33.1,23.8,39.5,,,,,,,
2003-07-18,32.1,26.0,37.5,,,,,,,
2003-07-19,35.1,26.9,40.4,0.0,,,,,,
2003-07-20,36.3,23.4,41.6,,,,,,,
2003-07-21,36.8,27.4,42.8,,,,,,,
2003-07-23,35.4,27.0,42.0,,,,,,,
2003-07-24,33.3,27.0,37.7,,,,,,,
2003-07-25,35.2,24.8,41.5,,,,,,,
2003-07-26,34.2,22.0,40.7,,,,,,,
2003-07-27,36.6,,40.3,,,,,,,
2003-07-28,30.6,23.2,37.2,,,,,,,
2003-07-30,29.6,19.0,35.0,,,,,,,
2003-07-31,30.6,19.4,36.2,,,,,,,
2003-08-02,26.2,,31.5,,,,,,,
2003-08-05,31.2,21.4,36.7,,,,,,,
2003-08-06,30.2,21.5,37.0,,,,,,,
2003-08-07,32.0,21.2,37.0,,,,,,,
2003-08-08,30.7,21.4,36.6,,,,,,,
2003-08-09,28.6,20.8,35.6,0.0,,,,,,
2003-08-11,30.1,,35.1,,,,,,,
2003-08-12,33.5,,36.6,,,,,,,
2003-08-13,31.5,23.2,38.0,,,,,,,
2003-08-14,31.2,21.3,37.5,,,,,,,
2003-08-15,32.2,23.5,38.4,,,,,,,
2003-08-16,31.1,21.8,37.3,,,,,,,
2003-08-17,30.0,22.0,34.5,,,,,,,
2003-08-20,30.4,22.2,38.0,,,,,,,
2003-08-22,30.5,21.8,38.0,1.0,,,,,,
2003-08-23,33.5,25.5,40.5,0.0,,,,,,
2003-08-24,33.8,,39.0,,,,,,,
2003-08-25,28.6,23.4,34.0,,,,,,,
2003-08-26,26.8,17.8,34.0,,,,,,,
2003-08-27,33.9,,39.8,,,,,,,
2003-08-28,35.2,25.5,40.5,,,,,,,
2003-08-29,30.2,25.0,34.8,,,,,,,
2003-08-31,29.6,24.0,37.0,,,,,,,
2003-09-01,29.6,23.2,34.0,,,,,,,
2003-09-02,28.4,21.0,34.7,,,,,,,
2003-09-03,27.9,23.4,32.0,,,,,,,
2003-09-05,27.3,21.1,33.5,3.0,,,,,,
2003-09-07,25.6,19.0,30.5,4.1,,,,,,
2003-09-08,26.7,,30.6,0.0,,,,,,
2003-09-11,22.9,12.8,29.5,0.0,,,,,,
2003-09-13,22.0,14.4,27.5,,,,,,,
2003-09-14,19.8,14.0,25.0,,,,,,,
2003-09-15,18.3,14.8,23.7,,,,,,,
2003-09-21,26.4,15.0,32.4,,,,,,,
2003-09-22,25.2,19.8,30.2,,,,,,,
2003-09-24,21.5,16.1,28.5,,,,,,,
2003-09-25,20.3,,25.5,,,,,,,
2003-09-26,21.6,,24.5,,,,,,,
2003-09-27,18.8,12.0,25.6,,,,,,,
2003-09-28,24.3,14.0,30.6,,,,,,,
2003-09-29,24.2,16.0,30.0,,,,,,,
2003-09-30,27.1,16.0,33.4,,,,,,,
2003-10-01,31.9,25.4,36.5,,,,,,,
2003-10-02,30.3,23.3,37.0,,,,,,,
2003-10-03,24.0,19.0,29.0,,,,,,,
2003-10-04,22.3,18.5,26.5,,,,,,,
2003-10-05,20.6,,23.0,,,,,,,
2003-10-06,19.4,17.0,22.0,,,,,,,
2003-10-07,21.7,,25.8,,,,,,,
2003-10-08,20.0,15.0,23.5,,,,,,,
2003-10-09,20.1,11.5,26.0,,,,,,,
2003-10-10,23.7,,28.0,,,,,,,
2003-10-11,23.8,,28.4,,,,,,,
2003-10-13,23.3,17.5,28.4,0.0,,,,,,
2003-10-14,18.7,16.0,22.5,13.0,,,,,,
2003-10-15,19.2,13.5,24.0,0.5,,,,,,
2003-10-16,19.5,12.0,25.5,0.0,,,,,,
2003-10-17,15.9,14.0,17.2,69.1,,,,,,
2003-10-18,16.7,11.6,19.4,0.0,,,,,,
2003-10-20,21.1,16.0,26.0,,,,,,,
2003-10-21,22.2,16.0,26.0,3.0,,,,,,
2003-10-22,18.7,16.0,21.5,0.0,,,,,,
2003-10-23,16.2,,18.7,1.0,,,,,,
2003-10-25,14.7,8.4,19.0,0.0,,,,,,
2003-10-26,19.8,13.0,24.0,,,,,,,
2003-10-27,19.6,11.0,24.0,,,,,,,
2003-10-29,17.9,14.9,21.0,0.0,,,,,,
2003-10-31,17.3,9.5,21.0,0.5,,,,,,
2003-11-01,13.5,,17.0,0.0,,,,,,
2003-11-02,14.2,9.0,17.2,9.9,,,,,,
2003-11-03,15.3,7.2,21.5,0.0,,,,,,
2003-11-04,15.5,,19.1,,,,,,,
2003-11-06,14.9,9.0,19.0,,,,,,,
2003-11-07,15.9,8.0,20.0,,,,,,,
2003-11-08,17.6,11.0,22.0,,,,,,,
2003-11-10,16.2,8.6,21.0,,,,,,,
2003-11-11,14.8,10.7,18.0,,,,,,,
2003-11-13,13.8,10.2,16.6,0.8,,,,,,
2003-11-20,12.7,,15.8,5.1,,,,,,
2003-11-21,12.7,10.4,16.0,10.9,,,,,,
2003-11-22,14.3,9.0,18.4,0.0,,,,,,
2003-11-26,12.3,9.8,14.5,42.9,,,,,,
2003-11-27,10.3,6.5,13.8,0.5,,,,,,
2003-11-28,10.3,6.5,12.7,3.0,,,,,,
2003-11-30,11.4,7.3,16.8,0.0,,,,,,
2003-12-01,14.4,,17.0,,,,,,,
2003-12-02,11.1,9.9,13.5,0.0,,,,,,
2003-12-03,4.5,,6.6,5.1,,,,,,
2003-12-04,7.9,2.4,11.8,22.1,,,,,,
2003-12-05,9.4,3.5,15.0,0.0,,,,,,
2003-12-06,10.1,2.5,16.8,0.0,,,,,,
2003-12-07,9.0,2.7,16.0,0.0,,,,,,
2003-12-08,10.7,7.5,13.1,0.0,,,,,,
2003-12-09,9.5,,11.2,,,,,,,
2003-12-10,7.8,6.5,10.5,3.0,,,,,,
2003-12-11,8.5,6.0,10.2,15.0,,,,,,
2003-12-12,9.5,7.5,10.5,25.9,,,,,,
2003-12-13,11.0,10.0,11.6,3.0,,,,,,
2003-12-14,11.6,6.6,15.5,1.0,,,,,,
2003-12-15,10.8,9.2,12.0,0.0,,,,,,
2003-12-16,8.9,6.9,11.8,0.0,,,,,,
2003-12-17,9.2,3.3,13.0,0.0,,,,,,
2003-12-20,10.8,8.0,13.2,0.0,,,,,,
2003-12-22,10.1,6.0,14.5,0.0,,,,,,
2003-12-23,4.2,2.2,6.0,9.9,,,,,,
2003-12-26,5.9,-0.5,11.6,0.0,,,,,,
2003-12-27,7.5,0.0,14.2,0.0,,,,,,
2003-12-28,7.7,2.3,10.5,0.0,,,,,,
2003-12-30,9.3,6.0,11.6,3.0,,,,,,
2004-01-03,5.7,3.5,7.5,22.1,,,,,,
2004-01-04,6.3,2.0,10.5,7.9,,,,,,
2004-01-05,7.6,1.8,12.5,0.0,,,,,,
2004-01-07,7.0,-0.5,13.5,0.0,,,,,,
2004-01-08,9.7,3.0,13.5,0.0,,,,,,
2004-01-09,12.3,7.2,14.5,0.0,,,,,,
2004-01-10,13.4,10.4,16.2,0.0,,,,,,
2004-01-11,13.1,5.5,18.4,0.0,,,,,,
2004-01-12,12.2,1.3,20.5,0.0,,,,,,
2004-01-13,14.5,4.5,21.5,0.0,,,,,,
2004-01-14,14.8,,20.1,,,,,,,
2004-01-15,10.8,7.8,13.5,0.0,,,,,,
2004-01-16,8.9,2.3,15.5,0.5,,,,,,
2004-01-17,10.8,3.5,16.8,0.0,,,,,,
2004-01-19,4.6,2.1,6.9,7.1,,,,,,
2004-01-23,9.3,1.8,13.8,0.0,,,,,,
2004-01-24,11.9,10.3,14.0,0.8,,,,,,
2004-01-25,12.8,9.9,16.9,7.9,,,,,,
2004-01-26,11.9,6.7,15.8,0.0,,,,,,
2004-01-27,12.8,8.6,15.7,0.0,,,,,,
2004-01-29,8.3,2.0,12.5,8.9,,,,,,
2004-02-02,11.4,4.7,18.7,0.0,,,,,,
2004-02-03,11.9,5.7,19.4,0.0,,,,,,
2004-02-04,12.7,4.9,19.0,0.0,,,,,,
2004-02-05,11.9,3.0,19.4,0.0,,,,,,
2004-02-06,13.2,2.8,21.7,0.0,,,,,,
2004-02-07,15.4,,21.0,,,,,,,
2004-02-08,9.2,7.0,12.5,0.0,,,,,,
2004-02-09,10.4,9.2,13.7,0.0,,,,,,
2004-02-10,7.8,2.3,13.5,0.0,,,,,,
2004-02-11,10.6,,15.0,,,,,,,
2004-02-14,11.4,2.0,18.5,0.0,,,,,,
2004-02-15,9.5,2.3,13.5,0.0,,,,,,
2004-02-16,11.9,,13.6,,,,,,,
2004-02-17,8.8,5.0,16.0,0.0,,,,,,
2004-02-18,7.8,5.8,9.5,1.0,,,,,,
2004-02-19,10.9,5.0,14.8,1.0,,,,,,
2004-02-21,20.8,18.5,23.5,0.8,,,,,,
2004-02-22,11.8,,14.5,1.0,,,,,,
2004-02-23,12.7,3.0,19.0,0.0,,,,,,
2004-02-24,14.3,4.5,21.0,0.0,,,,,,
2004-02-25,14.1,11.0,19.0,,,,,,,
2004-02-26,12.7,9.8,16.8,2.0,,,,,,
2004-02-28,7.3,,9.6,0.0,,,,,,
2004-02-29,7.0,1.1,11.0,0.0,,,,,,
2004-03-01,3.3,,5.5,7.1,,,,,,
2004-03-07,11.7,9.4,13.8,0.0,,,,,,
2019-01-28,9.2,7.1,11.7,5.1,,,,,,
2019-03-15,14.7,4.1,21.4,0.0,,,,,,
2019-04-19,16.3,13.0,21.8,0.0,,,,,,
2019-05-18,17.8,10.4,22.8,0.0,,,,,,
2019-06-29,32.6,22.1,40.6,0.0,,,,,,
2019-09-11,17.3,13.0,22.5,0.0,,,,,,
2019-09-17,26.3,20.8,33.3,0.0,,,,,,
2019-09-27,26.4,15.8,32.7,0.0,,,,,,
2019-10-07,17.8,15.3,21.8,0.0,,,,,,
2019-10-21,21.9,15.7,26.7,0.0,,,,,,
2020-01-05,7.4,1.8,15.2,0.0,,,,,,
2020-01-19,8.2,,9.7,1.0,,,,,,
2020-01-21,11.2,9.1,13.3,0.0,,,,,,
2020-01-22,14.0,10.9,15.6,0.0,,,,,,
2020-02-14,14.8,7.7,20.6,0.0,,,,,,
2020-02-26,13.4,9.6,17.8,0.0,,,,,,
2020-02-29,17.3,8.3,25.9,0.0,,,,,,
2020-03-03,13.8,6.7,17.2,7.9,,,,,,
2020-03-04,16.0,12.0,18.4,0.3,,,,,,
2020-04-03,10.9,8.2,13.6,0.5,,,,,,
2020-06-22,26.7,16.6,31.2,0.0,,,,,,
2020-06-24,30.0,19.5,37.6,0.0,,,,,,
2020-06-28,28.3,18.7,33.8,0.0,,,,,,
2020-07-09,34.2,19.8,41.0,0.0,,,,,,
2020-08-19,31.2,21.3,41.2,0.0,,,,,,
2020-08-22,32.0,25.2,39.0,0.0,,,,,,
2020-08-29,29.2,20.8,37.1,0.0,,,,,,
2020-09-16,26.6,17.9,33.8,0.0,,,,,,
2020-10-05,18.1,11.4,23.6,0.0,,,,,,
2020-10-13,13.6,5.7,21.8,1.0,,,,,,
2020-10-27,14.5,8.5,18.5,1.0,,,,,,
2020-12-09,6.0,,9.2,10.9,,,,,,
2020-12-15,14.7,8.6,18.0,0.0,,,,,,
2021-01-02,2.9,-0.4,8.1,0.8,,,7.9,,1012.5,
2021-01-03,1.7,-1.8,6.6,0.1,,,8.7,,1015.6,
2021-01-04,2.6,-2.2,9.2,0.0,,,7.5,,1015.8,
2021-01-05,2.7,-1.2,7.9,0.0,,,7.3,,1013.9,
2021-01-06,5.1,1.6,10.9,3.2,,,7.2,,1013.3,
2021-01-07,9.9,5.5,15.9,0.0,,,11.3,,1008.6,
2021-01-08,12.9,8.5,18.6,1.4,,,8.8,,1006.3,
2021-01-09,13.6,7.7,18.9,4.4,,,9.6,,1005.1,
2021-01-10,7.3,3.9,11.8,1.4,,,4.5,,1011.0,
2021-01-11,4.4,1.1,9.3,0.7,,,6.2,,1018.0,
2021-01-12,6.3,4.9,7.8,0.0,,,9.2,,1027.2,
2021-01-13,5.5,2.5,9.8,0.0,,,5.4,,1029.3,
2021-01-14,5.4,1.4,10.4,0.0,,,5.2,,1026.0,
2021-01-15,6.9,4.1,9.6,0.6,,,9.6,,1023.7,
2021-01-16,5.7,4.1,7.5,5.1,,,10.9,,1024.8,
2021-01-17,5.7,0.7,12.8,0.0,,,4.9,,1028.4,
2021-01-18,6.8,3.0,12.0,0.0,,,4.8,,1027.3,
2021-01-19,6.7,0.7,14.2,0.0,,,8.3,,1027.3,
2021-01-20,8.6,4.5,14.1,0.0,,,12.7,,1021.7,
2021-01-21,9.4,5.7,14.2,0.7,,,9.5,,1020.4,
2021-01-22,10.0,5.3,17.8,1.1,,,10.2,,1016.5,
2021-01-23,8.8,4.6,12.8,0.0,,,10.5,,1017.3,
2021-01-24,10.9,8.1,15.5,3.1,,,13.5,,1014.6,
2021-01-25,11.2,7.2,16.3,0.7,,,9.2,,1015.9,
2021-01-26,9.3,4.2,12.2,7.7,,,11.1,,1022.0,
2021-01-27,10.5,3.5,16.1,1.1,,,5.6,,1024.7,
2021-01-28,14.6,10.4,22.1,0.0,,,4.2,,1024.6,
2021-01-29,13.0,7.1,21.6,0.0,,,5.1,,1021.9,
2021-01-30,13.5,8.6,21.2,0.1,,,7.5,,1014.6,
2021-01-31,9.2,7.3,11.8,7.4,,,16.3,,1012.0,
2021-02-01,11.5,8.8,15.6,1.9,,,14.1,,1012.9,
2021-02-02,10.8,6.5,16.6,0.0,,,7.2,,1018.9,
2021-02-03,13.0,7.2,21.2,0.0,,,9.8,,1018.2,
2021-02-04,15.0,11.6,20.6,0.0,,,12.6,,1016.1,
2021-02-05,15.3,11.8,20.9,0.0,,,17.5,,1012.9,
2021-02-06,14.7,8.9,21.1,0.4,,,16.4,,1006.8,
2021-02-07,9.0,6.2,12.6,2.7,,,9.5,,1008.3,
2021-02-08,10.4,7.0,15.7,1.5,,,13.8,,1010.8,
2021-02-09,11.2,5.8,18.2,0.0,,,9.0,,1013.7,
2021-02-10,12.5,9.0,18.2,1.6,,,13.6,,1014.0,
2021-02-11,11.8,8.7,17.2,0.8,,,5.3,,1021.0,
2021-02-12,12.2,7.0,20.5,0.1,,,7.1,,1020.2,
2021-02-13,9.9,5.3,13.8,1.0,,,11.5,,1023.5,
2021-02-14,7.2,3.7,12.0,0.0,,,6.9,,1029.9,
2021-02-15,6.7,3.1,12.5,0.0,,,3.8,,1034.4,
2021-02-16,8.3,3.0,16.1,0.0,,,9.3,,1030.8,
2021-02-17,10.4,3.6,20.3,0.0,,,7.7,,1025.7,
2021-02-18,11.4,6.0,19.3,0.0,,,10.7,,1021.6,
2021-02-19,11.1,4.8,19.2,0.0,,,8.6,,1022.0,
2021-02-20,12.8,6.5,21.3,0.0,,,10.0,,1020.3,
2021-02-21,14.9,10.0,20.8,0.4,,,18.6,,1015.2,
2021-02-22,10.3,8.1,16.3,5.3,,,10.0,,1019.4,
2021-02-23,9.2,6.9,13.8,9.3,,,4.4,,1029.4,
2021-02-24,11.2,6.4,18.7,0.0,,,4.9,,1031.1,
2021-02-25,11.0,5.0,19.1,0.0,,,5.3,,1029.2,
2021-02-26,11.3,5.5,19.7,0.0,,,6.2,,1026.3,
2021-02-27,10.4,5.2,17.6,0.0,,,5.9,,1023.3,
2021-02-28,11.1,5.4,18.1,0.0,,,10.1,,1021.2,
2021-03-01,13.7,8.9,19.4,0.0,,,15.5,,1020.7,
2021-03-02,13.7,10.2,18.5,0.0,,,7.6,,1023.2,
2021-03-03,11.7,7.8,16.0,0.5,,,7.2,,1024.7,
2021-03-04,10.4,7.9,15.6,5.0,,,3.1,,1021.2,
2021-03-05,10.1,6.1,15.3,1.9,,,4.0,,1017.1,
2021-03-06,11.9,5.7,19.6,0.6,,,7.5,,1019.2,
2021-03-07,12.2,9.1,18.2,3.1,,,7.7,,1017.4,
2021-03-08,10.3,6.9,15.7,7.6,,,5.9,,1013.3,
2021-03-09,8.5,5.2,12.6,1.8,,,6.8,,1016.2,
2021-03-10,8.0,4.8,12.5,0.0,,,6.6,,1022.5,
2021-03-11,8.3,1.7,15.9,0.0,,,3.8,,1026.7,
2021-03-12,10.5,3.8,20.1,0.0,,,8.1,,1022.5,
2021-03-13,10.4,4.9,17.1,0.0,,,4.8,,1021.6,
2021-03-14,9.6,5.7,15.6,0.1,,,8.7,,1023.1,
2021-03-15,9.3,5.2,15.3,0.0,,,5.8,,1023.9,
2021-03-16,8.0,2.2,15.0,0.0,,,6.5,,1024.0,
2021-03-17,8.7,2.4,16.0,0.0,,,3.6,,1022.4,
2021-03-18,8.8,2.9,15.8,0.2,,,5.4,,1016.2,
2021-03-19,7.2,5.3,9.7,6.8,,,4.3,,1009.9,
2021-03-20,6.3,4.4,9.4,3.2,,,9.9,,1009.0,
2021-03-21,5.6,3.9,7.8,6.9,,,14.9,,1015.7,
2021-03-22,5.7,3.7,8.3,10.1,,,12.3,,1018.0,
2021-03-23,7.8,3.8,13.0,0.3,,,7.7,,1023.9,
2021-03-24,11.4,2.3,19.4,0.0,,,7.5,,1025.5,
2021-03-25,10.2,3.4,18.0,0.0,,,5.2,,1024.9,
2021-03-26,13.5,6.1,21.9,0.0,,,8.8,,1023.8,
2021-03-27,16.0,10.3,22.9,0.0,,,8.2,,1023.6,
2021-03-28,16.2,9.9,23.9,0.0,,,8.2,,1026.5,
2021-03-29,15.3,9.0,21.4,0.0,,,8.3,,1027.5,
2021-03-30,15.7,8.3,23.5,0.0,,,6.1,,1026.2,
2021-03-31,16.9,9.9,24.1,0.0,,,6.3,,1021.8,
2021-04-01,19.0,12.8,26.7,0.0,,,10.2,,1017.7,
2021-04-02,16.3,10.4,21.6,0.2,,,8.8,,1015.4,
2021-04-03,13.3,7.4,20.3,0.0,,,7.4,,1012.6,
2021-04-04,12.3,8.6,16.7,0.9,,,9.7,,1013.7,
2021-04-05,10.6,7.0,13.6,4.6,,,9.7,,1017.3,
2021-04-06,12.4,5.3,20.7,0.0,,,6.5,,1014.9,
2021-04-07,12.2,7.5,19.9,0.0,,,6.5,,1016.2,
2021-04-08,11.8,4.4,20.9,0.0,,,6.3,,1021.7,
2021-04-09,15.8,11.2,22.1,0.3,,,14.4,,1019.8,
2021-04-10,16.4,12.4,20.0,0.5,,,12.6,,1016.5,
2021-04-11,15.9,11.7,23.0,0.2,,,9.2,,1015.6,
2021-04-12,13.0,8.9,18.5,0.4,,,7.9,,1021.1,
2021-04-13,14.1,9.4,20.4,0.0,,,6.4,,1022.3,
2021-04-14,14.3,9.7,21.5,3.9,,,5.4,,1017.0,
2021-04-15,14.3,11.1,20.3,11.9,,,6.2,,1011.6,
2021-04-16,10.2,8.0,11.8,6.7,,,11.6,,1011.7,
2021-04-17,8.3,6.0,11.5,3.8,,,9.6,,1017.1,
2021-04-18,8.1,4.0,12.7,1.2,,,8.0,,1020.7,
2021-04-19,10.1,1.5,18.8,0.0,,,6.2,,1020.1,
2021-04-20,13.9,7.1,21.3,0.0,,,6.7,,1014.7,
2021-04-21,14.6,9.5,21.7,0.0,,,7.0,,1012.3,
2021-04-22,13.1,8.3,18.1,1.1,,,6.0,,1014.5,
2021-04-23,12.5,8.9,17.9,0.2,,,8.1,,1018.0,
2021-04-24,16.3,7.2,25.1,0.0,,,11.0,,1016.7,
2021-04-25,19.7,14.8,25.6,0.0,,,18.4,,1012.3,
2021-04-26,21.7,17.3,26.8,0.0,,,12.3,,1007.9,
2021-04-27,15.1,10.1,20.3,0.0,,,6.8,,1008.2,
2021-04-28,16.2,9.3,25.5,0.5,,,7.9,,1008.6,
2021-04-29,15.7,9.8,23.5,0.7,,,7.8,,1010.8,
2021-04-30,14.9,9.4,21.4,0.6,,,6.9,,1009.3,
2021-05-01,14.1,10.1,21.5,0.8,,,10.1,,1013.8,
2021-05-02,15.2,8.7,22.8,1.7,,,4.0,,1016.8,
2021-05-03,18.4,12.9,25.3,3.1,,,9.8,,1015.8,
2021-05-04,17.9,14.7,24.4,6.8,,,8.0,,1016.0,
2021-05-05,16.6,13.4,21.5,0.4,,,6.9,,1015.6,
2021-05-06,16.0,14.3,17.5,0.0,,,5.5,,1016.4,
2021-05-07,16.4,9.6,24.2,0.0,,,5.4,,1019.0,
2021-05-08,20.0,10.9,27.7,0.0,,,9.4,,1018.5,
2021-05-09,22.1,16.4,28.0,0.0,,,15.1,,1013.7,
2021-05-10,18.4,14.5,22.7,0.6,,,12.4,,1012.6,
2021-05-11,15.0,9.0,20.4,1.8,,,10.8,,1018.5,
2021-05-12,15.1,7.0,25.1,0.0,,,5.7,,1019.3,
2021-05-13,16.8,9.8,24.1,0.0,,,6.6,,1016.3,
2021-05-14,16.8,10.8,23.9,0.0,,,9.6,,1016.0,
2021-05-15,19.4,9.2,30.3,0.0,,,5.9,,1017.2,
2021-05-16,23.8,15.2,35.0,0.0,,,7.4,,1014.2,
2021-05-17,23.2,16.5,31.2,0.0,,,7.6,,1015.0,
2021-05-18,20.8,13.1,29.8,0.0,,,7.0,,1017.7,
2021-05-19,20.5,14.7,27.7,0.0,,,8.4,,1019.0,
2021-05-20,18.5,13.4,26.4,0.0,,,6.8,,1021.6,
2021-05-21,23.0,13.5,31.6,0.0,,,13.9,,1016.6,
2021-05-22,26.1,18.3,34.0,0.0,,,8.0,,1013.1,
2021-05-23,26.8,20.1,34.9,0.0,,,10.9,,1012.1,
2021-05-24,17.3,12.9,22.0,1.0,,,12.3,,1019.9,
2021-05-25,19.2,10.5,29.4,0.0,,,6.2,,1021.1,
2021-05-26,23.3,16.5,31.9,0.0,,,11.1,,1016.0,
2021-05-27,22.2,14.9,32.8,0.0,,,5.2,,1014.9,
2021-05-28,19.6,15.1,24.7,0.0,,,9.3,,1015.3,
2021-05-29,19.2,13.8,26.6,0.0,,,8.5,,1018.0,
2021-05-30,21.4,13.0,30.3,0.0,,,5.2,,1017.6,
2021-05-31,23.4,17.9,32.9,1.5,,,6.2,,1016.5,
2021-06-01,22.5,19.0,25.7,0.9,,,8.5,,1013.5,
2021-06-02,22.3,15.0,29.3,0.0,,,7.2,,1014.6,
2021-06-03,25.9,18.2,34.4,0.9,,,8.2,,1016.6,
2021-06-04,24.0,18.5,32.2,2.6,,,12.3,,1020.0,
2021-06-05,24.0,17.9,33.1,0.0,,,8.2,,1018.7,
2021-06-06,19.1,16.1,22.6,0.8,,,11.3,,1020.9,
2021-06-07,20.7,14.2,28.1,0.0,,,5.7,,1020.9,
2021-06-08,23.3,14.6,32.7,0.0,,,7.2,,1019.7,
2021-06-09,24.0,17.5,31.5,0.0,,,7.4,,1019.6,
2021-06-10,23.7,15.1,31.7,0.0,,,7.2,,1018.3,
2021-06-11,25.3,17.5,33.7,0.0,,,8.0,,1016.0,
2021-06-12,26.4,18.3,35.1,0.1,,,7.6,,1016.6,
2021-06-13,27.8,19.4,36.3,0.0,,,7.5,,1018.2,
2021-06-14,28.2,20.2,36.7,0.0,,,7.4,,1017.0,
2021-06-15,29.7,22.0,38.7,0.0,,,10.4,,1014.1,
2021-06-16,29.2,24.2,37.6,0.0,,,10.9,,1011.3,
2021-06-17,26.4,19.1,36.6,0.0,,,10.0,,1012.9,
2021-06-18,28.9,17.3,38.1,0.0,,,12.3,,1013.0,
2021-06-19,27.3,18.2,38.7,0.0,,,8.5,,1013.4,
2021-06-20,22.9,17.3,30.9,0.0,,,10.4,,1013.7,
2021-06-21,22.5,15.2,31.4,0.0,,,8.0,,1012.8,
2021-06-22,22.0,15.3,30.6,0.0,,,9.1,,1013.6,
2021-06-23,20.7,14.7,27.5,0.0,,,9.5,,1016.2,
2021-06-24,23.1,14.2,33.1,0.0,,,4.9,,1017.5,
2021-06-25,24.3,17.4,33.3,0.0,,,7.9,,1016.5,
2021-06-26,24.3,18.1,33.7,0.0,,,9.2,,1014.0,
2021-06-27,22.7,17.4,31.2,0.0,,,7.6,,1014.5,
2021-06-28,25.1,18.5,33.0,0.0,,,8.1,,1014.7,
2021-06-29,24.6,17.7,32.3,0.0,,,7.6,,1015.3,
2021-06-30,24.9,17.5,33.4,0.0,,,7.3,,1015.6,
2021-07-01,27.3,17.8,36.4,0.0,,,7.8,,1016.1,
2021-07-02,27.8,21.3,35.3,0.0,,,8.5,,1016.5,
2021-07-03,28.7,21.1,37.1,0.0,,,7.5,,1016.0,
2021-07-04,29.0,22.1,37.4,0.0,,,8.0,,1015.3,
2021-07-05,31.5,19.7,41.7,0.0,,,6.4,,1014.7,
2021-07-06,30.1,22.7,39.9,0.0,,,8.0,,1012.8,
2021-07-07,30.0,23.8,36.3,0.0,,,10.3,,1014.5,
2021-07-08,24.8,20.3,32.1,0.0,,,7.8,,1018.6,
2021-07-09,27.8,20.9,38.1,0.0,,,7.0,,1018.5,
2021-07-10,30.2,21.8,38.5,0.0,,,8.2,,1016.0,
2021-07-11,32.4,21.8,42.2,0.0,,,6.4,,1015.6,
2021-07-12,32.9,25.1,41.5,0.0,,,7.7,,1013.2,
2021-07-13,25.2,19.4,29.6,0.0,,,12.9,,1015.3,
2021-07-14,21.9,16.4,28.5,0.0,,,9.3,,1018.2,
2021-07-15,24.4,16.2,34.2,0.0,,,6.3,,1016.2,
2021-07-16,23.9,16.9,31.6,0.0,,,7.1,,1017.7,
2021-07-17,24.6,15.5,33.3,0.0,,,7.4,,1017.2,
2021-07-18,25.5,17.1,33.9,0.0,,,8.0,,1014.1,
2021-07-19,25.0,18.7,32.1,0.0,,,6.9,,1013.2,
2021-07-20,25.4,16.9,34.4,0.0,,,6.0,,1015.0,
2021-07-21,27.7,18.8,36.3,0.0,,,8.9,,1017.5,
2021-07-22,30.2,21.8,39.6,0.0,,,9.7,,1016.2,
2021-07-23,31.3,24.5,39.6,0.0,,,8.7,,1014.0,
2021-07-24,33.2,25.6,42.0,0.0,,,8.8,,1011.6,
2021-07-25,31.0,25.1,39.0,0.0,,,7.5,,1010.6,
2021-07-26,26.5,22.1,35.6,0.0,,,6.5,,1012.6,
2021-07-27,26.4,19.0,36.8,0.0,,,5.8,,1014.2,
2021-07-28,30.3,22.3,39.6,0.0,,,11.5,,1012.8,
2021-07-29,31.4,24.6,39.5,0.0,,,8.0,,1013.6,
2021-07-30,33.2,25.3,40.5,0.0,,,8.0,,1013.8,
2021-07-31,32.5,26.9,38.7,0.0,,,8.6,,1012.2,
2021-08-01,25.6,22.9,30.0,0.0,,,8.4,,1014.7,
2021-08-02,25.9,19.3,35.0,0.0,,,4.8,,1013.2,
2021-08-03,25.2,19.5,31.6,0.0,,,8.6,,1013.8,
2021-08-04,25.0,18.9,32.0,0.0,,,8.0,,1015.0,
2021-08-05,26.7,18.9,36.0,0.0,,,6.0,,1015.1,
2021-08-06,28.8,20.0,38.6,0.0,,,7.5,,1011.2,
2021-08-07,29.3,22.9,38.9,0.0,,,8.3,,1009.1,
2021-08-08,27.4,21.7,35.6,0.0,,,7.3,,1013.0,
2021-08-09,33.8,22.5,43.1,0.0,,,13.0,,1013.4,
2021-08-10,35.8,29.1,41.7,0.0,,,13.3,,1015.7,
2021-08-11,34.6,27.6,41.8,0.0,,,11.3,,1017.1,
2021-08-12,34.2,26.9,42.6,0.0,,,8.6,,1018.2,
2021-08-13,33.1,24.6,41.4,0.0,,,7.6,,1019.7,
2021-08-14,32.4,23.4,41.3,0.0,,,6.8,,1018.9,
2021-08-15,31.9,23.9,40.6,0.0,,,7.4,,1016.8,
2021-08-16,31.0,23.1,40.0,0.0,,,6.6,,1015.7,
2021-08-17,27.3,21.7,35.5,1.2,,,6.8,,1016.4,
2021-08-18,25.3,19.2,33.3,0.0,,,5.9,,1016.7,
2021-08-19,27.1,19.3,37.5,0.0,,,6.8,,1013.7,
2021-08-20,27.7,20.0,35.5,0.2,,,3.8,,1014.6,
2021-08-21,29.4,20.2,38.6,0.0,,,6.8,,1016.3,
2021-08-22,31.3,23.7,39.8,0.0,,,8.6,,1017.4,
2021-08-23,30.5,23.8,38.5,0.0,,,7.8,,1015.4,
2021-08-24,29.7,22.1,37.3,0.4,,,7.8,,1012.2,
2021-08-25,27.7,22.5,34.4,0.3,,,7.0,,1012.2,
2021-08-26,25.8,19.8,33.1,0.0,,,5.5,,1014.6,
2021-08-27,26.3,18.8,35.2,0.0,,,6.0,,1014.8,
2021-08-28,26.6,19.7,35.1,0.3,,,6.8,,1014.5,
2021-08-29,24.7,18.7,31.6,0.0,,,6.7,,1014.2,
2021-08-30,25.1,18.0,33.6,0.0,,,5.8,,1014.1,
2021-08-31,28.8,21.3,36.6,0.0,,,10.3,,1014.6,
2021-09-01,30.6,20.7,35.4,3.0,,,10.9,,1014.6,
2021-09-02,26.9,20.2,35.2,0.3,,,8.7,,1015.8,
2021-09-03,24.7,19.8,32.9,0.3,,,6.2,,1016.4,
2021-09-04,24.1,17.6,31.7,0.0,,,6.0,,1015.8,
2021-09-05,25.2,18.1,34.2,0.0,,,6.1,,1016.9,
2021-09-06,24.3,15.9,33.5,0.0,,,6.7,,1019.8,
2021-09-07,26.5,18.5,36.4,0.0,,,7.3,,1019.2,
2021-09-08,29.6,22.7,38.2,0.0,,,7.1,,1015.3,
2021-09-09,24.5,19.6,31.9,0.0,,,9.2,,1014.3,
2021-09-10,22.1,16.5,29.3,0.0,,,7.9,,1017.6,
2021-09-11,22.4,15.6,29.8,0.0,,,5.9,,1019.1,
2021-09-12,24.1,16.6,33.1,0.0,,,6.8,,1016.6,
2021-09-13,25.8,18.0,34.6,0.0,,,7.8,,1016.7,
2021-09-14,28.6,22.1,35.3,0.0,,,15.1,,1015.3,
2021-09-15,29.4,25.1,34.0,0.0,,,12.1,,1015.3,
2021-09-16,26.3,19.3,36.1,0.0,,,8.1,,1015.7,
2021-09-17,24.2,19.9,33.8,0.0,,,7.9,,1015.4,
2021-09-18,22.7,18.4,29.1,0.0,,,7.0,,1015.0,
2021-09-19,22.8,17.6,30.2,0.0,,,7.0,,1017.0,
2021-09-20,21.8,17.7,28.7,0.0,,,5.1,,1016.8,
2021-09-21,19.6,16.6,24.5,12.2,,,6.5,,1017.4,
2021-09-22,22.9,16.5,31.7,0.8,,,9.9,,1015.9,
2021-09-23,25.8,18.9,33.1,0.0,,,14.6,,1014.4,
2021-09-24,29.2,24.1,36.1,0.0,,,13.7,,1014.7,
2021-09-25,27.9,21.1,37.6,0.0,,,10.9,,1016.7,
2021-09-26,22.7,18.4,28.6,0.0,,,7.2,,1020.3,
2021-09-27,21.7,16.8,27.2,0.0,,,7.2,,1021.6,
2021-09-28,21.0,14.1,30.1,0.0,,,5.6,,1020.7,
2021-09-29,20.0,14.5,27.7,0.0,,,7.7,,1022.5,
2021-09-30,19.6,12.0,28.9,0.0,,,6.5,,1023.1,
2021-10-01,20.6,15.0,28.3,0.0,,,7.5,,1019.8,
2021-10-02,20.2,14.3,27.2,0.0,,,5.3,,1017.7,
2021-10-03,22.3,16.3,31.1,0.0,,,9.5,,1014.0,
2021-10-04,19.1,15.3,25.8,0.0,,,8.9,,1017.7,
2021-10-05,16.4,10.8,23.2,0.0,,,6.1,,1021.0,
2021-10-06,17.0,10.7,25.6,0.0,,,7.7,,1021.7,
2021-10-07,18.9,13.6,25.1,0.0,,,6.2,,1020.1,
2021-10-08,15.3,10.2,22.5,0.0,,,6.8,,1019.0,
2021-10-09,15.1,9.1,22.5,0.0,,,5.8,,1019.4,
2021-10-10,15.7,10.1,22.2,0.0,,,6.4,,1020.6,
2021-10-11,16.1,8.9,25.1,0.0,,,6.5,,1020.8,
2021-10-12,16.0,10.1,23.5,0.0,,,5.7,,1017.8,
2021-10-13,14.4,8.5,20.7,0.2,,,8.1,,1017.7,
2021-10-14,14.3,10.2,19.2,0.0,,,10.3,,1021.6,
2021-10-15,14.5,7.2,22.8,0.0,,,4.2,,1020.8,
2021-10-16,15.5,9.7,23.6,0.0,,,6.3,,1018.3,
2021-10-17,17.1,12.5,22.9,0.0,,,6.7,,1018.9,
2021-10-18,16.9,10.7,24.1,0.0,,,5.8,,1022.6,
2021-10-19,15.7,8.4,24.8,0.0,,,6.0,,1026.0,
2021-10-20,16.7,10.7,24.2,0.0,,,9.4,,1024.7,
2021-10-21,17.4,11.5,25.2,0.0,,,9.3,,1019.8,
2021-10-22,17.3,12.6,25.4,0.0,,,7.0,,1015.9,
2021-10-23,15.0,10.8,21.1,2.0,,,5.9,,1017.8,
2021-10-24,13.7,10.2,18.2,3.1,,,10.5,,1021.6,
2021-10-25,13.3,10.7,17.3,0.3,,,7.3,,1021.6,
2021-10-26,13.9,8.7,21.0,0.0,,,5.4,,1020.9,
2021-10-27,13.7,7.9,20.4,0.0,,,5.3,,1020.3,
2021-10-28,13.4,8.2,20.1,0.1,,,4.4,,1018.5,
2021-10-29,14.7,9.3,22.4,0.0,,,6.2,,1017.0,
2021-10-30,16.9,9.9,26.3,0.0,,,7.5,,1016.2,
2021-10-31,19.2,14.8,26.1,0.0,,,8.5,,1016.2,
2021-11-01,19.0,15.1,25.2,0.8,,,10.2,,1014.6,
2021-11-02,17.9,15.2,23.2,1.2,,,7.4,,1013.6,
2021-11-03,15.2,11.5,19.6,18.0,,,8.2,,1009.0,
2021-11-04,11.0,8.4,15.8,1.2,,,5.5,,1013.2,
2021-11-05,8.6,5.5,13.0,0.1,,,8.0,,1016.9,
2021-11-06,9.1,7.7,11.3,0.0,,,6.6,,1015.2,
2021-11-07,8.6,5.7,11.0,16.2,,,10.8,,1016.2,
2021-11-08,9.6,8.6,12.1,11.9,,,8.6,,1016.4,
2021-11-09,8.5,7.1,9.6,20.3,,,9.7,,1014.7,
2021-11-10,10.8,6.6,15.4,0.8,,,9.4,,1015.4,
2021-11-11,11.1,7.0,16.7,0.4,,,4.9,,1018.5,
2021-11-12,10.8,6.2,17.9,0.4,,,8.3,,1015.6,
2021-11-13,11.0,7.5,15.6,3.7,,,6.0,,1017.0,
2021-11-14,10.1,7.1,13.9,4.5,,,4.7,,1017.1,
2021-11-15,8.9,6.9,13.8,11.7,,,8.2,,1013.9,
2021-11-16,9.2,7.8,10.3,26.3,,,16.6,,1014.4,
2021-11-17,10.4,9.1,12.7,3.4,,,9.7,,1017.7,
2021-11-18,10.8,7.1,14.8,1.8,,,3.7,,1023.7,
2021-11-19,9.9,5.3,17.1,0.0,,,6.2,,1026.8,
2021-11-20,10.0,5.6,13.9,1.2,,,9.7,,1024.0,
2021-11-21,11.2,7.9,16.0,0.9,,,8.5,,1015.9,
2021-11-22,9.5,5.3,15.2,1.1,,,5.7,,1012.7,
2021-11-23,9.6,4.5,17.4,0.0,,,7.9,,1015.4,
2021-11-24,10.8,5.6,12.6,1.0,,,9.3,,1014.8,
2021-11-25,7.9,4.0,13.0,1.7,,,9.9,,1010.3,
2021-11-26,8.0,4.3,13.3,4.2,,,7.0,,1010.2,
2021-11-27,7.5,4.3,11.9,0.2,,,10.8,,1008.4,
2021-11-28,5.2,3.6,7.0,10.9,,,12.8,,1011.3,
2021-11-29,7.3,3.6,10.2,5.7,,,14.6,,1017.6,
2021-11-30,8.4,5.2,13.3,1.0,,,5.5,,1026.1,
2021-12-01,7.6,3.0,14.8,0.0,,,6.8,,1022.8,
2021-12-02,6.4,4.3,9.5,14.3,,,8.4,,1011.6,
2021-12-03,4.6,3.0,6.6,7.7,,,12.1,,1018.5,
2021-12-04,6.2,1.1,13.2,0.0,,,4.8,,1023.3,
2021-12-05,6.5,3.6,11.1,2.9,,,11.7,,1018.2,
2021-12-06,5.5,2.4,8.5,4.3,,,16.4,,1021.3,
2021-12-07,8.8,4.4,15.7,0.0,,,5.1,,1022.6,
2021-12-08,9.6,5.2,15.1,3.4,,,12.2,,1015.9,
2021-12-09,8.5,6.3,11.3,7.1,,,15.4,,1019.4,
2021-12-10,9.1,4.4,15.7,0.0,,,8.6,,1017.5,
2021-12-11,8.6,6.4,9.9,10.7,,,15.2,,1019.1,
2021-12-12,10.2,8.5,14.4,0.5,,,7.2,,1026.5,
2021-12-13,5.8,0.9,13.2,0.0,,,6.3,,1028.1,
2021-12-14,6.4,1.5,14.7,0.0,,,5.7,,1026.0,
2021-12-15,5.0,0.3,12.3,0.0,,,5.1,,1024.8,
2021-12-16,5.4,0.1,14.1,0.0,,,6.2,,1027.1,
2021-12-17,6.1,0.2,15.1,0.0,,,7.9,,1027.3,
2021-12-18,7.1,2.2,14.7,1.2,,,5.9,,1027.2,
2021-12-19,9.2,3.1,18.8,0.0,,,7.1,,1025.7,
2021-12-20,7.0,3.0,14.4,0.0,,,5.8,,1023.7,
2021-12-21,9.1,2.2,18.1,0.0,,,4.8,,1022.8,
2021-12-22,10.5,6.7,18.4,0.0,,,6.7,,1021.6,
2021-12-23,8.9,4.5,16.0,0.0,,,4.3,,1021.7,
2021-12-24,10.0,6.2,15.7,0.0,,,10.9,,1019.1,
2021-12-25,10.8,7.2,16.0,0.0,,,9.4,,1014.5,
2021-12-26,10.5,7.0,15.1,1.2,,,7.1,,1014.4,
2021-12-27,12.3,8.5,17.8,0.0,,,7.5,,1017.0,
2021-12-28,11.8,8.7,17.1,0.0,,,7.6,,1021.2,
2021-12-29,10.7,6.9,16.8,0.0,,,5.1,,1024.1,
2021-12-30,10.0,4.9,18.6,0.0,,,3.8,,1024.7,
2021-12-31,10.3,6.4,18.4,0.0,,,5.0,,1027.2,
2022-01-01,10.3,4.6,19.4,0.0,,,5.6,,1028.7,
2022-01-02,10.7,4.1,19.8,0.0,,,4.3,,1029.2,
2022-01-03,11.1,3.7,20.2,0.0,,,5.3,,1026.6,
2022-01-04,10.8,6.1,17.8,0.0,,,10.1,,1019.4,
2022-01-05,8.2,5.2,11.2,0.5,,,12.9,,1015.9,
2022-01-06,5.0,2.2,7.8,3.0,,,7.2,,1017.1,
2022-01-07,4.1,1.1,7.4,2.2,,,10.1,,1023.9,
2022-01-08,6.0,3.1,11.1,2.0,,,9.3,,1026.9,
2022-01-09,6.8,1.8,13.0,0.0,,,9.9,,1020.7,
2022-01-10,9.0,5.8,11.6,8.3,,,16.6,,1015.7,
2022-01-11,6.4,3.8,8.4,1.5,,,12.8,,1022.2,
2022-01-12,5.3,2.9,8.3,0.3,,,11.0,,1027.4,
2022-01-13,5.9,2.7,10.0,0.1,,,8.0,,1030.9,
2022-01-14,5.3,1.4,11.7,0.0,,,5.2,,1032.2,
2022-01-15,5.0,0.5,12.4,0.0,,,5.4,,1029.0,
2022-01-16,4.5,-0.1,11.7,0.0,,,5.1,,1030.0,
2022-01-17,3.8,-1.4,10.5,0.0,,,4.8,,1032.8,
2022-01-18,4.2,-2.1,13.0,0.0,,,6.5,,1032.5,
2022-01-19,5.2,-0.2,13.5,0.0,,,6.0,,1030.8,
2022-01-20,4.7,0.4,12.0,0.0,,,6.0,,1026.7,
2022-01-21,4.4,-1.4,11.8,0.0,,,6.4,,1024.5,
2022-01-22,4.3,0.7,10.6,0.0,,,4.5,,1029.2,
2022-01-23,5.1,-0.8,12.7,0.0,,,9.3,,1027.1,
2022-01-24,6.2,2.2,12.6,0.0,,,9.9,,1026.5,
2022-01-25,5.9,0.1,13.9,0.0,,,7.4,,1029.7,
2022-01-26,6.3,2.2,13.7,0.0,,,9.0,,1030.4,
2022-01-27,5.6,0.4,13.4,0.0,,,6.9,,1029.6,
2022-01-28,5.8,0.1,14.1,0.0,,,5.8,,1030.6,
2022-01-29,5.3,-0.2,12.9,0.0,,,5.8,,1032.4,
2022-01-30,5.8,-0.2,14.2,0.0,,,4.5,,1030.0,
2022-01-31,7.5,0.6,16.4,0.0,,,8.2,,1023.9,
2022-02-01,6.6,3.9,8.2,0.8,,,15.5,,1023.8,
2022-02-02,8.5,5.4,13.4,0.1,,,11.5,,1026.8,
2022-02-03,11.1,2.9,20.9,0.0,,,5.7,,1024.6,
2022-02-04,13.3,7.2,21.7,0.0,,,6.7,,1022.5,
2022-02-05,10.4,5.5,17.2,0.0,,,6.0,,1022.5,
2022-02-06,8.8,3.9,16.0,0.0,,,5.8,,1025.8,
2022-02-07,8.3,3.5,14.5,0.0,,,5.3,,1027.8,
2022-02-08,8.1,3.5,13.1,0.0,,,4.6,,1030.3,
2022-02-09,8.4,3.5,15.5,0.0,,,10.1,,1030.8,
2022-02-10,7.7,3.5,14.3,0.0,,,10.1,,1028.7,
2022-02-11,6.3,0.4,14.2,0.0,,,7.0,,1025.6,
2022-02-12,11.0,6.4,15.6,0.0,,,5.3,,1025.6,
2022-02-13,8.2,2.7,15.5,0.0,,,6.9,,1023.4,
2022-02-14,8.9,3.2,17.0,0.2,,,8.3,,1019.8,
2022-02-15,7.6,4.0,11.6,5.7,,,9.0,,1025.1,
2022-02-16,7.3,2.0,14.4,0.0,,,7.4,,1027.2,
2022-02-17,9.3,4.3,15.9,0.0,,,7.5,,1025.5,
2022-02-18,12.2,3.8,23.7,0.0,,,6.6,,1021.2,
2022-02-19,12.6,9.1,20.2,0.0,,,9.6,,1018.5,
2022-02-20,10.8,5.5,14.7,0.1,,,5.9,,1025.9,
2022-02-21,8.6,3.5,16.0,0.0,,,7.1,,1026.6,
2022-02-22,8.2,4.5,14.1,0.0,,,8.7,,1026.9,
2022-02-23,9.2,1.4,17.9,0.0,,,7.1,,1026.6,
2022-02-24,13.5,9.1,21.3,0.0,,,9.6,,1021.3,
2022-02-25,11.4,6.3,18.8,0.0,,,7.0,,1020.6,
2022-02-26,10.0,5.4,17.2,0.0,,,5.5,,1021.5,
2022-02-27,9.6,5.5,15.1,7.4,,,6.4,,1020.2,
2022-02-28,5.7,4.2,8.4,22.1,,,7.5,,1024.5,
2022-03-01,5.5,1.0,11.8,0.0,,,5.4,,1027.8,
2022-03-02,7.0,0.5,15.4,0.0,,,6.9,,1025.2,
2022-03-03,8.2,2.7,15.9,0.0,,,7.3,,1018.5,
2022-03-04,7.3,6.0,8.7,11.4,,,5.9,,1014.0,
2022-03-05,7.1,3.5,10.1,9.7,,,10.1,,1016.2,
2022-03-06,6.7,3.2,11.6,2.3,,,9.1,,1014.3,
2022-03-07,6.7,1.7,14.0,7.3,,,5.3,,1014.5,
2022-03-08,7.2,4.6,11.1,3.5,,,5.0,,1019.0,
2022-03-09,8.1,5.1,12.7,1.3,,,6.2,,1023.3,
2022-03-10,10.0,4.5,16.1,0.0,,,11.6,,1022.3,
2022-03-11,11.7,6.1,18.7,0.0,,,7.3,,1018.9,
2022-03-12,10.3,6.7,13.8,5.0,,,7.5,,1016.9,
2022-03-13,10.3,3.8,17.6,0.1,,,5.9,,1017.6,
2022-03-14,15.4,10.4,20.1,0.1,,,19.6,,1017.0,
2022-03-15,16.8,13.9,20.1,0.0,,,18.5,,1019.3,
2022-03-16,14.1,7.7,17.7,0.7,,,14.4,,1013.3,
2022-03-17,9.2,5.9,13.7,1.9,,,5.1,,1011.5,
2022-03-18,9.0,5.9,13.6,3.9,,,6.0,,1015.9,
2022-03-19,9.3,7.6,11.3,7.4,,,9.6,,1017.9,
2022-03-20,11.1,7.9,16.4,0.6,,,7.1,,1020.7,
2022-03-21,11.6,9.0,14.9,0.6,,,16.0,,1023.6,
2022-03-22,10.8,8.5,14.1,9.0,,,13.4,,1022.8,
2022-03-23,9.5,8.2,12.0,6.7,,,14.9,,1023.1,
2022-03-24,11.7,7.8,16.7,0.1,,,17.0,,1021.0,
2022-03-25,12.7,10.4,16.6,0.0,,,16.9,,1015.2,
2022-03-26,11.6,6.4,17.6,0.3,,,8.6,,1014.0,
2022-03-27,10.3,6.7,14.8,0.6,,,7.2,,1021.2,
2022-03-28,13.4,6.3,22.3,0.0,,,7.6,,1021.0,
2022-03-29,16.0,13.2,19.7,0.9,,,16.2,,1010.5,
2022-03-30,12.4,9.3,14.5,6.0,,,8.6,,1003.8,
2022-03-31,10.3,8.0,13.0,4.0,,,13.2,,1004.0,
2022-04-01,7.8,5.3,12.9,9.0,,,11.6,,1010.8,
2022-04-02,5.5,1.4,10.0,0.9,,,8.3,,1017.0,
2022-04-03,6.6,-0.6,15.2,0.6,,,4.6,,1013.5,
2022-04-04,9.8,4.7,16.3,2.4,,,5.5,,1007.8,
2022-04-05,14.1,8.4,23.0,5.8,,,9.7,,1006.5,
2022-04-06,10.7,7.5,14.0,0.3,,,12.3,,1013.6,
2022-04-07,11.2,5.6,17.7,0.0,,,6.5,,1021.6,
2022-04-08,12.6,5.4,21.8,0.0,,,6.7,,1019.6,
2022-04-09,12.4,7.5,19.1,0.0,,,7.2,,1018.1,
2022-04-10,13.9,6.6,22.6,0.0,,,6.1,,1018.3,
2022-04-11,17.8,12.4,24.1,0.0,,,13.6,,1015.3,
2022-04-12,16.4,11.2,24.5,0.4,,,12.9,,1011.7,
2022-04-13,10.1,8.8,11.2,39.2,,,9.5,,1010.3,
2022-04-14,11.4,7.5,17.3,7.6,,,7.6,,1008.4,
2022-04-15,11.8,9.6,15.2,5.8,,,11.1,,1013.5,
2022-04-16,11.9,8.6,16.7,0.0,,,11.0,,1018.9,
2022-04-17,12.8,7.3,18.7,0.0,,,9.5,,1017.5,
2022-04-18,13.7,6.8,20.6,0.0,,,4.8,,1016.9,
2022-04-19,16.0,10.2,24.1,0.0,,,7.3,,1011.5,
2022-04-20,12.2,5.7,18.2,14.0,,,7.7,,1006.7,
2022-04-21,8.9,4.9,12.3,3.0,,,14.6,,1005.9,
2022-04-22,13.4,5.3,21.5,0.0,,,7.3,,1007.6,
2022-04-23,15.3,10.3,22.6,0.2,,,10.5,,1008.4,
2022-04-24,12.4,7.2,18.8,0.0,,,5.8,,1013.8,
2022-04-25,13.9,6.7,21.7,0.0,,,6.3,,1012.5,
2022-04-26,17.2,10.1,25.5,0.7,,,6.6,,1011.5,
2022-04-27,15.3,11.7,20.6,0.2,,,8.9,,1013.6,
2022-04-28,11.7,10.5,13.8,10.8,,,8.7,,1017.5,
2022-04-29,12.7,9.7,17.1,11.6,,,6.5,,1020.0,
2022-04-30,12.3,8.5,17.9,0.0,,,9.6,,1020.5,
2022-05-01,12.7,4.5,19.6,0.0,,,4.9,,1019.7,
2022-05-02,14.0,8.2,20.9,6.3,,,5.9,,1014.5,
2022-05-03,14.8,9.6,20.4,3.4,,,6.1,,1011.3,
2022-05-04,17.4,12.1,25.4,2.7,,,15.0,,1008.8,
2022-05-05,12.4,10.9,13.4,18.8,,,15.4,,1013.5,
2022-05-06,12.3,9.1,16.6,2.9,,,13.2,,1021.1,
2022-05-07,11.8,7.2,16.6,0.0,,,10.4,,1020.3,
2022-05-08,13.1,7.0,18.7,0.4,,,7.3,,1020.6,
2022-05-09,14.0,8.3,20.2,0.0,,,6.4,,1022.0,
2022-05-10,13.5,7.7,19.1,0.0,,,6.8,,1022.8,
2022-05-11,15.4,7.7,23.5,0.0,,,5.7,,1021.8,
2022-05-12,19.0,12.2,26.6,0.0,,,11.4,,1020.9,
2022-05-13,20.0,14.5,27.1,0.0,,,8.0,,1020.8,
2022-05-14,21.0,12.6,29.1,0.0,,,4.9,,1018.6,
2022-05-15,22.1,14.7,30.8,0.0,,,6.9,,1017.1,
2022-05-16,21.1,14.5,27.4,0.0,,,6.4,,1019.8,
2022-05-17,21.8,15.4,29.0,0.1,,,6.7,,1019.1,
2022-05-18,21.3,14.6,29.3,0.0,,,5.8,,1018.5,
2022-05-19,22.8,14.8,32.4,0.0,,,8.4,,1019.7,
2022-05-20,23.7,16.7,31.3,0.0,,,8.9,,1022.2,
2022-05-21,24.1,17.8,31.8,0.0,,,8.6,,1020.5,
2022-05-22,25.4,17.4,34.2,0.0,,,9.2,,1014.8,
2022-05-23,24.3,17.8,31.9,0.5,,,6.8,,1011.1,
2022-05-24,23.0,15.4,32.3,0.0,,,6.9,,1009.7,
2022-05-25,19.3,14.0,25.1,2.0,,,9.3,,1013.4,
2022-05-28,18.4,11.6,24.9,0.0,,,8.5,,1016.1,
2022-05-29,22.5,14.0,31.2,0.0,,,7.5,,1010.4,
2022-05-30,22.8,17.5,29.5,0.0,,,7.1,,1010.9,
2022-05-31,24.8,16.5,34.9,0.0,,,6.0,,1013.4,
2022-06-01,28.2,20.2,37.6,0.3,,,8.3,,1013.6,
2022-06-02,26.6,19.9,36.3,0.0,,,6.4,,1013.1,
2022-06-03,23.9,15.2,31.4,0.0,,,11.7,,1014.3,
2022-06-04,24.9,17.6,36.9,0.0,,,7.7,,1015.8,
2022-06-05,24.0,17.1,31.3,0.0,,,8.8,,1019.4,
2022-06-06,26.5,19.1,36.5,0.0,,,6.7,,1018.2,
2022-06-07,24.6,18.3,31.5,0.0,,,8.2,,1017.1,
2022-06-08,24.0,15.8,32.6,0.0,,,7.1,,1015.2,
2022-06-09,23.5,18.0,29.4,0.0,,,9.5,,1016.4,
2022-06-10,20.7,15.3,26.3,0.0,,,8.8,,1019.5,
2022-06-11,21.5,13.0,29.9,0.0,,,6.1,,1020.0,
2022-06-12,23.9,14.1,34.2,0.0,,,7.9,,1019.8,
2022-06-13,26.9,16.6,36.7,0.0,,,7.5,,1017.8,
2022-06-14,29.9,20.7,38.7,0.0,,,9.2,,1015.7,
2022-06-15,29.8,20.6,37.2,0.0,,,7.4,,1016.8,
2022-06-16,29.3,21.3,38.1,0.0,,,7.7,,1017.2,
2022-06-17,29.2,20.0,37.2,0.0,,,8.0,,1018.1,
2022-06-18,29.1,20.5,37.5,0.0,,,8.1,,1015.5,
2022-06-19,27.9,21.7,37.4,0.0,,,9.4,,1012.2,
2022-06-20,29.6,21.6,40.5,0.0,,,8.6,,1012.9,
2022-06-21,31.3,24.2,38.2,0.0,,,8.8,,1012.9,
2022-06-22,25.7,19.9,32.0,0.1,,,8.3,,1013.5,
2022-06-23,24.7,18.0,31.1,0.0,,,9.1,,1015.3,
2022-06-24,22.9,19.0,28.6,0.3,,,10.9,,1015.8,
2022-06-25,24.8,19.0,32.4,0.3,,,7.9,,1012.6,
2022-06-26,25.9,16.2,37.8,0.0,,,7.3,,1009.8,
2022-06-27,23.4,17.5,31.2,0.0,,,11.6,,1013.8,
2022-06-28,22.1,14.5,30.5,0.0,,,8.8,,1017.3,
2022-06-29,25.4,16.3,35.3,0.0,,,7.2,,1013.0,
2022-06-30,26.8,18.8,36.5,0.0,,,5.7,,1011.3,
2022-07-01,25.4,18.4,32.6,0.0,,,9.2,,1015.1,
2022-07-02,32.1,24.1,41.8,0.0,,,7.1,,1016.1,
2022-07-03,31.6,22.8,39.2,0.2,,,7.4,,1017.3,
2022-07-04,30.3,22.2,37.6,0.1,,,7.2,,1017.4,
2022-07-05,31.0,23.0,39.3,0.0,,,6.6,,1017.5,
2022-07-06,30.7,23.8,38.7,0.1,,,8.4,,1017.2,
2022-07-07,25.2,20.4,31.4,0.0,,,10.4,,1020.1,
2022-07-08,23.1,17.3,29.2,0.0,,,9.2,,1021.4,
2022-07-09,23.3,15.9,30.7,0.0,,,6.4,,1020.7,
2022-07-10,24.0,16.2,32.6,0.0,,,6.6,,1017.6,
2022-07-11,26.2,16.1,36.3,0.0,,,7.3,,1015.3,
2022-07-12,29.8,23.3,37.9,0.0,,,11.4,,1016.6,
2022-07-13,26.4,19.6,34.9,0.0,,,7.7,,1019.2,
2022-07-14,26.1,16.7,35.9,0.0,,,7.0,,1018.2,
2022-07-15,26.8,18.6,36.3,0.0,,,7.3,,1015.4,
2022-07-16,28.8,20.0,38.2,0.0,,,7.1,,1014.8,
2022-07-17,30.2,22.2,38.8,0.0,,,8.1,,1015.9,
2022-07-18,30.0,22.6,38.4,0.0,,,8.1,,1016.4,
2022-07-19,29.7,23.3,38.6,0.0,,,9.3,,1015.7,
2022-07-20,28.0,20.4,35.6,0.0,,,7.6,,1016.5,
2022-07-21,28.4,19.8,38.0,0.0,,,7.4,,1016.6,
2022-07-22,28.3,20.2,37.6,0.0,,,7.4,,1016.0,
2022-07-23,29.4,21.4,36.9,0.0,,,6.9,,1016.5,
2022-07-24,30.3,22.0,38.7,0.0,,,7.4,,1016.5,
2022-07-25,30.1,22.5,39.2,0.0,,,7.9,,1015.9,
2022-07-26,29.8,21.8,39.8,0.0,,,6.2,,1014.3,
2022-07-27,27.2,20.7,34.2,0.0,,,8.0,,1013.3,
2022-07-28,27.4,19.8,34.9,0.0,,,6.8,,1013.3,
2022-07-29,29.5,21.4,39.0,0.0,,,8.2,,1013.8,
2022-07-30,29.2,21.2,39.5,0.0,,,6.7,,1016.3,
2022-07-31,31.3,22.5,41.5,0.1,,,6.8,,1015.3,
2022-08-01,26.5,19.9,33.1,0.0,,,9.6,,1015.8,
2022-08-02,26.0,18.9,33.4,0.0,,,7.7,,1015.8,
2022-08-03,26.5,17.9,36.0,0.0,,,6.5,,1014.3,
2022-08-04,27.7,19.8,36.6,0.0,,,7.4,,1013.5,
2022-08-05,27.9,20.1,35.6,0.0,,,7.0,,1014.5,
2022-08-06,27.1,18.9,36.2,0.0,,,8.0,,1015.8,
2022-08-07,27.4,18.9,36.6,0.0,,,6.3,,1015.1,
2022-08-08,28.4,20.2,37.8,0.0,,,7.3,,1015.2,
2022-08-09,28.8,20.6,37.5,0.0,,,7.4,,1016.0,
2022-08-10,28.1,19.7,37.4,0.0,,,7.1,,1015.5,
2022-08-11,29.1,21.6,38.0,0.0,,,8.8,,1013.9,
2022-08-12,28.6,19.7,37.6,0.0,,,6.6,,1015.0,
2022-08-13,30.6,20.9,40.9,0.0,,,6.8,,1014.1,
2022-08-14,31.2,22.3,41.4,0.0,,,7.6,,1011.6,
2022-08-15,29.5,25.2,35.5,0.7,,,7.5,,1010.9,
2022-08-16,29.6,24.1,37.9,0.0,,,8.2,,1010.8,
2022-08-17,26.4,20.3,33.8,0.0,,,11.5,,1009.7,
2022-08-18,23.6,17.9,30.8,0.0,,,9.2,,1013.9,
2022-08-19,22.4,16.5,29.5,0.0,,,8.5,,1018.5,
2022-08-20,23.6,15.2,33.0,0.0,,,6.7,,1018.7,
2022-08-21,24.9,16.0,34.2,0.0,,,7.1,,1016.2,
2022-08-22,26.0,19.1,34.4,0.0,,,7.1,,1013.1,
2022-08-23,24.6,17.2,33.0,0.0,,,7.0,,1014.4,
2022-08-24,25.4,17.6,34.4,0.0,,,7.3,,1014.7,
2022-08-25,26.3,16.6,36.0,0.0,,,6.6,,1014.4,
2022-08-26,26.1,19.3,33.7,0.0,,,7.5,,1012.6,
2022-08-27,25.1,17.4,34.0,0.0,,,5.8,,1011.6,
2022-08-28,27.6,18.7,36.6,0.0,,,6.6,,1012.8,
2022-08-29,29.7,21.6,38.6,0.0,,,6.1,,1015.3,
2022-08-30,30.3,22.7,38.4,0.0,,,6.7,,1017.4,
2022-08-31,26.1,21.6,30.0,0.0,,,8.0,,1018.2,
2022-09-01,27.1,19.5,35.4,0.0,,,6.1,,1015.6,
2022-09-02,27.9,21.5,34.2,0.0,,,5.9,,1014.6,
2022-09-03,28.4,23.6,35.3,0.0,,,7.2,,1015.1,
2022-09-04,27.9,20.9,37.9,0.0,,,8.4,,1016.4,
2022-09-05,26.2,20.1,37.4,0.0,,,6.7,,1019.0,
2022-09-06,27.4,19.8,35.1,0.2,,,6.2,,1018.6,
2022-09-07,30.1,23.1,37.2,0.0,,,7.9,,1016.1,
2022-09-08,28.0,21.8,35.9,0.0,,,6.9,,1015.7,
2022-09-09,26.2,19.8,34.2,0.0,,,5.8,,1017.4,
2022-09-10,26.9,19.2,35.1,0.0,,,5.4,,1017.9,
2022-09-11,27.8,19.9,36.6,0.0,,,6.9,,1016.3,
2022-09-12,28.9,20.7,38.8,0.3,,,6.5,,1013.8,
2022-09-13,30.5,23.9,39.3,0.0,,,9.8,,1012.0,
2022-09-14,28.6,20.9,38.9,0.0,,,10.2,,1011.9,
2022-09-15,23.5,19.7,31.2,0.0,,,10.0,,1014.2,
2022-09-16,21.9,17.2,29.0,1.3,,,6.0,,1013.8,
2022-09-17,21.9,15.5,30.1,0.0,,,5.9,,1012.6,
2022-09-18,24.8,18.4,34.0,0.3,,,9.4,,1013.0,
2022-09-19,26.5,20.7,36.2,0.0,,,8.4,,1012.5,
2022-09-20,22.6,19.4,28.7,0.0,,,8.4,,1016.4,
2022-09-21,20.9,16.5,27.3,5.0,,,6.7,,1017.2,
2022-09-22,18.5,15.3,22.9,0.2,,,8.4,,1017.1,
2022-09-23,18.3,14.2,24.0,0.2,,,6.9,,1018.6,
2022-09-24,21.8,15.3,28.5,0.0,,,12.2,,1015.4,
2022-09-25,20.0,16.9,25.8,4.2,,,13.4,,1013.2,
2022-09-26,19.1,15.5,25.2,0.8,,,7.8,,1013.4,
2022-09-27,17.6,12.9,23.3,0.0,,,9.4,,1015.4,
2022-09-28,17.6,11.2,25.0,0.0,,,7.8,,1014.0,
2022-09-29,17.9,11.0,26.6,0.0,,,7.8,,1009.0,
2022-09-30,15.9,12.3,21.8,0.2,,,7.8,,1011.9,
2022-10-01,16.1,9.1,23.7,0.0,,,5.2,,1024.2,
2022-10-02,20.6,11.7,30.9,0.0,,,6.3,,1026.4,
2022-10-03,22.1,17.4,31.1,0.5,,,6.5,,1022.3,
2022-10-04,20.0,16.4,25.8,3.2,,,5.4,,1020.8,
2022-10-05,18.1,14.9,23.0,1.6,,,8.1,,1023.0,
2022-10-06,18.4,13.4,25.1,0.4,,,9.8,,1024.7,
2022-10-07,18.7,15.3,24.0,0.9,,,10.5,,1022.7,
2022-10-08,20.0,15.3,27.2,1.2,,,9.9,,1019.2,
2022-10-09,19.0,15.2,26.0,0.4,,,8.3,,1018.2,
2022-10-10,19.0,13.5,27.8,0.5,,,5.3,,1018.0,
2022-10-11,18.6,14.3,26.2,6.3,,,5.3,,1018.3,
2022-10-12,18.3,15.0,23.9,0.1,,,5.4,,1019.0,
2022-10-13,17.6,13.7,23.0,0.1,,,4.5,,1022.3,
2022-10-14,17.5,13.3,23.6,0.0,,,4.6,,1023.2,
2022-10-15,19.4,12.1,28.8,0.0,,,7.3,,1019.1,
2022-10-16,21.6,16.1,29.8,0.0,,,6.7,,1020.0,
2022-10-17,23.1,17.3,30.5,0.2,,,5.6,,1024.1,
2022-10-18,23.3,17.4,32.0,0.0,,,5.8,,1025.3,
2022-10-19,22.1,14.7,31.1,0.0,,,6.2,,1021.9,
2022-10-20,22.7,15.5,31.6,0.0,,,6.9,,1018.6,
2022-10-21,22.1,16.7,29.9,0.0,,,9.3,,1019.8,
2022-10-22,22.3,16.5,30.0,0.0,,,9.5,,1021.0,
2022-10-23,21.5,15.5,28.2,0.0,,,10.7,,1021.9,
2022-10-24,19.8,13.9,27.2,0.0,,,10.2,,1022.9,
2022-10-25,19.5,14.1,27.2,0.0,,,9.1,,1022.2,
2022-10-26,19.6,13.8,27.5,0.0,,,8.7,,1022.4,
2022-10-27,20.5,14.1,29.1,0.0,,,5.4,,1024.9,
2022-10-28,20.0,13.6,29.5,0.0,,,6.2,,1024.8,
2022-10-29,19.6,12.6,29.5,0.0,,,6.4,,1021.6,
2022-10-30,19.0,13.2,27.5,0.0,,,5.1,,1020.3,
2022-10-31,19.4,13.6,28.2,0.0,,,6.6,,1021.0,
2022-11-01,19.0,13.3,26.9,0.0,,,5.8,,1022.9,
2022-11-02,19.0,13.1,27.9,0.0,,,5.9,,1023.1,
2022-11-03,19.2,14.9,27.1,0.0,,,8.6,,1020.5,
2022-11-04,15.5,12.1,20.5,8.9,,,11.0,,1018.2,
2022-11-05,12.6,7.9,17.1,0.1,,,12.3,,1020.3,
2022-11-06,12.5,5.5,21.8,0.0,,,4.9,,1020.8,
2022-11-07,15.6,9.4,24.8,0.0,,,7.3,,1021.2,
2022-11-08,17.5,12.1,26.5,0.0,,,7.4,,1019.9,
2022-11-09,17.4,12.6,26.4,0.0,,,6.3,,1019.8,
2022-11-10,14.8,11.4,20.2,0.2,,,4.5,,1022.1,
2022-11-11,15.8,11.3,23.0,0.0,,,9.0,,1024.8,
2022-11-12,15.7,11.2,22.0,0.0,,,6.5,,1025.2,
2022-11-13,14.9,8.8,22.9,0.0,,,5.7,,1020.7,
2022-11-14,13.9,10.0,21.2,0.0,,,5.8,,1021.0,
2022-11-15,14.5,8.6,22.8,0.0,,,7.3,,1018.5,
2022-11-16,14.7,10.9,19.3,0.9,,,9.4,,1014.0,
2022-11-17,16.0,12.2,21.5,0.1,,,7.9,,1012.8,
2022-11-18,15.6,11.0,21.3,5.5,,,9.7,,1012.2,
2022-11-19,9.1,5.6,11.7,6.6,,,12.9,,1014.8,
2022-11-20,8.1,5.2,12.3,1.4,,,10.7,,1021.7,
2022-11-21,11.7,6.0,19.5,0.0,,,6.6,,1020.0,
2022-11-22,11.8,8.8,14.2,4.3,,,15.8,,1016.0,
2022-11-23,13.6,8.3,20.0,0.0,,,9.0,,1017.2,
2022-11-24,14.1,10.3,19.8,0.0,,,5.5,,1020.9,
2022-11-25,13.6,9.8,19.8,2.2,,,8.2,,1022.0,
2022-11-26,10.4,7.3,13.2,1.5,,,14.8,,1027.3,
2022-11-27,9.3,5.7,14.4,0.0,,,8.1,,1026.3,
2022-11-28,8.6,4.6,16.3,3.0,,,13.2,,1018.7,
2022-11-29,7.9,5.9,9.7,8.3,,,11.1,,1018.9,
2022-11-30,7.9,4.3,12.8,2.4,,,6.3,,1017.7,
2022-12-01,8.5,3.9,15.2,0.0,,,8.8,,1014.7,
2022-12-02,10.2,7.4,13.9,0.0,,,13.1,,1011.1,
2022-12-03,9.8,6.2,14.3,0.0,,,8.5,,1009.5,
2022-12-04,10.0,5.5,16.8,0.0,,,9.9,,1015.1,
2022-12-05,11.5,6.5,17.4,0.0,,,12.1,,1018.1,
2022-12-06,13.1,9.3,18.2,0.0,,,7.2,,1015.8,
2022-12-07,11.0,8.1,14.5,0.9,,,5.6,,1015.4,
2022-12-08,12.7,8.5,18.9,0.0,,,9.4,,1011.4,
2022-12-09,14.3,12.0,17.3,1.2,,,9.9,,1008.6,
2022-12-10,12.1,9.5,15.2,4.7,,,11.5,,1009.0,
2022-12-11,11.5,7.3,16.0,3.1,,,7.3,,1011.5,
2022-12-12,14.0,10.5,18.8,0.5,,,9.4,,1012.8,
2022-12-13,16.7,13.2,21.6,0.0,,,9.1,,1012.3,
2022-12-14,16.9,13.7,22.3,1.0,,,9.4,,1010.4,
2022-12-15,14.0,10.9,18.9,4.4,,,8.3,,1007.0,
2022-12-16,10.4,6.5,14.7,0.1,,,6.8,,1011.5,
2022-12-17,9.5,5.9,16.5,0.1,,,5.2,,1019.6,
2022-12-18,9.4,5.2,15.7,0.0,,,4.2,,1027.9,
2022-12-19,9.9,5.8,16.5,0.0,,,8.6,,1030.5,
2022-12-20,9.6,5.7,16.5,0.0,,,8.2,,1028.4,
2022-12-21,9.8,4.5,17.2,0.1,,,7.2,,1025.9,
2022-12-22,11.0,8.2,15.4,0.0,,,6.1,,1027.1,
2022-12-23,10.4,5.6,18.0,0.0,,,3.0,,1027.1,
2022-12-24,12.3,6.8,21.8,0.0,,,5.9,,1025.4,
2022-12-25,13.1,8.6,20.2,0.0,,,8.9,,1025.8,
2022-12-26,13.2,8.3,21.0,0.0,,,8.4,,1028.8,
2022-12-27,12.2,7.4,19.8,0.0,,,5.3,,1030.1,
2022-12-28,11.1,5.2,20.3,0.0,,,7.3,,1027.7,
2022-12-29,10.2,5.7,17.7,0.0,,,5.9,,1026.1,
2022-12-30,9.5,3.5,17.3,0.0,,,4.2,,1028.0,
2022-12-31,10.7,5.7,18.1,0.0,,,8.5,,1029.8,
2023-01-01,10.4,6.5,16.8,0.0,,,9.4,,1028.7,
2023-01-02,9.6,5.9,15.9,0.0,,,9.1,,1027.7,
2023-01-03,9.0,5.0,17.0,0.0,,,6.1,,1029.4,
2023-01-04,8.6,3.9,14.8,0.0,,,5.5,,1032.2,
2023-01-05,8.4,4.8,12.6,0.2,,,3.7,,1029.8,
2023-01-06,7.0,1.8,14.0,0.0,,,4.9,,1027.4,
2023-01-07,7.5,1.6,15.6,0.0,,,5.4,,1026.4,
2023-01-08,9.1,2.2,17.4,0.0,,,7.7,,1024.4,
2023-01-09,11.9,7.5,17.1,3.6,,,11.5,,1023.3,
2023-01-10,10.2,5.6,15.5,0.4,,,6.6,,1028.8,
2023-01-11,9.8,4.1,17.1,0.0,,,7.6,,1027.6,
2023-01-12,10.9,7.5,14.8,0.2,,,6.2,,1027.9,
2023-01-13,8.5,3.1,13.7,0.0,,,8.0,,1027.6,
2023-01-14,9.3,4.8,15.0,0.0,,,5.7,,1027.9,
2023-01-15,8.7,3.7,18.1,0.0,,,10.6,,1023.2,
2023-01-16,9.3,4.7,15.0,0.0,,,18.1,,1017.4,
2023-01-17,11.2,6.8,15.2,0.0,,,27.3,,1008.2,
2023-01-18,7.4,3.0,11.4,5.6,,,21.2,,1007.4,
2023-01-19,3.5,1.2,7.4,3.7,,,18.9,,1018.8,
2023-01-20,5.7,2.6,10.0,4.8,,,18.9,,1017.7,
2023-01-21,3.0,-0.3,6.2,4.4,,,9.0,,1018.8,
2023-01-22,0.8,-1.4,3.6,5.7,,,12.5,,1021.3,
2023-01-23,1.5,-2.2,6.6,0.3,,,7.5,,1021.5,
2023-01-24,1.6,-2.2,6.3,0.2,,,8.6,,1022.8,
2023-01-25,3.9,2.0,6.3,9.2,,,14.4,,1019.6,
2023-01-26,3.5,1.1,5.7,6.0,,,14.2,,1017.3,
2023-01-27,2.5,-1.1,6.3,1.7,,,9.2,,1015.4,
2023-01-28,3.5,1.3,7.0,1.2,,,7.9,,1017.6,
2023-01-29,3.4,1.7,5.8,2.8,,,7.9,,1022.2,
2023-01-30,4.2,1.3,8.4,0.3,,,6.7,,1027.2,
2023-01-31,4.3,0.3,10.0,0.0,,,7.6,,1029.6,
2023-02-01,4.1,-1.4,11.3,0.0,,,6.7,,1028.9,
2023-02-02,4.4,-1.2,11.4,0.0,,,10.7,,1028.5,
2023-02-03,6.5,3.2,10.1,0.0,,,9.9,,1029.2,
2023-02-04,6.6,3.0,11.9,0.0,,,9.4,,1029.5,
2023-02-05,7.6,4.6,11.8,0.0,,,12.7,,1029.9,
2023-02-06,6.8,3.2,11.2,0.6,,,6.4,,1024.2,
2023-02-07,7.7,2.5,13.7,0.0,,,10.6,,1020.1,
2023-02-08,7.0,3.1,12.2,0.2,,,10.1,,1021.1,
2023-02-09,5.8,2.8,9.5,7.4,,,11.0,,1027.7,
2023-02-10,4.0,-0.8,9.6,0.5,,,12.2,,1034.5,
2023-02-11,3.9,-1.5,11.5,0.0,,,9.6,,1034.1,
2023-02-12,5.8,0.2,13.1,0.0,,,8.4,,1032.8,
2023-02-13,5.8,0.3,13.9,0.0,,,8.1,,1034.1,
2023-02-14,6.8,1.1,14.0,0.0,,,10.8,,1033.3,
2023-02-15,7.0,2.0,12.3,0.0,,,13.8,,1030.4,
2023-02-16,9.0,3.2,16.1,0.0,,,9.0,,1029.5,
2023-02-17,9.0,3.6,16.9,0.0,,,8.7,,1030.6,
2023-02-18,9.9,4.3,18.2,0.0,,,10.0,,1030.2,
2023-02-19,11.3,6.2,18.8,0.0,,,11.0,,1027.4,
2023-02-20,12.1,6.1,21.4,0.0,,,10.3,,1025.5,
2023-02-21,13.0,7.4,21.1,0.0,,,12.8,,1021.5,
2023-02-22,12.1,7.3,18.5,0.0,,,8.1,,1018.1,
2023-02-23,12.3,5.2,20.3,0.3,,,9.7,,1013.2,
2023-02-24,13.7,9.0,19.7,0.2,,,15.6,,1007.8,
2023-02-25,7.9,4.1,10.4,3.0,,,14.3,,1006.2,
2023-02-26,5.2,1.7,10.9,2.7,,,13.0,,1007.8,
2023-02-27,4.9,0.4,11.7,2.3,,,16.8,,1010.4,
2023-02-28,3.0,-1.5,7.3,2.4,,,19.0,,1016.6,
2023-03-01,5.2,2.0,9.4,7.0,,,11.0,,1017.9,
2023-03-02,4.4,0.0,10.0,2.9,,,15.3,,1016.5,
2023-03-03,4.8,1.7,8.5,4.0,,,14.1,,1019.8,
2023-03-04,5.0,0.7,9.7,0.2,,,9.8,,1021.8,
2023-03-05,6.8,-0.4,15.6,0.0,,,9.0,,1019.2,
2023-03-06,9.3,5.8,13.6,6.1,,,14.0,,1014.4,
2023-03-07,10.5,4.5,17.4,0.5,,,13.8,,1014.2,
2023-03-08,13.3,7.9,21.5,0.0,,,11.1,,1016.1,
2023-03-09,14.2,9.1,22.4,0.0,,,11.3,,1017.1,
2023-03-10,13.0,8.8,18.1,0.0,,,15.7,,1019.8,
2023-03-11,14.4,9.3,21.2,0.0,,,10.8,,1019.9,
2023-03-12,13.8,8.9,20.0,0.0,,,10.6,,1020.7,
2023-03-13,15.5,8.4,24.3,0.0,,,12.6,,1019.0,
2023-03-14,13.2,6.9,17.2,0.0,,,14.4,,1018.3,
2023-03-15,10.1,4.5,16.5,0.0,,,8.9,,1019.7,
2023-03-16,13.4,4.9,23.9,0.0,,,9.7,,1016.1,
2023-03-17,15.9,10.5,24.7,0.0,,,14.1,,1014.6,
2023-03-18,12.6,9.3,18.7,1.1,,,6.5,,1016.2,
2023-03-19,11.4,7.9,15.5,0.4,,,10.2,,1018.6,
2023-03-20,10.8,6.7,15.4,0.0,,,11.9,,1020.0,
2023-03-21,9.8,6.2,15.8,0.0,,,8.3,,1018.9,
2023-03-22,10.3,2.8,18.7,0.0,,,8.0,,1017.9,
2023-03-23,13.0,5.6,21.9,0.0,,,8.2,,1017.5,
2023-03-24,15.3,8.6,24.8,0.0,,,10.1,,1019.3,
2023-03-25,15.7,8.9,24.2,0.0,,,6.1,,1021.7,
2023-03-26,15.7,8.9,24.5,0.0,,,9.3,,1019.0,
2023-03-27,13.2,7.4,18.7,0.0,,,10.8,,1020.1,
2023-03-28,10.6,3.0,19.1,0.0,,,9.6,,1024.5,
2023-03-29,14.9,7.2,23.7,0.0,,,13.6,,1024.9,
2023-03-30,17.2,10.6,26.1,0.0,,,12.3,,1023.5,
2023-03-31,17.3,10.3,26.1,0.0,,,9.2,,1021.2,
2023-04-01,15.9,10.9,21.8,0.0,,,14.3,,1018.2,
2023-04-02,10.4,7.3,12.4,5.7,,,20.7,,1017.7,
2023-04-03,8.9,4.3,13.5,1.3,,,11.7,,1017.1,
2023-04-04,9.5,2.7,17.4,0.0,,,8.9,,1014.1,
2023-04-05,9.3,3.3,16.3,0.0,,,10.7,,1018.2,
2023-04-06,9.8,0.7,20.0,0.0,,,12.8,,1017.9,
2023-04-07,11.0,4.3,18.9,0.0,,,10.2,,1016.6,
2023-04-08,12.7,4.7,21.7,0.0,,,9.4,,1017.4,
2023-04-09,14.1,7.2,22.5,0.0,,,8.5,,1020.1,
2023-04-10,15.0,7.6,23.3,0.0,,,9.6,,1021.8,
2023-04-11,16.9,8.6,26.2,0.0,,,8.3,,1021.6,
2023-04-12,18.8,10.5,29.0,0.0,,,12.9,,1015.0,
2023-04-13,13.8,7.7,19.0,1.1,,,16.5,,1014.4,
2023-04-14,12.9,5.7,21.8,0.0,,,10.2,,1017.3,
2023-04-15,14.0,8.5,20.3,0.0,,,12.9,,1016.6,
2023-04-16,11.6,6.8,14.6,0.0,,,15.2,,1018.1,
2023-04-17,10.8,3.8,19.5,0.0,,,10.9,,1015.7,
2023-04-18,12.8,4.4,22.3,0.0,,,10.0,,1013.0,
2023-04-19,16.3,9.2,24.5,0.0,,,10.8,,1010.8,
2023-04-20,14.4,9.4,20.8,0.0,,,11.3,,1009.5,
2023-04-21,15.4,7.6,24.4,0.0,,,8.5,,1008.8,
2023-04-22,17.7,11.8,26.4,0.0,,,10.7,,1012.0,
2023-04-23,18.6,12.6,26.4,0.0,,,8.3,,1014.7,
2023-04-24,19.0,12.6,27.5,0.0,,,8.7,,1015.9,
2023-04-25,19.5,11.6,27.9,0.0,,,8.3,,1016.3,
2023-04-26,21.4,13.9,30.6,0.0,,,8.9,,1015.4,
2023-04-27,22.7,13.9,31.9,0.0,,,8.0,,1016.1,
2023-04-28,25.3,15.5,35.5,0.0,,,10.9,,1016.2,
2023-04-29,25.1,19.4,34.0,0.3,,,9.8,,1015.4,
2023-04-30,18.6,13.6,23.9,0.5,,,12.9,,1015.4,
2023-05-01,16.7,11.9,23.4,0.3,,,9.6,,1016.2,
2023-05-02,15.8,9.0,23.3,0.0,,,10.6,,1018.1,
2023-05-03,17.1,7.2,27.0,0.0,,,9.6,,1017.8,
2023-05-04,20.1,12.5,28.8,0.0,,,10.8,,1018.5,
2023-05-05,22.2,14.2,30.2,0.0,,,9.1,,1017.4,
2023-05-06,24.1,16.0,33.1,0.0,,,14.9,,1012.7,
2023-05-07,16.1,13.5,20.7,1.9,,,13.6,,1016.5,
2023-05-08,15.5,12.1,19.9,2.9,,,15.8,,1020.7,
2023-05-09,17.0,9.5,24.6,0.0,,,10.0,,1019.4,
2023-05-10,18.9,12.0,27.0,0.0,,,10.6,,1016.3,
2023-05-11,17.7,10.9,26.2,0.0,,,11.5,,1015.1,
2023-05-12,17.4,10.4,24.5,0.3,,,9.8,,1011.9,
2023-05-13,14.2,10.5,18.4,0.7,,,11.6,,1013.3,
2023-05-14,12.0,9.8,16.2,1.8,,,15.4,,1016.9,
2023-05-15,12.7,8.7,18.8,1.6,,,14.2,,1015.7,
2023-05-16,14.2,7.7,21.0,0.0,,,12.5,,1013.8,
2023-05-17,14.7,7.8,24.5,7.0,,,10.4,,1012.9,
2023-05-18,14.0,10.3,18.0,5.4,,,13.6,,1013.7,
2023-05-19,12.2,9.8,15.6,3.1,,,18.1,,1012.4,
2023-05-20,11.1,8.2,13.8,12.3,,,18.7,,1013.0,
2023-05-21,13.6,5.9,20.5,0.0,,,8.8,,1012.2,
2023-05-22,18.1,11.0,25.5,0.6,,,12.1,,1008.6,
2023-05-23,16.3,10.2,22.4,8.9,,,10.3,,1009.3,
2023-05-24,15.2,11.8,20.5,2.5,,,12.4,,1012.5,
2023-05-25,14.9,10.9,19.8,1.4,,,10.6,,1015.1,
2023-05-26,18.2,11.3,26.5,0.2,,,10.0,,1017.0,
2023-05-27,20.0,15.1,28.3,6.0,,,12.9,,1016.3,
2023-05-28,16.5,13.9,21.3,10.5,,,10.0,,1014.6,
2023-05-29,15.6,12.6,19.3,1.8,,,10.3,,1013.9,
2023-05-30,14.8,9.9,20.6,1.6,,,10.2,,1015.3,
2023-05-31,14.3,10.7,18.5,1.0,,,10.4,,1015.3,
2023-06-01,16.0,9.1,22.6,0.0,,,8.0,,1014.1,
2023-06-02,16.8,12.0,23.8,5.0,,,8.3,,1013.2,
2023-06-03,16.2,13.2,21.1,22.3,,,7.4,,1014.6,
2023-06-04,17.7,12.8,23.7,8.6,,,10.3,,1014.0,
2023-06-05,17.5,12.5,23.0,0.0,,,8.7,,1014.9,
2023-06-06,18.3,11.8,25.0,0.0,,,8.0,,1015.2,
2023-06-07,19.8,15.0,23.6,0.4,,,12.1,,1014.5,
2023-06-08,24.6,18.0,31.8,3.5,,,13.0,,1010.9,
2023-06-09,20.1,16.8,23.8,2.1,,,10.7,,1012.9,
2023-06-10,19.7,15.2,25.5,0.0,,,9.7,,1014.4,
2023-06-11,20.3,12.9,25.6,0.0,,,8.9,,1015.2,
2023-06-12,22.4,15.7,30.8,0.8,,,9.8,,1013.9,
2023-06-13,21.5,17.0,27.3,0.8,,,10.2,,1010.9,
2023-06-14,18.8,14.5,23.2,1.4,,,13.7,,1013.2,
2023-06-15,19.7,15.0,25.1,0.0,,,10.9,,1018.3,
2023-06-16,21.7,14.2,29.5,0.0,,,9.7,,1017.8,
2023-06-17,24.6,16.4,33.8,0.0,,,11.3,,1014.4,
2023-06-18,27.8,21.2,36.5,0.0,,,15.5,,1012.3,
2023-06-19,31.0,24.6,36.9,0.0,,,22.1,,1011.6,
2023-06-20,31.4,25.8,37.1,0.0,,,24.2,,1012.0,
2023-06-21,31.4,24.8,37.9,0.0,,,25.3,,1012.7,
2023-06-22,28.1,20.8,35.7,0.0,,,17.3,,1017.5,
2023-06-23,26.0,18.2,34.1,0.0,,,10.8,,1019.9,
2023-06-24,25.8,18.6,33.5,0.0,,,12.0,,1017.7,
2023-06-25,23.9,17.0,31.7,0.0,,,11.3,,1017.4,
2023-06-26,24.0,14.8,33.3,0.0,,,9.4,,1018.5,
2023-06-27,25.9,16.7,35.5,0.0,,,11.1,,1017.3,
2023-06-28,28.1,19.5,37.4,0.0,,,10.3,,1014.4,
2023-06-29,28.2,20.4,36.5,0.0,,,9.8,,1014.2,
2023-06-30,25.7,19.5,33.4,0.0,,,9.5,,1015.0,
2023-07-01,23.2,17.6,29.6,0.0,,,9.4,,1016.0,
2023-07-02,24.7,16.4,32.7,0.0,,,8.3,,1016.0,
2023-07-03,26.4,19.7,33.9,0.0,,,8.4,,1016.3,
2023-07-04,26.8,18.6,35.5,0.0,,,9.9,,1016.2,
2023-07-05,27.4,20.8,34.8,0.0,,,8.8,,1015.8,
2023-07-06,30.0,21.2,38.1,0.0,,,11.5,,1012.6,
2023-07-07,33.6,24.2,43.6,0.2,,,16.9,,1012.5,
2023-07-08,32.0,23.7,41.4,0.0,,,11.9,,1016.5,
2023-07-09,34.4,26.8,43.2,0.0,,,13.5,,1019.5,
2023-07-10,34.8,27.2,42.8,0.0,,,12.9,,1020.5,
2023-07-11,34.5,26.5,43.5,0.0,,,12.1,,1018.1,
2023-07-12,34.3,27.2,43.7,0.0,,,11.7,,1015.8,
2023-07-13,32.2,25.4,40.2,0.0,,,10.9,,1016.2,
2023-07-14,30.8,22.7,39.3,0.0,,,8.7,,1015.5,
2023-07-15,32.3,25.9,42.1,0.0,,,13.4,,1014.1,
2023-07-16,33.4,26.3,42.1,0.0,,,12.3,,1015.2,
2023-07-17,34.1,26.5,41.2,0.0,,,15.0,,1018.1,
2023-07-18,33.8,24.2,42.5,0.0,,,12.0,,1018.7,
2023-07-19,32.6,24.3,40.5,0.0,,,11.6,,1016.9,
2023-07-20,31.9,24.9,39.4,0.0,,,8.7,,1014.2,
2023-07-21,30.6,24.6,38.0,0.0,,,10.3,,1013.6,
2023-07-22,30.4,23.1,37.7,0.0,,,10.6,,1015.8,
2023-07-23,34.4,24.8,42.7,0.0,,,18.2,,1015.8,
2023-07-24,34.5,27.7,44.0,0.0,,,20.0,,1012.7,
2023-07-25,29.0,23.5,35.1,0.0,,,12.2,,1013.3,
2023-07-26,26.8,20.7,34.4,0.0,,,9.6,,1015.8,
2023-07-27,29.8,19.7,39.3,0.0,,,14.3,,1013.8,
2023-07-28,29.7,21.6,40.4,0.0,,,10.1,,1013.4,
2023-07-29,28.7,21.8,37.4,0.0,,,10.9,,1013.8,
2023-07-30,28.8,22.8,35.2,0.0,,,9.4,,1016.4,
2023-07-31,27.3,20.6,35.6,0.0,,,8.8,,1016.6,
2023-08-01,26.7,20.1,34.3,0.0,,,9.4,,1014.2,
2023-08-02,28.0,20.8,37.4,0.0,,,8.2,,1012.6,
2023-08-03,28.2,21.9,38.7,0.0,,,9.8,,1011.5,
2023-08-04,23.2,18.8,29.9,0.5,,,13.2,,1014.7,
2023-08-05,21.8,16.3,28.5,0.0,,,10.6,,1018.1,
2023-08-06,24.2,14.7,34.6,0.0,,,8.1,,1016.9,
2023-08-07,25.3,16.5,34.6,0.0,,,10.8,,1017.3,
2023-08-08,27.7,17.6,38.4,0.0,,,9.5,,1016.8,
2023-08-09,28.7,21.2,37.5,0.0,,,9.4,,1017.3,
2023-08-10,29.1,20.0,39.2,0.0,,,9.4,,1019.0,
2023-08-11,29.1,22.3,37.3,0.0,,,10.0,,1019.1,
2023-08-12,25.9,19.1,34.1,0.0,,,9.2,,1018.6,
2023-08-13,26.2,17.3,36.1,0.0,,,8.5,,1016.5,
2023-08-14,28.7,21.0,37.7,0.0,,,11.4,,1014.7,
2023-08-15,29.4,22.0,38.1,0.0,,,10.4,,1014.9,
2023-08-16,30.5,22.8,40.2,0.2,,,11.5,,1014.6,
2023-08-17,31.0,23.4,39.5,0.1,,,10.9,,1014.3,
2023-08-18,30.6,24.6,38.4,0.0,,,9.3,,1014.8,
2023-08-19,28.3,21.4,36.1,0.0,,,9.5,,1016.3,
2023-08-20,25.6,19.3,33.6,0.0,,,10.2,,1018.2,
2023-08-21,26.9,18.7,36.1,0.0,,,10.4,,1018.2,
2023-08-22,27.0,18.3,36.6,0.0,,,10.1,,1017.0,
2023-08-23,28.3,20.2,37.4,0.0,,,10.5,,1015.8,
2023-08-24,28.3,20.3,37.1,0.0,,,9.6,,1014.6,
2023-08-25,26.9,20.1,35.5,0.0,,,8.2,,1014.7,
2023-08-26,29.3,19.7,40.3,0.0,,,8.7,,1012.8,
2023-08-27,26.0,18.4,34.2,6.1,,,14.4,,1010.8,
2023-08-28,20.5,16.0,26.1,0.0,,,14.5,,1016.7,
2023-08-29,21.2,13.9,29.2,0.0,,,9.4,,1014.1,
2023-08-30,22.3,15.5,29.7,0.0,,,9.7,,1011.9,
2023-08-31,22.5,15.9,30.0,0.0,,,8.8,,1016.3,
2023-09-01,24.6,16.8,33.1,0.0,,,10.5,,1016.4,
2023-09-02,25.1,21.7,29.5,2.1,,,17.7,,1014.8,
2023-09-03,29.1,22.0,36.8,0.0,,,25.1,,1012.6,
2023-09-04,31.8,26.3,40.3,0.0,,,17.5,,1014.0,
2023-09-05,24.6,19.2,31.4,0.0,,,10.6,,1015.0,
2023-09-06,22.9,18.1,29.0,0.0,,,9.5,,1015.9,
2023-09-07,21.6,15.2,28.9,0.0,,,8.1,,1017.0,
2023-09-08,21.5,14.1,30.2,0.0,,,7.8,,1017.2,
2023-09-09,23.8,15.0,34.2,0.0,,,8.0,,1016.2,
2023-09-10,27.1,18.5,36.4,0.0,,,9.0,,1015.7,
2023-09-11,26.4,21.5,32.8,0.3,,,8.9,,1014.9,
2023-09-12,25.5,18.8,34.4,0.2,,,8.6,,1014.7,
2023-09-13,23.6,19.9,28.4,0.5,,,7.9,,1017.8,
2023-09-14,25.5,19.6,32.4,0.0,,,8.4,,1016.8,
2023-09-15,25.9,19.4,32.6,0.0,,,13.0,,1015.3,
2023-09-16,28.2,21.0,35.5,0.0,,,14.3,,1014.3,
2023-09-17,30.1,23.7,36.4,0.0,,,20.8,,1015.2,
2023-09-18,26.0,20.0,34.8,0.0,,,11.8,,1017.4,
2023-09-19,23.4,18.3,33.4,0.6,,,10.5,,1017.1,
2023-09-20,23.0,18.1,31.1,0.8,,,9.5,,1015.6,
2023-09-21,22.0,16.6,31.2,0.0,,,8.3,,1013.2,
2023-09-22,21.3,16.6,29.7,0.0,,,10.9,,1013.3,
2023-09-23,19.2,14.9,25.0,0.0,,,10.7,,1019.1,
2023-09-24,19.1,11.6,28.4,0.0,,,8.3,,1021.2,
2023-09-25,19.8,12.2,29.1,0.0,,,9.4,,1019.3,
2023-09-26,17.9,11.5,25.8,0.0,,,9.2,,1019.5,
2023-09-27,18.0,11.6,26.5,0.0,,,7.6,,1019.8,
2023-09-28,20.0,12.3,29.4,0.0,,,7.8,,1019.8,
2023-09-29,20.6,14.0,29.0,0.0,,,9.0,,1021.5,
2023-09-30,19.9,13.4,28.7,0.0,,,8.6,,1023.8,
2023-10-01,21.8,14.3,31.1,0.0,,,9.4,,1023.4,
2023-10-02,22.0,15.0,30.8,0.0,,,8.0,,1022.2,
2023-10-03,21.9,16.0,31.1,0.0,,,9.0,,1022.4,
2023-10-04,21.3,16.3,29.3,0.0,,,7.1,,1024.6,
2023-10-05,22.0,14.9,30.8,0.0,,,8.6,,1024.6,
2023-10-06,22.5,15.0,30.9,0.0,,,9.0,,1024.0,
2023-10-07,20.3,14.0,28.3,0.0,,,8.6,,1023.6,
2023-10-08,19.2,13.0,27.6,0.0,,,7.1,,1023.6,
2023-10-09,20.1,13.1,28.9,0.0,,,7.6,,1023.3,
2023-10-10,21.1,14.8,29.5,0.0,,,8.1,,1022.0,
2023-10-11,21.8,16.1,28.7,0.0,,,10.1,,1021.9,
2023-10-12,22.0,15.3,29.5,0.0,,,10.5,,1022.3,
2023-10-13,21.8,15.6,30.0,0.0,,,11.6,,1022.8,
2023-10-14,20.7,15.0,29.3,0.0,,,11.2,,1020.8,
2023-10-15,19.0,13.9,26.9,0.0,,,7.4,,1019.0,
2023-10-16,20.1,12.5,29.4,0.0,,,9.6,,1015.2,
2023-10-17,23.2,17.7,30.7,0.0,,,15.8,,1014.1,
2023-10-18,22.8,18.4,31.2,0.0,,,14.1,,1013.0,
2023-10-19,23.2,15.1,29.6,0.0,,,12.9,,1007.3,
2023-10-20,19.4,13.8,24.3,0.1,,,16.7,,1003.0,
2023-10-21,15.4,11.4,21.1,0.0,,,13.5,,1010.9,
2023-10-22,18.9,11.8,25.6,0.0,,,19.9,,1011.1,
2023-10-23,22.5,16.2,29.1,0.0,,,16.7,,1012.9,
2023-10-24,18.2,13.2,21.1,8.2,,,11.2,,1017.2,
2023-10-25,16.0,11.6,22.4,0.0,,,12.4,,1017.2,
2023-10-26,18.2,12.4,26.4,0.0,,,12.4,,1014.4,
2023-10-27,18.1,13.6,23.9,0.6,,,14.5,,1013.6,
2023-10-28,18.3,13.8,24.9,1.1,,,7.3,,1014.0,
2023-10-29,21.1,16.4,26.7,0.0,,,15.8,,1011.2,
2023-10-30,19.5,14.8,25.8,0.0,,,13.9,,1010.1,
2023-10-31,16.8,12.1,21.7,0.0,,,6.8,,1017.1,
2023-11-01,17.5,12.6,22.7,0.0,,,9.9,,1017.9,
2023-11-02,18.4,10.5,27.3,0.0,,,15.3,,1012.6,
2023-11-03,14.6,11.7,19.2,2.5,,,19.8,,1010.1,
2023-11-04,15.1,9.1,22.3,0.0,,,13.7,,1010.4,
2023-11-05,15.8,11.4,21.7,0.0,,,14.2,,1012.7,
2023-11-06,14.1,10.2,21.0,0.0,,,8.0,,1017.6,
2023-11-07,12.7,9.6,15.9,3.1,,,11.1,,1022.1,
2023-11-08,10.8,6.7,16.8,0.0,,,7.8,,1025.0,
2023-11-09,12.9,8.0,20.2,0.8,,,9.0,,1020.9,
2023-11-10,12.5,7.0,19.9,0.0,,,10.6,,1019.0,
2023-11-11,13.8,8.7,20.3,0.0,,,10.5,,1019.5,
2023-11-12,14.2,9.5,21.4,0.0,,,9.9,,1021.4,
2023-11-13,14.8,8.8,24.0,0.0,,,6.3,,1025.1,
2023-11-14,16.4,10.4,25.5,0.0,,,7.9,,1024.8,
2023-11-15,15.3,10.0,23.1,0.0,,,6.7,,1024.1,
2023-11-16,15.6,9.2,24.8,0.0,,,7.2,,1023.9,
2023-11-17,15.4,9.6,23.2,0.0,,,6.9,,1024.1,
2023-11-18,13.7,8.8,20.5,0.0,,,6.4,,1026.5,
2023-11-19,15.2,9.0,24.5,0.0,,,10.7,,1024.9,
2023-11-20,15.8,11.3,24.9,0.0,,,10.0,,1020.4,
2023-11-21,11.5,8.3,15.7,2.9,,,11.8,,1016.5,
2023-11-22,7.7,6.6,9.5,16.0,,,18.1,,1015.3,
2023-11-23,8.9,6.8,10.9,31.8,,,23.6,,1016.1,
2023-11-24,9.8,6.3,12.2,0.8,,,19.9,,1015.7,
2023-11-25,10.3,5.5,14.8,0.4,,,11.3,,1015.4,
2023-11-26,10.3,6.8,16.3,0.0,,,7.0,,1018.7,
2023-11-27,10.4,6.5,18.1,0.0,,,9.6,,1017.6,
2023-11-28,11.2,7.5,16.9,0.0,,,12.3,,1013.8,
2023-11-29,12.4,8.5,19.4,0.0,,,9.4,,1013.2,
2023-11-30,14.0,9.8,20.0,0.0,,,19.0,,1012.5,
2023-12-01,13.9,10.3,18.3,0.0,,,19.8,,1009.3,
2023-12-02,10.8,6.9,14.3,0.6,,,11.1,,1015.5,
2023-12-03,7.8,4.4,13.4,0.0,,,8.2,,1022.9,
2023-12-04,9.6,4.3,15.2,0.0,,,12.8,,1021.0,
2023-12-05,9.9,6.7,14.3,1.5,,,8.7,,1018.7,
2023-12-06,9.6,6.8,13.0,1.2,,,9.9,,1016.8,
2023-12-07,8.5,4.9,15.0,0.0,,,7.2,,1022.5,
2023-12-08,9.4,7.2,12.8,15.8,,,18.1,,1018.7,
2023-12-09,8.9,5.3,12.7,1.0,,,16.6,,1023.3,
2023-12-10,9.8,4.2,17.5,0.0,,,6.5,,1026.4,
2023-12-11,12.2,5.9,21.7,0.0,,,7.0,,1023.7,
2023-12-12,14.9,8.9,24.6,0.0,,,9.7,,1021.0,
2023-12-13,13.7,10.1,19.9,3.4,,,12.1,,1016.2,
2023-12-14,8.3,6.0,11.3,15.3,,,17.6,,1021.8,
2023-12-15,7.0,5.8,9.4,3.5,,,15.8,,1030.5,
2023-12-16,6.8,5.0,9.2,2.3,,,13.1,,1033.1,
2023-12-17,5.3,1.9,10.4,0.0,,,8.2,,1033.1,
2023-12-18,6.8,3.2,9.0,17.9,,,11.1,,1031.2,
2023-12-19,8.2,6.7,10.4,5.8,,,12.7,,1028.0,
2023-12-20,8.4,5.3,12.5,0.0,,,12.0,,1024.0,
2023-12-21,8.1,4.6,11.9,0.1,,,11.3,,1025.2,
2023-12-22,7.4,2.6,13.8,0.0,,,8.4,,1026.0,
2023-12-23,7.4,3.3,13.8,0.0,,,6.0,,1025.9,
2023-12-24,7.2,2.3,14.6,0.0,,,5.6,,1026.1,
2023-12-25,7.8,2.8,15.9,0.0,,,6.5,,1024.3,
2023-12-26,8.6,4.0,16.9,0.0,,,7.4,,1023.3,
2023-12-27,9.0,2.0,17.8,0.0,,,7.3,,1024.0,
2023-12-28,9.9,5.1,16.5,0.0,,,6.3,,1026.2,
2023-12-29,10.6,5.1,18.1,0.0,,,6.6,,1023.7,
2023-12-30,10.3,7.1,15.3,0.0,,,6.1,,1021.0,
2023-12-31,8.5,3.1,15.6,0.0,,,6.2,,1021.0,
2024-01-01,8.5,4.5,13.8,3.6,,,6.8,,1020.7,
2024-01-02,8.2,5.0,13.7,0.0,,,7.3,,1024.2,
2024-01-03,9.7,4.7,19.3,0.0,,,10.2,,1022.1,
2024-01-04,10.5,5.5,18.7,0.0,,,10.1,,1018.5,
2024-01-05,8.7,5.5,12.7,11.4,,,16.7,,1010.5,
2024-01-06,5.9,4.4,8.8,4.3,,,24.8,,1013.2,
2024-01-07,6.2,4.4,9.4,0.4,,,21.8,,1017.7,
2024-01-08,5.3,2.7,9.2,0.0,,,17.0,,1019.3,
2024-01-09,5.2,-0.6,11.4,0.0,,,7.8,,1021.9,
2024-01-10,7.6,4.9,11.3,3.9,,,11.7,,1020.5,
2024-01-11,7.0,4.6,10.1,2.3,,,10.3,,1019.9,
2024-01-12,6.5,3.2,9.9,0.0,,,10.2,,1025.5,
2024-01-13,6.2,1.5,13.9,0.0,,,7.4,,1027.0,
2024-01-14,9.5,2.7,20.1,0.0,,,10.8,,1021.9,
2024-01-15,12.2,8.2,18.6,0.0,,,17.1,,1016.7,
2024-01-16,12.9,9.2,19.6,0.0,,,12.6,,1017.0,
2024-01-17,13.1,8.5,20.8,0.0,,,13.1,,1014.3,
2024-01-18,12.8,7.6,19.4,0.0,,,11.3,,1015.6,
2024-01-19,12.3,9.0,17.1,1.3,,,11.3,,1013.6,
2024-01-20,9.2,7.6,12.1,8.3,,,15.6,,1020.4,
2024-01-21,7.3,3.6,13.5,6.1,,,11.5,,1032.1,
2024-01-22,5.4,0.8,11.7,0.0,,,5.9,,1036.1,
2024-01-23,6.7,1.0,13.8,0.0,,,7.4,,1036.9,
2024-01-24,9.4,4.4,16.3,0.0,,,8.4,,1037.7,
2024-01-25,12.0,5.6,21.1,0.0,,,6.9,,1034.7,
2024-01-26,13.7,7.9,22.3,0.0,,,7.0,,1031.8,
2024-01-27,13.1,7.2,22.5,0.0,,,6.7,,1030.2,
2024-01-28,13.0,6.6,23.4,0.0,,,8.8,,1028.4,
2024-01-29,15.7,6.4,21.9,0.0,,,12.4,,1029.6,
2024-01-30,10.8,5.9,17.8,0.0,,,9.4,,1030.8,
2024-01-31,10.4,5.1,17.1,0.0,,,7.1,,1032.8,
2024-02-01,9.6,6.7,14.1,0.0,,,6.7,,1033.2,
2024-02-02,8.5,5.4,13.2,0.0,,,9.7,,1031.6,
2024-02-03,9.4,5.5,14.7,0.0,,,6.1,,1032.4,
2024-02-04,9.4,3.7,18.1,0.0,,,7.3,,1032.2,
2024-02-05,11.4,5.7,20.6,0.0,,,10.1,,1030.9,
2024-02-06,11.2,7.1,17.6,0.0,,,14.1,,1027.0,
2024-02-07,10.2,5.3,16.2,0.0,,,11.4,,1024.2,
2024-02-08,10.2,3.2,18.9,0.0,,,11.0,,1018.6,
2024-02-09,13.2,8.7,16.3,0.0,,,18.6,,1006.1,
2024-02-10,11.1,7.3,14.7,6.4,,,21.2,,1000.3,
2024-02-11,8.5,5.5,12.4,1.9,,,18.9,,1011.3,
2024-02-12,11.2,5.3,15.8,9.5,,,16.0,,1014.4,
2024-02-13,12.4,8.6,17.4,0.1,,,11.9,,1022.9,
2024-02-14,11.8,6.5,19.9,0.0,,,7.2,,1025.9,
2024-02-15,14.7,9.9,20.5,0.0,,,17.6,,1020.3,
2024-02-16,11.1,8.3,15.7,5.9,,,13.1,,1020.0,
2024-02-17,9.8,8.8,11.4,27.0,,,17.5,,1023.4,
2024-02-18,10.9,8.0,14.7,0.3,,,6.8,,1031.6,
2024-02-19,10.6,7.5,14.8,0.1,,,7.4,,1031.2,
2024-02-20,9.8,6.7,14.4,0.8,,,11.5,,1027.9,
2024-02-21,8.8,5.7,13.4,0.5,,,9.6,,1027.1,
2024-02-22,10.7,3.8,18.7,0.0,,,12.4,,1019.5,
2024-02-23,9.1,3.7,13.6,3.9,,,16.0,,1012.6,
2024-02-24,7.1,3.6,10.1,3.0,,,14.8,,1014.1,
2024-02-25,7.4,1.6,13.4,0.1,,,14.6,,1017.9,
2024-02-26,10.8,6.8,16.2,6.3,,,20.0,,1009.1,
2024-02-27,6.5,3.7,10.0,9.4,,,21.1,,1009.5,
2024-02-28,5.3,4.2,6.3,22.3,,,19.7,,1014.9,
2024-02-29,7.7,5.4,11.4,21.2,,,25.6,,1014.1,
2024-03-01,6.8,2.5,10.6,2.2,,,19.0,,1016.3,
2024-03-02,8.0,0.6,16.7,0.0,,,12.3,,1014.6,
2024-03-03,7.5,4.7,10.8,5.6,,,15.8,,1012.1,
2024-03-04,7.7,3.4,12.5,0.5,,,18.1,,1018.7,
2024-03-05,9.1,5.3,14.0,0.4,,,12.2,,1022.7,
2024-03-06,9.4,2.6,17.4,0.3,,,7.1,,1022.2,
2024-03-07,12.3,6.6,19.5,0.0,,,14.2,,1015.1,
2024-03-08,9.8,5.1,13.1,11.2,,,10.9,,1013.1,
2024-03-09,10.1,2.9,17.9,0.0,,,14.0,,1007.8,
2024-03-10,10.5,6.4,15.3,6.6,,,18.3,,1007.0,
2024-03-11,9.1,5.3,13.2,0.6,,,17.6,,1016.9,
2024-03-12,8.9,3.1,14.9,0.0,,,7.4,,1022.9,
2024-03-13,10.8,3.9,19.3,0.0,,,9.2,,1018.9,
2024-03-14,10.9,6.0,17.3,0.0,,,8.8,,1018.6,
2024-03-15,11.4,5.7,18.8,0.0,,,7.9,,1021.8,
2024-03-16,12.1,7.9,18.3,0.0,,,7.9,,1025.3,
2024-03-17,14.1,7.0,22.4,0.0,,,7.4,,1024.5,
2024-03-18,17.0,12.1,25.8,0.0,,,11.2,,1019.4,
2024-03-19,15.7,12.1,22.0,0.0,,,5.6,,1017.5,
2024-03-20,17.4,9.5,26.1,0.0,,,10.4,,1016.7,
2024-03-21,18.3,13.6,25.7,0.0,,,14.7,,1020.3,
2024-03-22,17.2,10.6,25.8,0.0,,,8.2,,1018.5,
2024-03-23,16.7,10.0,24.1,0.0,,,8.1,,1017.3,
2024-03-24,18.8,13.3,26.0,0.0,,,14.6,,1014.2,
2024-03-25,16.6,11.6,22.9,8.6,,,17.9,,1003.5,
2024-03-26,12.4,7.5,19.9,3.2,,,15.3,,999.1,
2024-03-27,10.9,5.8,16.0,0.1,,,21.7,,1006.3,
2024-03-28,14.3,7.9,21.4,0.0,,,17.4,,1011.8,
2024-03-29,16.6,11.4,23.1,0.0,,,23.8,,1006.6,
2024-03-30,14.1,7.7,20.6,0.0,,,11.3,,1003.7,
2024-03-31,17.6,10.6,26.8,0.0,,,15.9,,1005.8,
2024-04-01,12.4,8.3,17.6,0.2,,,12.6,,1016.1,
2024-04-02,13.3,5.8,22.1,0.0,,,7.4,,1021.0,
2024-04-03,14.8,10.6,19.6,0.0,,,9.4,,1020.2,
2024-04-04,15.1,7.6,23.8,0.0,,,7.5,,1020.9,
2024-04-05,19.2,12.0,27.5,0.0,,,14.4,,1021.0,
2024-04-06,20.8,14.1,28.8,0.0,,,16.6,,1020.9,
2024-04-07,21.4,14.0,28.3,0.0,,,18.7,,1018.9,
2024-04-08,21.8,15.2,31.0,0.0,,,16.4,,1014.7,
2024-04-09,13.0,8.1,16.3,3.7,,,14.2,,1022.4,
2024-04-10,10.2,5.9,16.0,0.0,,,12.1,,1027.6,
2024-04-11,7.8,4.4,12.7,4.8,,,16.3,,1027.0,
2024-04-12,10.0,6.5,14.4,0.0,,,15.9,,1028.0,
2024-04-13,12.3,8.0,17.8,0.8,,,11.7,,1025.5,
2024-04-14,14.2,8.2,21.0,0.1,,,9.0,,1021.6,
2024-04-15,13.9,10.7,19.7,0.0,,,14.4,,1017.4,
2024-04-16,14.3,9.0,20.8,0.0,,,10.9,,1016.0,
2024-04-17,14.9,8.4,21.6,0.0,,,7.9,,1013.7,
2024-04-18,13.5,7.8,20.4,0.0,,,9.8,,1014.7,
2024-04-19,11.8,8.3,17.4,0.0,,,12.5,,1020.0,
2024-04-20,14.2,6.9,23.2,0.0,,,11.7,,1014.3,
2024-04-21,11.8,6.7,17.9,0.0,,,12.0,,1013.9,
2024-04-22,10.7,3.5,18.4,0.0,,,8.8,,1013.7,
2024-04-23,10.5,5.5,16.4,0.0,,,9.4,,1015.4,
2024-04-24,9.6,5.9,14.8,0.3,,,10.7,,1017.1,
2024-04-25,13.7,5.1,22.5,0.0,,,11.7,,1010.9,
2024-04-26,14.9,9.1,23.5,0.0,,,10.3,,1008.3,
2024-04-27,17.5,10.5,26.4,0.0,,,17.1,,1007.1,
2024-04-28,15.2,9.0,24.3,0.0,,,10.4,,1010.2,
2024-04-29,13.8,10.7,21.4,2.1,,,12.4,,1013.4,
2024-04-30,10.4,8.4,11.7,7.9,,,13.2,,1015.2,
2024-05-01,12.8,6.2,20.8,1.7,,,15.0,,1013.7,
2024-05-02,12.5,7.6,18.5,0.9,,,14.3,,1018.0,
2024-05-03,13.5,6.9,21.3,0.0,,,7.1,,1020.0,
2024-05-04,16.3,8.1,24.7,0.0,,,7.5,,1018.8,
2024-05-05,19.1,11.1,28.2,0.0,,,8.7,,1015.7,
2024-05-06,18.7,13.3,26.4,0.0,,,8.4,,1013.7,
2024-05-07,16.7,12.3,22.5,1.4,,,12.4,,1016.5,
2024-05-08,13.8,9.8,18.5,0.2,,,15.4,,1019.8,
2024-05-09,13.5,8.8,18.9,0.0,,,11.9,,1020.0,
2024-05-10,16.0,7.1,25.0,0.0,,,9.1,,1017.7,
2024-05-11,19.3,11.2,28.6,0.0,,,10.5,,1016.1,
2024-05-12,21.8,13.3,30.8,0.4,,,8.2,,1015.1,
2024-05-13,21.5,15.8,27.4,0.1,,,9.1,,1012.5,
2024-05-14,23.5,14.6,30.7,0.0,,,10.8,,1008.1,
2024-05-15,18.0,12.6,25.8,0.0,,,11.6,,1008.2,
2024-05-16,16.5,10.4,25.2,0.0,,,9.8,,1010.7,
2024-05-17,18.1,10.5,27.3,0.0,,,9.9,,1011.0,
2024-05-18,18.6,12.3,25.4,0.0,,,10.4,,1010.8,
2024-05-19,17.0,11.7,24.0,10.0,,,11.8,,1010.3,
2024-05-20,14.8,11.7,20.7,4.6,,,13.2,,1012.1,
2024-05-21,15.7,9.1,23.5,0.0,,,8.9,,1016.8,
2024-05-22,16.7,10.3,24.6,0.0,,,8.1,,1018.0,
2024-05-23,19.5,11.3,27.1,0.0,,,8.4,,1016.1,
2024-05-24,21.1,15.9,28.7,0.3,,,10.0,,1014.8,
2024-05-25,20.9,14.8,27.5,0.0,,,9.7,,1016.8,
2024-05-26,22.9,13.1,32.7,0.0,,,9.7,,1017.6,
2024-05-27,24.7,17.0,33.7,0.3,,,10.6,,1016.3,
2024-05-28,21.3,15.4,27.3,0.0,,,10.4,,1017.3,
2024-05-29,21.2,13.6,29.2,0.0,,,8.7,,1016.8,
2024-05-30,23.5,14.0,32.6,0.0,,,9.4,,1012.3,
2024-05-31,23.9,16.9,31.6,0.0,,,10.2,,1009.9,
2024-06-01,21.3,15.5,29.5,0.9,,,10.6,,1012.8,
2024-06-02,19.4,14.9,25.4,0.0,,,11.4,,1015.7,
2024-06-03,19.8,12.2,27.5,0.0,,,11.8,,1015.8,
2024-06-04,20.8,13.1,28.6,0.0,,,9.7,,1014.6,
2024-06-05,22.2,12.9,30.5,0.0,,,8.5,,1016.8,
2024-06-06,26.7,16.0,36.3,0.0,,,11.6,,1016.3,
2024-06-07,30.6,22.8,37.9,0.0,,,14.9,,1015.4,
2024-06-08,28.0,17.5,38.9,0.0,,,19.7,,1011.5,
2024-06-09,21.7,15.6,30.5,0.0,,,12.3,,1011.7,
2024-06-10,21.6,14.5,30.0,0.0,,,10.8,,1012.0,
2024-06-11,18.9,15.3,22.9,0.0,,,11.8,,1013.8,
2024-06-12,19.5,12.9,27.3,0.1,,,10.0,,1016.6,
2024-06-13,20.3,12.4,27.6,0.0,,,8.9,,1020.1,
2024-06-14,26.4,15.9,35.5,0.0,,,14.6,,1016.6,
2024-06-15,27.8,21.5,35.6,0.5,,,12.7,,1014.0,
2024-06-16,25.9,20.1,33.0,0.0,,,10.1,,1014.1,
2024-06-17,29.4,18.5,39.0,0.0,,,13.6,,1012.3,
2024-06-18,33.4,26.9,42.3,0.0,,,22.7,,1012.2,
2024-06-19,27.3,18.2,35.9,0.0,,,16.3,,1014.5,
2024-06-20,20.4,15.7,27.9,0.0,,,13.7,,1017.8,
2024-06-21,20.9,14.6,27.8,0.0,,,10.2,,1019.8,
2024-06-22,21.6,14.2,30.0,0.0,,,9.3,,1018.9,
2024-06-23,21.9,15.0,30.2,0.0,,,8.5,,1014.9,
2024-06-24,21.3,15.1,27.5,0.7,,,10.7,,1013.0,
2024-06-25,22.1,13.0,30.3,0.0,,,8.0,,1012.3,
2024-06-26,28.2,18.0,38.5,0.0,,,14.2,,1009.6,
2024-06-27,29.8,20.5,38.4,0.0,,,18.0,,1009.6,
2024-06-28,26.1,17.3,39.2,0.0,,,10.7,,1013.5,
2024-06-29,23.0,17.5,31.7,0.0,,,11.3,,1016.7,
2024-06-30,24.6,16.4,34.0,0.0,,,10.0,,1014.4,
2024-07-01,21.7,16.2,28.1,0.0,,,13.1,,1016.4,
2024-07-02,21.9,16.0,29.1,0.0,,,12.3,,1017.5,
2024-07-03,22.9,15.3,30.9,0.0,,,9.3,,1014.8,
2024-07-04,24.7,14.5,34.2,0.0,,,9.0,,1014.8,
2024-07-05,29.5,18.9,38.9,0.0,,,15.2,,1011.5,
2024-07-06,28.2,20.2,36.6,0.0,,,17.9,,1009.9,
2024-07-07,24.5,18.1,31.1,0.1,,,10.0,,1012.6,
2024-07-08,25.3,18.5,35.8,0.0,,,8.9,,1013.8,
2024-07-09,27.6,19.2,37.5,0.0,,,9.8,,1014.4,
2024-07-10,26.6,20.1,34.0,0.0,,,9.6,,1017.5,
2024-07-11,29.5,19.9,39.2,0.0,,,8.0,,1016.2,
2024-07-12,29.3,21.7,37.8,0.0,,,9.4,,1013.5,
2024-07-13,29.0,20.4,38.6,0.0,,,8.8,,1011.6,
2024-07-14,28.1,21.5,35.4,0.0,,,9.4,,1013.5,
2024-07-15,28.6,21.5,36.7,0.0,,,9.4,,1014.4,
2024-07-16,29.1,22.7,37.8,0.0,,,8.6,,1015.3,
2024-07-17,30.0,22.7,38.9,0.0,,,9.1,,1015.1,
2024-07-18,30.2,21.7,38.7,0.0,,,7.5,,1016.6,
2024-07-19,29.8,23.2,36.9,0.9,,,8.8,,1016.9,
2024-07-20,30.0,20.7,38.9,0.0,,,7.4,,1012.8,
2024-07-21,28.8,21.5,37.8,0.0,,,12.2,,1011.8,
2024-07-22,24.9,19.7,31.4,0.0,,,10.1,,1017.7,
2024-07-23,24.4,15.8,33.0,0.0,,,9.5,,1020.0,
2024-07-24,26.6,18.3,36.0,0.0,,,9.1,,1017.8,
2024-07-25,29.3,20.1,38.2,0.0,,,9.8,,1012.3,
2024-07-26,29.8,22.2,39.1,0.0,,,9.8,,1010.6,
2024-07-27,30.9,22.3,40.6,0.0,,,10.5,,1012.3,
2024-07-28,31.7,24.2,39.5,0.0,,,10.4,,1015.1,
2024-07-29,31.1,23.2,39.8,0.0,,,10.4,,1015.5,
2024-07-30,30.3,21.4,40.3,0.0,,,10.9,,1015.3,
2024-07-31,32.3,23.9,41.3,0.0,,,11.4,,1014.3,
2024-08-01,32.4,24.8,42.3,0.0,,,8.3,,1013.2,
2024-08-02,30.7,25.5,37.6,0.0,,,9.4,,1011.5,
2024-08-03,26.1,20.8,32.0,0.0,,,11.4,,1013.4,
2024-08-04,25.8,18.5,34.2,0.0,,,9.5,,1014.6,
2024-08-05,26.6,17.3,36.0,0.0,,,9.7,,1013.3,
2024-08-06,28.3,18.2,37.9,0.0,,,10.3,,1011.9,
2024-08-07,31.6,22.0,40.2,0.0,,,11.5,,1011.1,
2024-08-08,30.9,24.3,39.9,0.0,,,11.4,,1012.8,
2024-08-09,29.8,23.5,36.9,0.0,,,9.6,,1015.6,
2024-08-10,30.1,24.0,39.2,0.2,,,12.4,,1016.4,
2024-08-11,31.5,23.8,40.4,0.0,,,11.5,,1013.7,
2024-08-12,29.1,22.8,36.6,0.0,,,9.8,,1012.3,
2024-08-13,27.4,20.2,36.8,0.4,,,8.2,,1011.4,
2024-08-14,26.2,20.8,35.2,0.0,,,10.3,,1011.6,
2024-08-15,23.0,18.2,28.9,0.5,,,9.4,,1015.2,
2024-08-16,23.3,17.4,31.1,0.5,,,8.4,,1016.7,
2024-08-17,22.7,17.4,28.9,0.1,,,10.1,,1016.8,
2024-08-18,25.9,16.8,35.9,0.0,,,8.5,,1013.7,
2024-08-19,25.7,19.5,32.8,0.0,,,9.4,,1012.9,
2024-08-20,25.1,17.2,33.2,0.0,,,8.5,,1014.4,
2024-08-21,25.3,16.9,33.8,0.0,,,9.1,,1016.5,
2024-08-22,26.6,18.1,36.0,0.0,,,9.1,,1015.0,
2024-08-23,27.9,20.0,35.7,0.0,,,8.9,,1014.8,
2024-08-24,28.9,21.6,36.6,0.0,,,11.1,,1015.0,
2024-08-25,29.3,23.6,37.1,0.0,,,11.0,,1014.9,
2024-08-26,25.5,20.1,32.7,2.1,,,8.4,,1015.1,
2024-09-04,25.6,,,,,,9.0,,1012.9,
2024-09-05,25.2,19.2,32.3,0.0,,,8.9,,1011.8,
2024-09-06,28.1,23.3,34.8,1.0,,,19.0,,1009.8,
2024-09-07,29.1,22.6,36.3,0.0,,,15.7,,1013.2,
2024-09-08,23.4,19.2,27.7,14.2,,,8.8,,1014.1,
2024-09-09,21.5,17.8,26.7,0.3,,,11.4,,1016.7,
2024-09-10,20.3,16.4,25.5,0.2,,,9.7,,1017.7,
2024-09-11,20.0,14.4,26.5,0.0,,,7.2,,1015.7,
2024-09-12,20.1,15.0,27.1,0.0,,,8.5,,1016.1,
2024-09-13,19.3,14.3,25.7,0.2,,,10.3,,1018.0,
2024-09-14,17.7,13.3,22.6,0.2,,,11.2,,1021.8,
2024-09-15,16.8,9.7,25.2,0.0,,,8.8,,1019.3,
2024-09-16,17.6,10.5,25.9,0.0,,,8.5,,1015.4,
2024-09-17,16.8,10.8,23.5,0.0,,,9.2,,1013.4,
2024-09-18,17.3,10.8,24.6,0.1,,,7.3,,1013.8,
2024-09-19,18.2,12.6,25.0,0.4,,,9.7,,1014.3,
2024-09-20,20.7,13.8,28.3,0.0,,,7.6,,1015.8,
2024-09-21,19.2,17.4,21.3,12.6,,,14.9,,1016.7,
2024-09-22,20.6,16.4,27.3,0.3,,,8.4,,1016.3,
2024-09-23,19.0,15.5,24.6,3.5,,,8.8,,1016.3,
2024-09-24,19.4,12.3,28.2,0.0,,,8.0,,1016.4,
2024-09-25,20.2,15.1,27.9,0.0,,,7.7,,1017.7,
2024-09-26,22.8,16.5,31.7,0.0,,,10.8,,1016.8,
2024-09-27,22.2,17.5,30.6,0.0,,,10.6,,1016.4,
2024-09-28,19.4,16.1,25.5,0.0,,,10.3,,1019.9,
2024-09-29,19.5,13.2,27.6,0.0,,,9.1,,1022.5,
2024-09-30,22.4,16.2,31.2,0.0,,,8.9,,1019.9,
2024-10-01,23.5,17.5,31.9,0.3,,,7.9,,1016.5,
2024-10-02,22.3,16.4,29.7,0.0,,,7.1,,1013.2,
2024-10-03,19.7,14.8,24.1,4.4,,,14.8,,1011.1,
2024-10-04,16.8,12.4,22.8,1.5,,,7.7,,1014.7,
2024-10-05,18.0,13.1,24.9,0.0,,,6.7,,1015.7,
2024-10-06,19.7,13.6,27.0,0.0,,,6.5,,1014.8,
2024-10-07,23.0,17.4,29.7,0.5,,,17.5,,1012.6,
2024-10-08,20.7,16.2,26.2,0.8,,,12.8,,1014.3,
2024-10-09,20.9,13.5,30.3,0.0,,,10.0,,1012.6,
2024-10-10,19.9,15.9,25.6,0.0,,,14.7,,1013.5,
2024-10-11,18.0,13.6,23.8,0.0,,,7.1,,1016.5,
2024-10-12,21.3,14.2,29.8,0.0,,,9.2,,1016.0,
2024-10-13,24.0,19.0,31.3,0.0,,,14.4,,1018.2,
2024-10-14,23.9,17.6,31.0,0.0,,,16.0,,1018.2,
2024-10-15,21.9,19.7,26.6,1.7,,,21.1,,1016.1,
2024-10-16,21.8,17.6,27.8,0.1,,,16.0,,1015.8,
2024-10-17,18.7,14.1,25.1,4.5,,,9.5,,1018.6,
2024-10-18,14.0,11.0,18.4,0.6,,,13.0,,1020.7,
2024-10-19,13.4,10.0,18.3,1.2,,,13.2,,1020.5,
2024-10-20,14.3,10.7,19.9,0.6,,,10.9,,1022.9,
2024-10-21,15.2,10.1,22.2,0.0,,,6.8,,1023.5,
2024-10-22,15.5,10.9,22.5,0.2,,,6.9,,1023.7,
2024-10-23,15.8,10.8,23.1,0.0,,,6.4,,1024.6,
2024-10-24,16.7,13.2,24.1,5.8,,,7.0,,1023.1,
2024-10-25,16.2,13.4,22.0,3.5,,,7.6,,1019.7,
2024-10-26,15.4,13.0,19.6,5.0,,,9.1,,1017.3,
2024-10-27,13.8,11.2,17.9,3.6,,,7.8,,1017.6,
2024-10-28,16.8,10.5,24.9,0.0,,,10.4,,1018.1,
2024-10-29,19.0,14.7,25.4,2.9,,,21.8,,1017.8,
2024-10-30,18.9,16.0,23.4,5.5,,,21.1,,1018.6,
2024-10-31,17.6,13.1,24.5,1.7,,,9.7,,1019.7,
2024-11-01,15.5,11.3,21.2,0.7,,,7.0,,1019.0,
2024-11-02,15.7,11.5,21.9,0.0,,,7.8,,1019.0,
2024-11-03,16.5,12.2,22.2,0.4,,,12.0,,1022.6,
2024-11-04,17.9,13.7,23.5,0.0,,,14.2,,1023.1,
2024-11-05,17.3,12.9,24.3,0.0,,,8.3,,1023.3,
2024-11-06,15.4,11.6,23.0,1.3,,,6.4,,1023.6,
2024-11-07,15.9,11.7,22.1,0.6,,,11.5,,1023.0,
2024-11-08,15.4,12.2,21.2,0.0,,,8.7,,1022.9,
2024-11-09,14.2,11.0,18.9,0.2,,,7.3,,1023.5,
2024-11-10,12.5,10.9,14.3,7.0,,,13.1,,1021.9,
2024-11-11,11.8,10.9,14.0,7.0,,,15.2,,1021.8,
2024-11-12,11.3,8.9,14.9,0.8,,,10.3,,1018.7,
2024-11-13,14.0,9.1,19.5,0.0,,,18.6,,1016.2,
2024-11-14,15.8,11.4,22.9,0.0,,,12.2,,1019.6,
2024-11-15,16.4,12.0,24.0,0.0,,,6.9,,1020.2,
2024-11-16,16.7,12.3,24.5,0.0,,,9.9,,1021.3,
2024-11-17,16.7,12.3,24.9,0.0,,,9.8,,1020.2,
2024-11-18,15.9,12.5,22.0,0.2,,,8.3,,1019.6,
2024-11-19,15.2,11.4,21.7,0.1,,,7.7,,1019.5,
2024-11-20,14.7,11.8,18.9,0.0,,,17.2,,1018.9,
2024-11-21,14.2,9.3,20.7,0.0,,,17.2,,1017.1,
2024-11-22,12.6,9.1,16.4,1.3,,,19.6,,1018.2,
2024-11-23,13.6,9.2,19.3,0.0,,,10.6,,1026.2,
2024-11-24,13.5,11.0,17.2,0.0,,,25.0,,1028.7,
2024-11-25,13.2,9.3,18.8,0.0,,,19.9,,1025.9,
2024-11-26,14.3,9.0,22.1,0.0,,,10.0,,1024.0,
2024-11-27,15.2,10.7,22.0,0.4,,,8.9,,1023.6,
2024-11-28,13.2,8.5,19.9,0.0,,,6.3,,1025.8,
2024-11-29,11.9,7.9,18.3,0.0,,,6.1,,1027.3,
2024-11-30,12.0,7.8,18.7,0.0,,,7.8,,1027.0,
2024-12-01,11.8,7.5,17.8,0.0,,,6.0,,1025.4,
2024-12-02,12.0,8.3,18.6,0.0,,,6.2,,1024.3,
2024-12-03,12.0,7.2,18.5,0.2,,,6.7,,1022.1,
2024-12-04,10.4,8.4,12.5,15.7,,,19.4,,1020.0,
2024-12-05,9.9,7.5,13.5,0.5,,,20.1,,1027.3,
2024-12-06,11.2,8.8,15.9,0.1,,,12.9,,1026.8,
2024-12-07,12.1,7.1,19.1,0.5,,,10.5,,1022.3,
2024-12-08,8.9,6.4,11.1,5.5,,,25.4,,1017.9,
2024-12-09,6.4,3.0,10.3,1.0,,,18.5,,1014.6,
2024-12-14,7.9,3.8,15.2,0.0,,,5.5,,1028.6,
2024-12-15,7.6,4.9,11.5,0.2,,,11.4,,1032.4,
2024-12-16,6.1,2.8,11.7,0.0,,,7.5,,1038.6,
2024-12-17,6.3,1.1,14.3,0.0,,,8.6,,1035.6,
2024-12-18,7.8,1.5,16.7,0.0,,,6.1,,1031.6,
2024-12-19,11.9,6.1,21.2,0.6,,,10.3,,1025.2,
2024-12-20,9.1,4.3,11.9,0.8,,,14.7,,1025.9,
2024-12-21,5.9,2.7,11.6,0.0,,,6.2,,1029.7,
2024-12-22,6.4,1.0,14.3,0.0,,,7.9,,1028.6,
2024-12-23,7.6,5.5,10.6,3.3,,,22.2,,1021.6,
2024-12-24,7.4,5.4,10.0,1.0,,,21.4,,1024.7,
2024-12-25,7.7,3.6,10.5,3.7,,,16.3,,1027.0,
2024-12-26,5.4,1.3,9.9,0.4,,,9.5,,1028.4,
2024-12-27,6.1,3.2,10.3,0.0,,,5.1,,1029.3,
2024-12-28,5.3,0.7,12.4,0.0,,,4.7,,1030.0,
2024-12-29,6.1,1.4,13.2,0.0,,,6.2,,1029.2,
2024-12-30,6.2,1.4,13.1,0.0,,,6.8,,1029.4,
2024-12-31,6.6,1.8,13.1,0.0,,,6.1,,1028.8,
2025-01-01,7.3,3.4,13.3,0.0,,,5.9,,1027.0,
2025-01-02,8.0,4.7,12.8,0.0,,,8.1,,1026.4,
2025-01-03,8.7,5.6,13.3,0.0,,,8.3,,1026.3,
2025-01-04,8.4,3.4,16.0,0.0,,,6.2,,1024.3,
2025-01-05,9.1,4.8,14.9,0.0,,,16.6,,1020.6,
2025-01-06,9.5,6.4,14.1,0.1,,,19.0,,1015.3,
2025-01-07,7.7,3.2,11.5,0.2,,,16.3,,1021.0,
2025-01-08,8.1,1.7,16.9,0.0,,,10.6,,1024.2,
2025-01-09,9.7,4.0,16.9,0.0,,,11.5,,1023.1,
2025-01-10,9.6,5.4,16.2,0.0,,,8.1,,1026.2,
2025-01-11,9.8,5.1,15.8,0.5,,,15.4,,1023.8,
2025-01-12,7.1,3.5,9.2,3.9,,,21.5,,1022.7,
2025-01-13,4.2,3.0,5.7,15.0,,,18.5,,1023.9,
2025-01-14,4.5,2.2,8.1,0.3,,,12.0,,1025.3,
2025-01-15,5.0,2.6,8.7,1.2,,,8.9,,1026.3,
2025-01-16,4.4,2.3,7.6,1.6,,,6.4,,1022.1,
2025-01-17,4.6,0.9,9.2,10.8,,,11.3,,1022.0,
2025-01-18,7.8,5.7,9.2,41.5,,,20.4,,1018.4,
2025-01-19,7.2,4.2,9.9,4.2,,,16.6,,1020.9,
2025-01-20,6.3,1.6,13.6,0.0,,,8.5,,1022.3,
2025-01-21,9.8,6.1,16.0,0.0,,,14.7,,1020.3,
2025-01-22,11.0,7.8,15.5,0.0,,,18.2,,1018.2,
2025-01-23,11.3,8.2,16.8,0.0,,,10.3,,1019.2,
2025-01-24,10.7,5.5,18.6,0.0,,,7.0,,1023.0,
2025-01-25,11.5,9.0,16.0,0.0,,,16.1,,1021.9,
2025-01-26,10.9,5.4,18.3,0.0,,,9.0,,1024.1,
2025-01-27,12.8,9.4,18.7,0.0,,,15.0,,1021.5,
2025-01-28,11.3,6.4,16.4,4.9,,,21.8,,1020.7,
2025-01-29,8.7,5.2,13.4,0.2,,,14.2,,1023.8,
2025-01-30,9.9,7.5,13.9,3.6,,,12.7,,1018.7,
2025-01-31,7.0,4.8,10.5,0.5,,,8.4,,1023.9,
2025-02-01,6.4,2.8,9.8,0.4,,,12.1,,1022.1,
2025-02-02,4.9,2.2,9.2,3.3,,,11.8,,1018.9,
2025-02-03,6.1,3.8,9.6,0.0,,,11.4,,1023.2,
2025-02-04,7.2,3.1,13.0,0.0,,,7.3,,1026.6,
2025-02-05,7.8,3.7,11.7,2.6,,,8.9,,1031.1,
2025-02-06,6.6,3.5,11.6,0.0,,,6.2,,1029.1,
2025-02-07,5.7,1.2,11.6,0.0,,,5.7,,1023.9,
2025-02-08,7.9,2.0,14.9,1.0,,,11.0,,1023.0,
2025-02-09,7.7,3.2,12.9,0.1,,,7.8,,1026.8,
2025-02-10,7.9,2.2,15.4,0.0,,,9.3,,1023.9,
2025-02-11,10.2,6.4,16.5,0.0,,,13.6,,1021.9,
2025-02-12,10.8,7.0,17.5,0.7,,,11.9,,1019.7,
2025-02-13,8.2,5.6,11.8,6.1,,,14.0,,1019.3,
2025-02-14,9.9,6.9,14.7,0.5,,,8.7,,1020.1,
2025-02-15,10.2,4.9,17.5,0.0,,,5.0,,1016.5,
2025-02-16,11.8,6.2,19.3,0.0,,,6.9,,1013.9,
2025-02-17,10.3,6.8,15.6,0.0,,,8.4,,1016.8,
2025-02-18,11.6,5.9,19.0,0.0,,,11.5,,1017.5,
2025-02-19,12.6,8.2,18.3,0.0,,,12.0,,1020.8,
2025-02-20,10.9,7.1,16.4,0.0,,,7.7,,1025.5,
2025-02-21,11.4,6.1,18.5,0.0,,,5.9,,1026.4,
2025-02-22,12.6,8.5,18.4,0.0,,,16.1,,1024.4,
2025-02-23,12.2,8.6,16.4,0.0,,,10.9,,1026.3,
2025-02-24,10.3,6.1,16.6,0.1,,,6.5,,1029.5,
2025-02-25,11.3,6.2,17.7,0.0,,,9.6,,1025.1,
2025-02-26,9.0,4.4,12.0,1.8,,,13.5,,1024.5,
2025-02-27,9.2,2.8,16.1,0.0,,,10.0,,1022.3,
2025-02-28,12.8,8.7,19.1,0.2,,,14.3,,1016.7,
2025-03-01,12.7,8.3,18.6,0.0,,,13.7,,1011.9,
2025-03-02,10.0,5.3,16.0,0.1,,,8.8,,1016.1,
2025-03-03,13.3,7.5,20.0,0.0,,,16.4,,1017.8,
2025-03-04,14.0,10.9,18.4,0.1,,,20.3,,1017.1,
2025-03-05,12.5,8.7,16.9,2.1,,,20.2,,1016.4,
2025-03-06,12.1,8.8,15.5,1.9,,,18.0,,1014.5,
2025-03-07,10.8,6.3,15.9,1.2,,,7.3,,1013.1,
2025-03-08,14.5,8.7,20.7,0.0,,,17.0,,1009.4,
2025-03-09,12.4,8.7,16.3,9.8,,,13.6,,1005.7,
2025-03-10,11.1,7.2,19.4,1.6,,,9.7,,1006.6,
2025-03-11,12.0,6.6,18.5,7.0,,,11.4,,1008.1,
2025-03-12,11.4,8.7,15.4,6.4,,,17.9,,1006.4,
2025-03-13,12.3,7.6,19.1,12.8,,,15.5,,1004.4,
2025-03-22,12.8,8.6,19.5,0.0,,,8.9,,1013.7,
2025-03-23,10.2,6.2,14.3,0.8,,,13.0,,1012.7,
2025-03-24,9.2,5.6,14.5,0.5,,,13.1,,1015.9,
2025-03-25,8.6,3.7,14.0,0.2,,,7.9,,1019.9,
2025-03-26,8.1,5.4,11.2,3.9,,,12.8,,1019.7,
2025-03-27,8.7,3.2,14.5,0.0,,,10.5,,1017.6,
2025-03-28,10.0,4.7,16.0,0.8,,,11.5,,1016.0,
2025-03-29,9.6,6.4,14.2,0.5,,,21.5,,1015.5,
2025-03-30,8.2,6.1,11.8,1.8,,,24.5,,1018.1,
2025-03-31,9.8,4.5,16.8,0.0,,,11.6,,1018.5,
2025-04-01,11.0,5.1,18.3,0.0,,,8.6,,1010.4,
2025-04-02,14.2,7.4,21.0,0.0,,,11.4,,1007.8,
2025-04-03,18.3,11.9,25.5,0.0,,,18.4,,1013.1,
2025-04-04,18.1,12.3,25.8,0.2,,,19.9,,1013.4,
2025-04-05,14.7,9.8,20.9,0.3,,,10.4,,1014.6,
2025-04-06,12.3,7.6,18.0,0.0,,,10.0,,1014.0,
2025-04-07,13.0,8.0,18.9,0.0,,,9.7,,1017.8,
2025-04-08,14.6,7.5,22.5,0.0,,,7.8,,1021.6,
2025-04-09,17.7,10.4,27.3,0.0,,,10.4,,1017.3,
2025-04-10,17.5,10.5,24.0,0.0,,,8.1,,1016.0,
2025-04-11,21.1,12.6,29.8,0.0,,,14.6,,1016.2,
2025-04-12,21.5,18.1,27.0,0.7,,,13.4,,1014.6,
2025-04-13,18.9,15.7,27.6,15.1,,,10.8,,1009.8,
2025-04-14,14.2,11.5,16.6,17.8,,,11.0,,1009.1,
2025-04-15,13.1,10.1,19.0,18.7,,,12.9,,1009.8,
2025-04-16,8.8,6.0,12.2,4.2,,,20.1,,1012.0,
2025-04-17,10.8,6.3,16.6,0.5,,,17.2,,1018.1,
2025-04-18,14.0,6.7,20.8,0.0,,,12.6,,1017.6,
2025-04-19,15.3,12.1,20.7,1.5,,,14.0,,1012.0,
2025-04-20,9.9,7.0,12.8,6.2,,,10.0,,1013.9,
2025-04-21,10.2,6.0,16.5,0.0,,,12.2,,1016.6,
2025-04-22,12.1,5.3,18.6,0.0,,,6.7,,1019.2,
2025-04-23,12.9,8.8,18.6,0.2,,,7.7,,1021.7,
2025-04-24,14.6,8.0,21.7,0.0,,,6.9,,1019.8,
2025-04-25,16.4,9.8,24.3,0.0,,,8.5,,1015.5,
2025-04-26,16.4,11.6,22.3,0.0,,,9.0,,1015.2,
2025-04-27,13.7,9.2,17.8,0.9,,,13.3,,1019.4,
2025-04-28,11.7,7.4,16.2,0.0,,,10.2,,1020.6,
2025-04-29,15.9,7.2,23.8,0.0,,,13.0,,1017.4,
2025-04-30,20.8,15.5,27.2,0.2,,,22.2,,1015.7,
2025-05-01,22.7,17.3,29.1,0.0,,,16.3,,1016.2,
2025-05-02,22.5,17.7,27.7,0.0,,,13.9,,1017.1,
2025-05-03,23.1,15.7,32.0,1.5,,,16.7,,1014.5,
2025-05-04,17.4,13.3,23.6,0.0,,,10.6,,1014.2,
2025-05-05,16.0,11.5,21.9,0.0,,,12.7,,1012.7,
2025-05-06,15.0,10.0,20.8,0.0,,,11.1,,1013.4,
2025-05-07,16.0,9.7,23.5,1.6,,,8.3,,1013.4,
2025-05-08,15.4,11.9,19.0,1.4,,,8.1,,1011.3,
2025-05-09,15.5,9.7,22.6,0.0,,,7.8,,1013.2,
2025-05-10,18.1,13.1,25.3,4.0,,,18.5,,1012.2,
2025-05-11,15.6,10.9,22.8,4.0,,,9.2,,1013.3,
2025-05-12,15.1,9.3,21.2,0.0,,,7.0,,1015.3,
2025-05-13,14.9,11.0,21.1,6.3,,,10.6,,1014.1,
2025-05-14,14.1,11.9,17.3,18.2,,,11.1,,1010.6,
2025-05-15,12.7,11.5,15.2,27.3,,,20.6,,1011.4,
2025-05-16,13.4,8.5,18.5,4.2,,,10.8,,1016.8,
2025-05-17,16.7,9.5,24.1,0.0,,,8.4,,1017.2,
2025-05-18,20.8,15.1,27.5,0.0,,,13.3,,1016.6,
2025-05-19,23.3,18.1,30.9,0.5,,,12.9,,1016.4,
2025-05-20,18.6,14.0,23.6,0.0,,,10.4,,1018.3,
2025-05-21,17.7,11.5,24.5,0.0,,,7.5,,1017.9,
2025-05-22,18.5,12.0,25.4,0.0,,,9.4,,1014.5,
2025-05-23,15.1,12.6,18.5,5.3,,,11.3,,1014.9,
2025-05-24,13.9,10.6,17.4,1.8,,,15.8,,1019.5,
2025-05-25,15.8,8.5,23.6,0.0,,,6.5,,1022.0,
2025-05-26,20.1,12.1,28.3,0.0,,,7.8,,1020.3,
2025-05-27,22.5,15.1,30.3,0.0,,,9.1,,1020.3,
2025-05-28,21.9,14.9,29.4,0.0,,,9.9,,1022.8,
2025-05-29,22.4,14.3,30.4,0.0,,,8.4,,1022.6,
2025-05-30,23.4,17.3,30.5,0.0,,,9.4,,1020.8,
2025-05-31,23.1,15.4,32.1,0.0,,,9.7,,1020.0,
2025-06-01,25.7,17.5,34.0,0.0,,,9.9,,1017.8,
2025-06-02,27.7,22.3,33.6,0.0,,,22.0,,1015.7,
2025-06-03,26.6,22.1,34.4,0.1,,,18.1,,1015.0,
2025-06-04,23.5,17.3,30.5,0.2,,,13.6,,1015.7,
2025-06-05,24.0,16.4,32.8,0.2,,,8.2,,1016.3,
2025-06-06,28.0,21.7,36.5,0.0,,,10.9,,1016.1,
2025-06-07,28.5,22.5,35.6,0.0,,,9.6,,1016.5,
2025-06-08,28.8,21.8,36.6,0.0,,,8.7,,1017.7,
2025-06-09,28.1,21.6,36.4,0.0,,,8.4,,1018.3,
2025-06-10,28.0,19.3,36.9,0.0,,,9.2,,1018.2,
2025-06-11,29.2,21.4,37.9,0.0,,,10.4,,1015.0,
2025-06-12,29.7,23.6,36.3,0.1,,,8.6,,1014.5,
2025-06-13,31.1,23.9,37.9,0.0,,,9.9,,1016.0,
2025-06-14,30.3,23.6,38.0,0.0,,,12.2,,1017.3,
2025-06-15,29.9,22.9,37.9,0.0,,,11.6,,1017.4,
2025-06-16,29.5,22.9,37.9,0.0,,,9.9,,1018.4,
2025-06-17,27.6,21.0,35.5,1.0,,,8.7,,1019.3,
2025-06-18,25.7,19.4,32.4,0.0,,,10.7,,1019.8,
2025-06-19,23.9,17.3,31.4,0.0,,,10.4,,1019.4,
2025-06-20,24.8,16.4,33.5,0.0,,,9.1,,1019.8,
2025-06-21,27.0,19.0,35.6,0.0,,,9.6,,1018.5,
2025-06-22,27.9,20.2,35.9,0.0,,,10.2,,1018.1,
2025-06-23,27.4,19.1,35.8,0.0,,,9.7,,1018.0,
2025-06-24,29.8,21.3,38.7,0.0,,,12.9,,1015.3,
2025-06-25,30.6,24.6,38.5,0.0,,,15.9,,1014.8,
2025-06-26,28.2,21.3,35.3,0.0,,,10.5,,1017.7,
2025-06-27,25.6,20.0,31.7,0.0,,,11.4,,1021.8,
2025-06-28,25.1,17.6,32.9,0.0,,,10.5,,1022.5,
2025-06-29,25.5,18.9,33.2,0.0,,,10.0,,1020.0,
2025-06-30,27.1,19.4,34.9,0.0,,,8.8,,1016.4,
2025-07-01,28.1,20.6,36.6,0.0,,,9.1,,1014.6,
2025-07-02,27.8,21.7,35.9,0.1,,,8.9,,1014.7,
2025-07-03,26.2,21.0,32.2,2.4,,,9.0,,1018.2,
2025-07-04,26.7,19.8,34.1,0.0,,,9.1,,1019.7,
2025-07-05,27.2,19.8,35.0,0.0,,,9.4,,1017.4,
2025-07-06,28.7,20.5,37.1,0.0,,,9.3,,1013.5,
2025-07-07,28.7,22.2,36.1,0.0,,,8.3,,1011.4,
2025-07-08,27.7,20.9,35.7,0.0,,,9.9,,1012.8,
2025-07-09,26.9,19.9,34.0,0.1,,,12.0,,1017.1,
2025-07-10,28.3,21.1,36.3,0.3,,,9.6,,1016.5,
2025-07-11,27.4,20.4,34.8,0.0,,,8.5,,1014.2,
2025-07-12,26.5,21.0,33.2,0.0,,,10.4,,1012.8,
2025-07-13,28.3,22.0,36.9,0.0,,,10.3,,1015.0,
2025-07-14,31.4,22.1,38.8,0.0,,,11.9,,1018.1,
2025-07-15,28.9,22.0,35.4,0.0,,,13.4,,1018.3,
2025-07-16,26.0,20.8,33.2,0.0,,,14.0,,1018.8,
2025-07-17,27.0,19.0,35.5,0.0,,,8.0,,1016.7,
2025-07-18,31.0,21.9,39.4,0.0,,,10.2,,1013.0,
2025-07-19,31.1,24.6,39.5,0.0,,,14.2,,1011.3,
2025-07-20,30.0,22.6,38.9,0.0,,,8.6,,1010.7,
2025-07-21,30.5,23.7,38.8,0.0,,,11.7,,1011.7,
2025-07-22,30.5,21.8,40.4,0.0,,,8.6,,1014.1,
2025-07-23,30.9,25.6,37.3,0.0,,,10.9,,1012.7,
2025-07-24,29.6,23.8,37.9,0.0,,,12.8,,1009.7,
2025-07-25,23.6,19.7,27.4,0.0,,,13.8,,1013.0,
2025-07-26,23.2,19.1,28.6,0.0,,,11.0,,1017.3,
2025-07-27,22.6,15.3,30.2,0.0,,,8.5,,1018.4,
2025-07-28,25.3,18.4,33.7,0.0,,,10.1,,1015.3,
2025-07-29,23.2,17.6,30.1,0.0,,,12.1,,1016.7,
2025-07-30,23.4,15.9,31.7,0.0,,,13.0,,1017.7,
2025-07-31,26.0,17.8,35.6,0.0,,,14.4,,1016.6,
2025-08-01,27.5,20.4,35.7,0.2,,,11.3,,1012.8,
2025-08-02,26.9,19.0,34.8,0.0,,,7.7,,1013.6,
2025-08-03,27.9,20.2,36.7,0.0,,,11.5,,1015.6,
2025-08-04,25.7,18.0,33.7,0.0,,,10.0,,1020.3,
2025-08-05,26.6,19.2,34.5,0.0,,,10.0,,1019.6,
2025-08-06,27.2,18.7,36.0,0.0,,,8.3,,1019.0,
2025-08-07,30.0,22.4,38.5,0.0,,,10.4,,1017.2,
2025-08-08,30.0,23.0,38.0,0.0,,,10.4,,1017.0,
2025-08-09,27.4,21.3,35.1,0.0,,,9.5,,1017.9,
2025-08-10,26.0,19.5,33.4,0.0,,,7.6,,1018.8,
2025-08-11,25.5,19.2,33.5,0.0,,,9.3,,1017.6,
2025-08-12,25.4,17.8,33.7,0.0,,,9.0,,1016.3,
2025-08-13,26.6,18.0,35.7,0.0,,,10.0,,1015.1,
2025-08-14,27.6,19.9,36.2,0.0,,,10.5,,1015.9,
2025-08-15,27.7,20.2,36.2,0.0,,,11.7,,1017.9,
2025-08-16,25.8,19.1,33.2,0.0,,,11.3,,1018.6,
2025-08-17,27.1,19.6,34.5,0.0,,,11.7,,1016.8,
2025-08-18,29.4,21.5,37.7,0.0,,,9.2,,1014.9,
2025-08-19,30.5,23.4,39.6,0.0,,,12.0,,1012.5,
2025-08-20,27.3,21.5,35.6,0.0,,,12.9,,1011.2,
2025-08-21,24.1,17.5,32.0,0.0,,,9.4,,1013.0,
2025-08-22,24.8,17.1,33.4,0.0,,,8.3,,1015.2,
2025-08-23,25.9,18.1,34.2,0.0,,,8.7,,1015.5,
2025-08-24,28.7,20.4,37.4,0.0,,,11.0,,1015.5,
2025-08-25,31.5,24.8,38.9,0.0,,,13.8,,1015.7,
2025-08-26,32.4,27.7,38.1,0.0,,,16.4,,1013.7,
2025-08-27,31.5,25.2,39.5,0.0,,,16.0,,1010.8,
2025-08-28,26.8,21.3,35.3,0.0,,,12.3,,1010.7,
2025-08-29,23.0,16.9,30.8,0.0,,,10.1,,1013.6,
2025-08-30,23.7,16.6,32.2,0.0,,,7.2,,1015.7,
2025-08-31,27.5,18.6,36.2,0.0,,,11.9,,1013.4,
2025-09-01,26.6,20.9,34.2,0.5,,,14.2,,1013.0,
2025-09-02,21.5,15.3,28.1,0.0,,,10.0,,1017.6,
2025-09-03,23.8,15.8,33.9,0.0,,,7.7,,1016.7,
2025-09-04,25.8,20.7,34.6,0.0,,,11.5,,1014.8,
2025-09-05,26.3,19.2,35.7,0.1,,,9.6,,1016.6,
2025-09-06,29.5,24.5,36.8,0.0,,,12.5,,1017.8,
2025-09-07,29.7,25.0,37.3,1.2,,,11.0,,1017.8,
2025-09-08,27.2,23.6,33.2,0.3,,,12.5,,1016.3,
2025-09-09,22.8,18.7,29.3,17.9,,,11.1,,1015.0,
2025-09-10,20.6,16.3,26.0,2.6,,,10.8,,1016.0,
2025-09-11,21.0,14.8,28.9,0.0,,,7.4,,1019.7,
2025-09-12,22.4,15.9,30.5,0.0,,,6.8,,1020.6,
2025-09-13,25.2,18.3,33.5,0.0,,,10.7,,1018.8,
2025-09-14,25.6,20.3,33.2,0.0,,,9.1,,1019.5,
2025-09-15,26.2,19.2,35.9,0.0,,,9.4,,1019.9,
2025-09-16,25.8,20.5,34.0,0.0,,,8.3,,1020.8,
2025-09-17,25.0,18.2,33.7,0.0,,,8.0,,1022.1,
2025-09-18,24.3,18.4,32.2,0.0,,,8.9,,1022.5,
2025-09-19,23.6,17.1,32.3,0.0,,,6.9,,1022.0,
2025-09-20,25.8,21.4,31.1,0.0,,,14.5,,1019.8,
2025-09-21,25.7,21.3,33.2,0.0,,,14.2,,1015.6,
2025-09-22,22.9,19.3,28.5,1.2,,,8.0,,1014.4,
2025-09-23,20.4,17.1,27.8,1.4,,,9.6,,1014.9,
2025-09-24,18.9,15.0,24.2,0.0,,,10.2,,1018.4,
2025-09-25,18.8,14.6,24.4,2.1,,,8.4,,1017.6,
2025-09-26,18.0,15.0,21.2,0.0,,,5.5,,1018.8,
2025-09-27,17.9,12.6,24.6,0.0,,,7.3,,1020.1,
2025-09-28,19.1,12.0,27.8,0.0,,,8.8,,1018.1,
2025-09-29,19.7,15.9,26.1,0.0,,,10.5,,1017.2,
2025-09-30,20.6,16.7,28.4,1.7,,,9.8,,1018.4,
2025-10-01,18.5,14.5,24.8,1.3,,,7.4,,1019.4,
2025-10-02,17.1,13.1,22.8,0.0,,,9.8,,1021.7,
2025-10-03,17.1,11.3,24.5,0.0,,,6.6,,1022.3,
2025-10-04,19.0,12.7,27.4,0.0,,,6.6,,1020.8,
2025-10-05,20.3,14.4,27.8,0.0,,,8.7,,1019.2,
2025-10-06,17.7,13.0,23.2,0.0,,,11.8,,1023.3,
2025-10-07,17.1,9.8,26.3,0.0,,,7.8,,1022.9,
2025-10-08,18.4,11.8,27.1,0.0,,,7.5,,1020.6,
2025-10-09,19.6,14.7,26.5,0.0,,,7.8,,1019.0,
2025-10-10,19.5,14.4,26.3,0.3,,,10.0,,1020.3,
2025-10-11,19.7,15.0,25.1,0.4,,,12.4,,1021.7,
2025-10-12,20.0,14.9,26.0,0.0,,,12.5,,1021.0,
2025-10-13,21.9,16.8,27.7,0.0,,,14.9,,1018.5,
2025-10-14,20.8,16.0,27.5,1.0,,,12.6,,1017.2,
2025-10-15,17.0,14.0,21.2,0.6,,,10.5,,1017.6,
2025-10-16,16.7,13.1,21.2,1.4,,,9.4,,1017.3,
2025-10-17,16.3,10.5,23.9,2.4,,,6.8,,1017.3,
2025-10-18,16.2,12.4,22.1,8.6,,,5.2,,1019.0,
2025-10-19,15.5,10.0,22.6,0.0,,,5.4,,1018.8,
2025-10-20,17.9,12.6,26.2,0.0,,,9.9,,1014.5,
2025-10-21,18.1,13.3,24.9,0.0,,,11.3,,1014.0,
2025-10-22,18.5,13.9,25.0,0.0,,,13.5,,1015.6,
2025-10-23,19.5,13.3,28.5,0.0,,,13.1,,1017.3,
2025-10-24,20.0,14.4,28.5,0.0,,,7.1,,1017.9,
2025-10-25,22.0,15.6,31.5,0.0,,,10.2,,1015.5,
2025-10-26,20.8,16.4,27.0,0.3,,,13.7,,1015.0,
2025-10-27,16.4,11.6,20.5,0.2,,,9.5,,1020.1,
2025-10-28,14.7,8.2,22.6,0.0,,,7.3,,1020.6,
2025-10-29,18.1,14.5,23.1,0.3,,,20.3,,1016.3,
2025-10-30,16.2,13.0,22.4,10.0,,,13.8,,1015.5,
2025-10-31,16.0,11.0,23.3,0.0,,,6.2,,1019.4,
2025-11-01,18.0,12.9,26.0,0.0,,,8.5,,1020.6,
2025-11-02,16.3,12.0,22.5,0.0,,,7.9,,1021.5,
2025-11-03,15.6,12.4,19.8,0.1,,,9.3,,1023.4,
2025-11-04,15.0,9.9,21.9,0.0,,,7.5,,1023.0,
2025-11-05,16.8,12.6,22.9,0.0,,,13.3,,1019.3,
2025-11-06,15.9,11.4,22.9,2.3,,,14.6,,1015.2,
2025-11-07,12.2,8.5,17.1,0.0,,,12.1,,1016.8,
2025-11-08,11.8,8.1,18.9,3.3,,,16.7,,1014.9,
2025-11-09,11.0,7.6,14.6,9.6,,,15.6,,1019.9,
2025-11-10,11.8,7.0,19.5,0.0,,,8.1,,1019.8,
2025-11-11,12.4,6.9,20.1,0.0,,,9.1,,1019.9,
2025-11-12,15.1,10.5,22.2,0.0,,,14.8,,1020.2,
2025-11-13,16.5,12.4,23.0,0.0,,,19.7,,1021.0,
2025-11-14,15.5,13.5,18.3,0.0,,,26.8,,1019.0,
2025-11-15,16.0,12.2,22.3,0.0,,,14.9,,1017.8,
2025-11-16,16.0,12.2,22.6,0.0,,,12.6,,1014.5,
2025-11-17,11.6,9.0,14.3,6.2,,,9.2,,1014.8,
2025-11-18,10.3,6.5,15.7,0.0,,,7.1,,1015.9,
2025-11-19,10.4,7.1,15.8,0.0,,,5.4,,1015.8,
2025-11-20,9.1,5.9,15.0,2.8,,,11.8,,1014.8,
2025-11-21,6.0,3.1,9.2,14.3,,,18.9,,1019.7,
2025-11-22,5.5,2.8,8.7,1.1,,,18.9,,1025.8,
2025-11-23,5.6,-0.3,13.3,0.0,,,8.3,,1026.5,
2025-11-24,8.9,5.2,16.5,0.0,,,14.5,,1019.6,
2025-11-25,9.0,6.4,14.4,5.2,,,17.9,,1014.0,
2025-11-26,5.5,2.2,7.9,6.0,,,17.4,,1017.9,
2025-11-27,3.7,1.4,7.5,3.0,,,15.5,,1021.0,
2025-11-28,5.4,1.5,10.2,0.0,,,12.1,,1022.7,
2025-11-29,6.1,1.1,13.8,0.0,,,8.7,,1020.2,
2025-11-30,7.6,4.1,14.0,0.0,,,11.1,,1017.2,
2025-12-01,8.2,3.8,15.5,0.0,,,6.0,,1018.2,
2025-12-02,8.1,3.4,14.8,0.0,,,5.5,,1017.0,
2025-12-03,7.4,4.4,12.1,2.9,,,14.6,,1014.5,
2025-12-04,7.8,4.7,11.9,0.9,,,20.3,,1017.7,
2025-12-05,8.9,7.6,11.8,11.3,,,24.8,,1017.0,
2025-12-06,10.0,6.4,15.8,0.0,,,10.2,,1022.6,
2025-12-07,10.1,5.0,17.4,0.0,,,5.7,,1023.6,
2025-12-08,11.1,6.5,18.5,0.0,,,5.7,,1023.8,
2025-12-09,11.4,7.4,18.3,0.0,,,9.2,,1024.1,
2025-12-10,10.4,6.0,17.7,0.0,,,8.5,,1022.5,
2025-12-11,9.8,4.7,17.6,0.0,,,6.3,,1021.3,
2025-12-12,8.9,4.7,15.5,0.0,,,7.8,,1019.3,
2025-12-13,9.2,5.1,15.3,0.0,,,9.2,,1021.7,
2025-12-14,11.2,7.2,15.7,0.0,,,15.1,,1021.4,
2025-12-15,11.1,8.0,14.6,2.6,,,18.4,,1016.5,
2025-12-16,9.9,7.4,13.6,0.0,,,18.8,,1013.3,
2025-12-17,9.8,7.1,13.6,0.7,,,10.9,,1018.2,
2025-12-18,9.4,6.3,14.6,2.1,,,5.3,,1021.5,
2025-12-19,10.0,7.5,12.5,0.8,,,3.8,,1019.3,
2025-12-20,9.5,6.4,14.1,3.3,,,7.8,,1014.5,
2025-12-21,8.8,5.1,13.4,3.0,,,13.5,,1012.0,
2025-12-22,5.5,2.2,7.1,12.4,,,14.7,,1010.5,
2025-12-23,4.6,1.6,9.5,0.0,,,16.6,,1011.4,
2025-12-24,5.8,2.1,11.1,0.4,,,12.0,,1009.3,
2025-12-25,7.1,3.8,10.9,5.7,,,16.0,,1010.5,
2025-12-26,7.0,5.0,10.9,5.0,,,11.5,,1013.4,
2025-12-27,7.1,3.2,13.0,0.0,,,8.5,,1017.7,
2025-12-28,7.9,4.2,13.1,0.0,,,12.8,,1018.9,
2025-12-29,7.3,4.2,11.7,0.0,,,11.2,,1019.4,
2025-12-30,5.8,2.3,10.3,0.4,,,9.3,,1020.6,
2025-12-31,5.9,1.2,12.3,0.0,,,7.4,,1019.9,
2026-01-01,6.6,1.9,13.0,0.0,,,9.3,,1020.1,
2026-01-02,9.4,6.8,13.8,0.0,,,17.3,,1016.1,
2026-01-03,10.4,7.0,15.0,0.0,,,22.0,,1010.7,
2026-01-04,10.4,8.5,13.3,0.0,,,19.2,,1004.4,
2026-01-05,9.3,5.8,13.7,5.9,,,13.3,,1003.9,
2026-01-06,6.1,3.6,9.6,6.9,,,12.7,,1009.6,
2026-01-07,3.9,1.7,6.6,1.3,,,16.9,,1021.1,
2026-01-08,5.4,1.0,12.2,0.0,,,13.1,,1029.1,
2026-01-09,7.0,1.8,14.3,0.0,,,14.2,,1024.8,
2026-01-10,7.3,4.8,10.6,1.4,,,20.4,,1023.4,
2026-01-11,6.0,2.7,11.4,0.0,,,10.7,,1026.5,
2026-01-12,5.9,0.9,12.2,0.0,,,12.8,,1027.0,
2026-01-13,7.6,4.6,12.2,0.0,,,22.8,,1023.8,
2026-01-14,7.0,3.5,13.3,0.0,,,13.0,,1021.8,
2026-01-15,6.7,1.1,13.3,0.0,,,6.7,,1019.3,
2026-01-16,7.6,4.2,11.4,7.6,,,7.3,,1017.5,
2026-01-17,7.8,3.9,13.3,5.0,,,13.3,,1013.0,
2026-01-18,7.4,4.3,10.8,1.0,,,13.0,,1011.1,
2026-01-19,5.7,2.7,8.5,0.4,,,9.9,,1008.7,
2026-01-20,6.7,4.5,10.2,14.8,,,13.6,,1005.3,
2026-01-21,8.3,6.8,10.9,10.6,,,18.7,,1007.5,
2026-01-22,7.3,5.1,10.2,14.1,,,20.1,,1004.7,
2026-01-23,7.3,3.9,10.6,9.7,,,15.1,,1006.5,
2026-01-24,6.5,2.7,10.0,3.6,,,16.7,,1006.2,
2026-01-25,6.1,1.2,11.1,0.9,,,24.8,,1011.6,
2026-01-26,8.4,5.9,10.7,13.8,,,24.4,,1012.6,
2026-01-27,12.1,8.1,17.7,5.1,,,17.4,,1010.8,
2026-01-28,10.9,7.0,14.1,5.9,,,27.5,,1006.0,
2026-01-29,12.5,7.0,17.6,6.5,,,26.2,,1008.4,
2026-01-30,13.2,11.0,16.5,4.1,,,21.7,,1010.6,
2026-01-31,7.4,3.6,11.5,24.5,,,31.7,,1010.0,
2026-02-01,8.1,4.2,12.7,1.8,,,14.5,,1016.4,
2026-02-02,9.8,4.2,16.9,0.0,,,17.1,,1009.2,
2026-02-03,8.9,4.9,12.0,1.7,,,8.8,,1008.6,
2026-02-04,8.6,5.0,11.5,24.7,,,17.2,,1003.5,
2026-02-05,15.2,11.2,20.7,4.3,,,22.8,,1003.9,
2026-02-06,13.4,9.7,17.1,0.0,,,18.8,,1008.6,
2026-02-07,9.4,5.9,12.4,0.1,,,19.2,,1014.5,
2026-02-08,8.8,6.2,16.5,6.3,,,21.1,,1011.9,
2026-02-09,8.5,4.0,16.7,2.8,,,12.6,,1012.7,
2026-02-10,12.0,7.3,17.3,1.4,,,21.9,,1012.4,
2026-02-14,7.0,,,,,,26.7,,1005.1,
2026-02-15,7.3,5.5,11.0,9.9,,,23.9,,1020.7,
2026-02-16,9.1,4.3,15.5,0.0,,,16.0,,1023.2,
2026-02-17,10.1,6.8,13.6,0.3,,,16.5,,1023.4,
2026-02-18,11.0,4.8,19.9,0.0,,,10.5,,1020.0,
2026-02-19,9.0,4.6,12.9,0.9,,,19.4,,1019.9,
2026-02-20,6.9,3.1,11.8,0.1,,,13.9,,1026.9,
2026-02-21,7.0,1.8,14.4,0.0,,,6.1,,1031.0,
2026-02-22,10.0,3.5,18.3,0.0,,,4.9,,1030.1,
2026-02-23,11.7,6.1,19.4,0.0,,,7.5,,1026.2,
2026-02-24,11.7,5.8,20.0,0.0,,,7.1,,1022.6,
2026-02-25,12.7,7.4,19.9,0.0,,,11.6,,1020.9,
2026-02-26,13.2,7.4,20.8,0.0,,,8.9,,1024.9,
2026-02-27,12.7,6.5,20.4,0.0,,,8.9,,1024.1,
2026-02-28,13.1,8.8,20.1,0.0,,,10.1,,1021.3,
2026-03-01,11.8,7.1,19.1,0.0,,,5.8,,1021.9,
2026-03-02,13.4,9.0,18.2,0.0,,,16.4,,1018.3,
2026-03-03,14.6,11.2,19.7,0.0,,,23.8,,1014.9,
2026-03-04,15.6,11.1,21.1,0.8,,,24.9,,1015.2,
2026-03-05,11.4,6.7,15.5,12.2,,,17.0,,1012.7,
2026-03-06,8.7,5.3,12.8,5.0,,,11.8,,1015.0,
2026-03-07,9.5,6.2,16.3,9.6,,,10.4,,1019.2,
2026-03-08,11.5,6.8,18.0,0.2,,,9.7,,1020.9,
2026-03-09,9.8,6.5,15.2,4.5,,,6.2,,1021.5,
2026-03-10,10.7,6.3,16.1,3.3,,,9.2,,1018.7,
2026-03-11,10.0,7.5,14.1,2.3,,,9.0,,1023.2,
2026-03-12,10.4,7.6,14.6,1.8,,,8.9,,1025.5,
2026-03-13,10.1,5.8,15.9,0.0,,,6.8,,1021.1,
2026-03-14,9.5,4.0,16.1,11.1,,,14.5,,1010.6,
2026-03-15,6.2,4.8,8.1,17.7,,,23.3,,1008.6,
2026-03-16,8.3,5.6,11.7,28.4,,,28.1,,1016.9,
2026-03-17,8.9,5.3,13.7,0.1,,,14.1,,1018.2,
2026-03-18,11.5,4.4,20.3,0.0,,,8.2,,1011.5,
2026-03-19,13.0,7.3,19.9,0.0,,,7.2,,1010.5,
2026-03-20,12.7,8.1,19.5,15.9,,,11.6,,1010.1,
2026-03-21,10.8,8.3,14.0,2.8,,,10.6,,1009.2,
2026-03-22,10.1,8.0,13.5,0.5,,,7.1,,1010.8,
2026-03-23,9.3,4.6,15.2,0.0,,,8.1,,1014.2,
2026-03-24,8.3,3.4,13.7,0.0,,,8.2,,1021.8,
2026-03-25,9.4,3.1,18.3,0.0,,,7.6,,1020.0,
2026-03-26,8.8,5.0,13.5,0.0,,,12.6,,1015.0,
2026-03-27,7.5,3.8,11.9,0.0,,,14.2,,1016.4,
2026-03-28,7.2,4.4,10.5,0.0,,,13.9,,1019.9,
2026-03-29,4.8,2.9,8.4,17.2,,,14.4,,1017.7,
2026-03-30,6.9,4.8,10.5,3.9,,,14.3,,1020.5,
2026-03-31,6.2,3.9,8.6,5.6,,,22.8,,1019.1,
2026-04-01,4.8,3.2,7.0,16.4,,,22.0,,1016.3,
2026-04-02,5.9,3.5,9.3,13.7,,,19.6,,1015.3,
2026-04-03,7.2,3.0,11.9,0.7,,,14.6,,1020.4,
2026-04-04,8.6,3.2,14.5,0.0,,,7.9,,1025.5,
2026-04-05,10.9,3.8,18.3,0.0,,,8.1,,1026.0,
2026-04-06,14.2,8.6,20.9,0.0,,,13.1,,1024.9,
2026-04-07,15.7,11.1,21.2,0.0,,,15.1,,1022.6,
2026-04-08,15.6,10.1,21.5,0.0,,,13.1,,1020.9,
2026-04-09,16.3,10.5,23.2,0.0,,,9.4,,1019.7,
2026-04-10,18.0,11.1,26.1,0.0,,,8.8,,1017.1,
2026-04-11,18.3,13.1,23.5,0.6,,,16.4,,1009.8,
2026-04-12,12.5,10.3,16.0,17.7,,,15.9,,1004.1,
2026-04-13,10.8,8.1,14.3,29.9,,,22.5,,1008.0,
2026-04-14,9.4,6.5,13.6,7.4,,,17.9,,1017.3,
2026-04-15,10.0,6.2,15.0,0.0,,,14.3,,1021.1,
2026-04-16,11.3,6.1,17.7,0.0,,,9.8,,1021.1,
2026-04-17,13.1,6.8,20.0,0.0,,,7.0,,1020.4,
2026-04-18,13.8,7.7,20.7,0.0,,,5.9,,1019.6,
2026-04-19,15.3,8.6,23.0,0.0,,,6.3,,1017.9,
2026-04-20,17.5,11.9,25.0,0.0,,,7.3,,1014.1,
2026-04-21,18.7,12.1,26.2,0.0,,,7.3,,1011.3,
2026-04-22,18.7,14.0,25.6,0.6,,,7.3,,1013.0,
2026-04-23,19.1,12.6,27.3,0.0,,,9.0,,1014.6,
2026-04-24,18.5,14.1,24.2,0.0,,,11.4,,1014.1,
2026-04-25,15.8,12.7,19.5,1.8,,,7.0,,1016.2,
2026-04-26,16.0,12.0,21.0,5.2,,,6.5,,1017.4,
2026-04-27,16.7,10.7,23.2,0.0,,,6.9,,1015.8,
2026-04-28,18.3,13.0,25.4,1.9,,,13.7,,1011.4,
2026-04-29,18.2,14.2,26.1,2.3,,,12.7,,1010.5,
2026-04-30,17.1,12.4,23.0,0.0,,,8.1,,1015.0,
2026-05-01,15.9,13.6,18.9,2.5,,,10.7,,1018.4,
2026-05-02,18.0,13.2,23.2,0.2,,,9.8,,1019.3,
2026-05-03,17.2,15.2,20.8,2.5,,,22.3,,1017.4,
2026-05-04,17.8,13.9,24.7,0.0,,,17.7,,1015.2,
2026-05-05,15.6,12.7,20.6,4.8,,,9.5,,1013.7,
2026-05-06,15.0,11.4,19.3,0.5,,,9.6,,1011.4,
2026-05-07,13.7,10.8,17.1,27.3,,,8.0,,1010.1,
2026-05-08,15.1,10.1,22.6,0.0,,,7.9,,1012.9,
2026-05-09,18.9,12.2,28.4,0.0,,,21.1,,1010.0,
2026-05-10,16.9,9.7,23.9,0.0,,,6.7,,1016.2,
2026-05-11,16.8,12.5,21.2,0.0,,,9.6,,1016.3,
2026-05-12,16.2,11.6,23.4,0.0,,,9.2,,1017.3,
2026-05-13,15.2,10.8,20.4,0.0,,,13.7,,1017.6,
2026-05-14,16.2,9.1,23.3,0.0,,,8.9,,1011.8,
2026-05-15,16.2,11.4,21.7,0.0,,,14.4,,1007.8,
2026-05-16,13.1,9.5,17.8,0.3,,,12.7,,1014.1,
2026-05-17,13.2,8.3,18.9,0.0,,,8.1,,1016.9,
2026-05-18,14.7,8.5,20.6,0.4,,,7.6,,1018.8,
2026-05-19,17.2,10.7,23.6,0.0,,,5.5,,1022.1,
2026-05-20,20.3,13.5,27.5,0.0,,,9.1,,1023.0,
2026-05-21,20.9,14.2,28.4,0.0,,,11.7,,1023.3,
2026-05-22,20.7,13.3,28.8,0.0,,,9.4,,1023.4,
2026-05-23,21.1,13.8,29.0,0.0,,,10.8,,1022.3,
2026-05-24,20.0,13.3,27.6,0.0,,,10.2,,1023.1,
2026-05-25,20.4,12.8,28.1,0.0,,,9.5,,1024.6,
2026-05-26,21.3,15.2,28.2,0.0,,,10.3,,1024.3,
2026-05-27,21.3,15.1,28.1,0.0,,,9.3,,1021.4,
2026-05-28,21.5,15.3,28.9,0.0,,,9.1,,1019.1,
2026-05-29,22.0,16.6,28.3,0.0,,,8.6,,1019.7,
2026-05-30,22.0,16.4,28.9,0.0,,,9.5,,1019.7,
2026-05-31,21.8,15.9,28.0,0.0,,,10.4,,1018.7,
2026-06-01,23.0,15.9,30.4,0.0,,,7.1,,1017.4,
2026-06-02,25.5,18.9,33.7,0.1,,,9.5,,1014.9,
2026-06-03,23.6,19.3,28.1,0.0,,,10.9,,1015.4,
2026-06-04,22.9,17.4,28.6,0.0,,,7.7,,1013.6,
2026-06-05,24.3,18.5,32.1,0.0,,,8.1,,1012.9,
2026-06-06,23.6,18.3,29.3,0.1,,,9.6,,1016.7,
2026-06-07,24.8,19.9,31.2,1.8,,,8.8,,1019.4,
2026-06-08,27.0,21.0,32.5,0.0,,,8.7,,1017.7,
2026-06-09,25.2,20.3,31.0,0.0,,,9.8,,1015.3,
2026-06-10,23.1,18.3,29.4,0.0,,,11.0,,1015.6,
2026-06-11,22.3,18.3,28.0,0.0,,,12.0,,1019.9,
2026-06-12,20.9,14.0,27.8,0.0,,,11.2,,1023.3,
2026-06-13,24.2,15.8,32.5,0.0,,,8.9,,1020.2,
2026-06-14,27.1,22.5,34.4,1.8,,,10.6,,1015.8,
2026-06-15,22.7,18.3,27.0,0.3,,,9.6,,1014.8,
2026-06-16,23.9,16.6,30.7,0.0,,,9.1,,1016.8,
2026-06-17,26.4,18.5,35.2,0.0,,,11.8,,1017.9,
2026-06-18,27.9,22.2,34.2,0.4,,,14.3,,1017.2,
2026-06-19,28.7,23.5,36.6,1.7,,,11.8,,1015.9,
2026-06-20,30.6,24.5,37.8,0.0,,,11.1,,1017.7,
2026-06-21,30.1,23.6,37.7,0.0,,,11.7,,1020.6,
2026-06-22,29.3,22.6,36.9,0.0,,,11.3,,1019.3,
2026-06-23,28.4,21.7,35.8,0.2,,,10.8,,1016.0,
2026-06-24,28.4,22.1,35.5,0.0,,,11.1,,1014.5,
2026-06-25,28.8,22.3,36.1,0.0,,,10.8,,1015.0,
2026-06-26,26.0,19.4,34.8,0.0,,,10.0,,1017.7,
2026-06-27,28.3,22.5,36.5,0.0,,,10.9,,1017.3,
2026-06-28,28.2,21.4,36.4,0.0,,,8.4,,1017.9,
2026-06-29,25.0,20.2,30.9,0.0,,,9.6,,1019.1,
2026-06-30,25.0,20.9,30.5,0.4,,,8.6,,1019.4,
2026-07-01,25.7,19.5,32.1,0.0,,,9.1,,1019.0,
2026-07-02,24.3,19.9,29.8,0.0,,,12.5,,1019.2,
2026-07-03,21.9,16.8,27.1,0.0,,,15.4,,1021.9,
2026-07-04,22.4,16.9,28.8,0.0,,,12.4,,1023.3,
2026-07-05,23.7,17.3,30.6,0.0,,,11.5,,1021.6,
2026-07-06,24.6,16.4,33.1,0.0,,,8.7,,1019.8,
2026-07-07,27.7,20.6,35.4,0.0,,,10.4,,1019.4,
2026-07-08,27.9,19.8,36.8,0.0,,,9.0,,1018.1,
2026-07-09,29.5,21.8,38.0,0.0,,,9.0,,1013.5,
2026-07-10,29.8,23.3,40.0,0.0,,,13.0,,1010.9,
2026-07-11,32.2,24.4,40.6,0.5,,,12.4,,1012.4,
2026-07-12,33.9,27.2,41.9,0.0,,,15.2,,1013.6,
2026-07-13,34.2,27.4,42.2,0.0,,,12.4,,1014.5,
2026-07-14,34.5,27.8,42.7,0.0,,,12.9,,1016.8,
2026-07-15,35.0,28.4,43.0,0.0,,,11.6,,1018.4,
2026-07-16,35.0,27.9,43.3,0.0,,,12.1,,1018.1,
2026-07-17,33.7,26.9,42.3,0.0,,,9.9,,1016.8,
2026-07-18,34.2,27.8,42.6,0.9,,,11.8,,1015.4,
2026-07-19,33.8,27.7,42.5,0.2,,,11.7,,1015.3,
2026-07-20,34.3,27.9,42.6,0.6,,,10.1,,1016.3,
2026-07-21,34.3,28.8,42.6,0.4,,,12.3,,1016.9,
