time,tavg,tmin,tmax,prcp,snow,wdir,wspd,wpgt,pres,tsun
2012-03-22,27.4,,,,,,0.0,,,
2012-03-23,27.7,,,,,,0.0,,,
2012-03-24,28.8,,,,,,0.0,,,
2012-03-25,29.2,,,,,,0.0,,,
2012-03-26,29.4,,,,,,0.0,,,
2012-03-27,30.8,,,,,,0.0,,,
2012-03-28,30.8,25.0,37.0,,,,0.0,,,
2012-03-29,27.3,24.2,29.7,,,,0.0,,,
2012-03-30,27.3,,,,,,0.0,,,
2012-03-31,28.6,,,,,,0.0,,,
2012-04-01,25.2,17.0,31.5,,,,0.0,,,
2012-04-02,24.1,17.3,30.3,,,,0.0,,,
2012-04-03,23.3,16.1,29.7,,,,0.0,,,
2012-04-04,22.3,16.2,27.2,,,,0.0,,,
2012-04-05,23.2,,,,,,0.0,,,
2012-04-06,23.4,,,,,,0.0,,,
2012-04-07,23.9,14.4,31.1,,,,0.0,,,
2012-04-08,25.3,,,,,,0.0,,,
2012-04-09,27.6,,,,,,0.0,,,
2012-04-10,29.3,23.8,35.9,,,,0.0,,,
2012-04-11,28.9,26.2,33.1,,,,0.0,,,
2012-04-12,25.2,22.8,27.1,,,,0.0,,,
2012-04-13,22.7,15.6,29.0,,,,0.0,,,
2012-04-14,24.0,17.5,30.0,,,,0.0,,,
2012-04-15,25.4,17.3,33.4,,,,0.0,,,
2012-04-16,20.7,15.5,25.2,,,,0.0,,,
2012-04-17,17.5,,,,,,0.0,,,
2012-04-18,20.8,12.9,27.8,,,,0.0,,,
2012-04-19,24.3,15.0,30.4,,,,0.0,,,
2012-04-20,26.2,17.6,34.1,,,,0.0,,,
2012-04-21,28.8,20.5,35.9,,,,0.0,,,
2012-04-22,30.1,,,,,,0.0,,,
2012-04-23,29.4,,,,,,0.0,,,
2012-04-24,29.7,22.2,37.1,,,,0.0,,,
2012-04-25,30.8,22.9,38.6,,,,0.0,,,
2012-04-26,32.0,23.3,39.8,,,,0.0,,,
2012-04-27,31.6,21.1,39.7,,,,0.0,,,
2012-04-28,31.5,,,,,,0.0,,,
2012-04-29,30.2,,,,,,0.0,,,
2012-04-30,29.7,24.4,35.0,,,,0.0,,,
2012-05-01,28.9,20.4,35.7,,,,0.0,,,
2012-05-02,30.3,,,,,,0.0,,,
2012-05-03,29.6,23.5,35.4,,,,0.0,,,
2012-05-04,27.1,17.1,35.1,,,,0.0,,,
2012-05-05,28.6,,,,,,0.0,,,
2012-05-06,29.8,20.9,37.7,,,,0.0,,,
2012-05-07,30.8,,,,,,0.0,,,
2012-05-08,32.5,24.8,39.1,,,,0.0,,,
2012-05-09,31.6,24.1,37.7,,,,0.0,,,
2012-05-10,32.3,23.9,39.4,,,,0.0,,,
2012-05-11,32.4,24.6,39.8,,,,0.0,,,
2012-05-12,31.3,23.6,38.2,,,,0.0,,,
2012-05-13,30.4,21.7,38.2,,,,0.0,,,
2012-05-14,31.6,22.8,39.9,,,,0.0,,,
2012-05-15,33.9,,,,,,0.0,,,
2012-05-16,35.6,,,,,,0.0,,,
2012-05-17,36.4,26.7,43.1,,,,0.0,,,
2012-05-18,37.0,28.2,44.5,,,,0.0,,,
2012-05-19,37.0,26.3,45.0,,,,0.0,,,
2012-05-20,37.0,29.0,43.7,,,,0.0,,,
2012-05-21,33.6,25.1,40.8,,,,0.0,,,
2012-05-22,31.7,25.1,37.6,,,,0.0,,,
2012-05-23,33.6,25.9,40.2,,,,0.0,,,
2012-05-24,33.0,26.2,38.7,,,,0.0,,,
2012-05-25,32.9,25.3,39.0,,,,0.0,,,
2012-05-26,33.8,25.4,40.5,,,,0.0,,,
2012-05-27,34.6,27.6,41.3,,,,0.0,,,
2012-05-28,35.4,27.1,42.0,,,,0.0,,,
2012-05-29,37.4,31.0,43.2,,,,0.0,,,
2012-05-30,37.8,32.1,44.1,,,,0.0,,,
2012-05-31,36.1,27.1,42.7,,,,0.0,,,
2012-06-01,35.6,26.0,42.4,,,,0.0,,,
2012-06-02,34.1,26.7,40.6,,,,0.0,,,
2012-06-03,33.9,23.1,42.4,,,,0.0,,,
2012-06-04,34.4,25.3,43.1,,,,0.0,,,
2012-06-05,35.5,27.1,42.8,,,,0.0,,,
2012-06-06,36.6,26.7,44.1,,,,0.0,,,
2012-06-07,37.8,29.6,44.7,,,,0.0,,,
2012-06-08,38.1,29.7,44.3,,,,0.0,,,
2012-06-09,37.5,,,,,,0.0,,,
2012-06-10,38.6,31.9,45.1,,,,0.0,,,
2012-06-11,37.9,31.3,43.8,,,,0.0,,,
2012-06-12,38.4,30.9,44.9,,,,0.0,,,
2012-06-13,38.9,30.9,46.0,,,,0.0,,,
2012-06-14,40.1,,,,,,0.0,,,
2012-06-15,41.4,34.1,48.0,,,,0.0,,,
2012-06-16,41.8,35.9,47.8,,,,0.0,,,
2012-06-17,41.9,35.2,46.5,,,,0.0,,,
2012-06-18,40.6,35.2,45.4,,,,0.0,,,
2012-06-19,40.3,,,,,,0.0,,,
2012-06-20,40.4,33.6,45.9,,,,0.0,,,
2012-06-21,39.6,33.3,45.2,,,,0.0,,,
2012-06-22,38.6,32.5,43.0,,,,0.0,,,
2012-06-23,40.4,36.6,44.8,,,,0.0,,,
2012-06-24,39.6,33.6,45.4,,,,0.0,,,
2012-06-25,39.2,32.4,45.3,,,,0.0,,,
2012-06-26,38.7,30.5,45.8,,,,0.0,,,
2012-06-27,38.4,31.3,44.6,,,,0.0,,,
2012-06-28,37.8,29.6,44.2,,,,0.0,,,
2012-06-29,39.3,31.3,46.4,,,,0.0,,,
2012-06-30,39.4,32.7,46.1,,,,0.0,,,
2012-07-01,39.4,32.6,45.6,,,,0.0,,,
2012-07-02,40.3,,,,,,0.0,,,
2012-07-03,39.5,33.0,45.2,,,,0.0,,,
2012-07-04,38.8,31.5,44.8,,,,0.0,,,
2012-07-05,39.5,32.9,45.1,,,,0.0,,,
2012-07-06,39.1,32.0,45.4,,,,0.0,,,
2012-07-07,40.7,33.8,47.0,,,,0.0,,,
2012-07-08,42.4,36.4,48.3,,,,0.0,,,
2012-07-09,42.5,35.0,47.9,,,,0.0,,,
2012-07-10,41.3,34.8,47.5,,,,0.0,,,
2012-07-11,41.3,34.8,47.0,,,,0.0,,,
2012-07-12,40.0,32.5,46.2,,,,0.0,,,
2012-07-13,40.7,34.4,46.5,,,,0.0,,,
2012-07-14,40.4,33.5,46.8,,,,0.0,,,
2012-07-15,41.4,33.8,47.7,,,,0.0,,,
2012-07-16,41.8,35.4,47.7,,,,0.0,,,
2012-07-17,39.6,31.7,46.1,,,,0.0,,,
2012-07-18,39.6,31.8,45.9,,,,0.0,,,
2012-07-19,38.4,31.7,44.6,,,,0.0,,,
2012-07-20,37.1,30.3,43.8,,,,0.0,,,
2012-07-21,37.8,30.8,44.8,,,,0.0,,,
2012-07-22,39.8,32.4,46.4,,,,0.0,,,
2012-07-23,40.6,33.3,47.0,,,,0.0,,,
2012-07-24,40.2,33.3,47.2,,,,0.0,,,
2012-07-25,38.9,34.0,47.1,,,,0.0,,,
2012-07-26,40.0,33.1,46.4,,,,0.0,,,
2012-07-27,41.3,33.6,47.5,,,,0.0,,,
2012-07-28,40.9,34.5,47.1,,,,0.0,,,
2012-07-29,40.3,,,,,,0.0,,,
2012-07-30,39.1,,,,,,0.0,,,
2012-07-31,40.4,34.4,46.1,,,,0.0,,,
2012-08-01,41.3,33.5,47.8,,,,0.0,,,
2012-08-02,40.0,,,,,,0.0,,,
2012-08-03,39.3,30.8,46.5,,,,0.0,,,
2012-08-04,39.3,31.3,45.7,,,,0.0,,,
2012-08-05,39.8,,,,,,0.0,,,
2012-08-06,40.3,33.6,47.0,,,,0.0,,,
2012-08-07,39.6,32.7,46.2,,,,0.0,,,
2012-08-08,40.1,,,,,,0.0,,,
2012-08-09,38.9,34.0,43.6,,,,0.0,,,
2012-08-10,38.6,31.5,44.0,,,,0.0,,,
2012-08-11,39.3,32.1,45.2,,,,0.0,,,
2012-08-12,39.5,,,,,,0.0,,,
2012-08-13,38.8,31.9,45.3,,,,0.0,,,
2012-08-14,39.3,31.9,45.6,,,,0.0,,,
2012-08-15,39.8,33.6,46.2,,,,0.0,,,
2012-08-16,37.9,32.3,44.8,,,,0.0,,,
2012-08-17,38.5,30.9,45.3,,,,0.0,,,
2012-08-18,39.5,32.7,45.2,,,,0.0,,,
2012-08-19,39.2,32.6,45.0,,,,0.0,,,
2012-08-20,37.0,31.4,43.0,,,,0.0,,,
2012-08-21,37.2,30.2,42.9,,,,0.0,,,
2012-08-22,35.5,27.6,42.3,,,,0.0,,,
2012-08-23,35.7,,,,,,0.0,,,
2012-08-24,36.1,29.3,42.2,,,,0.0,,,
2012-08-25,37.7,30.4,43.7,,,,0.0,,,
2012-08-26,38.7,31.1,45.3,,,,0.0,,,
2012-08-27,39.0,32.3,45.0,,,,0.0,,,
2012-08-28,38.4,31.8,44.2,,,,0.0,,,
2012-08-29,38.5,,,,,,0.0,,,
2012-08-30,37.8,,,,,,0.0,,,
2012-08-31,37.2,,,,,,0.0,,,
2012-09-01,36.6,30.3,42.8,,,,0.0,,,
2012-09-02,36.9,29.3,43.6,,,,0.0,,,
2012-09-03,37.9,29.9,44.6,,,,0.0,,,
2012-09-04,37.5,28.4,45.2,,,,0.0,,,
2012-09-05,36.1,28.5,41.8,,,,0.0,,,
2012-09-06,34.4,30.4,39.3,,,,0.0,,,
2012-09-07,36.3,29.9,41.7,,,,0.0,,,
2012-09-08,37.0,30.5,42.6,,,,0.0,,,
2012-09-09,37.1,30.7,43.6,,,,0.0,,,
2012-09-10,37.5,29.2,44.6,,,,0.0,,,
2012-09-11,38.3,,,,,,0.0,,,
2012-09-12,37.6,,,,,,0.0,,,
2012-09-13,37.3,,,,,,0.0,,,
2012-09-14,37.4,30.8,44.0,,,,0.0,,,
2012-09-15,34.5,,,,,,0.0,,,
2012-09-16,32.1,25.1,38.1,,,,0.0,,,
2012-09-17,31.6,24.9,38.4,,,,0.0,,,
2012-09-18,33.0,,,,,,0.0,,,
2012-09-19,34.9,28.0,42.4,,,,0.0,,,
2012-09-20,34.9,27.5,41.9,,,,0.0,,,
2012-09-21,34.9,30.9,39.2,,,,0.0,,,
2012-09-22,34.6,27.8,40.6,,,,0.0,,,
2012-09-24,35.0,,,,,,0.0,,,
2012-09-25,33.3,,,,,,0.0,,,
2012-09-26,33.8,,,,,,0.0,,,
2012-09-27,33.7,,,,,,0.0,,,
2012-09-28,33.4,,,,,,0.0,,,
2012-09-29,33.3,,,,,,0.0,,,
2012-09-30,32.0,,,,,,0.0,,,
2012-10-01,31.3,,,,,,0.0,,,
2012-10-02,33.5,,,,,,0.0,,,
2012-10-04,34.8,26.6,42.0,,,,0.0,,,
2012-10-05,33.7,,,,,,0.0,,,
2012-10-06,33.2,,,,,,0.0,,,
2012-10-07,32.5,,,,,,0.0,,,
2012-10-08,33.5,28.0,40.5,,,,0.0,,,
2012-10-09,32.9,26.1,38.9,,,,0.0,,,
2012-10-10,32.8,27.8,39.1,,,,0.0,,,
2012-10-11,32.4,25.5,39.2,,,,0.0,,,
2012-10-12,32.0,27.0,38.6,,,,0.0,,,
2012-10-13,31.6,23.5,39.4,,,,0.0,,,
2012-10-14,32.5,24.8,38.9,,,,0.0,,,
2012-10-15,32.5,27.4,38.0,,,,0.0,,,
2012-10-16,31.5,,,,,,0.0,,,
2012-10-17,31.1,,,,,,0.0,,,
2012-10-18,29.3,26.2,33.0,,,,0.0,,,
2012-10-20,27.8,,,,,,0.0,,,
2012-10-21,26.0,,,,,,0.0,,,
2012-10-22,24.7,,,,,,0.0,,,
2012-10-23,24.8,,,,,,0.0,,,
2012-10-24,25.6,,,,,,0.0,,,
2012-10-25,27.2,,,,,,0.0,,,
2012-10-26,29.0,,,,,,0.0,,,
2012-10-27,27.8,,,,,,0.0,,,
2012-10-28,26.4,19.7,32.9,,,,0.0,,,
2012-10-29,24.3,17.1,30.6,,,,0.0,,,
2012-10-30,26.0,18.9,33.5,,,,0.0,,,
2012-10-31,28.2,22.0,33.6,,,,0.0,,,
2012-11-01,28.8,23.9,33.4,,,,0.0,,,
2012-11-02,28.0,21.1,34.9,,,,0.0,,,
2012-11-03,29.6,24.9,35.5,,,,0.0,,,
2012-11-04,28.3,23.0,35.0,,,,0.0,,,
2012-11-05,28.8,21.7,36.3,,,,0.0,,,
2012-11-06,29.3,22.3,37.1,,,,0.0,,,
2012-11-07,28.7,21.9,37.0,,,,0.0,,,
2012-11-08,28.8,,,,,,0.0,,,
2012-11-09,27.8,,,,,,0.0,,,
2012-11-10,28.9,,,,,,0.0,,,
2012-11-11,23.5,18.7,29.0,,,,0.0,,,
2012-11-12,18.5,,,,,,0.0,,,
2012-11-13,16.2,8.8,24.2,,,,0.0,,,
2012-11-14,18.7,9.6,26.6,,,,0.0,,,
2012-11-15,20.5,,,,,,0.0,,,
2012-11-16,21.2,,,,,,0.0,,,
2012-11-17,22.2,,,,,,0.0,,,
2012-11-18,22.1,,,,,,0.0,,,
2012-11-19,19.7,15.2,25.7,,,,0.0,,,
2012-11-20,19.0,13.2,25.0,,,,0.0,,,
2012-11-21,19.7,13.6,26.0,,,,0.0,,,
2012-11-22,20.3,13.6,27.0,,,,0.0,,,
2012-11-23,17.6,14.8,21.0,,,,0.0,,,
2012-11-24,18.7,13.1,25.0,,,,0.0,,,
2012-11-25,19.9,14.1,26.4,,,,0.0,,,
2012-11-26,20.6,14.4,27.4,,,,0.0,,,
2012-11-27,20.2,12.0,27.9,,,,0.0,,,
2012-11-28,20.5,15.1,26.6,,,,0.0,,,
2012-11-29,18.4,12.4,24.6,,,,0.0,,,
2012-11-30,16.7,12.1,22.1,,,,0.0,,,
2012-12-01,15.0,7.3,22.8,,,,0.0,,,
2012-12-02,16.0,12.0,21.5,,,,0.0,,,
2012-12-03,12.8,6.8,18.6,,,,0.0,,,
2012-12-04,11.8,5.4,18.2,,,,0.0,,,
2012-12-05,12.6,6.4,19.9,,,,0.0,,,
2012-12-06,14.7,8.4,21.8,,,,0.0,,,
2012-12-07,15.1,9.6,21.9,,,,0.0,,,
2012-12-08,15.4,7.6,24.3,,,,0.0,,,
2012-12-09,16.7,11.1,23.0,,,,0.0,,,
2012-12-10,14.7,,,,,,0.0,,,
2012-12-11,13.7,6.5,21.4,,,,0.0,,,
2012-12-12,16.3,,,,,,0.0,,,
2012-12-13,16.0,10.9,21.4,,,,0.0,,,
2012-12-14,13.0,6.1,21.3,,,,0.0,,,
2012-12-15,15.4,9.4,23.0,,,,0.0,,,
2012-12-16,17.0,9.2,26.5,,,,0.0,,,
2012-12-17,18.5,10.8,27.4,,,,0.0,,,
2012-12-18,19.1,12.3,26.7,,,,0.0,,,
2012-12-19,18.6,11.7,25.5,,,,0.0,,,
2012-12-20,18.9,13.0,26.1,,,,0.0,,,
2012-12-21,18.9,11.8,27.3,,,,0.0,,,
2012-12-22,19.9,12.5,28.0,,,,0.0,,,
2012-12-23,18.6,,,,,,0.0,,,
2012-12-24,18.1,12.3,25.2,,,,0.0,,,
2012-12-25,19.1,13.3,25.9,,,,0.0,,,
2012-12-26,18.4,13.4,25.5,,,,0.0,,,
2012-12-27,16.2,10.3,23.0,,,,0.0,,,
2012-12-28,15.3,9.4,22.0,,,,0.0,,,
2012-12-29,15.3,8.0,23.2,,,,0.0,,,
2012-12-30,15.1,8.4,22.7,,,,0.0,,,
2012-12-31,13.9,,,,,,0.0,,,
2013-01-01,13.2,7.8,19.9,,,,0.0,,,
2013-01-02,13.4,7.7,19.9,,,,0.0,,,
2013-01-03,13.1,,,,,,0.0,,,
2013-01-04,11.9,5.8,18.3,,,,0.0,,,
2013-01-05,13.9,7.7,21.6,,,,0.0,,,
2013-01-06,14.3,8.7,20.5,,,,0.0,,,
2013-01-07,13.6,7.6,20.8,,,,0.0,,,
2013-01-08,14.3,8.5,21.4,,,,0.0,,,
2013-01-09,15.1,8.5,22.7,,,,0.0,,,
2013-01-10,15.7,10.2,23.4,,,,0.0,,,
2013-01-11,14.9,7.7,23.4,,,,0.0,,,
2013-01-12,15.4,8.5,23.6,,,,0.0,,,
2013-01-13,15.5,9.2,23.4,,,,0.0,,,
2013-01-14,14.1,7.5,21.1,,,,0.0,,,
2013-01-15,11.8,7.0,18.0,,,,0.0,,,
2013-01-16,12.6,5.9,20.5,,,,0.0,,,
2013-01-17,13.1,3.8,22.7,,,,0.0,,,
2013-01-18,14.8,6.8,23.2,,,,0.0,,,
2013-01-19,15.9,7.8,24.0,,,,0.0,,,
2013-01-20,17.1,10.8,23.4,,,,0.0,,,
2013-01-21,17.0,,,,,,0.0,,,
2013-01-22,18.3,,,,,,0.0,,,
2013-01-23,18.6,12.5,25.6,,,,0.0,,,
2013-01-24,15.7,9.8,21.6,,,,0.0,,,
2013-01-25,15.2,6.6,24.9,,,,0.0,,,
2013-01-26,17.1,8.3,27.1,,,,0.0,,,
2013-01-27,17.4,12.0,24.1,,,,0.0,,,
2013-01-28,16.4,9.0,23.6,,,,0.0,,,
2013-01-29,17.6,11.1,24.4,,,,0.0,,,
2013-01-30,15.4,8.0,23.0,,,,0.0,,,
2013-01-31,17.6,10.3,26.1,,,,0.0,,,
2013-02-01,19.9,12.5,28.8,,,,0.0,,,
2013-02-02,18.9,12.1,27.9,,,,0.0,,,
2013-02-03,16.2,8.9,24.3,,,,0.0,,,
2013-02-04,12.0,6.2,16.8,,,,0.0,,,
2013-02-05,12.3,5.6,19.9,,,,0.0,,,
2013-02-06,14.3,6.4,21.6,,,,0.0,,,
2013-02-07,15.4,6.5,24.5,,,,0.0,,,
2013-02-08,14.6,8.6,20.8,,,,0.0,,,
2013-02-09,15.4,,,,,,0.0,,,
2013-02-10,13.5,,,,,,0.0,,,
2013-02-11,13.3,6.3,20.8,,,,0.0,,,
2013-02-12,14.3,5.6,23.5,,,,0.0,,,
2013-02-13,15.4,8.9,22.3,,,,0.0,,,
2013-02-14,14.6,8.3,21.3,,,,0.0,,,
2013-02-15,15.2,7.2,22.5,,,,0.0,,,
2013-02-16,17.4,,,,,,0.0,,,
2013-02-17,18.0,,,,,,0.0,,,
2013-02-18,18.9,12.5,26.3,,,,0.0,,,
2013-02-19,18.9,12.1,27.2,,,,0.0,,,
2013-02-20,18.7,,,,,,0.0,,,
2013-02-21,18.0,11.2,24.1,,,,0.0,,,
2013-02-22,18.9,,,,,,0.0,,,
2013-02-23,19.9,12.4,27.9,,,,0.0,,,
2013-02-24,19.6,13.7,25.7,,,,0.0,,,
2013-02-25,19.2,11.4,28.0,,,,0.0,,,
2013-02-26,20.3,12.6,29.7,,,,0.0,,,
2013-02-27,23.4,15.3,32.0,,,,0.0,,,
2013-02-28,21.5,15.0,27.7,,,,0.0,,,
2013-03-01,19.6,11.1,27.7,,,,0.0,,,
2013-03-02,20.6,12.2,29.6,,,,0.0,,,
2013-03-03,21.6,13.5,30.4,,,,0.0,,,
2013-03-04,26.4,,,,,,0.0,,,
2013-03-05,24.2,19.4,28.6,,,,0.0,,,
2013-03-06,22.1,,,,,,0.0,,,
2013-03-07,23.7,15.8,31.1,,,,0.0,,,
2013-03-08,26.5,,,,,,0.0,,,
2013-03-09,26.6,,,,,,0.0,,,
2013-03-10,25.4,,,,,,0.0,,,
2013-03-11,23.6,,,,,,0.0,,,
2013-03-12,24.5,,,,,,0.0,,,
2013-03-13,25.0,16.3,33.8,,,,0.0,,,
2013-03-14,22.5,,,,,,0.0,,,
2013-03-15,20.2,,,,,,0.0,,,
2013-03-16,21.7,15.1,28.9,,,,0.0,,,
2013-03-17,24.9,,,,,,0.0,,,
2013-03-18,25.8,19.8,32.2,,,,0.0,,,
2013-03-19,26.1,,,,,,0.0,,,
2013-03-20,25.7,,,,,,0.0,,,
2013-03-21,25.2,19.1,31.6,,,,0.0,,,
2013-03-22,24.6,17.1,32.3,,,,0.0,,,
2013-03-23,25.7,,,,,,0.0,,,
2013-03-24,23.7,,,,,,0.0,,,
2013-03-25,23.1,15.2,30.2,,,,0.0,,,
2013-03-26,24.7,,,,,,0.0,,,
2013-03-27,25.9,17.3,34.1,,,,0.0,,,
2013-03-28,26.1,20.1,33.1,,,,0.0,,,
2013-03-29,24.5,18.2,30.6,,,,0.0,,,
2013-03-30,26.4,18.0,33.6,,,,0.0,,,
2013-03-31,28.5,20.0,36.9,,,,0.0,,,
2013-04-01,30.5,22.9,37.6,,,,0.0,,,
2013-04-02,27.6,,,,,,0.0,,,
2013-04-03,28.2,,,,,,0.0,,,
2013-04-04,26.0,,,,,,0.0,,,
2013-04-05,22.6,15.5,28.1,,,,0.0,,,
2013-04-06,22.3,,,,,,0.0,,,
2013-04-07,22.1,,,,,,0.0,,,
2013-04-08,24.6,,,,,,0.0,,,
2013-04-09,24.9,,,,,,0.0,,,
2013-04-10,24.2,,,,,,0.0,,,
2013-04-11,,,,,,,0.0,,,
2013-04-12,30.1,,,,,,0.0,,,
2013-04-13,30.3,,,,,,0.0,,,
2013-04-14,29.6,,,,,,0.0,,,
2013-04-15,29.9,21.4,36.3,,,,0.0,,,
2013-04-16,30.1,,,,,,0.0,,,
2013-04-17,29.8,,,,,,0.0,,,
2013-04-18,29.3,21.5,35.6,,,,0.0,,,
2013-04-19,29.1,,,,,,0.0,,,
2013-04-20,29.4,21.9,36.7,,,,0.0,,,
2013-04-21,30.2,22.2,37.1,,,,0.0,,,
2013-04-22,29.8,20.9,36.3,,,,0.0,,,
2013-04-23,25.7,19.3,29.4,,,,0.0,,,
2013-04-24,20.8,,,,,,0.0,,,
2013-04-25,24.8,15.6,32.1,,,,0.0,,,
2013-04-26,29.2,22.2,36.5,,,,0.0,,,
2013-04-27,31.1,,,,,,0.0,,,
2013-04-28,29.4,21.7,34.6,,,,0.0,,,
2013-04-29,28.9,23.0,33.8,,,,0.0,,,
2013-04-30,27.1,18.3,34.2,,,,0.0,,,
2013-05-01,28.8,,,,,,0.0,,,
2013-05-02,27.4,,,,,,0.0,,,
2013-05-03,26.9,,,,,,0.0,,,
2013-05-04,27.0,,,,,,0.0,,,
2013-05-05,29.3,,,,,,0.0,,,
2013-05-06,29.9,22.9,36.3,,,,0.0,,,
2013-05-07,29.8,22.3,36.7,,,,0.0,,,
2013-05-08,31.6,,,,,,0.0,,,
2013-05-09,34.7,,,,,,0.0,,,
2013-05-10,35.3,27.7,42.4,,,,0.0,,,
2013-05-11,36.6,27.7,44.0,,,,0.0,,,
2013-05-12,37.3,29.1,44.8,,,,0.0,,,
2013-05-13,39.0,33.2,44.8,,,,0.0,,,
2013-05-14,38.2,30.8,44.7,,,,0.0,,,
2013-05-15,35.5,,,,,,0.0,,,
2013-05-16,29.9,23.5,35.3,,,,0.0,,,
2013-05-17,30.4,21.7,37.1,,,,0.0,,,
2013-05-18,30.9,27.6,33.9,,,,0.0,,,
2013-05-19,30.6,21.7,38.0,,,,0.0,,,
2013-05-20,32.0,,,,,,0.0,,,
2013-05-21,30.7,,,,,,0.0,,,
2013-05-22,28.7,21.1,36.1,,,,0.0,,,
2013-05-23,29.7,,,,,,0.0,,,
2013-05-24,31.2,23.2,38.8,,,,0.0,,,
2013-05-25,31.4,23.8,39.6,,,,0.0,,,
2013-05-26,31.7,22.7,39.9,,,,0.0,,,
2013-05-27,32.5,23.6,40.5,,,,0.0,,,
2013-05-28,32.6,24.4,39.4,,,,0.0,,,
2013-05-29,32.1,,,,,,0.0,,,
2013-05-30,33.3,24.5,41.6,,,,0.0,,,
2013-05-31,33.5,,,,,,0.0,,,
2013-06-01,31.1,23.9,37.3,,,,0.0,,,
2013-06-02,30.9,23.1,37.4,,,,0.0,,,
2013-06-03,33.2,25.5,40.6,,,,0.0,,,
2013-06-04,35.3,27.4,42.4,,,,0.0,,,
2013-06-05,35.2,24.1,43.6,,,,0.0,,,
2013-06-06,36.9,,,,,,0.0,,,
2013-06-07,37.8,29.3,45.1,,,,0.0,,,
2013-06-08,38.0,31.0,45.5,,,,0.0,,,
2013-06-09,37.9,30.8,44.6,,,,0.0,,,
2013-06-10,39.1,33.8,44.2,,,,0.0,,,
2013-06-11,37.3,27.7,44.0,,,,0.0,,,
2013-06-12,38.3,31.8,45.0,,,,0.0,,,
2013-06-13,38.2,31.9,44.8,,,,0.0,,,
2013-06-14,37.4,27.8,45.5,,,,0.0,,,
2013-06-15,38.7,30.7,46.3,,,,0.0,,,
2013-06-16,39.2,31.5,46.6,,,,0.0,,,
2013-06-17,39.8,32.0,46.6,,,,0.0,,,
2013-06-18,39.7,,,,,,0.0,,,
2013-06-19,39.3,30.7,46.4,,,,0.0,,,
2013-06-20,39.5,31.4,46.5,,,,0.0,,,
2013-06-21,39.5,30.2,46.9,,,,0.0,,,
2013-06-22,39.4,30.4,47.4,,,,0.0,,,
2013-06-23,37.1,31.8,42.9,,,,0.0,,,
2013-06-24,34.8,27.9,40.9,,,,0.0,,,
2013-06-25,36.2,29.7,41.9,,,,0.0,,,
2013-06-26,38.1,30.7,44.3,,,,0.0,,,
2013-06-27,39.9,33.7,45.5,,,,0.0,,,
2013-06-28,40.5,34.9,45.7,,,,0.0,,,
2013-06-29,38.9,34.0,43.9,,,,0.0,,,
2013-06-30,37.9,33.0,43.1,,,,0.0,,,
2013-07-01,37.4,32.4,42.7,,,,0.0,,,
2013-07-02,38.2,30.8,44.4,,,,0.0,,,
2013-07-03,39.0,31.9,45.4,,,,0.0,,,
2013-07-04,40.3,32.9,46.4,,,,0.0,,,
2013-07-05,40.7,34.2,46.2,,,,0.0,,,
2013-07-06,39.5,31.8,46.1,,,,0.0,,,
2013-07-07,36.9,31.3,41.9,,,,0.0,,,
2013-07-08,35.6,26.6,42.8,,,,0.0,,,
2013-07-09,37.7,34.3,41.1,,,,0.0,,,
2013-07-10,37.6,32.4,43.0,,,,0.0,,,
2013-07-11,38.8,32.9,43.6,,,,0.0,,,
2013-07-12,39.6,34.0,44.6,,,,0.0,,,
2013-07-13,41.4,35.5,47.1,,,,0.0,,,
2013-07-14,42.2,35.1,48.7,,,,0.0,,,
2013-07-15,41.9,,,,,,0.0,,,
2013-07-16,41.5,32.1,49.6,,,,0.0,,,
2013-07-17,42.1,32.6,49.5,,,,0.0,,,
2013-07-18,41.5,34.7,47.1,,,,0.0,,,
2013-07-19,41.4,35.2,47.7,,,,0.0,,,
2013-07-20,40.6,33.3,47.2,,,,0.0,,,
2013-07-21,40.3,32.1,47.5,,,,0.0,,,
2013-07-22,41.4,36.2,47.1,,,,0.0,,,
2013-07-23,43.0,38.6,47.1,,,,0.0,,,
2013-07-24,41.4,33.6,48.2,,,,0.0,,,
2013-07-25,42.9,36.5,48.8,,,,0.0,,,
2013-07-26,43.1,36.4,48.0,,,,0.0,,,
2013-07-27,41.5,35.6,47.1,,,,0.0,,,
2013-07-28,40.5,34.4,45.8,,,,0.0,,,
2013-07-29,39.1,31.6,45.6,,,,0.0,,,
2013-07-30,38.5,30.2,45.0,,,,0.0,,,
2013-07-31,38.6,30.7,46.0,,,,0.0,,,
2013-08-01,39.8,,,,,,0.0,,,
2013-08-02,39.4,,,,,,0.0,,,
2013-08-03,36.6,30.8,42.4,,,,0.0,,,
2013-08-04,37.5,32.7,43.2,,,,0.0,,,
2013-08-05,36.9,,,,,,0.0,,,
2013-08-06,37.5,31.3,43.5,,,,0.0,,,
2013-08-07,38.0,,,,,,0.0,,,
2013-08-08,38.3,30.7,44.8,,,,0.0,,,
2013-08-09,37.9,31.1,43.6,,,,0.0,,,
2013-08-10,37.3,29.1,43.7,,,,0.0,,,
2013-08-11,37.9,31.2,44.9,,,,0.0,,,
2013-08-12,37.8,31.2,44.2,,,,0.0,,,
2013-08-13,37.8,30.3,44.4,,,,0.0,,,
2013-08-14,37.9,29.9,45.0,,,,0.0,,,
2013-08-15,38.9,32.4,45.7,,,,0.0,,,
2013-08-16,38.9,32.1,45.7,,,,0.0,,,
2013-08-17,37.9,29.1,45.4,,,,0.0,,,
2013-08-18,38.4,31.6,44.8,,,,0.0,,,
2013-08-19,39.4,,,,,,0.0,,,
2013-08-20,38.3,31.9,44.5,,,,0.0,,,
2013-08-21,37.9,,,,,,0.0,,,
2013-08-22,37.3,,,,,,0.0,,,
2013-08-23,35.7,29.1,41.5,,,,0.0,,,
2013-08-24,35.3,27.3,42.6,,,,0.0,,,
2013-08-25,36.7,30.3,42.9,,,,0.0,,,
2013-08-26,38.4,,,,,,0.0,,,
2013-08-27,38.7,,,,,,0.0,,,
2013-08-28,37.9,33.7,42.5,,,,0.0,,,
2013-08-29,37.7,,,,,,0.0,,,
2013-08-30,40.1,,,,,,0.0,,,
2013-08-31,38.8,32.2,44.8,,,,0.0,,,
2013-09-01,35.8,29.4,41.5,,,,0.0,,,
2013-09-02,35.3,29.1,41.0,,,,0.0,,,
2013-09-03,35.1,29.8,40.3,,,,0.0,,,
2013-09-04,34.6,29.2,39.4,,,,0.0,,,
2013-09-05,35.6,,,,,,0.0,,,
2013-09-06,36.4,28.7,43.0,,,,0.0,,,
2013-09-07,37.5,,,,,,0.0,,,
2013-09-08,37.6,31.5,44.8,,,,0.0,,,
2013-09-09,36.5,,,,,,0.0,,,
2013-09-10,36.1,29.1,43.2,,,,0.0,,,
2013-09-11,36.0,28.0,42.8,,,,0.0,,,
2013-09-12,37.0,29.1,43.9,,,,0.0,,,
2013-09-13,38.1,,,,,,0.0,,,
2013-09-14,37.4,30.6,43.8,,,,0.0,,,
2013-09-15,34.8,,,,,,0.0,,,
2013-09-16,33.8,,,,,,0.0,,,
2013-09-17,33.5,,,,,,0.0,,,
2013-09-18,30.1,25.8,34.8,,,,0.0,,,
2013-09-19,31.8,26.2,36.9,,,,0.0,,,
2013-09-20,33.4,,,,,,0.0,,,
2013-09-21,34.0,28.4,39.8,,,,0.0,,,
2013-09-22,33.9,,,,,,0.0,,,
2013-09-23,32.6,,,,,,0.0,,,
2013-09-24,31.6,,,,,,0.0,,,
2013-09-25,31.5,25.3,37.3,,,,0.0,,,
2013-09-26,32.8,25.9,39.6,,,,0.0,,,
2013-09-27,33.7,,,,,,0.0,,,
2013-09-28,34.5,,,,,,0.0,,,
2013-09-29,34.9,,,,,,0.0,,,
2013-09-30,34.6,,,,,,0.0,,,
2013-10-01,35.9,29.3,43.2,,,,0.0,,,
2013-10-02,36.2,28.5,43.6,,,,0.0,,,
2013-10-03,36.6,,,,,,0.0,,,
2013-10-04,36.2,,,,,,0.0,,,
2013-10-05,37.4,31.3,43.7,,,,0.0,,,
2013-10-06,35.9,,,,,,0.0,,,
2013-10-07,35.0,,,,,,0.0,,,
2013-10-08,34.8,,,,,,0.0,,,
2013-10-09,34.4,28.4,40.9,,,,0.0,,,
2013-10-10,33.9,,,,,,0.0,,,
2013-10-11,34.0,,,,,,0.0,,,
2013-10-12,34.1,,,,,,0.0,,,
2013-10-13,33.6,27.3,39.9,,,,0.0,,,
2013-10-14,33.5,26.1,40.1,,,,0.0,,,
2013-10-15,33.5,,,,,,0.0,,,
2013-10-16,33.6,,,,,,0.0,,,
2013-10-17,32.7,,,,,,0.0,,,
2013-10-18,31.5,,,,,,0.0,,,
2013-10-19,32.0,,,,,,0.0,,,
2013-10-20,31.6,,,,,,0.0,,,
2013-10-21,32.1,,,,,,0.0,,,
2013-10-22,32.1,,,,,,0.0,,,
2013-10-23,30.7,23.5,37.4,,,,0.0,,,
2013-10-24,29.5,,,,,,0.0,,,
2013-10-25,28.8,,,,,,0.0,,,
2013-10-26,28.6,,,,,,0.0,,,
2013-10-27,28.6,,,,,,0.0,,,
2013-10-28,29.4,,,,,,0.0,,,
2013-10-29,27.8,,,,,,0.0,,,
2013-10-30,27.0,,,,,,0.0,,,
2013-10-31,27.9,21.7,34.6,,,,0.0,,,
2013-11-01,27.0,20.3,34.1,,,,0.0,,,
2013-11-02,26.4,21.7,32.2,,,,0.0,,,
2013-11-03,25.6,,,,,,0.0,,,
2013-11-04,25.2,18.1,32.4,,,,0.0,,,
2013-11-05,26.5,20.8,33.1,,,,0.0,,,
2015-03-17,24.8,14.2,33.6,,,,0.0,,,
2015-03-18,25.8,15.0,34.0,,,,0.0,,,
2015-03-19,23.9,,,,,,0.0,,,
2015-03-20,20.4,,,,,,0.0,,,
2015-03-21,20.9,,,,,,0.0,,,
2015-03-22,23.0,,,,,,0.0,,,
2015-03-23,24.2,17.5,31.3,,,,0.0,,,
2015-03-24,21.2,16.0,25.9,,,,0.0,,,
2015-03-25,19.0,,,,,,0.0,,,
2015-03-26,16.6,11.7,21.9,,,,0.0,,,
2015-03-28,20.6,,,,,,0.0,,,
2015-03-29,22.8,,,,,,0.0,,,
2015-03-30,23.8,,,,,,0.0,,,
2015-03-31,24.9,,,,,,0.0,,,
2015-04-01,26.1,17.8,33.9,,,,0.0,,,
2015-04-02,27.0,,,,,,0.0,,,
2015-04-03,28.6,,,,,,0.0,,,
2015-04-04,28.3,19.6,36.0,,,,0.0,,,
2015-04-05,30.2,,,,,,0.0,,,
2015-04-06,27.5,,,,,,0.0,,,
2015-04-07,26.8,18.0,34.1,,,,0.0,,,
2015-04-08,26.5,,,,,,0.0,,,
2015-04-09,25.0,17.7,32.4,,,,0.0,,,
2015-04-10,24.2,17.6,31.0,,,,0.0,,,
2015-04-11,24.0,16.3,31.1,,,,0.0,,,
2015-04-12,27.5,,,,,,0.0,,,
2015-04-13,30.7,22.6,37.6,,,,0.0,,,
2015-04-14,30.2,,,,,,0.0,,,
2015-04-15,31.4,24.2,38.5,,,,0.0,,,
2015-04-16,32.1,,,,,,0.0,,,
2015-04-17,33.8,,,,,,0.0,,,
2015-04-18,32.3,,,,,,0.0,,,
2015-04-19,31.5,,,,,,0.0,,,
2015-04-20,32.5,,,,,,0.0,,,
2015-04-21,33.8,25.2,41.2,,,,0.0,,,
2015-04-22,33.2,23.2,41.1,,,,0.0,,,
2015-04-23,34.7,,,,,,0.0,,,
2015-04-24,34.5,,,,,,0.0,,,
2015-04-25,34.6,,,,,,0.0,,,
2015-04-26,35.0,,,,,,0.0,,,
2015-04-27,33.9,24.7,41.7,,,,0.0,,,
2015-04-28,33.0,23.6,40.9,,,,0.0,,,
2015-04-29,33.6,,,,,,0.0,,,
2015-04-30,33.4,24.9,41.5,,,,0.0,,,
2015-05-01,33.3,25.7,41.2,,,,0.0,,,
2015-05-02,34.6,25.9,42.6,,,,0.0,,,
2015-05-03,36.1,,,,,,0.0,,,
2015-05-04,36.8,,,,,,0.0,,,
2015-05-05,36.8,27.7,44.4,,,,0.0,,,
2015-05-06,37.0,30.4,44.4,,,,0.0,,,
2015-05-07,37.6,30.2,44.9,,,,0.0,,,
2015-05-08,37.9,30.2,45.0,,,,0.0,,,
2015-05-09,38.2,30.0,45.2,,,,0.0,,,
2015-05-10,36.4,,,,,,0.0,,,
2015-05-11,32.8,,,,,,0.0,,,
2015-05-12,33.0,25.1,40.9,,,,0.0,,,
2015-05-13,32.9,,,,,,0.0,,,
2015-05-14,33.4,,,,,,0.0,,,
2015-05-15,33.9,,,,,,0.0,,,
2015-05-16,35.6,26.4,42.9,,,,0.0,,,
2015-05-17,32.4,26.3,38.2,,,,0.0,,,
2015-05-18,31.9,24.5,39.3,,,,0.0,,,
2015-05-19,35.4,26.6,43.1,,,,0.0,,,
2015-05-20,36.3,30.3,42.6,,,,0.0,,,
2015-05-21,32.8,23.7,39.5,,,,0.0,,,
2015-05-22,33.1,26.0,39.6,,,,0.0,,,
2015-05-23,32.8,24.4,39.9,,,,0.0,,,
2015-05-24,31.6,23.9,37.3,,,,0.0,,,
2015-05-25,29.0,23.4,34.4,,,,0.0,,,
2015-05-26,29.3,21.3,36.3,,,,0.0,,,
2015-05-27,32.2,26.1,38.2,,,,0.0,,,
2015-05-28,34.3,27.4,41.3,,,,0.0,,,
2015-05-29,34.6,25.0,41.3,,,,0.0,,,
2015-05-30,33.7,25.0,41.0,,,,0.0,,,
2015-05-31,34.7,27.9,41.3,,,,0.0,,,
2015-06-01,35.5,28.2,42.4,,,,0.0,,,
2015-06-02,34.0,28.7,40.2,,,,0.0,,,
2015-06-03,34.1,27.7,41.1,,,,0.0,,,
2015-06-04,33.0,26.6,39.0,,,,0.0,,,
2015-06-05,33.1,26.7,39.3,,,,0.0,,,
2015-06-06,33.1,26.8,38.7,,,,0.0,,,
2015-06-07,32.5,24.5,39.3,,,,0.0,,,
2015-06-08,33.9,26.1,40.8,,,,0.0,,,
2015-06-09,36.3,29.1,43.1,,,,0.0,,,
2015-06-10,36.3,29.6,41.4,,,,0.0,,,
2015-06-11,34.6,26.9,41.0,,,,0.0,,,
2015-06-12,33.7,25.3,41.1,,,,0.0,,,
2015-06-13,33.9,24.3,42.9,,,,0.0,,,
2015-06-14,35.9,,,,,,0.0,,,
2015-06-15,37.1,27.8,43.5,,,,0.0,,,
2015-06-16,38.0,31.1,44.5,,,,0.0,,,
2015-06-17,39.5,32.9,45.7,,,,0.0,,,
2015-06-18,39.6,31.9,46.8,,,,0.0,,,
2015-06-19,40.5,34.9,47.3,,,,0.0,,,
2015-06-20,40.0,31.8,47.1,,,,0.0,,,
2015-06-21,40.6,32.3,47.6,,,,0.0,,,
2016-01-25,17.5,12.2,24.1,,,,13.5,,,
2016-01-27,17.6,10.8,25.4,,,,21.4,,,
2016-01-28,16.0,6.9,24.8,,,,7.4,,,
2016-01-29,16.7,10.7,22.9,,,,11.9,,,
2016-01-30,19.3,12.4,25.4,,,,16.0,,,
2016-01-31,15.9,9.7,21.9,,,,37.6,,,
2016-02-01,18.7,13.1,25.2,,,,37.4,,,
2016-02-02,18.2,10.6,26.4,,,,29.1,,,
2016-02-03,18.2,11.3,25.3,,,,23.4,,,
2016-02-04,20.6,13.1,27.8,,,,23.1,,,
2016-02-05,20.5,15.5,25.7,,,,30.2,,,
2016-02-06,19.6,13.9,25.9,,,,25.2,,,
2016-02-07,18.2,11.7,25.6,,,,21.9,,,
2016-02-08,20.4,,,,,,13.3,,,
2016-02-09,19.8,13.7,26.5,,,,23.2,,,
2016-02-10,20.3,12.8,29.1,,,,8.9,,,
2016-02-11,22.1,14.0,30.1,,,,8.5,,,
2016-02-12,23.2,16.1,30.7,,,,9.4,,,
2016-02-13,22.9,16.7,30.9,,,,10.1,,,
2016-02-14,22.9,14.2,32.2,,,,9.3,,,
2016-02-16,13.5,7.3,19.6,,,,20.8,,,
2016-02-17,14.1,8.7,19.3,,,,25.7,,,
2016-02-19,16.5,9.2,24.4,,,,14.2,,,
2016-02-20,19.3,13.1,25.0,,,,11.0,,,
2016-02-21,24.1,20.4,28.9,,,,16.7,,,
2016-02-22,26.5,22.4,31.4,,,,19.0,,,
2016-02-23,23.1,,,,,,24.7,,,
2016-02-24,21.2,,,,,,27.8,,,
2016-02-25,19.6,11.1,27.1,,,,17.0,,,
2016-02-26,20.4,13.4,27.5,,,,18.9,,,
2016-02-27,20.3,10.8,28.8,,,,15.1,,,
2016-02-28,19.2,14.5,22.9,,,,26.1,,,
2016-02-29,16.6,10.0,22.6,,,,23.8,,,
2016-03-01,17.8,12.6,24.0,,,,26.5,,,
2016-03-02,17.8,12.2,24.6,,,,23.4,,,
2016-03-03,20.1,13.7,27.9,,,,16.6,,,
2016-03-04,21.6,14.3,28.9,,,,10.6,,,
2016-03-05,22.4,,,,,,9.1,,,
2016-03-06,21.8,13.5,28.9,,,,12.2,,,
2016-03-07,19.9,,,,,,26.0,,,
2016-03-08,19.5,11.7,26.6,,,,18.2,,,
2016-03-09,16.7,11.4,22.1,,,,28.2,,,
2016-03-10,16.8,,,,,,13.2,,,
2016-03-11,17.6,12.4,23.0,,,,25.2,,,
2016-03-12,15.9,9.6,21.7,,,,28.4,,,
2016-03-13,16.1,,,,,,23.2,,,
2016-03-14,18.1,10.6,24.8,,,,16.5,,,
2016-03-15,19.9,12.5,27.5,,,,7.7,,,
2016-03-16,21.4,12.6,29.7,,,,4.9,,,
2016-03-17,24.3,15.6,32.7,,,,3.5,,,
2016-03-18,25.6,16.7,33.3,,,,9.5,,,
2016-03-19,26.9,,,,,,17.6,,,
2016-03-20,27.1,18.7,34.4,,,,12.7,,,
2016-03-21,25.7,18.1,32.6,,,,11.7,,,
2016-03-22,21.2,16.1,25.5,,,,20.5,,,
2016-03-24,19.0,13.0,23.8,,,,12.1,,,
2016-03-25,19.7,15.6,24.5,,,,35.3,,,
2016-03-26,19.3,12.3,27.0,,,,26.5,,,
2016-03-27,21.9,13.6,29.7,,,,24.9,,,
2016-03-28,24.5,16.4,32.0,,,,21.2,,,
2016-03-29,25.9,17.2,34.4,,,,13.3,,,
2016-03-30,27.2,18.9,34.4,,,,15.8,,,
2016-03-31,31.6,26.5,37.6,,,,29.6,,,
2016-04-01,26.9,21.1,31.3,,,,27.9,,,
2016-04-02,25.7,18.7,32.7,,,,12.9,,,
2016-04-03,28.5,21.7,35.2,,,,19.5,,,
2016-04-04,27.2,18.8,33.2,,,,9.6,,,
2016-04-05,26.3,,,,,,12.6,,,
2016-04-06,22.1,,,,,,27.5,,,
2016-04-07,22.1,,,,,,,,,
2016-04-08,25.1,18.1,30.7,,,,15.8,,,
2016-04-09,27.3,22.0,33.0,,,,11.3,,,
2016-04-10,29.4,22.0,35.8,,,,17.9,,,
2016-04-11,31.1,23.2,38.5,,,,23.1,,,
2016-04-12,28.7,20.1,35.9,,,,8.2,,,
2016-04-13,27.3,17.1,36.0,,,,7.8,,,
2016-04-14,28.3,20.6,35.6,,,,10.9,,,
2016-04-15,27.8,19.4,34.9,,,,7.1,,,
2016-04-16,27.1,17.2,35.0,,,,8.2,,,
2016-04-17,28.4,17.0,37.0,,,,5.1,,,
2016-04-18,29.9,,,,,,6.9,,,
2016-04-19,30.4,21.3,37.7,,,,9.5,,,
2016-04-20,31.8,24.4,38.7,,,,9.0,,,
2016-04-21,31.0,23.6,37.5,,,,13.1,,,
2016-04-22,32.7,24.4,40.5,,,,11.1,,,
2016-04-23,35.0,27.9,42.5,,,,7.9,,,
2016-04-24,35.4,25.7,43.0,,,,7.0,,,
2016-04-25,35.7,27.7,42.5,,,,5.0,,,
2016-04-26,37.1,28.5,44.6,,,,12.0,,,
2016-04-27,38.2,29.8,44.4,,,,11.0,,,
2016-04-28,36.5,27.5,43.3,,,,9.6,,,
2016-04-29,36.0,28.6,42.9,,,,12.4,,,
2016-04-30,37.3,31.8,42.6,,,,17.4,,,
2016-05-01,36.9,33.0,41.4,,,,22.5,,,
2016-05-02,34.2,30.2,39.2,,,,25.1,,,
2016-05-03,31.1,25.6,36.9,,,,44.8,,,
2016-05-04,29.9,24.9,35.1,,,,34.9,,,
2016-05-05,32.0,27.4,36.9,,,,21.4,,,
2016-05-06,31.6,26.1,35.7,,,,13.9,,,
2016-05-07,28.1,19.1,35.2,,,,11.5,,,
2016-05-08,30.4,21.7,37.4,,,,11.4,,,
2016-05-09,29.6,24.6,34.8,,,,12.1,,,
2016-05-10,27.6,23.1,34.3,,,,12.7,,,
2016-05-11,33.2,26.4,40.3,,,,18.6,,,
2016-05-12,30.0,24.5,34.2,,,,14.2,,,
2016-05-13,28.9,22.6,34.7,,,,12.4,,,
2016-05-14,28.8,21.0,35.9,,,,19.1,,,
2016-05-15,30.2,23.0,36.9,,,,31.2,,,
2016-05-16,31.1,,,,,,21.0,,,
2016-05-17,32.2,24.3,39.2,,,,16.2,,,
2016-05-18,34.0,27.5,40.7,,,,15.3,,,
2016-05-19,32.2,23.6,38.9,,,,12.6,,,
2016-05-20,32.6,27.4,37.8,,,,26.8,,,
2016-05-21,32.0,,,,,,30.0,,,
2016-05-22,31.7,,,,,,,,,
2016-05-23,33.5,24.4,40.6,,,,29.8,,,
2016-05-24,35.9,28.9,42.1,,,,22.7,,,
2016-05-25,37.4,30.4,44.0,,,,14.5,,,
2016-05-26,37.2,28.4,45.2,,,,7.8,,,
2016-05-27,38.3,29.6,45.1,,,,11.6,,,
2016-05-28,39.2,29.7,46.5,,,,12.5,,,
2016-05-29,39.4,33.3,46.1,,,,23.0,,,
2016-05-30,40.3,33.6,46.9,,,,18.6,,,
2016-05-31,38.5,33.2,43.4,,,,19.3,,,
2016-06-01,36.4,28.8,43.5,,,,12.2,,,
2016-06-02,36.0,26.2,43.7,,,,11.0,,,
2016-06-03,37.0,29.7,44.2,,,,18.2,,,
2016-06-04,35.5,26.5,42.7,,,,10.0,,,
2016-06-05,34.6,25.8,41.7,,,,6.4,,,
2016-06-06,35.2,25.0,42.6,,,,2.7,,,
2016-06-07,37.3,27.1,45.3,,,,8.3,,,
2016-06-08,37.9,30.5,45.5,,,,9.9,,,
2016-06-09,38.5,30.8,45.5,,,,14.0,,,
2016-06-10,39.7,32.9,46.2,,,,29.4,,,
2016-06-11,40.3,34.2,46.7,,,,22.9,,,
2016-06-12,39.6,30.7,48.0,,,,9.7,,,
2016-06-13,39.6,33.0,46.3,,,,19.0,,,
2016-06-14,39.0,29.9,46.2,,,,11.6,,,
2016-06-15,38.0,32.0,43.8,,,,17.4,,,
2016-06-16,36.1,29.5,41.6,,,,18.5,,,
2016-06-17,34.8,25.9,41.2,,,,10.1,,,
2016-06-18,35.8,28.1,42.7,,,,10.3,,,
2016-06-19,37.3,29.5,44.3,,,,13.6,,,
2016-06-20,35.0,29.5,40.1,,,,40.7,,,
2016-06-21,33.0,26.5,38.7,,,,32.6,,,
2016-06-22,33.4,27.1,39.2,,,,22.0,,,
2016-06-23,36.1,30.4,41.5,,,,21.7,,,
2016-06-24,37.1,30.3,43.3,,,,27.8,,,
2016-06-25,37.1,29.0,44.4,,,,34.2,,,
2016-06-26,38.4,30.1,45.4,,,,30.8,,,
2016-06-27,40.1,34.5,46.3,,,,26.8,,,
2016-06-28,40.8,35.6,46.9,,,,10.3,,,
2016-06-29,40.5,34.1,46.4,,,,14.9,,,
2016-06-30,40.1,33.0,46.1,,,,14.9,,,
2016-07-01,40.0,31.5,47.1,,,,7.0,,,
2016-07-02,40.3,30.6,47.9,,,,4.5,,,
2016-07-03,42.3,36.4,48.4,,,,11.1,,,
2016-07-04,42.6,35.8,48.4,,,,24.3,,,
2016-07-05,41.3,,,,,,31.4,,,
2016-07-06,41.2,33.1,47.8,,,,30.2,,,
2016-07-07,41.7,34.7,47.8,,,,27.0,,,
2016-07-08,40.7,34.2,46.8,,,,13.5,,,
2016-07-09,41.2,34.9,47.4,,,,27.0,,,
2016-07-10,40.4,33.7,46.7,,,,35.4,,,
2016-07-11,40.5,33.8,46.7,,,,36.0,,,
2016-07-12,41.4,34.5,47.5,,,,30.6,,,
2016-07-13,41.3,33.7,47.7,,,,19.2,,,
2016-07-14,41.9,,,,,,16.4,,,
2016-07-15,42.9,34.8,48.7,,,,13.8,,,
2016-07-16,40.0,35.0,44.4,,,,38.9,,,
2016-07-17,37.7,30.4,43.8,,,,31.0,,,
2016-07-18,38.7,34.4,42.8,,,,23.2,,,
2016-07-19,38.3,30.2,45.1,,,,30.3,,,
2016-07-20,38.6,31.7,43.9,,,,26.8,,,
2016-07-21,36.6,29.7,42.8,,,,30.3,,,
2016-07-22,37.0,29.6,43.2,,,,28.6,,,
2016-07-23,37.8,33.4,42.9,,,,14.7,,,
2016-07-24,38.9,31.2,44.3,,,,9.6,,,
2016-07-25,40.3,30.0,47.2,,,,12.5,,,
2016-07-26,41.0,34.9,47.1,,,,31.2,,,
2016-07-27,37.8,30.8,43.2,,,,31.6,,,
2016-07-28,36.9,28.8,43.4,,,,26.9,,,
2016-07-29,38.1,30.6,44.2,,,,25.8,,,
2016-07-30,39.4,31.7,45.9,,,,36.3,,,
2016-07-31,39.5,32.2,46.2,,,,38.4,,,
2016-08-01,38.8,31.0,44.5,,,,34.8,,,
2016-08-02,38.8,29.9,46.1,,,,36.6,,,
2016-08-03,39.6,32.8,45.2,,,,31.4,,,
2016-08-04,39.5,31.8,46.0,,,,23.7,,,
2016-08-05,39.7,32.8,45.9,,,,15.4,,,
2016-08-06,40.0,33.3,47.0,,,,17.4,,,
2016-08-07,39.2,31.2,46.0,,,,30.1,,,
2016-08-08,39.2,33.5,45.1,,,,29.5,,,
2016-08-09,38.7,,,,,,19.7,,,
2016-08-10,39.1,34.5,43.2,,,,17.6,,,
2016-08-11,39.9,33.7,45.6,,,,7.4,,,
2016-08-12,37.9,31.4,43.8,,,,26.4,,,
2016-08-13,39.2,33.0,44.6,,,,28.6,,,
2016-08-14,37.3,31.5,42.9,,,,23.3,,,
2016-08-15,37.6,30.1,43.9,,,,17.2,,,
2016-08-16,39.0,32.2,45.4,,,,16.7,,,
2016-08-17,39.0,33.3,45.1,,,,24.3,,,
2016-08-18,38.3,32.3,44.7,,,,7.5,,,
2016-08-19,38.7,32.0,44.8,,,,8.5,,,
2016-08-20,40.6,33.3,46.2,,,,21.9,,,
2016-08-21,40.8,34.2,46.4,,,,26.4,,,
2016-08-22,39.7,32.0,45.6,,,,33.4,,,
2016-08-23,39.8,33.6,45.8,,,,27.5,,,
2016-08-24,39.0,33.1,44.4,,,,21.5,,,
2016-08-25,38.0,29.9,44.7,,,,17.8,,,
2016-08-26,36.7,30.6,42.2,,,,34.3,,,
2016-08-27,35.4,30.1,41.5,,,,34.0,,,
2016-08-28,34.5,,,,,,21.7,,,
2016-08-29,37.2,31.0,43.2,,,,16.2,,,
2016-08-30,36.2,29.5,42.6,,,,15.2,,,
2016-08-31,36.4,27.9,43.1,,,,7.4,,,
2016-09-01,37.9,30.9,44.1,,,,14.2,,,
2016-09-02,37.8,29.5,44.7,,,,14.9,,,
2016-09-03,38.5,32.3,44.4,,,,25.2,,,
2016-09-04,38.3,31.7,44.7,,,,26.0,,,
2016-09-05,36.9,31.3,41.4,,,,29.9,,,
2016-09-06,34.9,28.0,41.5,,,,26.4,,,
2016-09-07,36.6,29.6,43.0,,,,20.0,,,
2016-09-08,36.7,28.2,44.2,,,,16.1,,,
2016-09-09,37.4,29.8,44.5,,,,16.9,,,
2016-09-10,38.9,32.3,45.5,,,,12.8,,,
2016-09-11,37.8,31.6,44.6,,,,10.7,,,
2016-09-12,38.6,32.7,44.5,,,,9.0,,,
2016-09-13,38.7,32.6,45.3,,,,12.6,,,
2016-09-14,39.0,33.0,44.9,,,,15.4,,,
2016-09-15,38.0,33.0,43.6,,,,13.4,,,
2016-09-16,38.0,33.6,43.4,,,,10.9,,,
2016-09-17,38.2,32.9,42.7,,,,16.6,,,
2016-09-18,37.7,32.0,43.5,,,,14.6,,,
2016-09-19,37.7,30.0,44.1,,,,13.8,,,
2016-09-20,36.5,28.6,44.0,,,,13.8,,,
2016-09-21,36.8,30.5,43.1,,,,18.0,,,
2016-09-22,36.5,29.0,42.9,,,,28.4,,,
2016-09-23,37.1,32.1,43.6,,,,25.0,,,
2016-09-24,37.1,32.5,42.2,,,,20.2,,,
2016-09-25,36.4,29.4,42.3,,,,21.5,,,
2016-09-26,35.5,29.3,41.3,,,,23.8,,,
2016-09-27,32.7,27.5,38.0,,,,39.4,,,
2016-09-28,30.9,25.3,36.0,,,,21.0,,,
2016-09-29,31.1,,,,,,23.8,,,
2016-09-30,32.0,28.0,36.3,,,,18.1,,,
2016-10-01,28.2,21.5,34.1,,,,16.7,,,
2016-10-02,28.3,21.2,33.9,,,,12.3,,,
2016-10-03,30.4,23.3,36.0,,,,9.9,,,
2016-10-04,30.5,24.3,36.6,,,,13.2,,,
2016-10-05,31.2,25.7,36.8,,,,9.0,,,
2016-10-06,30.8,,,,,,3.1,,,
2016-10-07,32.6,24.9,39.7,,,,9.1,,,
2016-10-08,32.7,26.5,39.3,,,,18.0,,,
2016-10-09,32.8,28.2,38.7,,,,12.2,,,
2016-10-10,32.6,26.1,39.1,,,,6.8,,,
2016-10-11,33.1,,,,,,6.3,,,
2016-10-12,33.4,26.9,39.6,,,,9.9,,,
2016-10-13,33.6,28.3,40.0,,,,15.4,,,
2016-10-14,28.5,22.4,33.8,,,,8.4,,,
2016-10-15,27.7,,,,,,4.1,,,
2016-10-16,28.8,22.7,35.1,,,,8.0,,,
2016-10-17,28.8,23.2,35.5,,,,14.5,,,
2016-10-18,29.2,22.0,37.0,,,,12.3,,,
2016-10-19,29.6,26.5,33.7,,,,21.0,,,
2016-10-20,30.5,,,,,,12.4,,,
2016-10-21,31.1,25.6,37.1,,,,7.4,,,
2016-10-22,30.4,24.0,37.7,,,,9.0,,,
2016-10-23,30.6,23.9,38.3,,,,2.5,,,
2016-10-24,31.6,25.9,39.1,,,,9.8,,,
2016-10-25,31.0,24.1,38.1,,,,5.5,,,
2016-10-26,30.3,24.3,37.1,,,,19.8,,,
2016-10-27,29.7,24.4,36.0,,,,26.1,,,
2016-10-28,27.9,20.8,35.0,,,,24.5,,,
2016-10-29,25.9,20.7,31.3,,,,30.5,,,
2016-10-30,22.0,17.4,26.8,,,,26.0,,,
2016-10-31,20.4,13.5,27.3,,,,15.2,,,
2016-11-01,23.1,,,,,,20.2,,,
2016-11-02,24.2,18.1,30.3,,,,16.8,,,
2016-11-03,25.0,18.4,31.9,,,,19.9,,,
2016-11-04,25.5,19.3,32.5,,,,23.5,,,
2016-11-05,25.2,21.1,29.6,,,,14.4,,,
2016-11-06,26.6,22.0,31.4,,,,8.5,,,
2016-11-07,25.4,21.3,29.1,,,,10.7,,,
2016-11-08,22.6,17.9,27.6,,,,20.0,,,
2016-11-09,17.0,10.8,23.4,,,,28.8,,,
2016-11-10,16.3,9.3,24.7,,,,20.6,,,
2016-11-11,18.8,12.1,26.7,,,,21.1,,,
2016-11-12,20.7,13.3,28.0,,,,27.5,,,
2016-11-13,23.6,,,,,,20.9,,,
2016-11-14,23.4,16.9,32.0,,,,8.9,,,
2016-11-15,24.0,18.8,29.6,,,,12.8,,,
2016-11-16,22.7,19.7,28.0,,,,23.8,,,
2016-11-17,19.6,14.0,25.4,,,,24.4,,,
2016-11-18,18.3,12.4,24.5,,,,17.0,,,
2016-11-19,18.3,12.0,24.6,,,,13.7,,,
2016-11-20,19.6,14.3,26.0,,,,10.8,,,
2016-11-21,19.8,12.4,26.8,,,,4.4,,,
2016-11-22,22.2,15.9,28.7,,,,11.5,,,
2016-11-23,24.4,,,,,,10.9,,,
2016-11-24,21.0,17.2,24.2,,,,10.8,,,
2016-11-25,19.8,16.6,24.7,,,,2.5,,,
2016-11-26,18.2,,,,,,2.3,,,
2016-11-27,20.2,14.7,25.4,,,,2.6,,,
2016-11-28,19.1,12.6,25.0,,,,4.6,,,
2016-11-29,19.3,13.6,25.4,,,,14.0,,,
2016-11-30,20.4,17.0,25.6,,,,21.8,,,
2016-12-01,18.9,12.7,25.5,,,,20.8,,,
2016-12-02,18.2,12.6,23.5,,,,20.2,,,
2016-12-03,18.8,12.7,25.9,,,,7.4,,,
2016-12-04,20.4,13.3,28.5,,,,4.0,,,
2016-12-05,22.3,15.4,29.4,,,,4.1,,,
2016-12-06,21.9,14.8,28.2,,,,7.9,,,
2016-12-07,18.9,14.0,24.1,,,,33.3,,,
2016-12-08,16.4,11.1,21.4,,,,24.7,,,
2016-12-09,18.2,12.8,24.7,,,,25.1,,,
2016-12-10,18.4,12.2,26.2,,,,29.2,,,
2016-12-11,17.4,10.8,24.5,,,,26.3,,,
2016-12-12,18.0,11.2,24.8,,,,31.2,,,
2016-12-13,18.5,12.8,25.8,,,,20.8,,,
2016-12-14,16.9,11.8,22.5,,,,6.1,,,
2016-12-15,17.0,11.2,23.1,,,,14.9,,,
2016-12-16,16.0,11.3,21.9,,,,17.2,,,
2016-12-17,16.1,10.4,23.1,,,,13.2,,,
2016-12-18,16.4,10.0,23.3,,,,12.9,,,
2016-12-19,12.9,,,,,,1.0,,,
2016-12-20,14.2,7.3,20.9,,,,7.6,,,
2016-12-21,15.4,10.7,21.0,,,,25.1,,,
2016-12-22,14.3,10.1,19.2,,,,25.6,,,
2016-12-23,14.7,8.9,21.1,,,,32.0,,,
2016-12-24,14.8,9.3,20.6,,,,38.6,,,
2016-12-25,14.6,9.0,20.5,,,,37.1,,,
2016-12-26,14.1,9.2,19.9,,,,30.7,,,
2016-12-27,13.9,7.3,21.1,,,,25.7,,,
2016-12-28,14.2,7.8,21.3,,,,26.2,,,
2016-12-29,15.1,8.2,22.3,,,,29.8,,,
2016-12-30,14.4,9.3,20.3,,,,32.1,,,
2016-12-31,12.4,6.2,18.5,,,,29.6,,,
2017-01-01,11.7,5.0,18.7,,,,25.0,,,
2017-01-02,11.8,5.0,19.6,,,,23.7,,,
2017-01-03,12.3,5.9,20.8,,,,20.1,,,
2017-01-04,11.6,2.6,21.1,,,,15.9,,,
2017-01-05,14.1,6.9,22.1,,,,17.5,,,
2017-01-06,15.3,9.0,22.1,,,,20.3,,,
2017-01-07,14.5,8.8,21.2,,,,27.8,,,
2017-01-08,12.6,5.4,20.7,,,,22.0,,,
2017-01-09,12.5,4.8,20.3,,,,14.2,,,
2017-01-10,12.5,6.2,20.3,,,,17.0,,,
2017-01-11,11.3,5.3,18.8,,,,15.2,,,
2017-01-12,11.4,6.6,16.4,,,,29.6,,,
2017-01-13,11.3,4.8,18.3,,,,20.5,,,
2017-01-14,13.1,7.9,19.9,,,,13.1,,,
2017-01-15,14.6,9.7,21.2,,,,22.0,,,
2017-01-16,11.4,7.0,16.4,,,,27.9,,,
2017-01-17,11.4,5.8,18.7,,,,11.5,,,
2017-01-18,11.2,,,,,,0.2,,,
2017-01-19,13.1,6.5,21.3,,,,3.6,,,
2017-01-20,12.4,7.9,18.4,,,,13.9,,,
2017-01-21,10.8,4.0,18.1,,,,3.2,,,
2017-01-22,12.3,5.7,20.2,,,,10.1,,,
2017-01-23,12.3,4.6,19.2,,,,5.6,,,
2017-01-24,12.0,3.0,19.9,,,,3.7,,,
2017-01-25,12.8,7.8,18.8,,,,16.9,,,
2017-01-26,13.4,6.8,19.9,,,,18.0,,,
2017-01-27,14.1,6.5,22.1,,,,10.4,,,
2017-01-28,14.8,5.6,23.8,,,,2.5,,,
2017-01-29,15.4,10.7,21.2,,,,26.7,,,
2017-01-30,14.9,8.7,22.2,,,,22.3,,,
2017-01-31,16.3,10.6,21.8,,,,23.2,,,
2017-02-01,19.4,12.2,26.6,,,,23.3,,,
2017-02-02,21.2,16.8,27.8,,,,26.3,,,
2017-02-03,19.5,12.1,27.4,,,,21.9,,,
2017-02-04,19.7,,,,,,23.0,,,
2017-02-05,20.0,12.1,27.3,,,,21.8,,,
2017-02-06,20.0,12.8,27.9,,,,19.9,,,
2017-02-07,19.0,13.0,26.3,,,,20.7,,,
2017-02-08,18.8,12.7,25.1,,,,20.7,,,
2017-02-09,18.7,13.5,25.0,,,,17.0,,,
2017-02-10,16.3,8.8,24.8,,,,19.3,,,
2017-02-11,18.3,8.9,28.0,,,,6.0,,,
2017-02-12,21.6,13.2,30.6,,,,7.0,,,
2017-02-13,21.4,14.7,29.9,,,,7.0,,,
2017-02-14,21.5,13.9,29.9,,,,5.3,,,
2017-02-15,21.2,13.0,29.1,,,,8.7,,,
2017-02-16,21.2,15.1,27.7,,,,22.8,,,
2017-02-17,22.3,15.6,30.8,,,,19.5,,,
2017-02-18,23.6,16.7,30.1,,,,17.1,,,
2017-02-19,26.7,22.6,31.2,,,,21.1,,,
2017-02-20,26.3,21.0,29.9,,,,24.3,,,
2017-02-21,26.8,21.3,32.8,,,,20.4,,,
2017-02-22,28.0,25.0,30.7,,,,23.1,,,
2017-02-23,25.1,20.1,28.7,,,,8.0,,,
2017-02-24,20.8,13.2,27.5,,,,6.2,,,
2017-02-25,20.3,12.7,27.2,,,,8.3,,,
2017-02-26,21.0,14.7,27.0,,,,21.0,,,
2017-02-27,19.6,13.6,25.6,,,,24.1,,,
2017-02-28,19.7,12.3,27.1,,,,22.2,,,
2017-03-01,21.7,14.6,30.0,,,,22.3,,,
2017-03-02,23.2,16.1,30.6,,,,23.6,,,
2017-03-03,23.3,16.3,30.3,,,,19.4,,,
2017-03-04,23.4,14.8,31.9,,,,12.1,,,
2017-03-05,24.6,16.8,32.8,,,,10.0,,,
2017-03-06,24.5,17.5,31.3,,,,25.1,,,
2017-03-07,24.9,18.1,31.5,,,,25.2,,,
2017-03-08,24.9,17.9,31.7,,,,28.8,,,
2017-03-09,23.6,17.1,30.3,,,,30.9,,,
2017-03-10,22.6,15.5,29.8,,,,28.9,,,
2017-03-11,24.2,15.7,32.4,,,,25.2,,,
2017-03-12,25.6,,,,,,24.9,,,
2017-03-13,26.1,16.6,34.3,,,,18.8,,,
2017-03-14,26.0,16.3,34.5,,,,14.0,,,
2017-03-15,24.2,15.3,31.7,,,,8.8,,,
2017-03-16,23.2,16.7,29.8,,,,24.4,,,
2017-03-17,20.2,15.3,24.7,,,,44.4,,,
2017-03-18,21.1,18.5,24.2,,,,24.4,,,
2017-03-19,18.7,16.4,21.2,,,,13.8,,,
2017-03-20,20.3,15.2,27.3,,,,10.8,,,
2017-03-21,21.0,,,,,,14.9,,,
2017-03-22,22.6,15.5,29.3,,,,5.7,,,
2017-03-23,23.6,14.7,30.7,,,,5.3,,,
2017-03-24,24.8,16.6,32.6,,,,10.5,,,
2017-03-25,26.2,17.4,33.6,,,,16.0,,,
2017-03-26,26.3,22.6,29.7,,,,8.2,,,
2017-03-27,28.4,20.5,35.5,,,,8.1,,,
2017-03-28,29.2,24.5,33.8,,,,10.3,,,
2017-03-29,26.7,19.2,32.9,,,,28.8,,,
2017-03-30,23.8,16.6,30.1,,,,33.0,,,
2017-03-31,23.0,15.0,30.5,,,,28.3,,,
2017-04-01,24.7,16.8,33.3,,,,25.5,,,
2017-04-02,27.4,19.0,34.8,,,,18.1,,,
2017-04-03,28.6,20.1,36.5,,,,12.5,,,
2017-04-04,27.3,20.7,34.4,,,,30.4,,,
2017-04-05,27.8,,,,,,26.2,,,
2017-04-06,30.1,20.9,38.3,,,,23.6,,,
2017-04-07,31.5,25.4,37.3,,,,17.0,,,
2017-04-08,25.0,19.6,31.0,,,,31.4,,,
2017-04-09,23.1,16.0,29.1,,,,27.2,,,
2017-04-10,22.4,14.7,29.7,,,,29.7,,,
2017-04-11,23.3,15.1,30.6,,,,26.7,,,
2017-04-12,24.3,17.2,30.2,,,,18.6,,,
2017-04-13,25.1,18.3,31.1,,,,20.3,,,
2017-04-14,25.6,18.7,32.2,,,,25.3,,,
2017-04-15,27.7,18.0,36.3,,,,25.4,,,
2017-04-16,30.2,20.9,38.0,,,,13.5,,,
2017-04-17,31.6,21.6,39.6,,,,5.5,,,
2017-04-18,33.1,24.7,40.2,,,,8.0,,,
2017-04-19,32.3,23.1,40.9,,,,5.0,,,
2017-04-20,33.2,24.0,41.3,,,,9.0,,,
2017-04-21,32.5,24.6,41.0,,,,13.9,,,
2017-04-22,28.8,,,,,,51.6,,,
2017-04-23,29.5,22.0,36.7,,,,20.0,,,
2017-04-24,28.8,21.7,36.2,,,,12.0,,,
2017-04-25,29.0,22.6,35.5,,,,13.5,,,
2017-04-26,31.4,24.2,37.7,,,,11.4,,,
2017-04-27,33.2,27.3,39.7,,,,11.1,,,
2017-04-28,32.4,23.4,39.1,,,,10.7,,,
2017-04-29,34.1,30.8,37.4,,,,7.0,,,
2017-04-30,33.3,29.9,36.1,,,,16.2,,,
2017-05-01,31.1,26.0,36.7,,,,12.9,,,
2017-05-02,32.2,24.6,38.1,,,,19.6,,,
2017-05-03,33.5,27.9,39.9,,,,23.5,,,
2017-05-04,34.9,27.9,41.4,,,,20.7,,,
2017-05-05,35.2,26.4,42.5,,,,10.8,,,
2017-05-06,37.1,29.6,42.5,,,,14.1,,,
2017-05-07,36.7,30.0,42.9,,,,21.3,,,
2017-05-08,35.8,31.1,41.3,,,,19.1,,,
2017-05-09,35.4,26.8,43.3,,,,9.0,,,
2017-05-11,38.1,30.5,44.6,,,,11.3,,,
2017-05-12,37.5,29.6,43.8,,,,9.7,,,
2017-05-13,35.5,31.0,40.2,,,,11.7,,,
2017-05-14,37.6,32.0,43.6,,,,13.7,,,
2017-05-16,32.8,25.7,38.5,,,,33.6,,,
2017-05-17,33.0,25.8,39.2,,,,31.5,,,
2017-05-18,33.1,24.8,40.5,,,,26.9,,,
2017-05-19,34.8,26.1,42.0,,,,20.9,,,
2017-05-20,36.5,28.2,43.4,,,,9.6,,,
2017-05-21,36.9,27.4,44.7,,,,10.5,,,
2017-05-22,38.5,31.9,44.9,,,,18.3,,,
2017-05-23,37.5,32.0,43.2,,,,34.4,,,
2017-05-24,38.2,31.9,44.1,,,,17.0,,,
2017-05-25,38.8,32.3,44.5,,,,16.0,,,
2017-05-26,37.6,30.4,43.6,,,,6.6,,,
2017-05-27,38.2,31.0,44.4,,,,5.6,,,
2017-05-28,36.3,29.5,43.6,,,,8.8,,,
2017-05-29,34.4,24.8,42.1,,,,7.6,,,
2017-05-30,34.4,25.7,41.5,,,,6.0,,,
2017-05-31,33.9,26.8,39.0,,,,8.3,,,
2017-06-02,34.4,26.5,40.8,,,,8.1,,,
2017-06-03,35.2,25.5,43.2,,,,4.9,,,
2017-06-04,36.9,26.9,44.1,,,,8.6,,,
2017-06-05,38.2,30.1,44.6,,,,11.8,,,
2017-06-06,36.6,29.8,42.4,,,,31.7,,,
2017-06-07,34.9,27.6,41.1,,,,30.7,,,
2017-06-08,34.4,28.6,40.2,,,,30.8,,,
2017-06-09,35.6,27.2,42.5,,,,30.1,,,
2017-06-10,37.2,28.9,43.7,,,,33.1,,,
2017-06-11,37.2,30.4,42.8,,,,26.4,,,
2017-06-12,35.9,30.0,41.5,,,,22.4,,,
2017-06-13,35.4,29.8,40.5,,,,22.1,,,
2017-06-14,33.1,28.8,40.7,,,,22.2,,,
2017-06-15,33.5,25.8,40.4,,,,8.7,,,
2017-06-16,35.4,28.5,41.6,,,,21.5,,,
2017-06-17,35.1,,,,,,26.0,,,
2017-06-18,37.1,30.4,42.5,,,,18.8,,,
2017-06-19,39.0,32.6,44.0,,,,22.6,,,
2017-06-20,39.8,34.0,45.1,,,,24.4,,,
2017-06-21,37.7,32.5,43.1,,,,9.4,,,
2017-06-22,38.3,30.6,44.0,,,,8.9,,,
2017-06-23,39.5,,,,,,20.8,,,
2017-06-24,38.2,,,,,,28.1,,,
2017-06-25,38.5,31.7,44.5,,,,21.0,,,
2017-06-26,39.8,35.4,45.4,,,,15.5,,,
2017-06-27,39.5,33.3,45.9,,,,11.6,,,
2017-06-28,39.6,31.2,46.6,,,,12.8,,,
2017-06-29,41.7,34.6,47.6,,,,10.7,,,
2017-07-01,40.9,32.7,47.2,,,,12.2,,,
2017-07-02,40.1,33.4,46.2,,,,25.0,,,
2017-07-03,37.6,,,,,,36.2,,,
2017-07-04,35.5,28.0,42.0,,,,33.2,,,
2017-07-06,40.5,35.3,45.7,,,,9.3,,,
2017-07-07,40.8,,,,,,2.8,,,
2017-07-09,40.8,34.6,46.7,,,,26.7,,,
2017-07-10,39.6,31.1,45.9,,,,30.2,,,
2017-07-11,38.9,35.7,41.6,,,,28.3,,,
2017-07-12,39.3,35.0,43.7,,,,17.1,,,
2017-07-13,37.6,27.5,44.5,,,,17.9,,,
2017-07-14,39.2,32.1,45.9,,,,27.3,,,
2017-07-15,40.1,32.2,46.9,,,,20.3,,,
2017-07-16,41.6,35.6,47.9,,,,9.2,,,
2017-07-17,41.5,35.6,47.6,,,,33.1,,,
2017-07-18,39.0,32.8,44.6,,,,33.8,,,
2017-07-19,38.4,31.2,45.5,,,,27.4,,,
2017-07-20,39.8,31.9,46.9,,,,25.8,,,
2017-07-21,39.1,33.6,44.7,,,,15.5,,,
2017-07-22,40.1,34.3,45.7,,,,7.2,,,
2017-07-23,41.2,36.0,46.7,,,,30.3,,,
2017-07-24,40.4,32.8,47.2,,,,28.1,,,
2017-07-25,40.8,34.2,47.3,,,,20.3,,,
2017-07-26,40.2,32.3,46.7,,,,3.8,,,
2017-07-27,40.9,31.4,48.1,,,,11.5,,,
2017-07-28,42.1,35.9,48.4,,,,28.7,,,
2017-07-29,40.8,34.3,47.4,,,,33.1,,,
2017-07-30,41.1,33.1,47.4,,,,29.7,,,
2017-07-31,41.1,35.1,46.5,,,,25.6,,,
2017-08-01,40.9,34.2,46.9,,,,25.3,,,
2017-08-02,39.9,34.8,45.3,,,,30.1,,,
2017-08-03,39.6,32.4,46.0,,,,34.2,,,
2017-08-04,40.9,35.2,45.8,,,,22.7,,,
2017-08-05,38.4,33.6,42.8,,,,19.2,,,
2017-08-06,38.9,30.9,45.8,,,,15.6,,,
2017-08-07,39.9,33.1,45.8,,,,27.3,,,
2017-08-08,39.7,,,,,,23.5,,,
2017-08-09,39.0,34.2,42.8,,,,8.8,,,
2017-08-10,38.8,32.7,44.5,,,,9.7,,,
2017-08-11,40.7,34.0,46.5,,,,12.7,,,
2017-08-12,40.5,33.1,47.3,,,,26.7,,,
2017-08-13,40.7,31.4,48.3,,,,18.1,,,
2017-08-14,40.0,31.1,47.4,,,,14.9,,,
2017-08-15,41.7,,,,,,6.6,,,
2017-08-16,42.1,36.1,47.9,,,,12.4,,,
2017-08-17,42.1,35.8,47.5,,,,22.3,,,
2017-08-18,40.6,33.9,46.1,,,,29.5,,,
2017-08-19,38.8,33.1,44.1,,,,29.4,,,
2017-08-20,38.0,30.9,44.8,,,,30.3,,,
2017-08-21,38.4,32.4,44.6,,,,32.2,,,
2017-08-22,38.6,32.2,44.6,,,,26.6,,,
2017-08-23,38.3,32.3,44.6,,,,18.4,,,
2017-08-24,38.4,32.3,44.0,,,,19.4,,,
2017-08-25,36.7,31.0,42.0,,,,16.2,,,
2017-08-26,36.8,30.0,42.7,,,,21.6,,,
2017-08-27,38.4,32.0,44.7,,,,15.8,,,
2017-08-28,39.1,33.2,45.0,,,,28.4,,,
2017-08-29,37.8,31.4,44.3,,,,23.1,,,
2017-08-30,38.0,30.6,45.5,,,,10.4,,,
2017-08-31,38.7,29.6,45.6,,,,6.1,,,
2017-09-01,40.4,32.7,46.3,,,,6.6,,,
2017-09-02,40.2,35.8,44.4,,,,28.1,,,
2017-09-03,40.4,35.4,45.5,,,,22.4,,,
2017-09-04,39.8,33.4,46.1,,,,15.5,,,
2017-09-05,38.3,32.4,44.5,,,,18.7,,,
2017-09-06,38.6,33.2,43.8,,,,20.8,,,
2017-09-07,35.8,30.5,40.8,,,,24.8,,,
2017-09-08,35.7,28.7,42.2,,,,19.2,,,
2017-09-09,37.0,30.1,43.7,,,,10.6,,,
2017-09-10,38.3,30.8,45.0,,,,11.6,,,
2017-09-11,37.2,31.3,43.9,,,,16.5,,,
2017-09-13,38.5,31.7,45.0,,,,26.2,,,
2017-09-14,36.3,29.6,42.3,,,,30.5,,,
2017-09-15,35.6,28.7,42.6,,,,18.1,,,
2017-09-16,36.0,27.5,44.2,,,,11.9,,,
2017-09-17,37.2,30.4,45.1,,,,8.0,,,
2017-09-18,37.5,,,,,,7.5,,,
2017-09-19,36.1,,,,,,8.2,,,
2017-09-20,34.7,27.8,41.7,,,,26.3,,,
2017-09-21,35.0,27.9,42.3,,,,20.9,,,
2017-09-22,34.0,30.4,37.3,,,,14.4,,,
2017-09-23,29.8,23.3,35.9,,,,31.5,,,
2017-09-24,31.8,,,,,,17.2,,,
2017-09-25,32.5,26.4,39.0,,,,23.0,,,
2017-09-26,33.0,26.9,39.4,,,,22.9,,,
2017-09-27,33.4,27.1,39.2,,,,24.3,,,
2017-09-28,33.0,27.0,39.0,,,,28.4,,,
2017-09-29,32.3,26.7,37.9,,,,29.9,,,
2017-09-30,31.4,26.1,36.2,,,,27.0,,,
2017-10-01,30.5,24.8,35.3,,,,21.9,,,
2017-10-02,27.7,24.4,31.1,,,,21.6,,,
2017-10-03,28.2,22.4,33.5,,,,18.5,,,
2017-10-04,27.4,,,,,,21.2,,,
2017-10-05,26.9,21.4,32.1,,,,22.4,,,
2017-10-06,28.3,,,,,,23.8,,,
2017-10-07,29.8,23.0,36.0,,,,14.7,,,
2017-10-08,29.5,,,,,,16.9,,,
2017-10-09,30.4,24.4,36.1,,,,24.9,,,
2017-10-10,30.3,23.2,36.9,,,,28.6,,,
2017-10-11,30.2,22.6,37.4,,,,30.1,,,
2017-10-12,29.8,23.0,36.3,,,,27.9,,,
2017-10-13,28.4,22.6,34.2,,,,32.1,,,
2017-10-14,27.4,21.5,33.5,,,,36.1,,,
2017-10-15,27.5,20.9,34.1,,,,31.1,,,
2017-10-16,27.9,21.5,34.6,,,,25.9,,,
2017-10-17,26.6,20.0,33.5,,,,25.7,,,
2017-10-18,26.4,19.9,33.1,,,,27.1,,,
2017-10-19,27.3,20.6,34.2,,,,9.9,,,
2017-10-20,27.8,19.7,35.2,,,,9.7,,,
2017-10-21,26.5,21.4,32.1,,,,25.8,,,
2017-10-22,24.6,18.9,30.6,,,,22.9,,,
2017-10-23,25.3,19.6,32.2,,,,25.6,,,
2017-10-24,25.7,19.4,32.1,,,,27.5,,,
2017-10-25,25.2,19.3,31.2,,,,35.1,,,
2017-10-26,25.4,18.7,32.6,,,,37.6,,,
2017-10-27,24.4,,,,,,32.5,,,
2017-10-28,23.8,15.3,31.7,,,,18.6,,,
2017-10-29,25.2,,,,,,18.0,,,
2017-10-30,26.9,20.4,34.7,,,,13.4,,,
2017-10-31,26.8,18.4,35.1,,,,11.5,,,
2017-11-01,27.4,19.0,35.8,,,,8.7,,,
2017-11-02,27.4,20.7,34.8,,,,23.7,,,
2017-11-03,26.5,21.5,33.4,,,,29.5,,,
2017-11-04,25.1,17.9,33.2,,,,21.5,,,
2017-11-05,25.8,19.2,33.3,,,,16.7,,,
2017-11-06,26.7,21.2,33.5,,,,12.0,,,
2017-11-07,26.6,21.0,33.6,,,,14.2,,,
2017-11-08,27.1,20.3,34.6,,,,14.9,,,
2017-11-09,26.5,18.2,34.8,,,,11.5,,,
2017-11-10,23.5,16.6,32.5,,,,21.1,,,
2017-11-11,16.3,11.7,21.6,,,,26.8,,,
2017-11-12,16.8,11.6,23.0,,,,17.1,,,
2017-11-13,17.7,11.4,24.3,,,,12.4,,,
2017-11-14,18.1,9.3,27.4,,,,1.5,,,
2017-11-15,18.5,13.3,24.5,,,,26.0,,,
2017-11-16,16.8,10.6,23.1,,,,16.9,,,
2017-11-17,17.8,9.8,25.4,,,,16.3,,,
2017-11-18,18.0,12.6,25.0,,,,19.3,,,
2017-11-19,17.9,10.1,24.7,,,,22.7,,,
2017-11-20,17.9,10.5,25.3,,,,25.7,,,
2017-11-21,16.6,14.5,20.2,,,,13.1,,,
2017-11-22,17.9,12.4,24.8,,,,10.9,,,
2017-11-23,20.0,13.9,26.4,,,,14.0,,,
2017-11-24,18.8,13.2,25.5,,,,21.8,,,
2017-11-25,18.1,11.9,24.0,,,,19.7,,,
2017-11-26,19.2,13.1,26.1,,,,18.5,,,
2017-11-27,19.6,13.1,26.4,,,,22.0,,,
2017-11-28,19.7,14.2,26.2,,,,19.5,,,
2017-11-29,19.5,13.3,26.3,,,,7.8,,,
2017-11-30,21.0,,,,,,4.8,,,
2017-12-01,21.2,15.2,27.7,,,,8.0,,,
2017-12-02,18.7,13.7,24.2,,,,25.9,,,
2017-12-03,16.8,11.6,22.8,,,,30.1,,,
2017-12-04,14.3,9.2,20.2,,,,34.9,,,
2017-12-05,13.9,7.3,21.0,,,,32.2,,,
2017-12-06,14.3,8.8,20.4,,,,31.0,,,
2017-12-07,15.0,10.0,20.9,,,,27.0,,,
2017-12-08,16.0,10.5,22.7,,,,33.7,,,
2017-12-09,14.9,9.3,21.0,,,,24.7,,,
2017-12-10,15.4,9.7,22.2,,,,14.8,,,
2017-12-11,15.8,9.6,23.0,,,,1.7,,,
2017-12-12,17.1,10.5,25.0,,,,6.2,,,
2017-12-13,19.5,,,,,,20.1,,,
2017-12-14,20.2,14.9,26.1,,,,30.4,,,
2017-12-15,19.5,14.0,22.6,,,,20.0,,,
2017-12-16,15.6,8.0,23.4,,,,3.5,,,
2017-12-17,17.6,,,,,,12.6,,,
2017-12-18,15.1,10.8,21.1,,,,38.5,,,
2017-12-19,12.0,6.8,18.4,,,,29.3,,,
2017-12-20,10.5,5.5,15.8,,,,33.8,,,
2017-12-21,10.4,3.8,17.7,,,,21.4,,,
2017-12-22,10.4,6.0,15.9,,,,27.6,,,
2017-12-23,10.5,5.6,16.8,,,,23.5,,,
2017-12-24,11.8,6.2,18.0,,,,33.1,,,
2017-12-25,11.9,5.8,18.8,,,,25.6,,,
2017-12-26,12.2,5.9,19.2,,,,24.8,,,
2017-12-27,12.0,5.5,19.5,,,,13.5,,,
2017-12-28,14.7,7.3,24.2,,,,7.7,,,
2017-12-29,18.3,12.8,25.3,,,,14.2,,,
2017-12-30,18.9,13.7,24.9,,,,26.6,,,
2017-12-31,18.2,10.7,26.2,,,,20.0,,,
2018-01-01,18.8,11.7,26.9,,,,23.4,,,
2018-01-02,17.6,11.4,25.8,,,,28.0,,,
2018-01-03,17.4,10.4,25.3,,,,29.1,,,
2018-01-04,17.1,9.3,25.3,,,,19.5,,,
2018-01-05,17.3,10.9,25.5,,,,7.0,,,
2018-01-06,16.6,9.7,25.2,,,,10.5,,,
2018-01-07,16.0,11.2,20.3,,,,17.6,,,
2018-01-08,14.8,9.8,19.7,,,,11.0,,,
2018-01-09,13.0,5.2,20.1,,,,4.6,,,
2018-01-10,15.1,9.4,22.9,,,,20.1,,,
2018-01-11,15.9,8.7,23.2,,,,8.0,,,
2018-01-12,17.5,11.0,23.9,,,,14.4,,,
2018-01-13,15.3,9.8,21.7,,,,21.4,,,
2018-01-14,14.8,8.2,22.8,,,,11.8,,,
2018-01-15,15.8,8.4,23.3,,,,9.3,,,
2018-01-16,19.1,14.1,25.8,,,,35.7,,,
2018-01-17,19.1,12.0,27.9,,,,23.0,,,
2018-01-18,18.4,14.0,23.6,,,,16.5,,,
2018-01-19,15.0,8.0,21.5,,,,12.5,,,
2018-01-20,14.7,8.6,21.8,,,,23.8,,,
2018-01-21,15.6,9.2,21.8,,,,20.5,,,
2018-01-22,17.5,11.8,24.4,,,,19.0,,,
2018-01-23,18.2,12.6,25.7,,,,17.0,,,
2018-01-24,19.8,,,,,,27.3,,,
2018-01-25,19.8,12.9,27.2,,,,26.6,,,
2018-01-26,19.2,11.9,27.2,,,,14.7,,,
2018-01-27,15.8,10.2,22.9,,,,30.4,,,
2018-01-28,17.4,7.7,27.1,,,,18.4,,,
2018-01-29,20.2,13.1,27.6,,,,27.2,,,
2018-01-30,20.6,14.1,27.9,,,,26.4,,,
2018-01-31,19.9,17.1,24.2,,,,15.7,,,
2018-02-01,19.6,16.2,24.9,,,,25.0,,,
2018-02-02,22.4,18.5,27.3,,,,18.3,,,
2018-02-03,18.3,9.9,23.8,,,,20.5,,,
2018-02-04,11.9,5.7,18.7,,,,10.7,,,
2018-02-05,14.2,5.1,21.8,,,,12.5,,,
2018-02-06,14.6,7.9,19.7,,,,10.1,,,
2018-02-07,14.3,7.0,20.8,,,,8.1,,,
2018-02-08,13.9,8.9,19.5,,,,5.0,,,
2018-02-09,13.0,6.4,19.0,,,,17.4,,,
2018-02-10,11.8,5.2,17.9,,,,17.3,,,
2018-02-11,12.1,7.3,17.9,,,,20.6,,,
2018-02-12,11.8,5.7,18.6,,,,14.4,,,
2018-02-13,14.9,8.1,21.6,,,,17.3,,,
2018-02-14,18.1,12.5,24.9,,,,19.0,,,
2018-02-15,18.6,11.4,26.6,,,,23.9,,,
2018-02-16,19.3,13.1,24.8,,,,22.5,,,
2018-02-17,20.0,14.4,26.7,,,,10.3,,,
2018-02-18,19.0,,,,,,15.4,,,
2018-02-19,19.8,13.9,25.9,,,,14.3,,,
2018-02-20,19.9,14.3,25.5,,,,13.2,,,
2018-02-21,20.7,13.7,27.4,,,,6.7,,,
2018-02-22,20.0,12.8,26.3,,,,13.4,,,
2018-02-23,19.6,11.8,26.6,,,,16.3,,,
2018-02-24,18.6,15.0,21.8,,,,19.6,,,
2018-02-25,19.5,12.6,26.5,,,,12.3,,,
2018-02-26,21.4,13.9,27.6,,,,11.0,,,
2018-02-27,21.5,16.1,27.8,,,,16.3,,,
2018-02-28,22.9,13.9,31.4,,,,8.1,,,
2018-03-01,25.0,19.3,30.5,,,,17.1,,,
2018-03-02,23.9,16.7,30.2,,,,11.3,,,
2018-03-03,24.0,15.4,31.5,,,,6.6,,,
2018-03-04,23.9,18.5,29.3,,,,13.8,,,
2018-03-05,21.3,13.4,28.6,,,,7.0,,,
2018-03-06,23.2,17.0,29.2,,,,9.6,,,
2018-03-07,25.1,17.8,32.2,,,,5.8,,,
2018-03-08,25.8,17.5,33.5,,,,5.6,,,
2018-03-09,26.4,16.1,35.1,,,,1.3,,,
2018-03-10,28.0,21.1,35.4,,,,10.7,,,
2018-03-11,27.2,18.3,35.1,,,,8.6,,,
2018-03-12,26.2,16.6,34.7,,,,4.3,,,
2018-03-13,26.8,18.8,35.1,,,,17.2,,,
2018-03-14,26.2,18.7,33.9,,,,17.2,,,
2018-03-15,27.0,18.8,35.1,,,,8.1,,,
2018-03-16,25.9,17.6,32.8,,,,12.0,,,
2018-03-17,20.0,15.5,24.5,,,,25.8,,,
2018-03-18,21.2,14.1,27.9,,,,7.2,,,
2018-03-19,24.3,16.7,32.1,,,,1.6,,,
2018-03-20,25.3,17.2,33.1,,,,8.5,,,
2018-03-21,18.3,14.0,23.2,,,,36.9,,,
2018-03-22,15.2,9.4,20.9,,,,21.3,,,
2018-03-23,15.7,7.5,22.9,,,,13.2,,,
2018-03-24,18.9,8.7,28.6,,,,13.4,,,
2018-03-25,23.8,16.9,31.6,,,,15.4,,,
2018-03-26,23.4,17.0,30.6,,,,24.8,,,
2018-03-27,19.3,12.2,25.3,,,,31.5,,,
2018-03-28,19.7,13.3,26.9,,,,26.0,,,
2018-03-29,22.7,16.8,28.8,,,,15.1,,,
2018-03-30,25.4,16.4,32.0,,,,7.5,,,
2018-03-31,28.2,20.9,34.7,,,,1.5,,,
2018-04-01,29.1,26.4,32.6,,,,16.4,,,
2018-04-02,28.1,22.5,34.7,,,,13.5,,,
2018-04-03,27.8,19.6,36.4,,,,18.7,,,
2018-04-04,30.4,22.9,37.5,,,,11.7,,,
2018-04-05,29.6,21.6,37.5,,,,1.7,,,
2018-04-06,30.6,21.5,38.8,,,,6.5,,,
2018-04-07,31.8,24.1,38.8,,,,7.6,,,
2018-04-08,28.1,21.3,33.8,,,,6.3,,,
2018-04-09,28.6,20.4,36.1,,,,19.2,,,
2018-04-10,27.0,,,,,,12.9,,,
2018-04-11,24.0,,,,,,12.2,,,
2018-04-12,25.9,18.1,32.1,,,,7.9,,,
2018-04-13,25.3,18.0,31.4,,,,20.6,,,
2018-04-14,20.1,13.0,26.0,,,,23.0,,,
2018-04-15,21.6,15.3,27.7,,,,21.1,,,
2018-04-16,24.2,17.1,30.4,,,,18.2,,,
2018-04-17,27.5,19.4,35.0,,,,27.0,,,
2018-04-18,27.4,20.2,33.5,,,,31.7,,,
2018-04-19,25.3,18.2,32.0,,,,28.4,,,
2018-04-20,25.7,18.3,32.7,,,,28.7,,,
2018-04-21,28.3,20.6,35.4,,,,21.3,,,
2018-04-22,31.2,24.1,38.7,,,,15.3,,,
2018-04-23,32.7,26.7,37.8,,,,9.5,,,
2018-04-24,33.3,27.7,38.9,,,,21.2,,,
2018-04-25,28.3,21.6,32.3,,,,15.7,,,
2018-04-26,27.3,18.4,33.7,,,,5.7,,,
2018-04-27,27.8,20.8,33.8,,,,19.4,,,
2018-04-28,28.9,23.3,34.5,,,,15.6,,,
2018-04-29,31.0,23.0,38.7,,,,15.8,,,
2018-04-30,32.0,25.7,38.2,,,,11.2,,,
2018-05-01,27.5,23.3,32.2,,,,17.5,,,
2018-05-02,24.4,18.8,30.1,,,,22.0,,,
2018-05-03,25.4,18.3,32.3,,,,19.7,,,
2018-05-04,27.9,19.9,35.1,,,,23.5,,,
2018-05-05,27.4,18.0,35.2,,,,6.6,,,
2018-05-06,30.0,,,,,,8.3,,,
2018-05-07,30.4,22.3,37.2,,,,11.9,,,
2018-05-08,27.9,19.7,33.7,,,,13.2,,,
2018-05-09,27.8,18.7,34.6,,,,7.3,,,
2018-05-10,29.7,23.3,35.7,,,,24.2,,,
2018-05-11,31.3,24.7,37.0,,,,25.3,,,
2018-05-12,31.9,25.0,38.0,,,,18.8,,,
2018-05-13,32.5,24.3,39.3,,,,11.1,,,
2018-05-14,34.9,27.6,41.1,,,,11.5,,,
2018-05-15,34.1,27.1,40.0,,,,11.1,,,
2018-05-16,31.9,23.4,39.2,,,,7.4,,,
2018-05-17,34.3,29.6,39.6,,,,16.6,,,
2018-05-18,31.4,23.1,37.1,,,,12.1,,,
2018-05-19,30.5,22.5,36.6,,,,13.4,,,
2018-05-20,29.4,20.5,36.7,,,,9.0,,,
2018-05-21,31.6,25.4,37.4,,,,11.8,,,
2018-05-22,30.2,20.0,38.1,,,,7.1,,,
2018-05-23,32.1,22.2,39.0,,,,5.6,,,
2018-05-24,34.5,26.5,41.0,,,,5.4,,,
2018-05-25,35.2,28.7,42.0,,,,7.6,,,
2018-05-26,36.2,31.6,41.5,,,,27.8,,,
2018-05-27,35.6,28.6,43.3,,,,16.4,,,
2018-05-28,34.9,,,,,,10.8,,,
2018-05-29,34.2,25.8,41.2,,,,7.7,,,
2018-05-30,34.8,,,,,,7.3,,,
2018-05-31,34.4,26.7,40.2,,,,10.4,,,
2018-06-01,36.2,31.1,41.7,,,,16.1,,,
2018-06-02,35.2,28.6,40.9,,,,9.3,,,
2018-06-03,35.1,30.1,39.1,,,,10.3,,,
2018-06-04,35.9,,,,,,5.9,,,
2018-06-05,37.0,29.6,42.7,,,,13.4,,,
2018-06-06,35.6,29.2,41.7,,,,14.2,,,
2018-06-07,34.7,25.7,42.2,,,,5.1,,,
2018-06-08,36.2,29.8,41.7,,,,17.5,,,
2018-06-09,37.0,27.0,44.9,,,,6.7,,,
2018-06-10,36.7,28.4,42.8,,,,7.4,,,
2018-06-11,36.0,27.9,42.5,,,,8.4,,,
2018-06-12,36.5,27.1,43.1,,,,9.0,,,
2018-06-13,36.8,28.7,44.1,,,,10.3,,,
2018-06-14,35.8,27.1,43.3,,,,10.2,,,
2018-06-15,35.5,30.3,41.6,,,,9.4,,,
2018-06-16,36.0,28.2,42.7,,,,11.3,,,
2018-06-17,36.3,28.2,43.0,,,,14.1,,,
2018-06-18,37.7,,,,,,22.1,,,
2018-06-19,38.2,31.5,44.0,,,,20.5,,,
2018-06-20,36.8,29.2,42.9,,,,16.9,,,
2018-06-21,36.7,29.6,43.3,,,,20.2,,,
2018-06-22,38.0,31.2,44.5,,,,24.5,,,
2018-06-23,37.4,30.4,44.3,,,,17.1,,,
2018-06-24,38.5,29.8,46.2,,,,14.5,,,
2018-06-25,39.4,31.3,46.5,,,,9.8,,,
2018-06-26,38.9,30.3,46.2,,,,17.9,,,
2021-01-02,15.3,9.1,23.8,0.0,,,13.2,,1013.4,
2021-01-03,14.5,7.4,22.3,0.0,,,9.5,,1013.7,
2021-01-04,14.7,8.6,22.9,0.0,,,16.6,,1015.1,
2021-01-05,15.5,8.5,24.4,0.0,,,12.4,,1013.3,
2021-01-06,18.8,12.2,26.6,0.0,,,9.2,,1014.4,
2021-01-07,21.8,15.9,28.6,0.0,,,10.1,,1015.7,
2021-01-08,23.5,16.2,32.7,0.0,,,11.4,,1014.2,
2021-01-09,22.3,16.8,29.7,0.0,,,12.3,,1011.0,
2021-01-10,16.9,13.1,21.3,0.0,,,15.8,,1013.9,
2021-01-11,13.0,7.0,20.6,0.0,,,10.3,,1016.9,
2021-01-12,14.7,9.4,19.7,0.0,,,20.7,,1022.0,
2021-01-13,16.2,12.9,21.4,0.0,,,24.0,,1023.2,
2021-01-14,12.7,7.2,19.6,0.0,,,22.0,,1022.5,
2021-01-15,11.9,5.2,20.4,0.0,,,20.1,,1021.5,
2021-01-16,13.5,7.2,20.9,0.0,,,18.9,,1021.2,
2021-01-17,13.6,7.8,19.6,0.0,,,25.6,,1024.2,
2021-01-18,13.3,7.3,20.7,0.0,,,21.9,,1022.9,
2021-01-19,14.5,8.0,23.3,0.0,,,19.7,,1022.7,
2021-01-20,14.8,8.5,22.5,0.0,,,14.1,,1021.9,
2021-01-21,14.6,6.1,25.7,0.0,,,10.3,,1021.8,
2021-01-22,16.1,8.8,25.8,0.0,,,10.6,,1021.7,
2021-01-23,18.2,11.6,27.3,0.0,,,9.9,,1020.1,
2021-01-24,19.3,11.7,29.1,0.0,,,8.1,,1019.0,
2021-01-25,19.7,11.9,27.7,0.0,,,7.5,,1018.2,
2021-01-26,20.4,13.1,28.4,0.0,,,17.4,,1019.5,
2021-01-27,19.8,14.8,25.7,0.0,,,22.9,,1021.7,
2021-01-28,19.0,12.4,26.5,0.0,,,23.3,,1021.9,
2021-01-29,19.4,13.1,27.9,0.0,,,16.8,,1021.6,
2021-01-30,18.4,11.0,27.1,0.0,,,8.5,,1018.7,
2021-01-31,19.0,11.5,28.3,0.0,,,13.6,,1015.7,
2021-02-01,20.2,13.3,27.4,0.0,,,11.8,,1017.2,
2021-02-02,20.5,13.5,28.6,0.0,,,10.9,,1019.0,
2021-02-03,20.7,14.2,28.7,0.0,,,15.0,,1018.8,
2021-02-04,23.1,16.4,31.3,0.0,,,18.5,,1014.5,
2021-02-05,24.1,17.0,31.5,0.0,,,23.3,,1012.3,
2021-02-06,21.6,16.6,24.3,0.2,,,16.3,,1010.3,
2021-02-07,15.8,10.3,21.5,0.0,,,16.8,,1014.5,
2021-02-08,16.2,9.7,23.5,0.0,,,10.6,,1018.3,
2021-02-09,17.3,10.1,25.2,0.0,,,10.6,,1018.3,
2021-02-10,19.0,11.7,26.1,0.0,,,14.0,,1017.6,
2021-02-11,20.4,14.0,27.8,0.0,,,17.5,,1018.5,
2021-02-12,21.2,14.6,28.1,0.0,,,17.0,,1017.6,
2021-02-13,21.8,15.1,29.9,0.0,,,18.6,,1016.4,
2021-02-14,20.8,15.8,27.0,0.0,,,27.2,,1018.1,
2021-02-15,17.5,13.4,22.9,0.0,,,38.7,,1022.9,
2021-02-16,14.0,8.5,20.3,0.0,,,37.2,,1024.8,
2021-02-17,15.9,8.5,24.1,0.0,,,21.4,,1021.5,
2021-02-18,20.0,14.1,26.6,0.2,,,16.3,,1019.3,
2021-02-19,22.5,16.4,28.4,0.0,,,15.8,,1019.2,
2021-02-20,23.9,17.8,31.1,0.0,,,20.1,,1018.1,
2021-02-21,23.7,16.2,31.7,0.0,,,17.5,,1014.9,
2021-02-22,22.3,16.5,27.5,0.0,,,15.2,,1015.1,
2021-02-23,17.6,13.1,22.2,0.0,,,25.6,,1020.2,
2021-02-24,14.2,9.1,19.4,0.0,,,18.1,,1019.2,
2021-02-25,17.9,10.0,26.7,0.0,,,20.8,,1017.3,
2021-02-26,21.0,14.5,27.9,0.0,,,23.9,,1016.0,
2021-02-27,21.4,15.5,28.2,0.0,,,19.7,,1012.5,
2021-02-28,21.2,13.4,29.4,0.0,,,9.8,,1011.4,
2021-03-01,22.3,14.6,30.5,0.0,,,10.9,,1011.2,
2021-03-02,19.8,12.1,27.6,0.0,,,11.4,,1013.0,
2021-03-03,19.9,12.7,27.6,0.0,,,12.7,,1014.7,
2021-03-04,19.5,13.6,25.2,0.0,,,18.1,,1015.2,
2021-03-05,19.4,12.3,26.4,0.0,,,10.8,,1014.9,
2021-03-06,21.4,14.0,29.9,0.0,,,13.2,,1013.9,
2021-03-07,21.2,13.8,27.5,0.0,,,13.8,,1011.2,
2021-03-08,19.7,12.0,27.2,0.0,,,10.2,,1010.8,
2021-03-09,21.5,14.3,30.0,0.0,,,11.7,,1008.1,
2021-03-10,21.6,14.0,29.3,0.0,,,19.6,,1006.6,
2021-03-11,20.8,16.0,27.2,0.0,,,38.9,,1014.1,
2021-03-12,19.0,14.7,24.4,0.9,,,41.4,,1011.7,
2021-03-13,19.8,13.9,27.0,0.0,,,27.7,,1014.2,
2021-03-14,21.7,15.0,29.1,0.0,,,19.3,,1016.9,
2021-03-15,22.2,16.1,29.2,0.0,,,26.6,,1015.8,
2021-03-16,22.6,15.5,29.4,0.0,,,26.4,,1012.8,
2021-03-17,23.6,17.7,30.0,0.0,,,28.1,,1010.1,
2021-03-18,22.1,15.4,29.2,0.0,,,20.2,,1010.2,
2021-03-19,23.7,15.7,32.4,0.0,,,20.6,,1007.4,
2021-03-20,22.3,17.5,27.3,0.0,,,20.9,,1005.2,
2021-03-21,19.0,13.2,25.7,0.0,,,25.1,,1007.0,
2021-03-22,15.5,8.9,22.4,0.0,,,16.5,,1016.8,
2021-03-23,17.4,10.5,24.5,0.0,,,19.5,,1020.5,
2021-03-24,19.1,12.5,26.3,0.0,,,22.2,,1021.9,
2021-03-25,20.0,13.3,27.3,0.0,,,24.5,,1021.1,
2021-03-26,21.8,14.5,29.4,0.0,,,27.2,,1020.5,
2021-03-27,23.9,16.5,32.3,0.0,,,19.7,,1018.9,
2021-03-28,25.1,17.9,31.3,0.0,,,12.3,,1019.2,
2021-03-29,26.4,19.3,34.9,0.0,,,17.8,,1018.0,
2021-03-30,27.6,19.8,34.8,0.0,,,18.5,,1016.1,
2021-03-31,28.3,21.1,34.3,0.0,,,18.2,,1015.6,
2021-04-01,27.8,21.0,34.8,0.0,,,24.0,,1016.5,
2021-04-02,28.2,20.4,37.0,0.0,,,18.6,,1015.2,
2021-04-03,30.9,23.7,38.5,0.0,,,23.2,,1009.6,
2021-04-04,30.8,24.9,36.5,0.0,,,22.1,,1006.7,
2021-04-05,27.1,19.1,35.1,0.0,,,8.1,,1007.2,
2021-04-06,27.2,20.4,34.5,0.0,,,23.3,,1009.3,
2021-04-07,27.8,20.4,34.8,0.0,,,16.9,,1010.5,
2021-04-08,28.2,20.4,35.9,0.0,,,14.4,,1011.2,
2021-04-09,28.3,19.6,35.8,0.0,,,13.3,,1008.7,
2021-04-10,28.2,20.0,35.5,0.0,,,10.2,,1006.7,
2021-04-11,28.2,20.3,35.6,0.0,,,11.9,,1007.7,
2021-04-12,28.9,20.4,37.4,0.0,,,13.6,,1011.7,
2021-04-13,30.6,23.7,37.7,0.0,,,22.8,,1012.8,
2021-04-14,31.9,24.6,41.2,0.0,,,27.9,,1007.8,
2021-04-15,29.6,23.9,35.8,0.0,,,25.8,,1005.2,
2021-04-16,26.5,19.8,31.7,0.0,,,17.8,,1006.3,
2021-04-17,26.3,20.3,32.2,0.0,,,22.2,,1009.5,
2021-04-18,25.3,18.6,31.7,0.0,,,23.8,,1014.3,
2021-04-19,26.2,19.6,33.0,0.0,,,24.9,,1014.8,
2021-04-20,28.1,20.7,36.1,0.0,,,18.8,,1010.7,
2021-04-21,30.2,22.8,37.4,0.0,,,12.9,,1007.9,
2021-04-22,31.1,22.2,38.8,0.0,,,8.7,,1007.4,
2021-04-23,31.8,21.2,40.6,0.0,,,10.0,,1007.1,
2021-04-24,32.9,23.6,40.7,0.0,,,9.8,,1006.5,
2021-04-25,31.8,23.8,39.0,0.0,,,13.9,,1007.3,
2021-04-26,31.7,24.5,39.4,0.0,,,13.2,,1008.2,
2021-04-27,32.5,25.8,38.9,0.0,,,12.3,,1006.7,
2021-04-28,31.9,26.8,37.4,0.0,,,14.6,,1007.2,
2021-04-29,31.8,24.1,38.2,0.0,,,12.6,,1009.1,
2021-04-30,28.0,25.5,31.2,0.0,,,23.9,,1011.5,
2021-05-01,26.5,20.4,33.8,0.0,,,9.9,,1012.0,
2021-05-02,27.8,22.2,34.7,0.0,,,11.0,,1011.5,
2021-05-03,30.9,23.0,39.4,0.0,,,13.1,,1010.6,
2021-05-04,32.9,27.3,37.7,0.0,,,12.7,,1009.5,
2021-05-05,28.9,23.3,34.7,0.0,,,22.9,,1009.3,
2021-05-06,28.3,20.4,36.1,0.0,,,22.1,,1010.2,
2021-05-07,31.0,24.9,37.1,0.0,,,21.5,,1011.8,
2021-05-08,31.6,25.2,38.1,0.0,,,18.0,,1011.5,
2021-05-09,32.9,26.1,39.9,0.0,,,14.7,,1008.6,
2021-05-10,33.5,25.9,41.1,0.0,,,15.3,,1008.4,
2021-05-11,32.1,24.3,39.7,0.0,,,11.9,,1010.4,
2021-05-12,32.1,23.1,39.5,0.0,,,10.8,,1010.5,
2021-05-13,32.5,25.4,39.6,0.0,,,18.5,,1009.6,
2021-05-14,32.8,26.0,40.5,0.0,,,20.5,,1008.9,
2021-05-15,35.2,27.6,43.3,0.0,,,23.8,,1009.8,
2021-05-16,37.2,30.1,45.3,0.0,,,17.2,,1009.7,
2021-05-17,38.0,29.6,45.7,0.0,,,12.8,,1008.8,
2021-05-18,39.2,32.2,46.5,0.0,,,21.8,,1008.0,
2021-05-19,38.5,31.8,44.7,0.0,,,22.3,,1008.1,
2021-05-20,37.9,31.3,44.5,0.0,,,28.0,,1008.3,
2021-05-21,36.2,30.0,42.2,0.0,,,27.2,,1010.5,
2021-05-22,34.9,26.8,42.6,0.0,,,22.1,,1010.8,
2021-05-23,36.8,29.2,43.3,0.0,,,13.9,,1008.4,
2021-05-24,37.5,28.2,44.7,0.0,,,9.9,,1008.8,
2021-05-25,38.5,31.5,46.1,0.0,,,15.1,,1009.5,
2021-05-26,37.5,32.2,42.4,0.0,,,15.8,,1008.9,
2021-05-27,36.3,30.4,42.7,0.0,,,18.1,,1009.4,
2021-05-28,37.7,30.2,44.6,0.0,,,12.6,,1009.7,
2021-05-29,39.5,31.9,46.8,0.0,,,14.8,,1010.2,
2021-05-30,40.5,33.7,47.1,0.0,,,15.3,,1008.0,
2021-05-31,41.2,34.8,47.1,0.0,,,14.7,,1006.4,
2021-06-01,39.2,33.7,46.2,0.0,,,29.0,,1005.8,
2021-06-02,38.8,32.9,46.4,0.0,,,22.5,,1006.8,
2021-06-03,38.7,32.3,44.9,0.0,,,20.0,,1009.1,
2021-06-04,39.2,31.8,46.1,0.0,,,14.2,,1009.4,
2021-06-05,40.6,34.2,47.2,0.0,,,20.6,,1009.2,
2021-06-06,40.3,33.2,48.5,0.0,,,17.7,,1009.0,
2021-06-07,41.0,35.1,46.4,0.0,,,19.6,,1010.1,
2021-06-08,40.2,33.3,46.1,0.0,,,18.9,,1010.8,
2021-06-09,40.4,34.5,45.9,0.0,,,19.8,,1010.0,
2021-06-10,38.2,32.6,42.9,0.0,,,25.9,,1010.8,
2021-06-11,36.8,30.6,42.7,0.0,,,21.0,,1010.6,
2021-06-12,37.5,31.1,44.4,0.0,,,20.5,,1010.8,
2021-06-13,38.1,31.1,45.2,0.0,,,22.1,,1011.7,
2021-06-14,39.2,32.7,46.1,0.0,,,22.2,,1010.7,
2021-06-15,39.1,32.1,46.8,0.0,,,17.1,,1009.4,
2021-06-16,39.1,32.2,45.6,0.0,,,17.1,,1008.2,
2021-06-17,39.4,30.3,46.4,0.0,,,16.0,,1007.5,
2021-06-18,38.6,30.1,46.8,0.0,,,11.5,,1008.1,
2021-06-19,39.2,31.8,45.8,0.0,,,14.7,,1008.0,
2021-06-20,37.9,30.0,45.1,0.0,,,11.5,,1008.4,
2021-06-21,38.0,30.4,45.5,0.0,,,11.9,,1009.1,
2021-06-22,38.9,31.7,46.8,0.0,,,13.7,,1008.0,
2021-06-23,39.7,32.4,46.5,0.0,,,15.8,,1007.0,
2021-06-24,41.3,35.7,47.8,0.0,,,21.4,,1007.0,
2021-06-25,41.9,35.3,48.3,0.0,,,20.6,,1007.5,
2021-06-26,41.0,32.4,48.4,0.0,,,18.0,,1006.5,
2021-06-27,42.2,35.7,48.5,0.0,,,21.2,,1005.2,
2021-06-28,41.4,35.0,48.1,0.0,,,20.7,,1006.2,
2021-06-29,40.0,31.2,47.2,0.0,,,10.9,,1007.7,
2021-06-30,40.5,33.0,47.9,0.0,,,7.2,,1008.6,
2021-07-01,39.6,31.2,48.7,0.0,,,8.6,,1009.9,
2021-07-02,39.8,30.6,47.9,0.0,,,14.2,,1009.0,
2021-07-03,40.5,31.7,48.1,0.0,,,17.0,,1009.7,
2021-07-04,39.7,31.5,47.4,0.0,,,15.9,,1009.9,
2021-07-05,40.5,33.2,47.9,0.0,,,7.4,,1010.7,
2021-07-06,41.0,32.7,48.3,0.0,,,12.0,,1008.6,
2021-07-07,41.6,33.7,48.5,0.0,,,13.2,,1005.6,
2021-07-08,41.3,34.6,48.5,0.0,,,25.8,,1005.6,
2021-07-09,40.1,34.2,45.9,0.0,,,28.7,,1006.7,
2021-07-10,39.9,34.5,45.9,0.0,,,13.5,,1009.6,
2021-07-11,40.6,34.7,47.5,0.0,,,26.6,,1009.8,
2021-07-12,40.6,32.6,48.0,0.0,,,17.7,,1010.2,
2021-07-13,39.8,31.7,48.0,0.0,,,15.3,,1008.2,
2021-07-14,40.0,33.4,47.8,0.0,,,19.5,,1006.6,
2021-07-15,39.7,31.8,46.5,0.0,,,9.2,,1007.5,
2021-07-16,40.3,31.6,48.5,0.0,,,11.1,,1008.1,
2021-07-17,41.5,35.1,49.0,0.0,,,13.2,,1008.8,
2021-07-18,41.5,34.4,48.8,0.0,,,9.6,,1006.7,
2021-07-19,41.9,34.4,49.2,0.0,,,13.3,,1002.6,
2021-07-20,40.0,34.9,46.4,0.0,,,28.1,,1003.9,
2021-07-21,40.2,32.2,47.8,0.0,,,22.3,,1005.1,
2021-07-22,40.3,35.1,45.2,0.0,,,26.1,,1008.8,
2021-07-23,38.6,32.5,45.3,0.0,,,27.7,,1009.5,
2021-07-24,38.1,31.9,44.9,0.0,,,27.1,,1008.2,
2021-07-25,37.5,30.7,44.5,0.0,,,21.3,,1006.7,
2021-07-26,38.3,31.2,46.1,0.0,,,15.3,,1004.6,
2021-07-27,39.5,30.8,47.4,0.0,,,11.1,,1004.0,
2021-07-28,39.7,32.7,46.1,0.0,,,14.7,,1005.8,
2021-07-29,39.6,32.9,45.9,0.0,,,19.9,,1008.0,
2021-07-30,39.5,32.9,46.3,0.0,,,24.8,,1008.7,
2021-07-31,38.5,31.5,45.6,0.0,,,19.7,,1007.7,
2021-08-01,38.2,30.2,46.0,0.0,,,12.8,,1006.4,
2021-08-02,39.0,30.0,47.5,0.0,,,11.1,,1005.7,
2021-08-03,39.4,31.2,47.7,0.0,,,12.0,,1005.7,
2021-08-04,40.1,31.3,48.9,0.0,,,11.2,,1006.4,
2021-08-05,40.8,32.9,48.5,0.0,,,16.6,,1007.7,
2021-08-06,40.5,33.6,47.4,0.0,,,13.6,,1006.9,
2021-08-07,40.8,33.6,48.5,0.0,,,12.0,,1003.6,
2021-08-08,41.1,33.8,48.3,0.0,,,19.3,,1002.4,
2021-08-09,39.8,32.7,45.6,0.0,,,15.1,,1007.2,
2021-08-10,39.9,31.9,46.3,0.0,,,8.5,,1009.0,
2021-08-11,39.9,32.9,46.9,0.0,,,12.5,,1007.6,
2021-08-12,40.5,34.7,47.3,0.0,,,28.5,,1008.7,
2021-08-13,39.6,33.7,46.3,0.0,,,18.4,,1012.6,
2021-08-14,39.6,32.9,46.5,0.0,,,21.4,,1011.7,
2021-08-15,38.9,30.9,46.0,0.0,,,13.5,,1008.7,
2021-08-16,38.2,32.3,44.1,0.0,,,23.7,,1009.6,
2021-08-17,37.6,30.9,44.8,0.0,,,16.3,,1010.6,
2021-08-18,38.1,31.8,45.3,0.0,,,12.7,,1009.6,
2021-08-19,38.0,31.1,45.6,0.0,,,10.7,,1008.5,
2021-08-20,38.6,31.8,45.4,0.0,,,10.4,,1007.4,
2021-08-21,39.5,32.4,47.3,0.0,,,20.3,,1008.2,
2021-08-22,38.8,32.7,44.8,0.0,,,18.6,,1009.4,
2021-08-23,38.1,31.7,45.2,0.0,,,19.8,,1010.0,
2021-08-24,36.9,30.9,43.8,0.0,,,25.0,,1008.4,
2021-08-25,37.4,30.5,45.6,0.0,,,19.2,,1005.7,
2021-08-26,38.2,33.5,43.7,0.0,,,20.6,,1007.6,
2021-08-27,37.4,30.0,44.0,0.0,,,7.9,,1010.0,
2021-08-28,37.8,30.3,45.3,0.0,,,10.9,,1010.0,
2021-08-29,38.8,32.2,46.0,0.0,,,18.4,,1006.7,
2021-08-30,38.6,32.5,46.2,0.0,,,20.2,,1006.1,
2021-08-31,38.2,30.5,45.6,0.0,,,11.1,,1008.7,
2021-09-01,39.4,31.4,46.1,0.0,,,8.0,,1009.5,
2021-09-02,39.4,31.4,46.6,0.0,,,15.3,,1009.5,
2021-09-03,39.5,32.0,46.6,0.0,,,15.0,,1009.0,
2021-09-04,38.6,31.7,46.6,0.0,,,10.8,,1008.7,
2021-09-05,38.5,31.0,46.4,0.0,,,14.6,,1009.8,
2021-09-06,39.0,32.0,46.3,0.0,,,18.1,,1010.9,
2021-09-07,39.1,32.6,46.4,0.0,,,19.7,,1011.4,
2021-09-08,37.2,31.7,42.5,0.0,,,26.6,,1012.8,
2021-09-09,35.9,29.1,42.8,0.0,,,19.0,,1012.3,
2021-09-10,36.4,28.3,44.2,0.0,,,10.2,,1011.4,
2021-09-11,37.4,28.7,44.8,0.0,,,9.7,,1011.4,
2021-09-12,38.4,32.2,45.4,0.0,,,13.2,,1009.7,
2021-09-13,38.1,31.6,44.9,0.0,,,24.8,,1008.9,
2021-09-14,38.2,32.4,45.3,0.0,,,23.8,,1008.7,
2021-09-15,37.8,31.2,45.4,0.0,,,14.3,,1009.5,
2021-09-16,37.3,28.2,44.8,0.0,,,7.8,,1010.2,
2021-09-17,37.6,30.4,44.8,0.0,,,16.5,,1008.8,
2021-09-18,37.7,30.0,44.6,0.0,,,15.9,,1008.6,
2021-09-19,37.1,30.0,44.2,0.0,,,15.5,,1009.9,
2021-09-20,36.9,29.6,43.8,0.0,,,14.9,,1009.6,
2021-09-21,36.2,29.0,44.4,0.0,,,13.9,,1008.4,
2021-09-22,36.8,28.8,44.5,0.0,,,11.1,,1007.9,
2021-09-23,36.1,28.9,44.4,0.0,,,7.2,,1009.0,
2021-09-24,36.4,28.3,44.9,0.0,,,12.4,,1010.1,
2021-09-25,35.6,28.2,44.2,0.0,,,13.0,,1011.0,
2021-09-26,35.0,26.4,44.7,0.0,,,6.6,,1013.4,
2021-09-27,35.9,27.4,43.1,0.0,,,16.7,,1012.8,
2021-09-28,35.1,29.0,42.1,0.0,,,24.1,,1012.8,
2021-09-29,34.1,27.9,41.1,0.0,,,22.0,,1013.9,
2021-09-30,34.1,27.5,42.2,0.0,,,18.7,,1015.3,
2021-10-01,34.3,25.8,42.6,0.0,,,9.7,,1014.4,
2021-10-02,34.6,25.8,43.0,0.0,,,11.8,,1011.7,
2021-10-03,34.6,28.8,42.2,0.0,,,15.9,,1010.5,
2021-10-04,33.6,25.2,40.8,0.0,,,10.7,,1011.5,
2021-10-05,33.9,25.8,41.8,0.0,,,11.0,,1013.1,
2021-10-06,33.6,25.4,41.3,0.0,,,10.3,,1013.6,
2021-10-07,33.1,26.2,40.8,0.0,,,12.6,,1012.4,
2021-10-08,31.8,23.8,40.8,0.0,,,8.7,,1010.9,
2021-10-09,32.4,24.9,40.6,0.0,,,9.2,,1009.6,
2021-10-10,30.2,22.6,38.8,0.0,,,13.9,,1011.4,
2021-10-11,30.0,24.2,36.6,0.0,,,25.2,,1014.7,
2021-10-12,29.0,22.4,37.3,0.0,,,18.2,,1014.6,
2021-10-13,30.3,23.2,39.9,0.0,,,14.2,,1011.1,
2021-10-14,29.9,23.3,37.8,0.0,,,10.5,,1010.2,
2021-10-15,27.2,21.0,34.2,0.0,,,24.4,,1014.0,
2021-10-16,26.1,19.8,33.4,0.0,,,17.6,,1014.9,
2021-10-17,26.0,18.8,34.1,0.0,,,17.4,,1015.1,
2021-10-18,26.3,20.2,33.6,0.0,,,18.0,,1016.2,
2021-10-19,25.0,19.2,30.8,0.0,,,24.6,,1017.7,
2021-10-20,24.8,19.0,31.5,0.0,,,29.6,,1017.3,
2021-10-21,25.6,19.6,33.1,0.0,,,24.5,,1014.2,
2021-10-22,25.6,19.8,32.0,0.0,,,14.8,,1012.5,
2021-10-23,25.7,19.3,34.1,0.0,,,11.8,,1012.8,
2021-10-24,26.9,20.7,33.7,0.0,,,14.1,,1016.0,
2021-10-25,26.7,21.0,33.0,0.0,,,15.2,,1016.3,
2021-10-26,25.0,20.4,32.3,0.0,,,13.5,,1015.2,
2021-10-27,24.8,18.8,31.6,0.0,,,23.0,,1013.6,
2021-10-28,24.7,20.6,29.1,0.1,,,17.7,,1013.3,
2021-10-29,24.0,16.5,32.6,0.0,,,10.9,,1014.5,
2021-10-30,26.0,20.0,33.5,0.0,,,15.4,,1016.2,
2021-10-31,26.3,20.3,33.6,0.0,,,17.2,,1017.7,
2021-11-01,25.6,19.2,33.9,0.0,,,12.1,,1016.6,
2021-11-02,25.7,17.6,36.4,0.0,,,10.1,,1014.5,
2021-11-03,26.7,20.0,34.6,0.0,,,8.4,,1012.0,
2021-11-04,27.3,20.0,35.7,0.0,,,11.8,,1009.7,
2021-11-05,25.5,21.0,32.1,0.0,,,12.7,,1010.0,
2021-11-06,21.6,15.8,28.4,0.0,,,21.1,,1011.7,
2021-11-07,19.6,14.9,25.2,0.0,,,26.3,,1014.0,
2021-11-08,17.0,11.8,22.6,0.0,,,21.0,,1014.6,
2021-11-09,16.4,10.2,23.2,0.0,,,12.3,,1016.1,
2021-11-10,16.8,10.0,24.7,0.0,,,11.1,,1018.2,
2021-11-11,18.7,11.7,26.3,0.0,,,14.7,,1017.8,
2021-11-12,20.1,13.9,27.1,0.0,,,15.0,,1014.2,
2021-11-13,20.1,13.3,27.7,0.0,,,9.7,,1014.2,
2021-11-14,20.2,13.7,27.6,0.6,,,13.6,,1015.9,
2021-11-15,20.8,14.8,28.1,1.8,,,12.6,,1014.4,
2021-11-16,20.1,13.4,28.3,0.0,,,10.9,,1013.1,
2021-11-17,19.7,13.6,28.0,0.0,,,15.4,,1012.4,
2021-11-18,20.1,14.2,27.9,0.0,,,13.1,,1015.9,
2021-11-19,19.4,15.6,26.2,0.0,,,15.9,,1020.2,
2021-11-20,20.9,14.9,28.3,0.0,,,13.8,,1019.1,
2021-11-21,21.4,15.5,28.6,0.0,,,11.3,,1016.3,
2021-11-22,22.9,17.1,30.2,0.0,,,12.4,,1013.3,
2021-11-23,23.3,18.4,29.3,0.0,,,8.1,,1014.2,
2021-11-24,21.4,17.0,28.1,0.0,,,11.9,,1014.3,
2021-11-25,19.0,13.4,26.0,0.0,,,9.9,,1012.1,
2021-11-26,19.0,11.6,28.5,0.0,,,11.1,,1012.3,
2021-11-27,22.1,15.5,32.5,0.0,,,16.0,,1011.4,
2021-11-28,17.2,12.7,21.8,0.0,,,21.3,,1015.6,
2021-11-29,14.2,8.7,20.4,0.0,,,22.5,,1023.2,
2021-11-30,13.9,7.8,22.1,0.0,,,19.7,,1023.3,
2021-12-01,15.0,8.3,23.9,0.0,,,17.2,,1021.3,
2021-12-02,15.4,9.7,20.7,0.0,,,9.7,,1015.9,
2021-12-03,14.5,8.6,21.7,0.0,,,20.7,,1017.2,
2021-12-04,12.8,7.6,19.4,0.0,,,23.3,,1023.0,
2021-12-05,12.9,6.5,22.1,0.0,,,17.8,,1020.8,
2021-12-06,14.8,8.3,23.4,0.0,,,20.7,,1021.4,
2021-12-07,13.9,9.1,20.9,0.0,,,21.3,,1024.1,
2021-12-08,12.6,5.8,21.0,0.0,,,13.9,,1020.8,
2021-12-09,15.1,8.3,24.5,0.0,,,18.0,,1020.1,
2021-12-10,15.3,10.1,22.0,0.0,,,20.1,,1020.7,
2021-12-11,15.2,8.3,24.6,0.0,,,13.7,,1018.4,
2021-12-12,16.9,11.0,24.0,0.0,,,23.4,,1019.4,
2021-12-13,15.0,10.0,21.0,0.0,,,26.6,,1021.1,
2021-12-14,14.7,8.7,22.8,0.0,,,22.4,,1018.8,
2021-12-15,17.0,12.5,22.8,0.6,,,17.7,,1017.3,
2021-12-16,18.7,12.5,27.4,0.0,,,20.8,,1017.0,
2021-12-17,20.7,14.9,28.4,0.0,,,16.7,,1019.4,
2021-12-18,20.7,15.4,27.1,0.0,,,12.2,,1020.7,
2021-12-19,20.8,15.0,28.3,0.0,,,14.0,,1021.4,
2021-12-20,19.9,13.7,27.9,0.0,,,15.8,,1022.3,
2021-12-21,19.6,14.6,25.6,0.0,,,10.6,,1022.6,
2021-12-22,20.9,17.6,25.9,0.0,,,16.4,,1022.2,
2021-12-23,19.1,13.2,25.9,0.0,,,8.4,,1021.0,
2021-12-24,18.7,12.3,27.4,0.0,,,7.7,,1019.5,
2021-12-25,19.6,14.4,25.9,0.0,,,5.9,,1017.9,
2021-12-26,20.0,13.6,27.4,0.0,,,9.9,,1017.0,
2021-12-27,19.0,12.4,26.9,0.0,,,14.9,,1019.4,
2021-12-28,19.5,13.7,26.5,0.0,,,17.0,,1021.6,
2021-12-29,18.0,12.4,24.8,0.0,,,15.5,,1021.4,
2021-12-30,18.2,12.1,27.3,0.0,,,13.9,,1020.6,
2021-12-31,18.6,12.6,26.5,0.0,,,16.1,,1021.0,
2022-01-01,18.8,13.2,26.9,0.0,,,24.6,,1022.1,
2022-01-02,17.7,12.6,24.6,0.0,,,27.0,,1022.5,
2022-01-03,17.4,11.9,24.3,0.0,,,20.2,,1021.7,
2022-01-04,16.6,11.0,23.8,0.0,,,15.5,,1020.3,
2022-01-05,14.4,8.2,21.8,0.0,,,11.5,,1018.2,
2022-01-06,14.2,6.7,22.9,0.0,,,7.5,,1016.6,
2022-01-07,14.2,9.7,19.8,0.0,,,21.3,,1020.1,
2022-01-08,11.4,6.1,18.0,0.0,,,22.9,,1024.7,
2022-01-09,10.4,3.9,19.3,0.0,,,15.8,,1024.9,
2022-01-10,10.3,3.2,18.0,0.0,,,12.4,,1020.3,
2022-01-11,12.8,8.3,18.6,0.0,,,6.5,,1017.0,
2022-01-12,14.9,10.0,21.0,0.0,,,19.6,,1019.3,
2022-01-13,12.6,7.4,18.9,0.0,,,23.8,,1023.0,
2022-01-14,11.5,5.6,17.9,0.0,,,26.2,,1024.8,
2022-01-15,11.4,5.3,19.0,0.0,,,25.9,,1024.6,
2022-01-16,12.1,6.5,18.9,0.0,,,23.3,,1025.6,
2022-01-17,11.6,5.8,19.3,0.0,,,21.5,,1027.7,
2022-01-18,11.9,5.5,18.3,0.1,,,20.8,,1027.8,
2022-01-19,14.5,9.6,21.7,0.0,,,16.6,,1025.6,
2022-01-20,13.8,7.1,21.8,0.0,,,11.3,,1023.4,
2022-01-21,13.5,6.1,22.2,0.0,,,7.0,,1021.7,
2022-01-22,15.4,8.6,23.3,0.0,,,15.5,,1023.4,
2022-01-23,14.8,9.4,21.6,0.0,,,17.8,,1024.8,
2022-01-24,15.2,8.8,22.9,0.0,,,17.2,,1022.9,
2022-01-25,15.3,9.3,21.7,0.0,,,27.0,,1022.8,
2022-01-26,14.3,10.6,17.4,0.0,,,25.3,,1022.6,
2022-01-27,16.6,10.5,23.2,0.0,,,20.4,,1020.9,
2022-01-28,16.0,10.4,23.4,0.0,,,25.6,,1022.7,
2022-01-29,16.6,11.5,22.3,0.0,,,22.8,,1024.8,
2022-01-30,16.2,10.3,24.6,0.0,,,23.2,,1025.7,
2022-01-31,16.2,9.7,24.7,0.0,,,15.8,,1024.3,
2022-02-01,18.5,12.6,26.2,0.0,,,18.5,,1020.6,
2022-02-02,16.0,11.0,21.8,0.0,,,19.8,,1023.0,
2022-02-03,15.4,8.4,24.2,0.0,,,17.7,,1023.5,
2022-02-04,17.2,10.1,27.2,0.0,,,14.3,,1022.3,
2022-02-05,17.1,9.3,24.2,0.0,,,10.6,,1020.4,
2022-02-06,17.3,9.4,25.1,0.0,,,8.2,,1019.2,
2022-02-07,18.6,12.6,26.4,0.0,,,12.2,,1019.3,
2022-02-08,17.6,10.9,25.2,0.0,,,14.9,,1020.7,
2022-02-09,18.1,12.2,25.7,0.0,,,25.5,,1021.5,
2022-02-10,16.0,9.7,23.4,0.0,,,27.6,,1021.1,
2022-02-11,16.2,10.1,23.2,0.0,,,23.9,,1019.4,
2022-02-12,16.1,9.8,22.1,0.0,,,18.7,,1017.4,
2022-02-13,16.1,11.3,21.6,0.0,,,27.1,,1016.4,
2022-02-14,15.9,9.6,23.8,0.0,,,22.1,,1018.5,
2022-02-15,17.9,12.5,24.6,0.0,,,24.8,,1020.0,
2022-02-16,16.9,11.9,23.4,0.0,,,27.8,,1023.1,
2022-02-17,16.8,10.0,24.7,0.0,,,26.4,,1021.2,
2022-02-18,18.9,12.2,27.9,0.0,,,22.1,,1016.3,
2022-02-19,20.5,16.1,27.5,0.0,,,13.3,,1014.0,
2022-02-20,21.3,13.5,28.7,0.0,,,7.2,,1016.6,
2022-02-21,24.1,17.5,31.3,0.0,,,10.2,,1018.1,
2022-02-22,24.7,17.9,32.0,0.0,,,18.2,,1019.0,
2022-02-23,22.1,17.1,27.6,0.0,,,23.1,,1020.9,
2022-02-24,21.4,15.3,28.7,0.0,,,19.8,,1019.4,
2022-02-25,22.6,16.6,29.2,0.0,,,15.5,,1017.3,
2022-02-26,23.5,17.6,29.5,0.0,,,21.4,,1015.5,
2022-02-27,26.2,21.7,34.6,0.0,,,22.8,,1013.0,
2022-02-28,26.4,22.7,31.4,0.0,,,30.9,,1013.1,
2022-03-01,21.7,17.2,26.2,0.0,,,29.2,,1016.1,
2022-03-02,17.3,11.4,23.2,0.0,,,26.2,,1018.1,
2022-03-03,16.8,10.6,24.0,0.0,,,26.4,,1016.1,
2022-03-04,17.4,9.6,25.1,0.0,,,11.2,,1013.5,
2022-03-05,19.2,13.3,25.6,0.0,,,18.4,,1012.7,
2022-03-06,20.1,12.9,28.4,0.0,,,16.4,,1008.6,
2022-03-07,19.5,12.7,25.9,0.0,,,19.5,,1005.7,
2022-03-08,19.8,13.0,26.7,0.0,,,21.0,,1015.6,
2022-03-09,19.8,14.0,26.2,0.0,,,23.7,,1018.5,
2022-03-10,19.9,14.5,25.9,0.0,,,23.9,,1017.8,
2022-03-11,20.9,14.5,28.0,0.0,,,21.0,,1017.0,
2022-03-12,21.5,14.3,29.3,0.0,,,14.2,,1015.9,
2022-03-13,22.7,15.0,31.8,0.0,,,14.3,,1013.3,
2022-03-14,24.5,16.4,34.1,0.0,,,17.9,,1009.8,
2022-03-15,26.6,22.2,32.7,0.0,,,31.1,,1008.4,
2022-03-16,20.0,14.2,25.5,0.0,,,15.9,,1011.5,
2022-03-17,20.1,12.7,26.1,0.0,,,10.4,,1011.6,
2022-03-18,21.3,15.2,27.1,0.0,,,19.2,,1013.0,
2022-03-19,21.3,14.4,27.8,0.0,,,19.0,,1014.6,
2022-03-20,21.4,14.6,27.5,0.0,,,20.2,,1015.3,
2022-03-21,22.0,16.1,28.1,0.0,,,22.1,,1016.4,
2022-03-22,22.6,16.2,29.6,0.0,,,23.7,,1015.5,
2022-03-23,23.0,16.0,30.9,0.0,,,16.6,,1012.0,
2022-03-24,24.8,15.6,33.7,0.0,,,15.2,,1008.6,
2022-03-25,23.5,17.1,29.3,0.0,,,12.6,,1009.2,
2022-03-26,24.9,16.1,32.9,0.0,,,11.6,,1010.7,
2022-03-27,26.4,17.7,34.7,0.0,,,11.9,,1014.8,
2022-03-28,29.6,21.1,38.9,0.0,,,16.0,,1015.2,
2022-03-29,31.0,24.0,39.2,0.0,,,16.1,,1009.2,
2022-03-30,28.3,23.7,31.4,0.0,,,20.2,,1005.3,
2022-03-31,24.2,17.4,31.2,0.0,,,13.9,,1008.4,
2022-04-01,26.2,18.0,33.9,0.0,,,11.8,,1010.1,
2022-04-02,27.3,18.8,35.3,0.0,,,13.0,,1008.6,
2022-04-03,27.4,17.9,36.1,0.0,,,16.0,,1005.4,
2022-04-04,28.6,22.2,36.3,0.0,,,20.1,,1004.8,
2022-04-05,27.7,21.2,33.8,0.0,,,15.8,,1009.5,
2022-04-06,25.4,20.8,30.0,0.0,,,16.9,,1013.0,
2022-04-07,25.9,18.6,32.9,0.0,,,20.5,,1014.7,
2022-04-08,26.0,19.4,32.0,0.0,,,23.8,,1014.8,
2022-04-09,25.7,18.8,33.4,0.0,,,24.9,,1014.0,
2022-04-10,26.5,19.1,33.8,0.0,,,22.1,,1011.8,
2022-04-11,28.1,20.6,35.9,0.0,,,18.5,,1008.4,
2022-04-12,28.9,21.5,36.0,0.0,,,18.2,,1005.4,
2022-04-13,27.5,19.8,34.6,0.0,,,16.6,,1003.6,
2022-04-14,25.0,20.2,29.8,0.0,,,28.6,,1006.6,
2022-04-15,21.4,17.1,25.8,0.0,,,23.0,,1011.2,
2022-04-16,22.3,16.7,28.7,0.0,,,21.8,,1012.9,
2022-04-17,23.8,17.0,29.9,0.0,,,19.6,,1014.8,
2022-04-18,25.7,19.0,32.3,0.0,,,14.6,,1014.2,
2022-04-19,27.3,19.3,34.9,0.0,,,10.0,,1012.0,
2022-04-20,30.2,21.7,37.7,0.0,,,15.5,,1005.7,
2022-04-21,26.2,18.8,31.5,0.0,,,22.9,,1004.8,
2022-04-22,25.0,17.2,32.3,0.0,,,17.4,,1007.7,
2022-04-23,27.4,17.9,35.0,0.0,,,10.2,,1007.4,
2022-04-24,27.2,18.6,34.5,0.0,,,10.9,,1006.0,
2022-04-25,26.6,19.7,32.3,0.0,,,15.3,,1003.8,
2022-04-26,26.2,18.6,34.4,0.0,,,14.6,,1003.2,
2022-04-27,27.5,19.3,35.4,0.0,,,16.6,,1003.6,
2022-04-28,29.7,22.6,36.1,0.0,,,15.2,,1007.4,
2022-04-29,28.1,21.4,36.0,0.0,,,22.8,,1006.4,
2022-04-30,22.3,15.2,29.3,0.0,,,24.0,,1012.7,
2022-05-01,24.7,18.2,30.6,0.0,,,19.9,,1016.4,
2022-05-02,26.0,19.6,32.3,0.0,,,13.6,,1013.5,
2022-05-03,28.0,19.2,35.7,0.0,,,14.0,,1008.7,
2022-05-04,30.5,23.1,37.1,0.0,,,21.8,,1007.0,
2022-05-05,28.2,21.3,34.9,0.0,,,17.0,,1011.7,
2022-05-06,27.6,21.7,33.4,0.0,,,22.5,,1015.4,
2022-05-07,27.5,20.4,34.6,0.0,,,20.2,,1015.0,
2022-05-08,28.3,21.7,34.6,0.0,,,18.0,,1014.9,
2022-05-09,29.1,22.2,36.3,0.0,,,17.8,,1014.9,
2022-05-10,30.6,22.8,37.8,0.0,,,15.5,,1012.2,
2022-05-11,29.9,23.0,36.1,0.0,,,32.0,,1012.5,
2022-05-12,28.1,22.3,33.7,0.0,,,30.1,,1015.7,
2022-05-13,27.8,21.3,34.6,0.0,,,25.6,,1017.0,
2022-05-14,29.0,21.6,35.9,0.0,,,25.2,,1015.4,
2022-05-15,31.1,23.9,37.8,0.0,,,18.1,,1013.6,
2022-05-16,33.3,25.6,41.8,0.0,,,16.9,,1012.0,
2022-05-17,34.6,28.3,41.3,0.0,,,22.7,,1011.2,
2022-05-18,35.4,28.5,42.3,0.0,,,20.5,,1010.0,
2022-05-19,36.5,30.6,42.9,0.0,,,24.0,,1010.7,
2022-05-20,35.4,29.8,41.5,0.0,,,29.6,,1013.6,
2022-05-21,33.0,27.0,39.5,0.0,,,24.1,,1013.5,
2022-05-22,33.1,26.6,39.9,0.0,,,25.1,,1011.4,
2022-05-23,33.4,25.9,40.4,0.0,,,19.1,,1009.7,
2022-05-24,34.7,26.6,42.1,0.0,,,14.0,,1008.9,
2022-05-25,36.6,27.9,43.6,0.0,,,11.5,,1009.0,
2022-05-28,36.4,29.3,42.5,0.0,,,17.8,,1009.4,
2022-05-29,37.3,31.2,43.9,0.0,,,23.0,,1007.1,
2022-05-30,36.4,30.0,42.6,0.0,,,15.0,,1005.9,
2022-05-31,36.7,29.7,44.2,0.0,,,18.4,,1009.2,
2022-06-01,37.3,29.8,44.1,0.0,,,20.2,,1009.2,
2022-06-02,38.2,30.9,44.5,0.0,,,24.2,,1007.0,
2022-06-03,38.4,32.0,45.0,0.0,,,23.4,,1006.6,
2022-06-04,39.5,31.0,46.9,0.0,,,23.5,,1007.0,
2022-06-05,38.8,32.9,44.8,0.0,,,26.9,,1008.7,
2022-06-06,38.1,30.9,45.5,0.0,,,26.2,,1008.7,
2022-06-07,38.7,31.9,45.6,0.0,,,19.1,,1008.8,
2022-06-08,38.4,31.3,45.3,0.0,,,10.3,,1007.6,
2022-06-09,38.8,31.2,46.6,0.0,,,14.4,,1006.3,
2022-06-10,38.9,30.6,46.6,0.0,,,14.8,,1006.8,
2022-06-11,39.0,32.3,45.8,0.0,,,22.3,,1009.3,
2022-06-12,37.6,31.7,43.1,0.0,,,21.9,,1011.6,
2022-06-13,36.1,29.8,42.2,0.0,,,22.0,,1011.6,
2022-06-14,36.2,29.5,42.8,0.0,,,32.0,,1010.3,
2022-06-15,36.3,30.1,42.7,0.0,,,33.7,,1010.5,
2022-06-16,36.9,29.9,44.2,0.0,,,32.7,,1010.2,
2022-06-17,36.7,30.5,43.0,0.0,,,27.0,,1011.1,
2022-06-18,36.5,30.2,42.7,0.0,,,22.2,,1011.2,
2022-06-19,36.6,29.1,44.1,0.0,,,11.9,,1009.4,
2022-06-20,38.0,29.8,45.1,0.0,,,8.3,,1008.7,
2022-06-21,38.2,29.7,45.7,0.0,,,13.3,,1007.7,
2022-06-22,38.7,29.9,47.0,0.0,,,11.2,,1006.3,
2022-06-23,39.4,30.9,47.6,0.0,,,11.8,,1007.0,
2022-06-24,40.2,32.8,47.7,0.0,,,11.1,,1005.3,
2022-06-25,41.0,33.8,47.9,0.0,,,16.0,,1003.0,
2022-06-26,41.5,33.6,48.9,0.0,,,16.9,,1003.4,
2022-06-27,41.9,34.8,49.3,0.0,,,17.7,,1005.4,
2022-06-28,41.7,35.0,48.1,0.0,,,16.1,,1006.2,
2022-06-29,41.4,33.2,48.8,0.0,,,12.8,,1004.5,
2022-06-30,40.3,34.7,47.5,0.0,,,16.4,,1004.0,
2022-07-01,39.9,30.7,46.2,0.0,,,15.7,,1006.9,
2022-07-02,40.0,32.7,46.7,0.0,,,11.8,,1010.8,
2022-07-03,40.4,31.9,47.0,0.0,,,13.9,,1010.6,
2022-07-04,40.8,32.6,48.2,0.0,,,18.5,,1009.5,
2022-07-05,40.4,33.5,47.2,0.0,,,24.8,,1009.4,
2022-07-06,39.7,33.6,46.2,0.0,,,27.1,,1009.8,
2022-07-07,39.1,33.6,45.2,0.0,,,27.5,,1010.9,
2022-07-08,39.5,33.2,46.5,0.0,,,21.5,,1010.9,
2022-07-09,39.6,31.2,47.3,0.0,,,18.1,,1009.0,
2022-07-10,37.4,31.3,43.5,0.0,,,27.5,,1008.2,
2022-07-11,37.0,30.4,42.5,0.0,,,24.9,,1007.5,
2022-07-12,38.4,31.6,45.9,0.0,,,24.1,,1009.1,
2022-07-13,39.6,33.6,46.1,0.0,,,26.0,,1009.4,
2022-07-14,39.0,33.1,45.0,0.0,,,31.2,,1007.2,
2022-07-15,37.8,31.7,43.3,0.0,,,30.3,,1006.5,
2022-07-16,37.5,31.3,44.0,0.0,,,26.7,,1007.7,
2022-07-17,37.1,30.1,43.5,0.0,,,23.2,,1009.2,
2022-07-18,37.9,31.7,45.1,0.0,,,26.8,,1008.3,
2022-07-19,37.8,31.5,44.5,0.0,,,29.0,,1007.3,
2022-07-20,37.3,31.1,43.7,0.0,,,23.1,,1008.6,
2022-07-21,37.3,30.8,42.3,0.0,,,22.9,,1010.0,
2022-07-22,37.4,30.2,44.8,0.0,,,24.6,,1009.5,
2022-07-23,37.6,30.9,44.8,0.0,,,25.5,,1010.2,
2022-07-24,37.1,30.6,43.7,0.0,,,26.5,,1011.3,
2022-07-25,37.6,30.3,44.6,0.0,,,25.2,,1011.1,
2022-07-26,37.5,31.0,44.0,0.0,,,23.3,,1008.7,
2022-07-27,37.2,30.3,44.3,0.0,,,27.9,,1006.5,
2022-07-28,38.0,30.5,45.8,0.0,,,24.1,,1005.7,
2022-07-29,39.3,32.5,46.3,0.0,,,21.1,,1006.4,
2022-07-30,40.2,33.8,46.4,0.0,,,27.6,,1007.1,
2022-07-31,39.7,31.7,45.9,0.0,,,23.8,,1008.1,
2022-08-01,38.7,32.2,45.3,0.0,,,27.9,,1007.5,
2022-08-02,39.1,32.2,46.3,0.0,,,24.5,,1006.8,
2022-08-03,37.9,31.1,44.1,0.0,,,13.0,,1007.0,
2022-08-04,38.2,31.7,45.1,0.0,,,16.1,,1008.1,
2022-08-05,38.0,31.3,45.3,0.0,,,23.3,,1009.9,
2022-08-06,37.9,30.8,44.8,0.0,,,14.8,,1010.6,
2022-08-07,38.8,31.1,45.7,0.0,,,11.7,,1008.0,
2022-08-08,39.5,32.1,46.3,0.0,,,15.6,,1007.0,
2022-08-09,38.6,33.0,45.2,0.0,,,27.7,,1008.7,
2022-08-10,37.4,30.4,43.0,0.0,,,22.5,,1008.9,
2022-08-11,38.9,32.2,45.8,0.0,,,27.7,,1007.4,
2022-08-12,39.4,32.4,46.9,0.0,,,29.2,,1008.1,
2022-08-13,39.1,32.1,45.9,0.0,,,20.7,,1008.4,
2022-08-14,37.7,31.4,45.0,0.0,,,29.1,,1008.2,
2022-08-15,38.1,30.7,45.8,0.0,,,18.7,,1004.9,
2022-08-16,38.8,30.9,45.4,0.0,,,12.7,,1005.4,
2022-08-17,38.4,31.8,43.9,0.0,,,14.2,,1007.7,
2022-08-18,39.0,30.4,45.7,0.0,,,8.1,,1007.5,
2022-08-19,40.0,33.7,47.0,0.0,,,21.0,,1006.9,
2022-08-20,40.1,33.1,46.6,0.0,,,20.8,,1009.3,
2022-08-21,39.6,33.8,46.5,0.0,,,20.9,,1009.8,
2022-08-22,38.8,31.4,46.3,0.0,,,10.1,,1006.6,
2022-08-23,39.4,32.7,46.4,0.0,,,19.2,,1005.3,
2022-08-24,38.3,30.7,46.3,0.0,,,17.2,,1006.3,
2022-08-25,37.5,31.0,43.2,0.0,,,19.9,,1008.9,
2022-08-26,37.1,29.8,43.8,0.0,,,13.0,,1007.9,
2022-08-27,38.0,30.3,44.0,0.0,,,10.8,,1005.4,
2022-08-28,37.4,31.7,42.2,0.0,,,11.8,,1007.5,
2022-08-29,37.7,30.7,44.4,0.0,,,8.6,,1010.2,
2022-08-30,38.5,31.7,45.2,0.0,,,18.8,,1010.4,
2022-08-31,38.9,32.2,46.0,0.0,,,19.4,,1010.1,
2022-09-01,38.7,32.1,45.5,0.0,,,20.7,,1008.9,
2022-09-02,38.9,32.4,46.4,0.0,,,21.0,,1008.6,
2022-09-03,38.6,32.0,46.5,0.0,,,14.9,,1008.7,
2022-09-04,38.1,30.8,46.9,0.0,,,9.2,,1011.4,
2022-09-05,39.3,31.9,46.2,0.0,,,17.9,,1011.5,
2022-09-06,39.0,32.9,45.7,0.0,,,22.4,,1010.7,
2022-09-07,38.2,31.6,44.4,0.0,,,15.7,,1009.9,
2022-09-08,38.3,32.3,44.9,0.0,,,19.6,,1010.0,
2022-09-09,37.8,31.6,44.6,0.0,,,20.4,,1010.9,
2022-09-10,37.9,32.3,44.7,0.0,,,22.3,,1011.4,
2022-09-11,37.1,31.8,43.2,0.0,,,23.7,,1010.9,
2022-09-12,36.3,29.9,43.4,0.0,,,23.9,,1008.9,
2022-09-13,37.2,30.5,45.3,0.0,,,22.8,,1007.1,
2022-09-14,37.3,30.4,44.6,0.0,,,18.1,,1007.3,
2022-09-15,37.1,30.2,43.9,0.0,,,11.1,,1008.0,
2022-09-16,37.0,28.6,44.0,0.0,,,10.6,,1006.2,
2022-09-17,37.7,29.7,44.6,0.0,,,8.9,,1004.3,
2022-09-18,37.1,30.6,43.9,0.0,,,12.7,,1006.1,
2022-09-19,38.1,31.2,45.3,0.0,,,15.9,,1007.9,
2022-09-20,38.1,31.5,45.5,0.0,,,19.0,,1008.1,
2022-09-21,35.7,27.4,43.8,0.0,,,12.9,,1008.4,
2022-09-22,35.3,27.0,43.2,0.0,,,18.3,,1008.6,
2022-09-23,35.4,29.1,41.1,0.0,,,17.1,,1010.7,
2022-09-24,34.3,29.0,40.2,0.0,,,17.4,,1011.2,
2022-09-25,34.7,27.9,42.1,0.0,,,16.5,,1009.4,
2022-09-26,35.8,28.3,44.0,0.0,,,16.7,,1009.0,
2022-09-27,36.0,30.2,42.2,0.0,,,21.4,,1011.2,
2022-09-28,34.6,28.3,41.2,0.0,,,12.1,,1009.4,
2022-09-29,32.6,25.6,38.9,0.0,,,13.5,,1005.0,
2022-09-30,32.4,25.4,39.3,0.0,,,20.5,,1003.9,
2022-10-01,32.2,24.2,39.0,0.0,,,14.8,,1009.7,
2022-10-02,34.9,30.4,40.6,0.0,,,20.9,,1016.9,
2022-10-03,34.5,27.9,42.2,0.0,,,27.9,,1014.8,
2022-10-04,35.0,29.3,41.6,0.0,,,22.4,,1012.1,
2022-10-05,34.3,28.0,40.5,0.0,,,18.3,,1012.0,
2022-10-06,33.3,27.4,38.9,0.0,,,14.9,,1012.3,
2022-10-07,31.2,26.6,36.8,0.0,,,19.7,,1013.3,
2022-10-08,31.8,25.0,40.7,0.0,,,14.8,,1012.8,
2022-10-09,33.3,25.7,41.6,0.0,,,17.8,,1013.4,
2022-10-10,32.4,26.8,38.2,0.0,,,25.8,,1014.3,
2022-10-11,31.9,26.2,38.7,0.0,,,12.7,,1013.4,
2022-10-12,31.7,24.8,37.7,0.0,,,10.0,,1012.4,
2022-10-13,31.5,26.4,37.8,0.0,,,27.9,,1014.2,
2022-10-14,32.4,26.0,40.1,0.0,,,26.3,,1015.2,
2022-10-15,32.7,27.7,39.1,0.0,,,31.0,,1015.1,
2022-10-16,30.2,25.4,35.8,0.0,,,24.7,,1016.1,
2022-10-17,29.6,23.9,36.2,0.0,,,21.3,,1017.1,
2022-10-18,30.2,25.4,36.5,0.0,,,30.2,,1018.6,
2022-10-19,28.8,23.5,35.2,0.0,,,27.6,,1017.8,
2022-10-20,27.3,22.0,33.5,0.0,,,20.5,,1016.6,
2022-10-21,25.8,20.3,33.1,0.0,,,23.5,,1017.7,
2022-10-22,25.9,19.4,34.5,0.0,,,20.9,,1017.7,
2022-10-23,26.7,19.8,35.3,0.0,,,15.9,,1018.3,
2022-10-24,26.9,19.4,35.2,0.0,,,14.1,,1018.3,
2022-10-25,26.8,19.8,34.0,0.0,,,13.9,,1016.9,
2022-10-26,26.1,19.0,34.7,0.0,,,12.2,,1016.4,
2022-10-27,27.2,20.4,36.1,0.0,,,17.4,,1018.7,
2022-10-28,27.4,22.1,34.5,0.0,,,22.8,,1020.2,
2022-10-29,26.2,20.2,34.2,0.0,,,19.2,,1018.6,
2022-10-30,26.3,20.0,33.6,0.0,,,18.7,,1016.6,
2022-10-31,25.9,19.9,33.0,0.0,,,18.3,,1017.6,
2022-11-01,25.4,19.7,32.7,0.0,,,22.1,,1019.0,
2022-11-02,24.3,17.9,32.1,0.0,,,20.4,,1019.0,
2022-11-03,25.1,19.2,32.4,0.0,,,22.5,,1018.0,
2022-11-04,23.5,17.7,30.7,0.0,,,18.0,,1017.7,
2022-11-05,23.0,15.5,31.8,0.0,,,13.0,,1017.7,
2022-11-06,23.5,17.6,30.1,0.0,,,17.4,,1018.2,
2022-11-07,22.2,15.7,29.6,0.0,,,17.5,,1019.4,
2022-11-08,22.4,15.9,31.2,0.0,,,15.1,,1018.1,
2022-11-09,22.6,15.9,31.4,0.0,,,13.9,,1016.6,
2022-11-10,22.3,15.9,30.2,0.0,,,15.5,,1014.8,
2022-11-11,22.5,16.1,30.5,0.0,,,13.0,,1015.5,
2022-11-12,21.4,14.0,29.9,0.0,,,8.6,,1017.3,
2022-11-13,22.3,15.2,31.0,0.0,,,10.2,,1018.5,
2022-11-14,22.7,16.5,30.6,0.0,,,18.0,,1020.2,
2022-11-15,22.1,15.2,29.6,0.0,,,14.7,,1020.4,
2022-11-16,21.7,13.4,30.6,0.0,,,8.9,,1018.9,
2022-11-17,23.2,15.8,31.2,0.0,,,7.5,,1017.6,
2022-11-18,23.0,16.3,31.5,0.0,,,6.8,,1016.2,
2022-11-19,22.4,16.6,28.3,0.0,,,6.4,,1015.6,
2022-11-20,20.0,14.5,25.9,0.0,,,23.3,,1020.7,
2022-11-21,17.6,12.7,22.8,0.0,,,20.2,,1023.9,
2022-11-22,16.6,9.4,25.4,0.0,,,13.2,,1021.7,
2022-11-23,19.5,12.2,28.3,0.0,,,11.3,,1020.6,
2022-11-24,22.6,16.1,29.4,0.0,,,14.1,,1018.9,
2022-11-25,23.6,18.7,29.6,0.0,,,18.0,,1018.3,
2022-11-26,23.7,17.9,31.2,0.0,,,24.5,,1019.0,
2022-11-27,18.4,14.0,23.9,0.0,,,24.2,,1020.0,
2022-11-28,16.3,10.5,23.6,0.0,,,21.7,,1017.7,
2022-11-29,16.1,10.1,24.5,0.0,,,17.6,,1016.4,
2022-11-30,15.5,9.2,23.2,0.0,,,16.4,,1016.0,
2022-12-01,15.7,9.6,23.5,0.0,,,12.5,,1013.8,
2022-12-02,16.4,9.7,24.8,0.0,,,9.7,,1010.2,
2022-12-03,16.7,9.1,25.8,0.0,,,8.7,,1010.3,
2022-12-04,20.5,11.9,29.6,0.0,,,7.8,,1014.5,
2022-12-05,22.2,14.8,30.5,0.0,,,15.3,,1017.6,
2022-12-06,24.2,17.6,33.1,0.0,,,9.1,,1016.7,
2022-12-07,22.7,16.1,30.3,0.0,,,7.8,,1015.2,
2022-12-08,23.9,17.3,33.9,0.0,,,14.1,,1014.9,
2022-12-09,24.9,18.0,32.4,0.0,,,16.8,,1016.1,
2022-12-10,25.1,18.9,33.0,0.0,,,16.9,,1016.2,
2022-12-11,22.9,15.7,31.4,0.0,,,9.4,,1015.7,
2022-12-12,23.5,17.6,30.1,0.0,,,7.1,,1015.6,
2022-12-13,23.2,16.9,31.0,0.0,,,8.0,,1016.1,
2022-12-14,23.8,18.8,30.0,0.0,,,4.7,,1015.2,
2022-12-15,23.4,15.2,31.6,0.0,,,11.3,,1012.7,
2022-12-16,19.7,14.4,25.7,0.0,,,10.4,,1013.8,
2022-12-17,19.5,12.7,28.7,0.0,,,11.2,,1016.5,
2022-12-18,19.2,13.3,25.9,0.0,,,14.2,,1019.5,
2022-12-19,18.4,12.7,25.6,0.0,,,24.6,,1021.3,
2022-12-20,20.2,15.8,27.3,0.0,,,28.0,,1021.5,
2022-12-21,19.1,13.6,26.1,0.0,,,21.3,,1023.8,
2022-12-22,17.3,11.8,24.7,0.0,,,17.3,,1024.6,
2022-12-23,16.5,11.1,23.6,0.0,,,19.0,,1024.5,
2022-12-24,16.2,10.2,24.6,0.0,,,19.2,,1024.3,
2022-12-25,16.3,10.3,24.5,0.0,,,13.7,,1023.8,
2022-12-26,17.3,10.7,25.9,0.0,,,13.1,,1023.1,
2022-12-27,18.6,12.9,26.7,0.0,,,14.9,,1023.5,
2022-12-28,18.6,11.8,27.3,0.0,,,13.2,,1023.0,
2022-12-29,18.7,12.7,24.5,0.0,,,14.3,,1023.3,
2022-12-30,17.2,11.5,23.9,0.0,,,21.3,,1024.6,
2022-12-31,16.9,11.5,24.4,0.0,,,20.5,,1024.4,
2023-01-01,17.9,13.4,23.6,0.0,,,16.2,,1022.6,
2023-01-02,15.7,9.4,24.0,0.0,,,10.8,,1021.7,
2023-01-03,15.7,9.7,25.3,0.0,,,14.7,,1022.5,
2023-01-04,16.8,10.5,25.1,0.0,,,21.6,,1023.2,
2023-01-05,16.2,10.9,22.9,0.0,,,21.0,,1022.3,
2023-01-06,15.0,9.1,22.0,0.0,,,17.7,,1023.4,
2023-01-07,14.2,8.7,20.7,0.0,,,19.5,,1025.8,
2023-01-08,13.7,7.6,21.4,0.0,,,18.3,,1026.5,
2023-01-09,14.4,7.9,22.5,0.0,,,16.4,,1027.0,
2023-01-10,15.9,8.7,25.5,0.0,,,14.0,,1026.6,
2023-01-11,18.2,13.4,24.3,0.0,,,16.8,,1024.3,
2023-01-12,17.7,12.8,24.8,0.0,,,15.9,,1021.3,
2023-01-13,18.0,12.1,25.9,0.0,,,18.6,,1020.9,
2023-01-14,17.9,12.2,24.8,0.0,,,23.8,,1021.6,
2023-01-15,17.2,11.3,25.0,0.0,,,22.2,,1021.9,
2023-01-16,16.4,10.2,24.0,0.0,,,14.5,,1021.3,
2023-01-17,14.4,7.2,21.0,0.0,,,12.1,,1019.0,
2023-01-18,15.1,8.6,22.9,0.0,,,14.6,,1015.3,
2023-01-19,15.3,11.1,20.8,0.0,,,24.0,,1018.5,
2023-01-20,12.3,6.6,18.2,0.0,,,17.2,,1020.6,
2023-01-21,12.7,5.8,19.6,0.0,,,15.6,,1018.4,
2023-01-22,14.6,8.9,21.1,0.0,,,16.3,,1017.1,
2023-01-23,14.3,8.7,20.3,0.0,,,17.1,,1016.9,
2023-01-24,14.3,7.7,20.8,0.0,,,13.0,,1015.7,
2023-01-25,14.5,7.9,20.9,0.0,,,11.0,,1014.2,
2023-01-26,12.1,7.7,16.6,0.0,,,26.3,,1015.9,
2023-01-27,9.9,3.5,16.1,0.0,,,10.1,,1017.8,
2023-01-28,11.1,5.1,16.9,0.0,,,9.2,,1015.4,
2023-01-29,12.0,4.4,18.6,0.0,,,11.9,,1017.1,
2023-01-30,12.3,6.2,18.1,0.0,,,20.1,,1020.6,
2023-01-31,13.4,8.1,19.0,0.0,,,26.6,,1022.8,
2023-02-01,13.5,8.1,19.5,0.0,,,20.8,,1020.3,
2023-02-02,11.2,4.4,16.8,0.0,,,20.2,,1017.2,
2023-02-03,11.4,5.9,17.4,0.0,,,24.4,,1021.0,
2023-02-04,13.3,8.0,19.1,0.0,,,22.2,,1022.6,
2023-02-05,15.4,10.1,20.9,0.0,,,26.6,,1022.3,
2023-02-06,15.9,9.8,22.2,0.0,,,17.5,,1017.7,
2023-02-07,14.9,12.1,17.2,0.7,,,10.8,,1015.0,
2023-02-08,15.3,9.9,21.3,0.0,,,15.9,,1019.1,
2023-02-09,15.8,9.8,21.6,0.0,,,20.6,,1022.2,
2023-02-10,17.6,13.8,21.9,0.3,,,30.0,,1022.9,
2023-02-11,15.9,12.7,19.4,0.0,,,28.8,,1022.8,
2023-02-12,15.6,10.1,21.6,0.0,,,28.1,,1023.6,
2023-02-13,16.4,10.8,21.7,0.0,,,28.5,,1024.9,
2023-02-14,17.4,11.9,22.2,0.0,,,31.1,,1023.9,
2023-02-15,19.2,14.3,24.5,0.0,,,17.7,,1020.3,
2023-02-16,21.2,14.3,27.7,0.0,,,17.0,,1019.6,
2023-02-17,20.9,15.0,26.4,0.0,,,25.5,,1020.4,
2023-02-18,20.6,14.2,26.8,0.0,,,22.5,,1020.9,
2023-02-19,20.8,14.5,27.5,0.0,,,21.5,,1019.4,
2023-02-20,21.0,14.5,28.0,0.0,,,18.6,,1019.3,
2023-02-21,21.2,14.0,28.3,0.0,,,17.1,,1018.0,
2023-02-22,21.5,14.6,27.8,0.0,,,17.5,,1016.9,
2023-02-23,22.8,15.5,29.4,0.0,,,17.9,,1013.6,
2023-02-24,23.9,18.1,29.2,0.1,,,27.2,,1008.3,
2023-02-25,19.5,13.6,24.8,0.0,,,19.0,,1009.2,
2023-02-26,18.0,11.8,24.4,0.0,,,14.5,,1010.5,
2023-02-27,18.7,12.3,24.9,0.0,,,17.6,,1010.8,
2023-02-28,20.1,14.1,25.8,0.0,,,13.8,,1015.0,
2023-03-01,21.9,16.9,28.2,0.0,,,11.9,,1014.0,
2023-03-02,22.3,13.4,30.8,0.0,,,15.8,,1011.7,
2023-03-03,21.8,16.3,27.6,0.0,,,24.9,,1012.8,
2023-03-04,21.1,14.5,27.4,0.0,,,19.0,,1015.7,
2023-03-05,21.6,14.7,28.5,0.0,,,19.2,,1016.1,
2023-03-06,23.0,15.5,29.9,0.0,,,14.3,,1014.8,
2023-03-07,24.9,17.2,32.1,0.0,,,11.5,,1013.2,
2023-03-08,26.3,19.5,33.5,0.0,,,10.9,,1012.8,
2023-03-09,27.2,20.0,34.9,0.0,,,19.0,,1013.5,
2023-03-10,28.0,21.0,34.8,0.0,,,25.3,,1015.3,
2023-03-11,26.9,19.5,33.2,0.0,,,23.0,,1016.9,
2023-03-12,26.6,20.1,33.1,0.0,,,19.0,,1015.3,
2023-03-13,27.2,20.8,34.0,0.0,,,19.0,,1014.4,
2023-03-14,27.3,20.4,34.4,0.0,,,18.9,,1012.2,
2023-03-15,27.4,21.5,33.3,0.0,,,21.7,,1011.3,
2023-03-16,26.1,19.6,32.5,0.0,,,22.0,,1011.4,
2023-03-17,26.2,19.0,33.4,0.0,,,20.1,,1011.2,
2023-03-18,26.1,20.1,31.3,0.0,,,15.3,,1008.8,
2023-03-19,22.7,19.3,26.6,0.4,,,27.4,,1005.2,
2023-03-20,20.2,13.7,26.3,0.0,,,22.8,,1006.6,
2023-03-21,21.5,15.0,27.6,0.0,,,20.8,,1011.8,
2023-03-22,22.9,16.0,28.9,0.0,,,17.1,,1013.9,
2023-03-23,24.1,17.5,30.3,0.0,,,17.5,,1015.1,
2023-03-24,24.4,17.2,30.9,0.0,,,20.7,,1016.6,
2023-03-25,25.4,18.2,32.4,0.0,,,24.0,,1016.4,
2023-03-26,26.7,19.4,33.4,0.0,,,18.9,,1015.4,
2023-03-27,27.6,19.9,34.3,0.0,,,14.4,,1013.1,
2023-03-28,28.6,21.0,35.7,0.0,,,20.0,,1013.8,
2023-03-29,28.7,22.4,34.6,0.0,,,25.5,,1017.4,
2023-03-30,26.6,19.1,33.0,0.0,,,26.2,,1019.7,
2023-03-31,27.2,19.5,33.8,0.0,,,21.5,,1018.3,
2023-04-01,27.7,19.3,34.2,0.0,,,16.8,,1016.6,
2023-04-02,28.7,21.5,35.2,0.0,,,16.3,,1013.2,
2023-04-03,27.4,21.4,33.3,0.0,,,18.0,,1010.5,
2023-04-04,27.7,19.6,36.8,0.0,,,20.8,,1005.8,
2023-04-05,27.6,19.2,34.1,0.0,,,18.3,,1004.0,
2023-04-06,23.0,16.3,27.6,0.0,,,21.4,,1005.9,
2023-04-07,21.6,14.8,27.2,0.0,,,19.7,,1008.6,
2023-04-08,21.0,14.5,26.6,0.0,,,20.8,,1014.2,
2023-04-09,22.8,15.9,28.9,0.0,,,21.8,,1016.3,
2023-04-10,25.0,18.2,31.0,0.0,,,23.9,,1017.2,
2023-04-11,26.3,18.5,32.6,0.0,,,25.5,,1017.2,
2023-04-12,26.9,20.3,32.9,0.0,,,17.8,,1014.3,
2023-04-13,27.5,19.0,34.3,0.0,,,15.5,,1011.4,
2023-04-14,29.2,22.1,35.9,0.0,,,17.2,,1012.0,
2023-04-15,28.8,21.6,35.5,0.0,,,15.2,,1011.9,
2023-04-16,28.8,21.0,34.9,0.0,,,13.1,,1009.3,
2023-04-17,28.7,21.8,34.7,0.0,,,19.8,,1007.3,
2023-04-18,30.3,21.9,38.1,0.0,,,26.1,,1006.8,
2023-04-19,30.4,22.7,35.9,0.0,,,22.0,,1006.9,
2023-04-20,28.4,21.1,34.2,0.0,,,19.6,,1004.7,
2023-04-21,29.0,22.1,35.5,0.0,,,20.0,,1002.1,
2023-04-22,29.7,23.4,35.7,0.0,,,18.7,,1005.3,
2023-04-23,30.1,24.3,34.9,0.0,,,23.6,,1008.1,
2023-04-24,29.9,23.8,35.5,0.0,,,22.7,,1010.5,
2023-04-25,30.8,24.2,36.6,0.0,,,25.6,,1011.4,
2023-04-26,31.2,24.3,37.3,0.0,,,21.8,,1010.4,
2023-04-27,32.9,25.1,39.7,0.0,,,25.5,,1009.6,
2023-04-28,35.0,28.0,41.7,0.0,,,27.3,,1010.0,
2023-04-29,35.4,28.9,41.4,0.0,,,22.4,,1010.3,
2023-04-30,35.2,27.3,41.7,0.0,,,20.8,,1008.2,
2023-05-01,34.6,25.8,41.7,0.0,,,14.2,,1005.6,
2023-05-02,33.7,27.2,39.4,0.0,,,28.6,,1007.9,
2023-05-03,33.3,26.3,39.5,0.0,,,23.6,,1011.5,
2023-05-04,33.6,26.2,40.3,0.0,,,18.3,,1013.1,
2023-05-05,34.5,27.1,41.6,0.0,,,19.1,,1011.2,
2023-05-06,35.7,29.0,42.7,0.0,,,20.1,,1008.1,
2023-05-07,36.9,28.3,43.7,0.0,,,16.0,,1006.5,
2023-05-08,35.5,29.2,41.3,0.0,,,24.5,,1010.9,
2023-05-09,31.4,25.8,36.3,0.0,,,25.8,,1014.5,
2023-05-10,30.4,23.8,36.0,0.0,,,17.5,,1013.0,
2023-05-11,32.0,24.3,39.3,0.0,,,18.5,,1009.6,
2023-05-12,34.9,27.5,42.0,0.0,,,17.2,,1006.5,
2023-05-13,35.4,28.8,41.6,0.0,,,25.0,,1006.1,
2023-05-14,31.7,26.4,36.4,0.0,,,23.7,,1008.5,
2023-05-15,26.3,19.6,31.9,0.0,,,23.8,,1015.1,
2023-05-16,27.4,20.1,34.1,0.0,,,17.1,,1013.0,
2023-05-17,30.3,23.0,37.3,0.0,,,17.6,,1009.2,
2023-05-18,31.2,24.5,37.4,0.0,,,21.7,,1006.0,
2023-05-19,27.2,22.8,31.1,0.0,,,29.5,,1008.0,
2023-05-20,25.1,18.6,30.6,0.0,,,15.9,,1012.6,
2023-05-21,28.6,20.8,36.2,0.0,,,25.5,,1008.5,
2023-05-22,27.6,20.6,32.9,0.0,,,23.0,,1006.7,
2023-05-23,27.2,20.1,32.9,0.0,,,19.2,,1007.5,
2023-05-24,27.6,20.4,32.9,0.0,,,17.6,,1008.6,
2023-05-25,29.1,22.0,35.0,0.0,,,16.0,,1009.8,
2023-05-26,30.1,21.3,36.8,0.0,,,15.0,,1010.8,
2023-05-27,31.5,25.8,36.2,0.0,,,17.3,,1012.0,
2023-05-28,30.5,25.4,35.2,0.0,,,22.2,,1010.9,
2023-05-29,28.8,21.8,35.4,0.0,,,20.7,,1009.8,
2023-05-30,29.2,22.4,35.0,0.0,,,24.8,,1009.1,
2023-05-31,30.0,23.5,35.4,0.0,,,15.7,,1009.8,
2023-06-01,31.2,25.0,36.6,0.0,,,21.9,,1008.4,
2023-06-02,32.3,25.9,38.8,0.0,,,24.4,,1004.9,
2023-06-03,31.0,23.3,37.0,0.0,,,19.8,,1005.0,
2023-06-04,31.5,23.7,38.1,0.0,,,19.4,,1005.9,
2023-06-05,32.5,23.7,39.9,0.0,,,14.1,,1006.1,
2023-06-06,34.2,27.2,39.9,0.0,,,17.9,,1006.3,
2023-06-07,35.9,29.1,42.1,0.0,,,24.8,,1007.4,
2023-06-08,36.0,29.3,42.2,0.0,,,19.8,,1008.4,
2023-06-09,36.9,30.7,42.9,0.0,,,16.1,,1007.1,
2023-06-10,35.5,29.1,41.3,0.0,,,18.0,,1007.4,
2023-06-11,35.1,26.2,41.8,0.0,,,13.6,,1007.6,
2023-06-12,35.6,27.5,42.5,0.0,,,13.9,,1007.5,
2023-06-13,36.0,28.8,42.5,0.0,,,17.2,,1006.3,
2023-06-14,35.8,28.8,41.8,0.0,,,17.3,,1007.0,
2023-06-15,36.2,27.7,43.4,0.0,,,10.6,,1009.4,
2023-06-16,37.2,30.4,43.6,0.0,,,19.2,,1010.1,
2023-06-17,37.3,30.5,43.2,0.0,,,19.5,,1009.6,
2023-06-18,38.0,31.3,43.8,0.0,,,21.2,,1008.2,
2023-06-19,37.5,29.9,44.2,0.0,,,14.0,,1007.8,
2023-06-20,36.7,29.4,42.6,0.0,,,15.0,,1008.2,
2023-06-21,38.3,29.2,43.6,0.0,,,11.0,,1008.8,
2023-06-22,38.7,31.2,45.6,0.0,,,17.9,,1009.4,
2023-06-23,38.6,31.2,44.9,0.0,,,20.9,,1008.3,
2023-06-24,37.8,31.8,43.1,0.0,,,26.4,,1007.1,
2023-06-25,37.9,32.1,43.7,0.0,,,21.5,,1006.8,
2023-06-26,37.4,29.4,42.7,0.0,,,16.4,,1008.9,
2023-06-27,37.3,30.6,43.1,0.0,,,14.7,,1009.4,
2023-06-28,38.2,32.3,43.8,0.0,,,19.6,,1008.9,
2023-06-29,38.7,32.7,44.3,0.0,,,24.3,,1010.1,
2023-06-30,39.3,32.9,44.4,0.0,,,19.0,,1010.6,
2023-07-01,39.2,31.6,45.8,0.0,,,13.7,,1008.6,
2023-07-02,40.4,32.4,47.5,0.0,,,17.2,,1008.2,
2023-07-03,41.4,34.2,48.6,0.0,,,17.6,,1008.3,
2023-07-04,42.6,36.1,48.7,0.0,,,21.6,,1007.1,
2023-07-05,41.4,34.0,47.8,0.0,,,17.0,,1007.0,
2023-07-06,42.5,37.0,47.8,0.0,,,25.1,,1006.5,
2023-07-07,41.5,35.3,47.2,0.0,,,25.4,,1006.9,
2023-07-08,40.8,34.6,46.7,0.0,,,27.1,,1007.7,
2023-07-09,40.5,34.1,46.9,0.0,,,29.8,,1010.0,
2023-07-10,39.8,33.0,45.7,0.0,,,25.6,,1012.5,
2023-07-11,41.1,35.4,46.5,0.0,,,27.2,,1011.3,
2023-07-12,40.8,35.4,46.2,0.0,,,27.6,,1010.3,
2023-07-13,40.1,33.7,45.4,0.0,,,27.6,,1010.1,
2023-07-14,38.2,31.7,43.5,0.0,,,24.1,,1009.6,
2023-07-15,38.7,31.4,46.5,0.0,,,22.6,,1008.2,
2023-07-16,38.7,31.4,45.0,0.0,,,17.6,,1008.2,
2023-07-17,39.3,32.5,45.7,0.0,,,21.0,,1009.5,
2023-07-18,39.2,33.0,45.1,0.0,,,28.5,,1010.3,
2023-07-19,39.0,33.1,43.9,0.0,,,32.1,,1009.0,
2023-07-20,39.6,33.8,44.9,0.0,,,28.6,,1007.9,
2023-07-21,39.7,33.0,45.3,0.0,,,31.4,,1006.8,
2023-07-22,40.0,33.9,46.5,0.0,,,25.7,,1007.1,
2023-07-23,40.0,34.8,45.2,0.0,,,18.3,,1010.8,
2023-07-24,40.8,33.2,47.3,0.0,,,15.3,,1008.7,
2023-07-25,41.3,33.4,48.3,0.0,,,21.2,,1006.0,
2023-07-26,40.8,32.6,47.8,0.0,,,18.7,,1005.9,
2023-07-27,41.1,33.6,47.8,0.0,,,13.8,,1006.6,
2023-07-28,41.1,33.3,47.5,0.0,,,15.8,,1006.9,
2023-07-29,40.8,32.3,46.4,0.0,,,12.8,,1009.4,
2023-07-30,41.3,34.8,47.5,0.0,,,20.1,,1010.2,
2023-07-31,41.8,32.9,48.3,0.0,,,17.3,,1009.2,
2023-08-01,41.7,32.4,48.5,0.0,,,13.7,,1006.4,
2023-08-02,42.5,35.8,48.2,0.0,,,22.6,,1005.3,
2023-08-03,41.6,34.3,47.7,0.0,,,23.4,,1005.4,
2023-08-04,41.2,33.1,47.4,0.0,,,15.2,,1005.6,
2023-08-05,42.1,34.4,49.2,0.0,,,18.3,,1006.5,
2023-08-06,41.3,33.8,48.0,0.0,,,25.1,,1007.6,
2023-08-07,39.2,32.3,45.3,0.0,,,22.6,,1008.9,
2023-08-08,38.9,31.9,44.3,0.0,,,26.1,,1008.4,
2023-08-09,40.0,34.2,45.4,0.0,,,35.5,,1009.1,
2023-08-10,38.7,31.8,43.8,0.0,,,28.6,,1011.1,
2023-08-11,38.0,31.6,42.9,0.0,,,25.4,,1011.8,
2023-08-12,37.3,30.7,43.1,0.0,,,25.5,,1010.9,
2023-08-13,38.3,31.8,44.4,0.0,,,22.4,,1008.3,
2023-08-14,38.4,32.1,44.0,0.0,,,26.1,,1008.2,
2023-08-15,37.9,31.5,43.2,0.0,,,24.8,,1009.6,
2023-08-16,37.1,31.9,41.7,0.0,,,21.2,,1010.8,
2023-08-17,36.6,29.9,41.7,0.0,,,15.9,,1011.5,
2023-08-18,37.3,30.4,43.3,0.0,,,21.0,,1011.4,
2023-08-19,38.0,31.8,43.6,0.0,,,27.8,,1010.8,
2023-08-20,38.1,32.1,43.5,0.0,,,24.5,,1009.5,
2023-08-21,36.9,31.1,42.4,0.0,,,18.5,,1008.5,
2023-08-22,37.3,31.4,42.3,0.0,,,23.4,,1007.7,
2023-08-23,37.1,32.1,42.1,0.0,,,26.6,,1008.8,
2023-08-24,35.1,29.4,39.9,0.0,,,26.9,,1010.5,
2023-08-25,36.0,29.1,42.2,0.0,,,28.0,,1008.6,
2023-08-26,38.0,31.6,44.6,0.0,,,28.3,,1007.6,
2023-08-27,37.7,31.4,42.8,0.0,,,18.3,,1009.8,
2023-08-28,37.0,31.3,43.4,0.0,,,20.2,,1011.2,
2023-08-29,36.7,29.2,42.0,0.0,,,14.4,,1010.5,
2023-08-30,37.4,30.7,42.5,0.0,,,15.5,,1008.2,
2023-08-31,38.0,31.5,43.2,0.0,,,15.7,,1008.8,
2023-09-01,37.5,29.3,43.8,0.0,,,12.5,,1008.8,
2023-09-02,37.6,29.1,44.4,0.0,,,14.8,,1005.9,
2023-09-03,36.9,29.4,43.8,0.0,,,14.7,,1006.4,
2023-09-04,38.8,31.4,43.6,0.0,,,12.0,,1009.8,
2023-09-05,39.8,34.3,45.1,0.0,,,19.3,,1008.5,
2023-09-06,39.7,33.7,45.5,0.0,,,22.4,,1008.7,
2023-09-07,39.0,31.1,44.4,0.0,,,18.7,,1009.8,
2023-09-08,39.3,32.9,44.9,0.0,,,17.9,,1008.9,
2023-09-09,38.4,31.6,43.9,0.0,,,19.0,,1009.8,
2023-09-10,37.7,30.9,43.6,0.0,,,17.7,,1011.2,
2023-09-11,37.4,30.8,43.3,0.0,,,18.7,,1010.6,
2023-09-12,37.4,31.1,43.0,0.0,,,23.4,,1009.2,
2023-09-13,37.4,31.0,43.4,0.0,,,23.7,,1008.9,
2023-09-14,37.2,31.1,42.9,0.0,,,23.8,,1008.7,
2023-09-15,36.9,30.1,43.0,0.0,,,21.6,,1008.6,
2023-09-16,37.0,29.4,43.3,0.0,,,18.5,,1008.8,
2023-09-17,36.8,29.4,43.8,0.0,,,16.6,,1008.7,
2023-09-18,35.5,26.8,42.9,0.0,,,20.8,,1009.1,
2023-09-19,36.2,29.3,42.9,0.0,,,19.2,,1008.1,
2023-09-20,36.1,28.9,42.8,0.0,,,17.0,,1009.0,
2023-09-21,37.2,30.5,43.0,0.0,,,15.0,,1008.8,
2023-09-22,36.9,28.5,43.4,0.0,,,12.6,,1008.3,
2023-09-23,37.9,30.6,44.4,0.0,,,15.9,,1008.9,
2023-09-24,38.5,31.8,44.9,0.0,,,21.2,,1010.3,
2023-09-25,37.4,31.9,43.3,0.0,,,22.8,,1011.8,
2023-09-26,35.7,27.8,42.7,0.0,,,16.8,,1011.1,
2023-09-27,36.4,29.3,42.2,0.0,,,13.8,,1008.6,
2023-09-28,31.5,26.2,35.6,0.0,,,28.8,,1010.4,
2023-09-29,30.6,23.7,37.2,0.0,,,28.8,,1012.1,
2023-09-30,32.2,25.7,38.5,0.0,,,30.8,,1011.8,
2023-10-01,33.2,27.2,39.2,0.0,,,27.6,,1012.5,
2023-10-02,31.7,25.7,37.0,0.0,,,25.0,,1014.1,
2023-10-03,31.3,25.0,37.5,0.0,,,25.6,,1013.8,
2023-10-04,32.0,25.9,38.2,0.0,,,30.3,,1013.5,
2023-10-05,31.8,26.4,36.9,0.0,,,30.4,,1014.9,
2023-10-06,30.5,25.1,35.3,0.0,,,27.0,,1016.2,
2023-10-07,30.1,24.5,35.7,0.0,,,24.7,,1015.2,
2023-10-08,30.5,25.5,35.8,0.0,,,27.2,,1014.6,
2023-10-09,30.0,24.4,35.3,0.0,,,30.0,,1015.0,
2023-10-10,29.7,22.8,36.4,0.0,,,25.8,,1014.3,
2023-10-11,30.1,24.3,35.9,0.0,,,27.5,,1013.3,
2023-10-12,29.3,23.9,35.2,0.0,,,25.3,,1012.7,
2023-10-13,27.4,21.7,33.3,0.0,,,16.2,,1013.0,
2023-10-14,26.5,18.6,33.9,0.0,,,13.6,,1014.0,
2023-10-15,27.9,19.0,34.7,0.0,,,14.0,,1011.2,
2023-10-16,28.4,20.2,34.8,0.0,,,12.1,,1009.7,
2023-10-17,28.9,20.7,36.1,0.0,,,15.8,,1011.7,
2023-10-18,29.1,22.2,35.6,0.0,,,11.3,,1013.9,
2023-10-19,30.7,22.4,37.9,0.0,,,14.1,,1012.5,
2023-10-20,31.2,24.9,37.4,0.0,,,23.0,,1007.8,
2023-10-21,29.2,22.3,35.1,0.0,,,16.4,,1008.8,
2023-10-22,29.0,22.1,34.4,0.0,,,10.8,,1011.6,
2023-10-23,32.1,23.7,40.2,0.0,,,21.0,,1011.9,
2023-10-24,30.5,25.3,34.7,0.0,,,25.1,,1014.8,
2023-10-25,30.6,26.2,36.1,0.0,,,15.0,,1014.8,
2023-10-26,30.0,23.8,35.5,0.0,,,15.2,,1014.7,
2023-10-27,29.8,23.2,35.3,0.0,,,13.6,,1013.0,
2023-10-28,29.7,22.9,36.8,0.0,,,13.3,,1010.9,
2023-10-29,30.1,23.2,37.4,0.0,,,13.2,,1010.5,
2023-10-30,30.3,22.3,36.9,0.0,,,9.3,,1011.7,
2023-10-31,30.1,23.1,37.9,0.0,,,15.3,,1013.6,
2023-11-01,29.8,23.0,37.0,0.0,,,16.4,,1015.3,
2023-11-02,29.8,23.1,36.6,0.0,,,15.5,,1014.3,
2023-11-03,28.3,22.1,34.5,0.0,,,10.6,,1011.7,
2023-11-04,28.6,20.4,35.4,0.0,,,10.2,,1010.9,
2023-11-05,28.3,21.3,35.9,0.0,,,14.4,,1011.9,
2023-11-06,28.1,20.0,36.2,0.0,,,14.1,,1012.1,
2023-11-07,27.8,21.0,34.9,0.0,,,15.0,,1010.2,
2023-11-08,24.6,20.6,29.6,4.3,,,17.7,,1011.0,
2023-11-09,22.9,19.3,26.9,0.1,,,18.2,,1012.5,
2023-11-10,22.7,17.3,29.9,0.0,,,18.1,,1015.0,
2023-11-11,23.2,18.1,30.4,0.0,,,19.8,,1017.4,
2023-11-12,23.6,17.9,30.4,0.0,,,18.3,,1018.9,
2023-11-13,23.6,18.0,30.3,0.0,,,20.1,,1020.9,
2023-11-14,23.8,17.8,30.1,0.0,,,22.4,,1020.4,
2023-11-15,24.4,18.8,30.8,0.0,,,19.6,,1018.3,
2023-11-16,24.7,19.1,31.0,0.0,,,18.3,,1018.3,
2023-11-17,24.6,19.2,30.7,0.0,,,20.8,,1018.4,
2023-11-18,23.7,18.5,29.5,0.0,,,19.6,,1019.5,
2023-11-19,23.3,17.7,29.8,0.0,,,18.5,,1018.7,
2023-11-20,22.4,16.6,29.4,0.0,,,14.0,,1017.9,
2023-11-21,20.6,14.2,27.2,0.0,,,16.3,,1017.0,
2023-11-22,19.6,13.7,25.7,0.0,,,16.8,,1013.0,
2023-11-23,17.1,12.5,21.7,0.0,,,20.7,,1014.6,
2023-11-24,14.8,9.4,21.1,0.0,,,16.4,,1016.1,
2023-11-25,15.8,9.9,21.7,0.0,,,13.0,,1015.5,
2023-11-26,16.7,9.7,23.3,0.0,,,11.2,,1015.7,
2023-11-27,17.7,10.7,24.1,0.0,,,13.8,,1017.3,
2023-11-28,18.1,11.6,25.0,0.0,,,13.8,,1015.8,
2023-11-29,17.0,10.9,23.9,0.0,,,12.8,,1015.1,
2023-11-30,17.0,9.8,24.2,0.0,,,10.1,,1016.4,
2023-12-01,18.2,12.7,24.5,0.0,,,8.8,,1015.8,
2023-12-02,19.7,11.0,26.2,0.0,,,9.9,,1015.1,
2023-12-03,20.7,13.6,27.1,0.0,,,16.0,,1016.9,
2023-12-04,17.3,12.4,22.5,0.0,,,17.6,,1020.5,
2023-12-05,16.2,9.3,22.9,0.0,,,12.8,,1018.2,
2023-12-06,17.6,10.8,25.3,0.0,,,11.2,,1016.3,
2023-12-07,19.6,14.4,25.7,0.0,,,15.9,,1019.5,
2023-12-08,19.5,14.7,24.9,0.0,,,16.0,,1020.9,
2023-12-09,19.1,13.5,24.5,0.0,,,22.4,,1020.7,
2023-12-10,16.6,11.4,21.2,0.0,,,22.4,,1024.3,
2023-12-11,17.2,11.6,23.4,0.0,,,23.6,,1024.2,
2023-12-12,17.7,11.3,24.0,0.0,,,13.5,,1023.4,
2023-12-13,17.2,10.8,24.2,0.0,,,13.1,,1019.9,
2023-12-14,17.0,9.9,24.4,0.0,,,13.8,,1019.3,
2023-12-15,16.2,12.1,20.4,0.0,,,26.6,,1023.6,
2023-12-16,13.9,9.8,18.4,0.0,,,29.6,,1024.8,
2023-12-17,12.5,8.0,17.1,0.0,,,27.5,,1025.3,
2023-12-18,10.7,6.0,14.8,0.0,,,22.9,,1026.4,
2023-12-19,10.6,5.0,16.0,0.0,,,15.9,,1025.6,
2023-12-20,12.8,7.1,18.9,0.0,,,16.1,,1025.1,
2023-12-21,13.0,7.0,19.1,0.0,,,15.8,,1023.4,
2023-12-22,13.2,7.1,20.3,0.0,,,16.5,,1023.9,
2023-12-23,13.5,7.2,20.6,0.0,,,14.9,,1023.9,
2023-12-24,14.3,7.4,21.7,0.0,,,14.9,,1023.8,
2023-12-25,15.4,9.3,22.2,0.0,,,13.5,,1022.1,
2023-12-26,15.1,11.0,19.8,0.0,,,12.4,,1019.8,
2023-12-27,16.3,10.6,22.8,0.0,,,10.8,,1018.8,
2023-12-28,14.8,9.4,20.2,0.0,,,19.0,,1021.0,
2023-12-29,15.5,9.5,22.4,0.0,,,18.3,,1021.3,
2023-12-30,15.9,9.4,22.8,0.0,,,14.8,,1019.6,
2023-12-31,16.5,10.3,23.6,0.0,,,15.0,,1019.0,
2024-01-01,17.4,11.4,23.8,0.0,,,16.3,,1018.7,
2024-01-02,17.9,11.7,24.8,0.0,,,20.8,,1020.8,
2024-01-03,17.0,11.6,23.2,0.0,,,20.0,,1021.8,
2024-01-04,16.0,10.8,22.5,0.0,,,15.0,,1019.1,
2024-01-05,15.0,8.7,21.8,0.0,,,12.9,,1016.3,
2024-01-06,16.6,10.0,23.9,0.0,,,14.9,,1017.4,
2024-01-07,16.4,10.4,23.1,0.0,,,16.9,,1018.2,
2024-01-08,16.4,9.7,23.4,0.0,,,15.5,,1019.0,
2024-01-09,15.8,10.0,22.7,0.0,,,15.6,,1020.1,
2024-01-10,17.0,10.9,23.7,0.0,,,14.3,,1019.2,
2024-01-11,17.1,9.6,24.7,0.0,,,14.0,,1018.0,
2024-01-12,17.5,11.0,25.0,0.0,,,18.6,,1020.2,
2024-01-13,17.2,11.4,23.5,0.0,,,21.9,,1023.8,
2024-01-14,16.1,9.6,23.6,0.0,,,18.1,,1024.1,
2024-01-15,15.9,8.6,23.7,0.0,,,10.8,,1022.4,
2024-01-16,16.5,9.0,24.2,0.0,,,11.0,,1021.8,
2024-01-17,17.8,9.9,23.4,0.0,,,7.9,,1021.4,
2024-01-18,19.2,12.7,24.3,0.0,,,7.2,,1020.2,
2024-01-19,18.3,10.2,25.5,0.0,,,11.2,,1018.1,
2024-01-20,19.1,12.3,26.3,0.0,,,12.3,,1018.7,
2024-01-21,19.1,12.2,27.2,0.0,,,16.3,,1021.9,
2024-01-22,17.6,12.7,22.3,0.0,,,28.9,,1026.0,
2024-01-23,14.9,10.1,20.2,0.0,,,33.9,,1029.7,
2024-01-24,15.0,9.2,21.5,0.0,,,29.1,,1030.7,
2024-01-25,16.5,11.9,21.4,0.0,,,29.8,,1029.4,
2024-01-26,17.3,11.7,23.4,0.0,,,26.0,,1026.6,
2024-01-27,18.7,12.5,26.0,0.0,,,21.6,,1025.0,
2024-01-28,19.8,13.2,27.3,0.0,,,22.8,,1023.3,
2024-01-29,20.4,15.3,26.3,0.0,,,29.0,,1022.9,
2024-01-30,18.8,12.9,24.9,0.0,,,26.3,,1022.9,
2024-01-31,18.1,12.7,23.6,0.0,,,24.5,,1024.2,
2024-02-01,16.9,11.1,22.8,0.0,,,21.4,,1026.0,
2024-02-02,15.9,10.0,22.2,0.0,,,20.9,,1025.3,
2024-02-03,15.4,9.0,21.9,0.0,,,24.7,,1025.3,
2024-02-04,16.1,10.7,22.0,0.0,,,28.2,,1027.2,
2024-02-05,17.1,10.9,23.7,0.0,,,23.2,,1027.6,
2024-02-06,17.2,10.5,23.5,0.0,,,16.8,,1026.7,
2024-02-07,17.4,10.4,23.9,0.0,,,18.8,,1024.6,
2024-02-08,17.9,11.5,24.5,0.0,,,15.1,,1021.8,
2024-02-09,18.0,9.7,24.5,0.0,,,12.6,,1016.7,
2024-02-10,21.7,14.7,28.6,0.0,,,23.8,,1010.2,
2024-02-11,23.3,17.5,28.4,0.0,,,12.5,,1011.9,
2024-02-12,23.0,16.8,29.7,0.0,,,16.1,,1017.7,
2024-02-13,24.2,17.7,31.8,0.0,,,17.6,,1020.2,
2024-02-14,23.4,17.6,28.7,0.0,,,22.9,,1021.4,
2024-02-15,22.7,16.8,29.2,0.0,,,20.5,,1019.4,
2024-02-16,22.1,14.5,30.2,0.0,,,13.6,,1017.5,
2024-02-17,22.3,17.7,27.3,0.0,,,25.0,,1017.7,
2024-02-18,18.7,13.9,23.0,0.0,,,27.8,,1020.4,
2024-02-19,21.0,14.8,28.3,0.0,,,32.6,,1019.5,
2024-02-20,21.7,15.5,28.5,0.0,,,28.0,,1018.7,
2024-02-21,19.9,14.8,25.2,0.0,,,29.5,,1020.1,
2024-02-22,16.8,11.1,21.6,0.0,,,22.0,,1021.1,
2024-02-23,18.0,11.1,24.5,0.0,,,11.6,,1016.6,
2024-02-24,20.6,14.3,27.1,0.0,,,12.4,,1013.7,
2024-02-25,19.1,14.3,24.0,0.0,,,25.1,,1020.1,
2024-02-26,17.9,11.1,24.1,0.0,,,12.4,,1016.3,
2024-02-27,18.8,12.6,26.0,0.0,,,22.1,,1010.2,
2024-02-28,15.1,10.0,19.3,0.0,,,21.4,,1016.5,
2024-02-29,14.8,8.2,20.9,0.0,,,15.9,,1019.1,
2024-03-01,16.1,9.0,23.0,0.0,,,12.9,,1018.6,
2024-03-02,19.0,12.4,24.9,0.1,,,10.9,,1016.0,
2024-03-03,20.8,13.7,27.6,0.0,,,13.4,,1014.5,
2024-03-04,22.1,14.4,28.7,0.0,,,16.8,,1016.4,
2024-03-05,20.5,14.2,26.2,0.0,,,18.8,,1018.7,
2024-03-06,20.9,14.4,27.8,0.0,,,21.4,,1017.1,
2024-03-07,21.1,14.7,27.2,0.0,,,16.1,,1015.3,
2024-03-08,22.0,13.5,29.7,0.0,,,15.8,,1012.2,
2024-03-09,22.2,14.2,29.4,0.0,,,17.5,,1011.2,
2024-03-10,22.4,15.8,28.5,0.0,,,19.8,,1010.7,
2024-03-11,23.6,15.3,29.9,0.0,,,14.2,,1013.9,
2024-03-12,23.9,17.9,29.7,0.0,,,21.9,,1016.1,
2024-03-13,23.8,17.7,29.3,0.0,,,19.2,,1015.2,
2024-03-14,24.1,17.5,30.2,0.0,,,18.3,,1013.4,
2024-03-15,23.2,15.8,30.0,0.0,,,20.0,,1017.5,
2024-03-16,24.9,18.3,30.7,0.0,,,22.0,,1019.7,
2024-03-17,24.5,18.3,30.1,0.0,,,22.8,,1020.4,
2024-03-18,25.2,19.0,31.1,0.0,,,21.8,,1017.5,
2024-03-19,25.6,18.7,32.1,0.0,,,14.2,,1014.0,
2024-03-20,26.7,18.6,33.2,0.0,,,13.9,,1012.3,
2024-03-21,28.2,20.3,35.4,0.0,,,16.5,,1011.4,
2024-03-22,29.1,21.8,36.6,0.0,,,18.3,,1009.6,
2024-03-23,29.8,20.6,38.0,0.0,,,21.4,,1009.2,
2024-03-24,30.9,25.4,36.1,0.0,,,23.5,,1009.7,
2024-03-25,27.1,23.3,30.6,0.0,,,28.5,,1008.2,
2024-03-26,24.1,17.4,29.4,0.0,,,26.3,,1007.0,
2024-03-27,21.7,16.3,26.3,0.0,,,21.8,,1012.1,
2024-03-28,21.6,14.3,27.7,0.0,,,13.8,,1014.2,
2024-03-29,24.6,15.5,31.1,0.0,,,20.2,,1009.7,
2024-03-30,23.6,15.5,30.1,0.0,,,18.2,,1010.0,
2024-03-31,23.8,15.6,30.9,0.0,,,11.0,,1012.6,
2024-04-01,26.7,19.1,33.5,0.0,,,11.6,,1013.8,
2024-04-02,27.9,19.6,34.9,0.0,,,13.3,,1013.3,
2024-04-03,28.6,21.2,35.4,0.0,,,22.2,,1011.0,
2024-04-04,27.7,20.6,34.0,0.0,,,30.9,,1011.9,
2024-04-05,28.9,21.4,36.6,0.0,,,19.5,,1009.5,
2024-04-06,31.2,24.0,38.8,0.0,,,19.4,,1008.3,
2024-04-07,31.7,24.1,39.3,0.0,,,14.4,,1009.4,
2024-04-08,32.3,24.4,39.1,0.0,,,15.0,,1008.0,
2024-04-09,33.8,26.2,40.7,0.0,,,16.2,,1006.7,
2024-04-10,31.7,26.2,37.3,0.0,,,34.7,,1011.7,
2024-04-11,27.0,20.6,32.8,0.0,,,26.7,,1016.0,
2024-04-12,22.5,18.3,25.8,0.0,,,24.8,,1017.8,
2024-04-13,19.8,13.7,25.8,0.0,,,25.5,,1016.0,
2024-04-14,19.6,13.9,25.6,0.0,,,21.5,,1015.6,
2024-04-15,21.9,14.2,28.3,0.0,,,14.3,,1016.0,
2024-04-16,25.7,18.0,32.5,0.0,,,13.9,,1014.4,
2024-04-17,27.2,19.7,33.0,0.0,,,15.0,,1013.4,
2024-04-18,29.2,20.3,36.7,0.0,,,13.3,,1011.4,
2024-04-19,31.1,22.6,39.0,0.0,,,19.9,,1008.8,
2024-04-20,30.8,22.7,37.7,0.0,,,22.0,,1005.5,
2024-04-21,30.9,26.8,35.5,0.0,,,23.5,,1002.1,
2024-04-22,26.1,18.9,31.4,0.0,,,19.5,,1005.7,
2024-04-23,26.3,19.6,31.8,0.0,,,13.6,,1011.0,
2024-04-24,28.8,21.2,35.9,0.0,,,13.8,,1009.5,
2024-04-25,30.8,22.1,39.1,0.0,,,23.7,,1005.9,
2024-04-26,30.8,24.4,35.9,0.0,,,22.6,,1003.2,
2024-04-27,29.8,23.4,34.5,0.0,,,23.8,,1004.1,
2024-04-28,28.6,25.0,32.4,0.0,,,25.3,,1007.8,
2024-04-29,25.3,22.0,28.4,0.0,,,19.6,,1010.8,
2024-04-30,24.4,17.9,30.2,0.0,,,19.5,,1012.7,
2024-05-01,25.3,18.2,31.4,0.0,,,20.5,,1014.0,
2024-05-02,27.1,19.9,33.9,0.0,,,20.4,,1012.2,
2024-05-03,29.6,22.2,36.6,0.0,,,20.4,,1012.1,
2024-05-04,31.0,24.3,37.2,0.0,,,21.4,,1012.6,
2024-05-05,32.2,25.5,39.1,0.0,,,25.0,,1009.4,
2024-05-06,32.8,26.0,39.1,0.0,,,20.7,,1007.0,
2024-05-07,33.8,26.2,40.8,0.0,,,20.2,,1007.9,
2024-05-08,33.5,26.8,40.3,0.0,,,13.0,,1009.3,
2024-05-09,32.0,25.5,37.9,0.0,,,25.7,,1010.3,
2024-05-10,31.2,24.5,37.8,0.0,,,26.9,,1011.0,
2024-05-11,31.2,24.9,37.2,0.0,,,25.3,,1011.8,
2024-05-12,32.3,26.6,37.9,0.0,,,22.9,,1012.0,
2024-05-13,33.3,26.0,39.7,0.0,,,17.3,,1010.7,
2024-05-14,34.9,26.8,42.6,0.0,,,20.0,,1007.1,
2024-05-15,35.9,27.2,43.0,0.0,,,22.9,,1005.9,
2024-05-16,32.1,25.8,35.9,0.5,,,29.7,,1010.2,
2024-05-17,33.1,26.9,39.8,0.0,,,22.4,,1009.4,
2024-05-18,32.6,24.9,38.7,0.0,,,16.9,,1008.8,
2024-05-19,32.1,24.3,39.3,0.0,,,17.8,,1008.8,
2024-05-20,32.0,25.4,37.5,0.0,,,15.5,,1009.5,
2024-05-21,32.6,25.2,38.8,0.0,,,13.4,,1010.1,
2024-05-22,33.3,27.5,39.3,0.0,,,11.2,,1009.1,
2024-05-23,32.9,24.8,40.0,0.0,,,11.7,,1007.8,
2024-05-24,33.4,26.3,40.2,0.0,,,15.8,,1008.2,
2024-05-25,33.8,24.7,40.0,0.0,,,10.5,,1008.9,
2024-05-26,35.1,27.0,41.8,0.0,,,13.8,,1008.7,
2024-05-27,35.5,27.4,41.7,0.0,,,13.1,,1008.9,
2024-05-28,35.6,28.2,42.3,0.0,,,17.0,,1008.6,
2024-05-29,36.3,29.6,42.2,0.0,,,20.5,,1007.6,
2024-05-30,36.7,30.2,42.2,0.0,,,23.4,,1006.2,
2024-05-31,36.7,29.0,43.5,0.0,,,20.6,,1004.5,
2024-06-01,33.8,26.4,39.2,0.0,,,18.4,,1006.4,
2024-06-02,32.5,24.5,38.8,0.0,,,15.9,,1006.8,
2024-06-03,33.8,25.6,40.8,0.0,,,15.0,,1007.0,
2024-06-04,34.6,26.1,41.6,0.0,,,11.7,,1007.1,
2024-06-05,35.7,27.4,42.4,0.0,,,13.1,,1009.0,
2024-06-06,36.6,28.5,43.1,0.0,,,14.9,,1010.5,
2024-06-07,38.2,30.4,44.5,0.0,,,14.2,,1011.8,
2024-06-08,39.2,32.3,45.3,0.0,,,17.1,,1010.2,
2024-06-09,38.8,32.5,44.6,0.0,,,16.7,,1008.0,
2024-06-10,39.0,31.6,44.9,0.0,,,14.5,,1007.4,
2024-06-11,38.7,32.2,43.7,0.0,,,20.0,,1007.7,
2024-06-12,37.8,31.5,43.2,0.0,,,16.5,,1008.8,
2024-06-13,39.0,30.7,45.9,0.0,,,15.2,,1009.5,
2024-06-14,40.8,33.1,46.8,0.0,,,23.4,,1008.7,
2024-06-15,40.5,33.5,48.0,0.0,,,23.2,,1006.5,
2024-06-16,39.3,30.9,45.9,0.0,,,23.3,,1005.8,
2024-06-17,40.6,33.2,47.0,0.0,,,17.3,,1007.4,
2024-06-18,41.5,35.4,47.8,0.0,,,19.0,,1008.0,
2024-06-19,42.1,35.0,48.1,0.0,,,17.8,,1006.1,
2024-06-20,41.3,33.9,47.6,0.0,,,17.1,,1005.7,
2024-06-21,41.9,34.8,47.7,0.0,,,22.2,,1006.6,
2024-06-22,41.1,33.3,47.2,0.0,,,19.1,,1006.0,
2024-06-23,40.4,33.5,46.4,0.0,,,20.3,,1003.7,
2024-06-24,39.2,31.5,46.1,0.0,,,16.8,,1003.2,
2024-06-25,40.2,33.1,46.9,0.0,,,20.6,,1004.4,
2024-06-26,40.5,32.8,46.8,0.0,,,13.1,,1005.0,
2024-06-27,40.5,32.4,46.6,0.0,,,13.8,,1006.6,
2024-06-28,42.1,35.8,48.1,0.0,,,23.1,,1008.1,
2024-06-29,40.8,33.1,46.9,0.0,,,20.2,,1008.2,
2024-06-30,40.1,31.9,47.3,0.0,,,14.6,,1008.3,
2024-07-01,41.9,34.9,48.5,0.0,,,21.0,,1007.6,
2024-07-02,41.1,34.7,46.5,0.0,,,22.1,,1006.3,
2024-07-03,40.3,34.1,46.5,0.0,,,19.5,,1005.2,
2024-07-04,39.7,31.8,45.9,0.0,,,12.7,,1007.2,
2024-07-05,40.9,32.6,47.5,0.0,,,15.0,,1008.0,
2024-07-06,41.2,33.6,47.8,0.0,,,14.7,,1005.6,
2024-07-07,41.6,34.3,47.5,0.0,,,15.2,,1003.9,
2024-07-08,40.9,32.5,48.0,0.0,,,16.6,,1003.8,
2024-07-09,40.1,31.4,47.3,0.0,,,12.8,,1005.8,
2024-07-10,41.2,36.1,46.5,0.0,,,34.3,,1009.1,
2024-07-11,41.4,34.6,47.9,0.0,,,20.2,,1010.6,
2024-07-12,42.3,35.7,47.9,0.0,,,22.6,,1007.5,
2024-07-13,41.7,35.5,47.5,0.0,,,29.3,,1005.8,
2024-07-14,41.2,35.4,46.9,0.0,,,22.9,,1006.9,
2024-07-15,40.6,34.3,45.7,0.0,,,18.7,,1008.1,
2024-07-16,40.4,34.3,46.0,0.0,,,15.1,,1009.4,
2024-07-17,41.3,35.0,48.9,0.0,,,21.4,,1009.5,
2024-07-18,41.8,35.4,48.0,0.0,,,24.5,,1010.0,
2024-07-19,42.5,34.7,47.7,0.0,,,23.7,,1009.6,
2024-07-20,41.0,34.8,46.3,0.0,,,22.5,,1006.9,
2024-07-21,40.4,34.6,45.7,0.0,,,23.0,,1006.5,
2024-07-22,39.5,31.5,46.4,0.0,,,15.8,,1008.2,
2024-07-23,41.3,33.4,47.9,0.0,,,21.1,,1009.5,
2024-07-24,41.0,34.2,46.8,0.0,,,26.5,,1009.4,
2024-07-25,37.6,31.0,43.1,0.0,,,20.6,,1008.1,
2024-07-26,36.8,30.1,42.0,0.0,,,19.3,,1007.4,
2024-07-27,37.6,30.8,43.4,0.0,,,19.5,,1007.5,
2024-07-28,39.7,33.6,46.3,0.0,,,24.4,,1006.4,
2024-07-29,41.3,35.3,47.4,0.0,,,29.1,,1006.1,
2024-07-30,39.2,34.1,44.0,0.0,,,35.5,,1008.2,
2024-07-31,36.9,31.1,42.2,0.0,,,33.0,,1008.8,
2024-08-01,37.6,31.5,43.3,0.0,,,30.8,,1007.9,
2024-08-02,38.7,32.2,44.6,0.0,,,22.3,,1007.6,
2024-08-03,39.0,31.8,45.3,0.0,,,23.0,,1006.7,
2024-08-04,40.2,32.9,46.5,0.0,,,21.3,,1007.1,
2024-08-05,40.7,34.0,47.4,0.0,,,19.8,,1005.8,
2024-08-06,40.6,34.2,45.9,0.0,,,20.5,,1005.5,
2024-08-07,38.9,32.6,44.5,0.0,,,25.8,,1006.6,
2024-08-08,38.6,32.0,44.4,0.0,,,28.5,,1008.0,
2024-08-09,39.2,32.3,44.8,0.0,,,30.4,,1009.3,
2024-08-10,39.2,33.0,44.4,0.0,,,28.6,,1009.3,
2024-08-11,38.2,31.7,43.3,0.0,,,27.1,,1008.6,
2024-08-12,39.0,33.5,44.1,0.0,,,28.2,,1007.4,
2024-08-13,38.7,32.2,44.7,0.0,,,27.7,,1006.3,
2024-08-14,38.8,32.8,45.0,0.0,,,21.9,,1004.9,
2024-08-15,38.2,31.0,44.2,0.0,,,15.0,,1005.6,
2024-08-16,39.6,31.4,46.1,0.0,,,15.4,,1005.9,
2024-08-17,38.9,32.6,43.2,0.0,,,19.4,,1008.7,
2024-08-18,38.2,32.2,42.7,0.0,,,13.0,,1010.6,
2024-08-19,39.7,33.3,45.3,0.0,,,18.7,,1008.6,
2024-08-20,40.8,32.9,47.5,0.0,,,16.0,,1006.7,
2024-08-21,40.8,33.3,47.3,0.0,,,15.8,,1007.0,
2024-08-22,39.8,33.5,44.7,0.0,,,21.2,,1007.7,
2024-08-23,38.7,32.9,44.1,0.0,,,27.2,,1007.2,
2024-08-24,38.8,32.7,44.3,0.0,,,27.0,,1009.2,
2024-08-25,38.5,32.2,43.9,0.0,,,17.7,,1011.6,
2024-08-26,38.1,31.4,43.7,0.0,,,14.8,,1009.7,
2024-09-04,38.0,,,,,,21.0,,1007.4,
2024-09-05,36.3,32.4,41.1,0.0,,,16.2,,1007.3,
2024-09-06,31.0,27.1,35.3,0.1,,,17.2,,1009.7,
2024-09-07,31.6,26.0,36.2,0.5,,,15.6,,1013.6,
2024-09-08,34.8,28.6,40.1,0.0,,,11.6,,1013.9,
2024-09-09,35.2,29.1,40.3,0.0,,,18.3,,1013.1,
2024-09-10,34.4,28.4,39.5,0.0,,,18.1,,1011.0,
2024-09-11,34.4,28.8,38.8,0.0,,,20.0,,1008.4,
2024-09-12,34.5,27.0,42.0,0.0,,,20.5,,1006.9,
2024-09-13,36.4,29.2,42.7,0.0,,,16.5,,1008.3,
2024-09-14,36.2,29.1,42.2,0.0,,,16.1,,1010.1,
2024-09-15,34.6,26.6,40.6,0.0,,,13.1,,1009.9,
2024-09-16,34.2,27.6,39.9,0.0,,,18.3,,1008.7,
2024-09-17,34.2,27.2,40.1,0.0,,,16.6,,1008.2,
2024-09-18,35.5,28.8,40.6,0.0,,,18.6,,1008.8,
2024-09-19,31.5,27.2,36.2,0.0,,,33.2,,1010.8,
2024-09-20,32.1,25.5,37.7,0.0,,,15.8,,1012.1,
2024-09-21,33.9,28.8,40.3,0.0,,,25.4,,1011.9,
2024-09-22,31.9,25.5,39.4,0.0,,,25.1,,1013.4,
2024-09-23,32.3,26.7,38.1,0.0,,,20.7,,1013.5,
2024-09-24,32.6,27.4,38.2,0.4,,,18.1,,1014.0,
2024-09-25,32.1,25.5,37.8,0.0,,,16.0,,1015.2,
2024-09-26,33.5,27.0,38.8,0.0,,,19.0,,1015.3,
2024-09-27,33.7,26.6,39.4,0.0,,,13.8,,1013.0,
2024-09-28,34.7,28.1,40.4,0.0,,,15.0,,1010.9,
2024-09-29,34.8,29.2,40.2,0.0,,,21.1,,1012.5,
2024-09-30,34.9,28.9,40.3,0.0,,,19.3,,1011.4,
2024-10-01,35.3,28.9,41.0,0.0,,,18.4,,1010.0,
2024-10-02,34.7,28.8,40.4,0.0,,,22.2,,1010.6,
2024-10-03,33.9,26.8,39.9,0.0,,,15.7,,1010.2,
2024-10-04,34.8,26.7,41.5,0.0,,,14.9,,1009.3,
2024-10-05,35.3,27.7,42.6,0.0,,,15.6,,1008.4,
2024-10-06,35.1,28.2,41.0,0.0,,,14.6,,1008.6,
2024-10-07,34.5,29.2,40.1,0.0,,,23.6,,1010.5,
2024-10-08,34.6,28.7,40.4,0.0,,,17.5,,1012.7,
2024-10-09,34.0,27.1,39.8,0.0,,,17.3,,1013.3,
2024-10-10,33.5,27.0,38.8,0.0,,,13.3,,1011.8,
2024-10-11,32.4,24.8,38.4,0.0,,,12.8,,1011.6,
2024-10-12,32.0,24.7,38.7,0.0,,,11.8,,1011.2,
2024-10-13,32.2,25.6,38.5,0.0,,,14.2,,1012.1,
2024-10-14,30.6,24.9,35.9,0.0,,,27.7,,1014.2,
2024-10-15,31.2,25.0,37.0,0.0,,,13.9,,1013.4,
2024-10-16,32.8,28.1,37.8,0.0,,,11.9,,1014.9,
2024-10-17,32.5,25.9,38.4,0.0,,,13.9,,1015.6,
2024-10-18,31.6,26.1,37.6,0.0,,,16.6,,1014.2,
2024-10-19,26.5,21.5,31.0,0.0,,,26.4,,1016.7,
2024-10-20,23.4,17.5,28.4,0.0,,,23.7,,1018.2,
2024-10-21,23.1,17.6,28.1,0.0,,,23.4,,1017.5,
2024-10-22,23.0,18.0,27.3,0.0,,,24.7,,1017.9,
2024-10-23,22.9,17.7,27.5,0.0,,,18.7,,1017.4,
2024-10-24,24.0,17.7,29.6,0.0,,,15.8,,1017.1,
2024-10-25,24.7,19.5,29.6,0.0,,,18.2,,1016.5,
2024-10-26,24.7,17.9,30.6,0.0,,,10.8,,1014.9,
2024-10-27,25.8,19.7,32.2,0.0,,,12.7,,1012.1,
2024-10-28,26.4,20.4,32.2,0.0,,,11.5,,1011.2,
2024-10-29,26.4,20.7,32.1,0.0,,,11.8,,1014.0,
2024-10-30,26.9,21.0,32.5,0.0,,,13.2,,1015.9,
2024-10-31,27.9,21.8,33.7,0.0,,,14.2,,1016.3,
2024-11-01,28.3,24.9,32.7,0.0,,,15.2,,1015.4,
2024-11-02,27.4,19.8,34.8,0.0,,,19.9,,1012.8,
2024-11-03,28.1,22.3,34.8,0.0,,,17.0,,1014.6,
2024-11-04,27.7,19.8,34.2,0.0,,,11.1,,1018.1,
2024-11-05,28.2,21.3,34.9,0.0,,,15.4,,1017.9,
2024-11-06,27.4,22.1,32.4,0.0,,,19.3,,1016.3,
2024-11-07,26.3,21.1,32.1,0.0,,,20.1,,1017.7,
2024-11-08,24.9,18.6,31.9,0.0,,,18.8,,1020.4,
2024-11-09,24.4,18.5,30.7,0.0,,,16.3,,1020.9,
2024-11-10,25.3,19.3,30.6,0.0,,,13.4,,1017.9,
2024-11-11,24.5,19.9,29.1,0.0,,,17.8,,1017.2,
2024-11-12,22.3,16.8,27.6,0.0,,,14.5,,1016.2,
2024-11-13,22.9,17.3,29.1,0.0,,,16.6,,1015.4,
2024-11-14,24.2,18.5,30.7,0.0,,,18.6,,1015.7,
2024-11-15,24.0,18.1,30.4,0.0,,,13.0,,1016.2,
2024-11-16,24.0,16.4,30.8,0.0,,,11.6,,1016.8,
2024-11-17,24.0,17.7,30.5,0.0,,,14.1,,1018.3,
2024-11-18,25.7,19.9,32.1,0.0,,,15.3,,1019.0,
2024-11-19,25.0,18.7,31.4,0.0,,,16.5,,1019.5,
2024-11-20,25.8,21.2,31.1,0.0,,,20.8,,1020.3,
2024-11-21,23.8,18.3,28.5,0.0,,,16.7,,1019.5,
2024-11-22,22.2,16.4,27.9,0.0,,,12.2,,1018.8,
2024-11-23,21.7,16.2,27.6,0.0,,,14.0,,1020.8,
2024-11-24,21.2,15.5,26.7,0.0,,,20.4,,1022.5,
2024-11-25,20.8,14.8,26.9,0.0,,,19.3,,1021.7,
2024-11-26,21.8,16.2,27.9,0.0,,,19.2,,1020.8,
2024-11-27,21.1,15.9,26.4,0.0,,,20.8,,1021.4,
2024-11-28,19.2,14.0,24.6,0.0,,,18.6,,1023.3,
2024-11-29,19.0,12.7,25.2,0.0,,,14.3,,1024.0,
2024-11-30,19.7,13.7,25.6,0.0,,,18.5,,1023.4,
2024-12-01,19.0,13.6,25.2,0.0,,,18.4,,1020.8,
2024-12-02,19.4,14.0,25.7,0.0,,,18.6,,1019.8,
2024-12-03,18.0,13.4,22.6,0.0,,,19.4,,1021.6,
2024-12-04,17.9,11.9,23.7,0.0,,,15.8,,1022.4,
2024-12-05,17.7,14.0,22.2,0.0,,,24.2,,1023.7,
2024-12-06,15.1,9.4,21.3,0.0,,,18.0,,1025.8,
2024-12-07,15.4,10.0,21.4,0.0,,,16.0,,1024.4,
2024-12-08,15.7,9.5,21.6,0.0,,,11.6,,1020.7,
2024-12-09,15.8,10.2,21.9,0.0,,,10.7,,1016.7,
2024-12-14,19.9,13.4,27.4,0.0,,,17.1,,1021.5,
2024-12-15,18.0,11.4,24.6,0.0,,,23.3,,1023.0,
2024-12-16,16.1,12.5,20.1,0.0,,,33.9,,1027.7,
2024-12-17,13.3,8.7,18.1,0.0,,,32.5,,1030.8,
2024-12-18,13.8,8.7,18.5,0.0,,,24.6,,1031.1,
2024-12-19,14.3,8.9,20.7,0.0,,,16.3,,1028.2,
2024-12-20,14.4,7.3,21.6,0.0,,,13.0,,1024.6,
2024-12-21,15.3,8.4,22.1,0.0,,,14.3,,1022.3,
2024-12-22,16.6,11.2,22.4,0.0,,,24.3,,1023.4,
2024-12-23,16.0,10.4,22.3,0.0,,,15.8,,1022.0,
2024-12-24,16.7,10.1,23.4,0.0,,,16.6,,1020.9,
2024-12-25,15.2,11.3,19.0,0.0,,,20.7,,1023.1,
2024-12-26,15.5,10.8,19.6,0.0,,,20.8,,1022.4,
2024-12-27,13.2,8.0,18.5,0.0,,,21.8,,1023.0,
2024-12-28,12.0,6.4,17.4,0.0,,,22.0,,1023.2,
2024-12-29,12.7,8.5,17.9,0.0,,,20.2,,1021.2,
2024-12-30,12.8,6.9,18.8,0.0,,,19.2,,1020.2,
2024-12-31,12.8,7.1,18.7,0.0,,,21.9,,1019.2,
2025-01-01,11.4,6.1,16.5,0.0,,,18.6,,1019.0,
2025-01-02,11.8,6.6,17.2,0.0,,,20.4,,1020.1,
2025-01-03,13.2,7.5,19.1,0.0,,,21.9,,1023.9,
2025-01-04,14.1,8.8,19.7,0.0,,,19.9,,1024.1,
2025-01-05,14.3,9.0,19.0,0.0,,,13.7,,1019.9,
2025-01-06,14.8,8.8,20.6,0.0,,,11.8,,1018.0,
2025-01-07,14.8,8.0,21.8,0.0,,,19.8,,1021.7,
2025-01-08,14.3,8.8,20.0,0.0,,,20.3,,1025.2,
2025-01-09,14.3,8.3,20.8,0.0,,,18.7,,1023.7,
2025-01-10,15.8,8.6,23.6,0.0,,,16.8,,1023.9,
2025-01-11,17.4,11.4,23.8,0.0,,,16.0,,1023.6,
2025-01-12,18.0,12.3,24.6,0.0,,,16.4,,1020.4,
2025-01-13,16.1,11.3,21.3,0.0,,,21.6,,1018.0,
2025-01-14,11.2,5.5,15.9,0.0,,,21.5,,1020.0,
2025-01-15,11.1,6.7,15.6,0.0,,,22.5,,1019.8,
2025-01-16,10.9,6.3,15.3,0.0,,,21.0,,1021.4,
2025-01-17,11.1,4.8,16.6,0.0,,,12.9,,1022.8,
2025-01-18,12.3,6.2,18.8,0.0,,,13.0,,1021.0,
2025-01-19,13.0,7.5,18.4,0.0,,,18.2,,1020.9,
2025-01-20,13.3,7.0,19.7,0.0,,,15.9,,1022.8,
2025-01-21,15.4,9.3,22.3,0.0,,,17.0,,1022.4,
2025-01-22,16.4,9.2,23.5,0.0,,,12.9,,1019.0,
2025-01-23,19.1,14.6,24.0,0.0,,,15.3,,1017.8,
2025-01-24,21.5,15.5,28.6,0.0,,,18.2,,1018.7,
2025-01-25,20.9,16.9,26.6,0.0,,,23.6,,1019.0,
2025-01-26,19.9,13.5,26.4,0.0,,,22.1,,1021.7,
2025-01-27,18.7,12.1,25.7,0.0,,,18.3,,1024.0,
2025-01-28,19.6,12.9,26.7,0.0,,,17.9,,1022.2,
2025-01-29,19.2,14.7,24.9,0.0,,,22.9,,1023.5,
2025-01-30,16.1,9.4,22.1,0.0,,,11.4,,1018.9,
2025-01-31,14.0,8.5,18.4,0.0,,,28.5,,1014.7,
2025-02-01,12.4,7.0,17.9,0.0,,,17.7,,1019.9,
2025-02-02,14.4,8.9,19.9,0.0,,,18.5,,1019.9,
2025-02-03,14.7,8.6,20.8,0.0,,,18.7,,1020.7,
2025-02-04,14.8,9.1,21.2,0.0,,,18.3,,1020.7,
2025-02-05,15.6,10.0,21.4,0.0,,,27.4,,1022.2,
2025-02-06,15.1,9.7,20.7,0.0,,,28.2,,1020.8,
2025-02-07,14.6,9.2,19.7,0.0,,,23.0,,1021.5,
2025-02-08,14.3,8.3,19.9,0.0,,,20.9,,1023.2,
2025-02-09,15.8,9.6,22.8,0.0,,,23.8,,1021.3,
2025-02-10,17.4,10.8,24.8,0.0,,,24.6,,1017.9,
2025-02-11,18.0,11.3,25.1,0.0,,,21.4,,1016.9,
2025-02-12,18.1,11.9,24.8,0.0,,,18.2,,1017.0,
2025-02-13,17.8,10.9,24.5,0.0,,,18.5,,1017.2,
2025-02-14,18.1,11.9,24.3,0.0,,,17.8,,1018.0,
2025-02-15,18.0,11.2,24.6,0.0,,,14.1,,1016.8,
2025-02-16,20.9,15.2,27.2,0.0,,,22.5,,1010.8,
2025-02-17,19.8,14.3,24.6,0.0,,,30.0,,1008.0,
2025-02-18,18.9,12.3,25.1,0.0,,,13.4,,1014.0,
2025-02-19,20.5,14.5,26.5,0.0,,,15.0,,1013.0,
2025-02-20,18.9,14.5,22.9,0.0,,,28.5,,1016.6,
2025-02-21,18.0,12.7,24.3,0.0,,,28.9,,1019.6,
2025-02-22,18.0,12.3,23.5,0.0,,,24.1,,1021.7,
2025-02-23,17.7,11.9,23.5,0.0,,,25.4,,1020.1,
2025-02-24,17.1,12.0,23.0,0.0,,,31.9,,1021.5,
2025-02-25,17.4,11.3,23.0,0.0,,,20.9,,1023.8,
2025-02-26,18.0,12.0,23.8,0.0,,,16.5,,1022.1,
2025-02-27,18.7,12.7,24.9,0.0,,,17.4,,1020.4,
2025-02-28,19.3,12.2,26.4,0.0,,,15.1,,1015.6,
2025-03-01,19.5,12.4,26.8,0.0,,,16.9,,1010.1,
2025-03-02,19.7,13.1,25.9,0.0,,,10.9,,1012.7,
2025-03-03,19.4,14.5,24.3,0.1,,,14.3,,1014.7,
2025-03-04,22.8,19.1,28.1,0.0,,,24.5,,1010.7,
2025-03-05,21.6,19.0,24.2,0.1,,,18.7,,1011.0,
2025-03-06,16.0,14.8,17.8,15.4,,,14.0,,1015.7,
2025-03-07,17.2,12.4,23.0,0.1,,,11.5,,1014.8,
2025-03-08,18.0,13.8,24.2,0.0,,,10.5,,1012.8,
2025-03-09,19.2,13.7,25.8,0.0,,,13.3,,1009.7,
2025-03-10,18.8,14.3,24.4,0.0,,,17.2,,1010.0,
2025-03-11,19.4,12.3,26.7,0.0,,,15.6,,1011.2,
2025-03-12,21.3,13.5,29.0,0.0,,,15.4,,1010.3,
2025-03-13,22.5,14.5,30.0,0.0,,,17.1,,1008.6,
2025-03-22,31.1,24.0,37.8,0.0,,,14.9,,1009.1,
2025-03-23,29.6,23.1,35.8,0.0,,,18.4,,1007.8,
2025-03-24,27.2,20.9,33.0,0.0,,,16.3,,1008.4,
2025-03-25,23.7,15.4,31.1,0.0,,,18.3,,1009.5,
2025-03-26,22.3,16.8,27.0,0.0,,,26.4,,1013.0,
2025-03-27,20.8,14.6,26.1,0.0,,,22.2,,1015.5,
2025-03-28,22.6,15.5,29.3,0.0,,,17.8,,1014.1,
2025-03-29,25.1,19.5,30.0,0.0,,,19.8,,1014.1,
2025-03-30,25.6,18.5,31.7,0.0,,,16.3,,1012.5,
2025-03-31,22.7,16.0,28.3,0.0,,,17.5,,1015.5,
2025-04-01,24.8,15.6,32.7,0.0,,,14.3,,1010.1,
2025-04-02,26.2,19.3,31.4,0.0,,,18.5,,1006.3,
2025-04-03,27.0,18.9,33.9,0.0,,,10.8,,1011.5,
2025-04-04,30.1,23.2,36.8,0.0,,,12.3,,1011.1,
2025-04-05,27.9,22.1,32.1,0.0,,,20.6,,1009.9,
2025-04-06,26.9,21.4,32.5,0.0,,,19.2,,1007.5,
2025-04-07,27.1,20.6,32.5,0.0,,,19.7,,1011.2,
2025-04-08,25.5,19.9,30.1,0.0,,,22.4,,1016.9,
2025-04-09,25.4,19.3,31.1,0.0,,,21.4,,1017.2,
2025-04-10,27.6,19.2,35.1,0.0,,,19.4,,1014.2,
2025-04-11,31.0,23.5,38.5,0.0,,,23.3,,1013.0,
2025-04-12,32.8,25.0,40.4,0.0,,,25.8,,1009.5,
2025-04-13,29.6,25.6,34.1,0.2,,,22.3,,1009.0,
2025-04-14,26.9,19.8,31.5,0.0,,,15.5,,1010.0,
2025-04-15,27.2,20.1,33.9,0.0,,,14.7,,1008.7,
2025-04-16,25.4,19.2,31.4,0.0,,,25.1,,1010.0,
2025-04-17,23.2,16.5,29.5,0.0,,,27.9,,1015.9,
2025-04-18,25.0,17.7,31.5,0.0,,,18.2,,1013.9,
2025-04-19,26.8,17.8,33.9,0.0,,,12.7,,1010.9,
2025-04-20,29.2,22.7,35.8,0.0,,,17.0,,1008.2,
2025-04-21,26.7,20.0,35.0,0.0,,,25.8,,1011.1,
2025-04-22,26.6,19.2,32.2,0.0,,,20.1,,1014.2,
2025-04-23,28.6,22.6,35.0,0.0,,,17.9,,1014.9,
2025-04-24,30.2,24.2,35.4,0.0,,,24.1,,1014.4,
2025-04-25,30.2,23.1,36.3,0.0,,,12.8,,1012.8,
2025-04-26,32.1,24.9,38.4,0.0,,,19.7,,1010.5,
2025-04-27,31.0,24.9,36.1,0.0,,,20.7,,1011.3,
2025-04-28,30.3,23.8,36.4,0.0,,,20.2,,1011.4,
2025-04-29,31.0,23.6,37.3,0.0,,,16.9,,1010.8,
2025-04-30,32.4,25.0,38.7,0.0,,,17.1,,1010.2,
2025-05-01,32.3,24.7,39.7,0.0,,,18.3,,1010.4,
2025-05-02,35.1,28.9,41.3,0.0,,,25.2,,1010.1,
2025-05-03,34.3,27.5,39.9,0.0,,,17.3,,1011.5,
2025-05-04,30.4,27.4,34.6,0.0,,,19.8,,1012.6,
2025-05-05,31.5,23.5,37.9,0.0,,,17.1,,1010.0,
2025-05-06,31.2,23.0,38.1,0.0,,,20.0,,1009.3,
2025-05-07,30.6,26.1,34.1,0.0,,,19.2,,1011.8,
2025-05-08,33.8,28.8,39.3,0.0,,,22.8,,1008.5,
2025-05-09,32.1,26.6,36.1,0.0,,,18.3,,1009.4,
2025-05-10,30.9,26.0,36.6,0.0,,,26.0,,1013.7,
2025-05-11,28.6,23.1,34.3,0.0,,,24.2,,1014.9,
2025-05-12,32.8,25.5,39.2,0.0,,,15.0,,1010.1,
2025-05-13,32.1,27.6,37.1,0.0,,,15.0,,1008.2,
2025-05-14,29.1,24.6,33.2,0.1,,,23.8,,1006.9,
2025-05-15,25.2,19.2,30.7,0.0,,,24.4,,1012.4,
2025-05-16,27.5,20.7,33.5,0.0,,,19.8,,1013.0,
2025-05-17,29.1,22.2,35.2,0.0,,,20.0,,1012.9,
2025-05-18,32.0,25.5,38.2,0.0,,,15.9,,1013.0,
2025-05-19,33.6,27.3,38.9,0.0,,,13.2,,1013.5,
2025-05-20,35.3,27.5,41.8,0.0,,,11.3,,1012.0,
2025-05-21,36.6,28.8,42.9,0.0,,,15.1,,1009.5,
2025-05-22,36.9,30.1,42.6,0.0,,,18.5,,1008.7,
2025-05-23,35.1,29.0,40.8,0.0,,,22.6,,1006.6,
2025-05-24,32.9,26.0,38.4,0.0,,,20.2,,1007.5,
2025-05-25,29.8,24.0,34.4,0.0,,,25.3,,1014.8,
2025-05-26,28.9,22.4,34.9,0.0,,,23.7,,1016.2,
2025-05-27,30.7,23.2,37.6,0.0,,,22.7,,1015.0,
2025-05-28,32.5,25.6,38.5,0.0,,,27.3,,1014.8,
2025-05-29,34.3,27.2,41.1,0.0,,,28.9,,1012.7,
2025-05-30,35.6,29.3,41.4,0.0,,,27.8,,1011.7,
2025-05-31,34.1,28.0,39.4,0.0,,,29.4,,1013.0,
2025-06-01,31.7,25.6,36.9,0.0,,,27.0,,1013.0,
2025-06-02,31.5,25.3,36.8,0.0,,,24.3,,1012.0,
2025-06-03,32.4,25.9,38.1,0.0,,,18.8,,1009.8,
2025-06-04,34.2,27.3,40.3,0.0,,,16.6,,1008.1,
2025-06-05,36.1,30.2,41.4,0.0,,,18.2,,1008.8,
2025-06-06,36.4,29.8,42.5,0.0,,,20.5,,1010.4,
2025-06-07,37.2,29.6,43.1,0.0,,,17.7,,1011.2,
2025-06-08,37.8,32.1,43.3,0.0,,,20.2,,1012.1,
2025-06-09,38.0,32.1,43.3,0.0,,,24.4,,1011.4,
2025-06-10,39.0,33.5,44.5,0.0,,,26.1,,1009.7,
2025-06-11,39.1,33.6,44.6,0.0,,,21.7,,1007.2,
2025-06-12,38.9,32.0,45.1,0.0,,,22.8,,1006.8,
2025-06-13,38.5,33.2,44.2,0.0,,,26.8,,1008.2,
2025-06-14,36.5,30.3,42.0,0.0,,,27.1,,1010.2,
2025-06-15,36.5,30.0,42.3,0.0,,,21.2,,1010.3,
2025-06-16,37.6,31.6,43.4,0.0,,,23.7,,1010.8,
2025-06-17,37.2,31.1,42.5,0.0,,,25.9,,1011.9,
2025-06-18,37.0,29.8,42.8,0.0,,,24.0,,1010.3,
2025-06-19,37.9,31.7,43.6,0.0,,,27.4,,1008.9,
2025-06-20,37.9,32.1,43.2,0.0,,,31.4,,1009.7,
2025-06-21,36.7,31.0,41.9,0.0,,,29.1,,1010.7,
2025-06-22,35.6,29.5,41.1,0.0,,,26.6,,1011.7,
2025-06-23,35.8,29.2,41.8,0.0,,,26.4,,1010.5,
2025-06-24,37.4,31.2,43.3,0.0,,,24.7,,1007.8,
2025-06-25,37.7,33.5,42.3,0.0,,,21.9,,1008.3,
2025-06-26,37.4,32.1,43.1,0.0,,,19.0,,1009.5,
2025-06-27,38.0,34.0,42.9,0.0,,,27.5,,1011.6,
2025-06-28,38.4,32.0,43.7,0.0,,,29.8,,1011.5,
2025-06-29,37.1,31.7,41.6,0.0,,,29.7,,1010.6,
2025-06-30,36.2,30.5,41.3,0.0,,,25.3,,1008.9,
2025-07-01,36.9,30.8,42.6,0.0,,,22.6,,1008.0,
2025-07-02,37.9,30.9,43.6,0.0,,,21.7,,1008.4,
2025-07-03,39.4,32.8,45.0,0.0,,,27.5,,1008.8,
2025-07-04,39.5,33.6,45.0,0.0,,,30.3,,1008.8,
2025-07-05,39.0,33.4,44.0,0.0,,,31.0,,1008.8,
2025-07-06,37.2,31.3,42.3,0.0,,,24.5,,1008.9,
2025-07-07,37.6,30.9,43.2,0.0,,,18.6,,1008.5,
2025-07-08,38.0,30.9,43.6,0.0,,,14.7,,1009.5,
2025-07-09,39.9,33.2,45.9,0.0,,,16.8,,1010.1,
2025-07-10,41.5,34.9,47.8,0.0,,,26.0,,1008.2,
2025-07-11,39.6,34.6,44.0,0.0,,,29.8,,1007.5,
2025-07-12,39.5,33.4,45.4,0.0,,,22.9,,1005.4,
2025-07-13,40.8,35.8,46.6,0.0,,,21.5,,1007.3,
2025-07-14,38.1,34.1,42.7,0.0,,,17.6,,1014.0,
2025-07-15,39.8,33.7,45.7,0.0,,,19.8,,1012.1,
2025-07-16,40.2,33.3,45.9,0.0,,,19.5,,1009.3,
2025-07-17,39.2,33.6,44.2,0.0,,,23.7,,1008.2,
2025-07-18,38.7,31.6,44.5,0.0,,,21.0,,1006.1,
2025-07-19,38.8,31.0,45.4,0.0,,,16.0,,1006.7,
2025-07-20,38.6,31.6,44.9,0.0,,,12.1,,1006.4,
2025-07-21,40.8,33.6,46.8,0.0,,,13.3,,1005.1,
2025-07-22,41.2,34.8,46.8,0.0,,,24.0,,1005.4,
2025-07-23,39.4,32.3,45.6,0.0,,,22.0,,1003.5,
2025-07-24,39.1,32.8,44.4,0.0,,,30.4,,1003.8,
2025-07-25,39.2,33.9,43.5,0.0,,,20.8,,1007.8,
2025-07-26,39.9,32.7,45.3,0.0,,,16.4,,1009.3,
2025-07-27,40.7,32.5,47.6,0.0,,,18.3,,1008.2,
2025-07-28,39.5,33.8,44.1,0.0,,,26.6,,1008.3,
2025-07-29,37.6,30.9,43.3,0.0,,,21.7,,1008.1,
2025-07-30,38.2,31.7,44.2,0.0,,,22.8,,1008.5,
2025-07-31,39.0,32.4,45.4,0.0,,,27.7,,1009.0,
2025-08-01,38.5,33.8,43.8,0.0,,,21.0,,1009.5,
2025-08-02,38.5,32.4,43.2,0.0,,,12.8,,1010.1,
2025-08-03,39.3,32.3,45.0,0.0,,,14.5,,1010.0,
2025-08-04,41.1,34.9,46.8,0.0,,,22.2,,1009.1,
2025-08-05,41.1,36.0,45.7,0.0,,,27.2,,1010.2,
2025-08-06,38.9,33.2,43.7,0.0,,,26.8,,1010.8,
2025-08-07,36.7,30.5,41.6,0.0,,,24.6,,1010.0,
2025-08-08,37.9,31.6,43.9,0.0,,,26.0,,1009.3,
2025-08-09,38.0,31.6,43.1,0.0,,,22.6,,1010.0,
2025-08-10,38.4,32.4,44.0,0.0,,,29.1,,1009.6,
2025-08-11,38.2,31.8,44.0,0.0,,,27.3,,1008.2,
2025-08-12,37.9,32.2,43.2,0.0,,,25.6,,1008.1,
2025-08-13,36.8,30.9,42.3,0.0,,,22.0,,1009.4,
2025-08-14,36.8,29.9,42.7,0.0,,,24.5,,1010.2,
2025-08-15,38.2,31.6,44.2,0.0,,,23.7,,1011.7,
2025-08-16,37.7,30.5,44.4,0.0,,,15.5,,1009.9,
2025-08-17,37.8,30.7,43.7,0.0,,,20.1,,1007.7,
2025-08-18,37.3,31.7,42.4,0.0,,,24.9,,1009.5,
2025-08-19,36.6,31.0,41.8,0.0,,,16.6,,1010.7,
2025-08-20,37.1,30.7,42.6,0.0,,,12.0,,1009.9,
2025-08-21,37.9,30.7,44.4,0.0,,,14.0,,1008.3,
2025-08-22,38.5,30.6,45.3,0.0,,,17.5,,1006.9,
2025-08-23,39.2,32.0,45.3,0.0,,,25.9,,1004.5,
2025-08-24,39.9,34.0,46.2,0.0,,,25.5,,1003.6,
2025-08-25,39.0,32.7,43.7,0.0,,,18.7,,1008.1,
2025-08-26,38.8,32.3,44.2,0.0,,,12.6,,1009.1,
2025-08-27,39.7,33.6,45.5,0.0,,,18.6,,1009.0,
2025-08-28,39.4,33.7,44.7,0.0,,,19.5,,1008.8,
2025-08-29,38.5,32.1,43.6,0.0,,,19.3,,1007.7,
2025-08-30,38.5,30.9,44.3,0.0,,,14.5,,1008.1,
2025-08-31,38.6,31.9,45.1,0.0,,,17.2,,1008.7,
2025-09-01,38.6,32.0,44.2,0.0,,,14.2,,1008.2,
2025-09-02,39.1,32.6,45.4,0.0,,,17.1,,1007.4,
2025-09-03,39.0,31.8,45.4,0.0,,,21.3,,1007.7,
2025-09-04,38.6,33.4,43.8,0.0,,,18.4,,1008.0,
2025-09-05,36.4,30.2,42.5,0.0,,,19.1,,1010.2,
2025-09-06,35.1,29.3,39.8,0.0,,,19.6,,1013.9,
2025-09-07,37.3,30.5,42.6,0.0,,,15.2,,1012.9,
2025-09-08,37.2,31.2,43.2,0.0,,,19.5,,1010.7,
2025-09-09,37.8,31.7,43.6,0.0,,,19.8,,1008.6,
2025-09-10,36.9,30.8,42.0,0.0,,,14.3,,1009.6,
2025-09-11,36.6,30.8,42.0,0.0,,,22.1,,1011.9,
2025-09-12,35.1,29.2,39.9,0.0,,,22.2,,1012.0,
2025-09-13,34.3,28.9,40.1,0.0,,,26.1,,1012.1,
2025-09-14,34.8,29.7,39.7,0.0,,,18.3,,1012.9,
2025-09-15,35.2,28.7,41.1,0.0,,,18.2,,1013.2,
2025-09-16,36.9,31.7,43.1,0.0,,,22.2,,1013.1,
2025-09-17,36.3,31.0,41.5,0.0,,,23.2,,1013.6,
2025-09-18,34.9,29.5,40.0,0.0,,,28.8,,1013.8,
2025-09-19,33.2,27.8,37.7,0.0,,,23.1,,1013.7,
2025-09-20,33.4,27.5,39.2,0.0,,,25.3,,1012.4,
2025-09-21,33.8,27.7,39.6,0.0,,,19.4,,1011.0,
2025-09-22,33.6,27.5,38.8,0.0,,,19.2,,1010.7,
2025-09-23,33.4,27.2,39.0,0.0,,,17.1,,1010.9,
2025-09-24,33.6,26.3,40.0,0.0,,,16.7,,1011.5,
2025-09-25,34.7,28.2,40.7,0.0,,,17.1,,1011.6,
2025-09-26,36.0,30.0,42.0,0.0,,,17.5,,1011.2,
2025-09-27,34.5,28.5,40.2,0.0,,,15.2,,1012.0,
2025-09-28,31.0,25.5,36.1,0.0,,,21.5,,1013.7,
2025-09-29,30.3,23.7,36.2,0.0,,,19.8,,1012.3,
2025-09-30,32.4,25.3,39.0,0.0,,,19.8,,1012.2,
2025-10-01,32.0,26.6,36.4,0.0,,,18.5,,1013.7,
2025-10-02,31.8,27.7,36.6,0.0,,,15.3,,1013.3,
2025-10-03,31.5,25.6,36.7,0.0,,,24.0,,1015.2,
2025-10-04,28.8,23.6,32.8,0.0,,,22.3,,1015.6,
2025-10-05,28.6,22.1,35.0,0.0,,,25.4,,1013.1,
2025-10-06,31.5,25.1,37.9,0.0,,,20.6,,1012.7,
2025-10-07,32.0,26.3,38.0,0.0,,,22.9,,1015.4,
2025-10-08,29.4,25.2,33.7,0.0,,,20.2,,1016.8,
2025-10-09,28.1,21.9,34.0,0.0,,,17.2,,1015.2,
2025-10-10,28.1,21.6,34.6,0.0,,,16.5,,1013.5,
2025-10-11,30.1,22.7,36.7,0.0,,,15.9,,1010.9,
2025-10-12,30.6,23.2,37.8,0.0,,,13.5,,1010.8,
2025-10-13,31.2,23.5,37.7,0.0,,,14.7,,1011.6,
2025-10-14,31.6,24.6,38.2,0.0,,,17.4,,1013.6,
2025-10-15,30.2,24.1,36.8,0.0,,,15.4,,1013.9,
2025-10-16,30.2,25.1,36.0,0.0,,,18.1,,1011.7,
2025-10-17,29.3,24.8,34.4,0.5,,,23.6,,1011.6,
2025-10-18,27.6,24.4,31.7,0.1,,,22.5,,1015.4,
2025-10-19,28.9,24.6,33.5,0.0,,,13.4,,1015.9,
2025-10-20,30.0,23.4,35.9,0.0,,,11.2,,1014.0,
2025-10-21,31.3,24.7,37.5,0.0,,,15.3,,1013.1,
2025-10-22,31.5,25.2,37.4,0.0,,,10.6,,1013.5,
2025-10-23,31.3,25.0,37.5,0.0,,,15.8,,1014.9,
2025-10-24,30.9,25.0,37.0,0.0,,,19.5,,1015.9,
2025-10-25,30.1,24.1,36.4,0.0,,,14.9,,1015.3,
2025-10-26,30.1,23.9,36.4,0.0,,,15.3,,1014.6,
2025-10-27,29.7,23.1,35.5,0.0,,,8.4,,1014.6,
2025-10-28,29.2,22.8,35.1,0.0,,,11.6,,1014.2,
2025-10-29,27.9,21.7,34.2,0.0,,,19.2,,1014.3,
2025-10-30,28.5,22.2,34.7,0.0,,,13.6,,1013.4,
2025-10-31,29.2,21.5,35.5,0.0,,,9.7,,1015.7,
2025-11-01,29.3,22.8,35.3,0.0,,,14.4,,1017.2,
2025-11-02,26.9,20.6,32.8,0.0,,,19.0,,1016.3,
2025-11-03,27.0,21.1,33.4,0.0,,,25.0,,1014.1,
2025-11-04,26.2,20.6,32.1,0.0,,,22.4,,1016.0,
2025-11-05,25.6,19.7,32.2,0.0,,,17.6,,1016.2,
2025-11-06,24.5,18.1,30.7,0.0,,,12.3,,1014.1,
2025-11-07,24.8,18.7,31.1,0.0,,,12.1,,1013.4,
2025-11-08,26.4,20.2,31.9,0.0,,,11.6,,1014.4,
2025-11-09,26.0,20.4,32.2,0.0,,,14.2,,1015.8,
2025-11-10,24.5,18.9,30.8,0.0,,,20.4,,1017.4,
2025-11-11,23.2,16.8,30.2,0.0,,,18.9,,1017.2,
2025-11-12,23.5,17.0,30.3,0.0,,,15.8,,1016.8,
2025-11-13,24.1,18.1,30.5,0.0,,,15.1,,1017.0,
2025-11-14,24.9,17.5,32.9,0.0,,,13.9,,1016.9,
2025-11-15,24.9,19.5,31.2,0.0,,,10.6,,1017.4,
2025-11-16,25.4,19.4,31.5,0.0,,,10.4,,1016.2,
2025-11-17,25.2,18.2,32.2,0.0,,,13.0,,1014.1,
2025-11-18,23.2,17.4,28.9,0.0,,,18.0,,1010.8,
2025-11-19,19.0,13.6,24.2,0.0,,,16.0,,1012.4,
2025-11-20,18.1,12.6,23.1,0.0,,,15.2,,1015.5,
2025-11-21,18.2,12.6,23.9,0.0,,,16.9,,1018.5,
2025-11-22,18.1,13.6,23.2,0.0,,,21.3,,1021.8,
2025-11-23,15.2,11.7,18.9,0.0,,,21.8,,1024.8,
2025-11-24,14.6,8.7,21.2,0.0,,,17.6,,1022.5,
2025-11-25,16.6,9.7,23.6,0.0,,,13.9,,1017.8,
2025-11-26,19.0,13.1,25.4,0.0,,,14.7,,1015.0,
2025-11-27,18.1,14.2,22.3,0.0,,,22.8,,1017.3,
2025-11-28,13.4,8.2,18.6,0.0,,,18.3,,1020.7,
2025-11-29,13.3,7.9,19.5,0.0,,,17.5,,1019.0,
2025-11-30,13.6,7.0,20.9,0.0,,,12.3,,1015.6,
2025-12-01,14.2,7.0,21.2,0.0,,,11.1,,1012.2,
2025-12-02,14.6,9.4,20.3,0.0,,,21.4,,1014.5,
2025-12-03,14.3,7.5,20.7,0.0,,,14.1,,1018.2,
2025-12-04,14.2,10.6,18.8,0.0,,,18.6,,1021.7,
2025-12-05,13.8,7.3,21.3,0.0,,,17.5,,1022.5,
2025-12-06,15.5,8.8,21.9,0.0,,,19.9,,1021.9,
2025-12-07,15.8,11.9,19.7,0.0,,,17.6,,1021.1,
2025-12-08,16.6,13.6,19.7,0.0,,,15.5,,1019.3,
2025-12-09,17.3,12.0,23.0,0.0,,,14.2,,1020.3,
2025-12-10,16.1,10.2,21.8,0.0,,,15.3,,1019.3,
2025-12-11,16.1,11.9,21.1,0.0,,,14.8,,1014.4,
2025-12-12,13.6,7.6,19.3,0.0,,,14.3,,1011.5,
2025-12-13,14.2,7.7,20.7,0.0,,,12.2,,1012.8,
2025-12-14,16.0,9.3,22.3,0.0,,,11.1,,1014.5,
2025-12-15,15.6,10.0,22.1,0.0,,,12.2,,1016.7,
2025-12-16,13.9,7.4,19.6,0.0,,,13.4,,1017.5,
2025-12-17,13.7,9.4,18.1,0.0,,,17.2,,1012.4,
2025-12-18,10.2,5.0,15.0,0.0,,,16.7,,1015.1,
2025-12-19,10.9,4.5,17.2,0.0,,,10.4,,1018.0,
2025-12-20,12.8,6.7,19.3,0.0,,,12.2,,1017.9,
2025-12-21,14.0,8.2,19.9,0.0,,,12.2,,1016.3,
2025-12-22,14.0,8.5,20.4,0.0,,,11.1,,1013.8,
2025-12-23,14.1,6.7,20.3,0.0,,,9.6,,1014.7,
2025-12-24,13.9,7.8,20.5,0.0,,,15.2,,1013.7,
2025-12-25,14.5,8.1,21.8,0.0,,,16.5,,1011.8,
2025-12-26,15.8,11.3,20.9,0.0,,,12.0,,1013.8,
2025-12-27,15.0,9.8,20.3,0.0,,,15.0,,1017.3,
2025-12-28,13.9,7.6,20.0,0.0,,,11.1,,1017.8,
2025-12-29,14.0,7.9,19.5,0.0,,,8.6,,1018.1,
2025-12-30,15.8,10.4,21.3,0.0,,,13.2,,1019.2,
2025-12-31,15.2,10.4,20.7,0.0,,,18.3,,1019.6,
2026-01-01,14.7,9.5,20.3,0.0,,,17.2,,1020.1,
2026-01-02,15.8,10.2,22.7,0.0,,,17.3,,1017.8,
2026-01-03,17.1,9.8,25.5,0.0,,,15.4,,1013.1,
2026-01-04,18.6,12.3,23.8,0.0,,,23.0,,1010.3,
2026-01-05,18.0,12.0,23.3,0.0,,,18.3,,1011.6,
2026-01-06,17.9,12.0,22.2,0.0,,,18.6,,1012.0,
2026-01-07,12.9,10.0,16.0,0.0,,,26.8,,1021.0,
2026-01-08,10.6,5.0,15.9,0.0,,,26.4,,1029.1,
2026-01-09,12.0,6.6,17.6,0.0,,,21.3,,1025.5,
2026-01-10,12.7,6.6,18.8,0.0,,,17.7,,1023.5,
2026-01-11,13.8,7.7,19.9,0.0,,,19.2,,1022.7,
2026-01-12,14.4,9.1,19.7,0.0,,,20.4,,1022.7,
2026-01-13,14.1,8.0,20.4,0.0,,,14.6,,1019.7,
2026-01-14,13.6,6.9,20.0,0.0,,,13.6,,1016.9,
2026-01-15,13.4,7.9,18.7,0.0,,,14.4,,1018.2,
2026-01-16,12.6,5.4,19.1,0.0,,,11.3,,1020.4,
2026-01-17,12.6,5.1,19.2,0.0,,,11.8,,1015.5,
2026-01-18,13.8,7.5,19.3,0.2,,,19.9,,1007.9,
2026-01-19,12.6,9.0,16.0,0.7,,,27.9,,1007.4,
2026-01-20,10.1,4.3,15.4,0.0,,,16.6,,1016.3,
2026-01-21,11.2,4.4,17.9,0.0,,,13.5,,1016.6,
2026-01-22,12.8,4.0,20.6,0.0,,,15.3,,1016.0,
2026-01-23,14.9,5.5,23.0,0.0,,,17.9,,1014.6,
2026-01-24,16.5,6.2,23.2,0.0,,,22.7,,1012.6,
2026-01-25,14.3,9.4,19.2,0.0,,,17.5,,1021.5,
2026-01-26,13.5,5.8,21.2,0.0,,,9.7,,1023.6,
2026-01-27,15.3,8.6,22.6,0.0,,,9.9,,1021.5,
2026-01-28,16.4,9.3,24.9,0.0,,,17.9,,1018.2,
2026-01-29,18.6,12.1,26.3,0.0,,,14.4,,1017.0,
2026-01-30,20.4,13.7,27.3,0.0,,,9.7,,1015.9,
2026-01-31,21.6,13.4,28.6,0.0,,,12.4,,1015.1,
2026-02-01,20.3,15.3,25.2,0.0,,,18.7,,1017.0,
2026-02-02,19.0,12.6,25.6,0.0,,,14.6,,1014.5,
2026-02-03,21.2,16.0,27.6,0.0,,,21.8,,1010.4,
2026-02-04,19.0,12.2,25.5,0.0,,,13.2,,1012.2,
2026-02-05,20.0,12.5,28.0,0.0,,,13.4,,1012.3,
2026-02-06,20.6,13.6,27.2,0.0,,,15.9,,1012.0,
2026-02-07,20.2,16.8,24.8,0.0,,,21.0,,1016.9,
2026-02-08,18.4,11.4,25.8,0.0,,,13.2,,1017.4,
2026-02-09,19.2,11.5,26.5,0.0,,,13.2,,1015.9,
2026-02-10,20.9,14.1,27.6,0.0,,,14.6,,1018.1,
2026-02-14,19.7,,,,,,29.7,,1013.8,
2026-02-15,14.7,9.5,19.1,0.0,,,23.8,,1024.9,
2026-02-16,16.1,9.3,22.7,0.0,,,15.2,,1026.6,
2026-02-17,19.5,11.9,27.0,0.0,,,14.8,,1022.6,
2026-02-18,21.4,15.3,27.6,0.0,,,17.6,,1019.9,
2026-02-19,21.6,13.8,29.4,0.0,,,12.4,,1018.5,
2026-02-20,22.3,16.3,28.8,0.0,,,19.5,,1020.6,
2026-02-21,18.8,12.9,23.8,0.0,,,22.8,,1023.7,
2026-02-22,18.1,11.6,24.3,0.0,,,28.2,,1023.6,
2026-02-23,19.4,13.6,26.1,0.0,,,29.1,,1021.1,
2026-02-24,19.8,13.3,26.5,0.0,,,17.9,,1019.2,
2026-02-25,19.5,12.1,26.4,0.0,,,12.5,,1017.5,
2026-02-26,21.2,12.9,29.2,0.0,,,14.3,,1017.8,
2026-02-27,22.6,15.8,29.5,0.0,,,20.9,,1016.5,
2026-02-28,23.1,15.7,30.6,0.0,,,22.0,,1012.5,
2026-03-01,24.1,19.3,31.3,0.0,,,26.8,,1009.9,
2026-03-02,22.9,15.2,29.8,0.0,,,18.5,,1009.7,
2026-03-03,21.9,14.8,29.3,0.0,,,15.8,,1011.7,
2026-03-04,20.8,15.8,26.1,0.0,,,13.7,,1013.2,
2026-03-05,18.2,11.9,23.3,0.0,,,13.6,,1015.5,
2026-03-06,19.1,12.7,25.0,0.0,,,13.3,,1015.5,
2026-03-07,19.9,11.7,26.1,0.0,,,11.7,,1014.4,
2026-03-08,21.7,14.2,28.8,0.0,,,13.4,,1013.7,
2026-03-09,23.1,15.8,29.8,0.0,,,21.2,,1013.4,
2026-03-10,21.7,15.6,27.3,0.0,,,21.6,,1013.0,
2026-03-11,21.6,14.8,29.3,0.0,,,23.4,,1009.4,
2026-03-12,21.8,15.9,28.0,0.0,,,26.7,,1011.9,
2026-03-13,20.8,15.7,25.2,0.0,,,25.2,,1014.6,
2026-03-14,19.6,14.2,24.7,0.0,,,17.3,,1013.8,
2026-03-15,20.6,12.8,28.1,0.0,,,20.6,,1011.0,
2026-03-16,19.4,15.0,23.6,0.0,,,20.8,,1014.4,
2026-03-17,18.5,12.0,24.0,0.0,,,14.9,,1015.4,
2026-03-18,20.1,12.0,25.8,0.0,,,9.7,,1013.4,
2026-03-19,23.7,14.9,31.6,0.0,,,15.4,,1011.2,
2026-03-20,27.7,21.4,33.5,0.0,,,21.2,,1010.2,
2026-03-21,25.3,21.5,28.7,5.6,,,29.7,,1010.1,
2026-03-22,19.9,19.0,21.3,14.2,,,16.1,,1011.8,
2026-03-23,19.1,17.4,21.8,12.4,,,18.2,,1012.9,
2026-03-24,19.6,16.0,24.9,1.1,,,8.1,,1015.2,
2026-03-25,19.5,18.0,21.6,5.7,,,10.6,,1015.2,
2026-03-26,18.3,16.4,21.2,27.2,,,12.9,,1011.3,
2026-03-27,19.7,15.7,24.6,0.0,,,12.5,,1007.1,
2026-03-28,19.2,14.3,24.5,0.0,,,9.8,,1010.1,
2026-03-29,18.1,14.2,23.4,0.0,,,20.0,,1011.6,
2026-03-30,12.0,9.5,14.9,0.0,,,27.9,,1013.8,
2026-03-31,12.3,6.1,18.5,0.1,,,25.3,,1015.4,
2026-04-01,16.3,9.6,23.4,0.0,,,16.6,,1016.7,
2026-04-02,18.9,10.4,27.2,0.0,,,16.3,,1015.6,
2026-04-03,21.4,13.7,28.7,0.0,,,11.4,,1016.6,
2026-04-04,22.2,15.5,28.2,0.0,,,17.6,,1018.9,
2026-04-05,21.4,15.3,26.4,0.0,,,23.0,,1021.2,
2026-04-06,21.9,15.5,28.4,0.0,,,28.3,,1021.1,
2026-04-07,24.4,17.1,31.8,0.0,,,21.0,,1017.5,
2026-04-08,26.3,18.2,33.1,0.0,,,13.7,,1014.5,
2026-04-09,28.4,19.8,36.3,0.0,,,16.5,,1012.9,
2026-04-10,30.0,21.5,37.3,0.0,,,13.3,,1010.2,
2026-04-11,25.3,21.4,30.0,0.0,,,25.6,,1009.0,
2026-04-12,22.8,15.6,28.9,0.0,,,12.1,,1010.3,
2026-04-13,24.8,17.7,30.7,0.0,,,19.3,,1009.0,
2026-04-14,21.8,16.3,26.2,0.0,,,26.8,,1015.0,
2026-04-15,21.3,14.9,26.9,0.0,,,22.7,,1017.1,
2026-04-16,22.3,15.5,28.2,0.0,,,22.3,,1015.5,
2026-04-17,23.9,17.7,29.4,0.0,,,22.8,,1013.6,
2026-04-18,24.8,18.7,30.1,0.0,,,25.8,,1013.6,
2026-04-19,26.5,20.1,32.7,0.0,,,23.2,,1011.9,
2026-04-20,29.4,22.4,36.2,0.0,,,20.6,,1007.8,
2026-04-21,28.9,20.0,36.1,0.0,,,15.0,,1006.6,
2026-04-22,29.7,23.1,36.0,0.0,,,19.9,,1009.5,
2026-04-23,31.4,24.8,37.7,0.0,,,17.9,,1010.2,
2026-04-24,32.3,26.1,37.8,0.0,,,18.1,,1008.2,
2026-04-25,32.0,25.4,38.3,0.0,,,15.6,,1005.5,
2026-04-26,31.4,24.8,37.8,0.0,,,19.3,,1007.3,
2026-04-27,30.8,25.6,36.4,0.0,,,15.4,,1010.0,
2026-04-28,31.6,25.1,36.8,0.0,,,19.8,,1008.1,
2026-04-29,31.4,25.3,37.4,0.0,,,14.9,,1007.6,
2026-04-30,31.6,23.6,38.5,0.0,,,16.3,,1010.8,
2026-05-01,30.5,24.3,36.1,0.0,,,18.3,,1012.3,
2026-05-02,30.7,22.8,36.5,0.0,,,13.5,,1011.5,
2026-05-03,31.1,24.5,37.3,0.0,,,22.6,,1010.2,
2026-05-04,32.0,24.7,39.4,0.0,,,19.6,,1008.9,
2026-05-05,32.4,25.0,39.4,0.0,,,20.7,,1007.4,
2026-05-06,30.5,25.2,36.4,0.0,,,24.3,,1008.0,
2026-05-07,27.4,24.5,30.3,0.2,,,14.2,,1009.9,
2026-05-08,31.5,23.6,38.9,0.0,,,15.6,,1009.4,
2026-05-09,32.9,27.4,38.2,0.0,,,16.5,,1010.7,
2026-05-10,33.3,26.9,39.7,0.0,,,14.0,,1012.8,
2026-05-11,34.7,28.4,40.5,0.0,,,23.3,,1013.2,
2026-05-12,35.9,30.0,41.5,0.0,,,31.1,,1013.3,
2026-05-13,36.4,29.7,42.6,0.0,,,24.9,,1011.7,
2026-05-14,38.1,30.3,45.9,0.0,,,21.4,,1006.6,
2026-05-15,38.7,30.9,44.7,0.0,,,21.0,,1002.4,
2026-05-16,32.9,27.5,37.9,0.0,,,21.9,,1005.6,
2026-05-17,30.3,22.7,36.0,0.0,,,18.3,,1009.4,
2026-05-18,30.8,24.3,36.5,0.0,,,17.9,,1011.2,
2026-05-19,30.2,26.2,34.3,0.0,,,26.7,,1015.3,
2026-05-20,31.8,26.6,37.2,0.0,,,22.2,,1015.0,
2026-05-21,33.3,26.8,38.7,0.0,,,27.4,,1013.1,
2026-05-22,34.6,29.2,39.5,0.0,,,32.2,,1012.3,
2026-05-23,33.5,27.7,38.8,0.0,,,35.3,,1012.8,
2026-05-24,32.6,26.4,38.4,0.0,,,32.1,,1012.5,
2026-05-25,32.6,26.1,38.9,0.0,,,32.0,,1013.8,
2026-05-26,32.0,25.1,38.0,0.0,,,31.6,,1013.8,
2026-05-27,31.7,26.3,36.7,0.0,,,32.2,,1012.9,
2026-05-28,31.3,25.1,36.6,0.0,,,28.0,,1013.5,
2026-05-29,32.1,25.1,37.9,0.0,,,22.4,,1014.5,
2026-05-30,32.7,26.4,37.9,0.0,,,21.1,,1014.4,
2026-05-31,33.4,26.9,39.1,0.0,,,19.4,,1013.3,
2026-06-01,34.2,26.2,40.3,0.0,,,13.9,,1011.8,
2026-06-02,36.0,29.1,42.1,0.0,,,21.1,,1011.8,
2026-06-03,35.7,28.3,42.2,0.0,,,13.6,,1011.7,
2026-06-04,37.4,30.2,43.6,0.0,,,12.6,,1009.1,
2026-06-05,38.7,31.3,45.2,0.0,,,13.9,,1007.0,
2026-06-06,37.6,33.9,41.4,0.4,,,33.7,,1008.5,
2026-06-07,37.7,29.5,43.9,2.0,,,16.1,,1011.7,
2026-06-08,37.9,31.2,43.5,0.0,,,12.7,,1012.7,
2026-06-09,39.0,31.5,44.9,0.0,,,15.9,,1010.0,
2026-06-10,39.3,32.9,44.7,0.0,,,12.5,,1008.5,
2026-06-11,39.4,32.0,45.0,0.0,,,17.1,,1009.5,
2026-06-12,39.0,31.9,45.1,0.0,,,19.9,,1011.4,
2026-06-13,40.0,34.2,45.6,0.0,,,25.6,,1011.0,
2026-06-14,40.3,33.8,45.7,0.0,,,24.3,,1010.2,
2026-06-15,39.4,32.8,44.9,0.0,,,16.7,,1008.4,
2026-06-16,39.8,33.2,45.8,0.0,,,18.6,,1008.6,
2026-06-17,40.0,33.7,45.9,0.0,,,21.1,,1009.6,
2026-06-18,39.9,33.5,46.0,0.0,,,16.4,,1009.1,
2026-06-19,39.4,32.2,45.5,0.0,,,15.9,,1008.5,
2026-06-20,40.5,33.0,46.5,0.0,,,22.2,,1008.8,
2026-06-21,39.4,34.0,44.5,0.0,,,29.2,,1012.6,
2026-06-22,37.9,32.4,42.7,0.0,,,27.4,,1013.0,
2026-06-23,37.1,31.4,42.1,0.0,,,27.7,,1010.1,
2026-06-24,37.6,30.3,43.4,0.0,,,22.8,,1009.8,
2026-06-25,38.6,31.5,44.6,0.0,,,17.7,,1011.2,
2026-06-26,39.7,32.2,46.0,0.0,,,15.4,,1011.1,
2026-06-27,40.0,33.3,46.0,0.0,,,22.2,,1010.6,
2026-06-28,40.4,34.0,46.0,0.0,,,23.1,,1010.3,
2026-06-29,38.9,33.6,43.1,0.0,,,25.7,,1010.8,
2026-06-30,37.5,31.9,42.6,0.0,,,24.9,,1010.5,
2026-07-01,38.3,31.9,44.2,0.0,,,26.4,,1009.0,
2026-07-02,38.3,31.6,43.9,0.0,,,25.5,,1009.1,
2026-07-03,38.7,32.1,43.8,0.0,,,16.5,,1009.2,
2026-07-04,39.6,33.8,44.8,0.0,,,31.1,,1011.3,
2026-07-05,37.3,32.5,41.3,0.0,,,28.5,,1012.1,
2026-07-06,36.4,30.1,42.0,0.0,,,29.1,,1011.1,
2026-07-07,37.4,31.3,42.7,0.0,,,30.2,,1011.6,
2026-07-08,37.6,30.9,43.2,0.0,,,28.5,,1011.3,
2026-07-09,37.8,31.6,43.2,0.0,,,24.7,,1008.8,
2026-07-10,38.3,31.4,43.9,0.0,,,19.8,,1006.7,
2026-07-11,39.0,31.5,45.8,0.0,,,17.3,,1006.6,
2026-07-12,39.5,31.7,46.4,0.0,,,13.5,,1007.4,
2026-07-13,40.1,33.6,46.2,0.0,,,23.5,,1007.8,
2026-07-14,40.9,34.6,47.1,0.0,,,26.4,,1008.9,
2026-07-15,39.7,34.5,44.6,0.0,,,26.1,,1011.3,
2026-07-16,40.0,33.6,46.3,0.0,,,32.1,,1010.1,
2026-07-17,40.7,35.3,46.2,0.0,,,30.7,,1009.4,
2026-07-18,40.4,34.4,45.7,0.0,,,29.8,,1008.3,
2026-07-19,40.5,35.1,45.8,0.0,,,34.4,,1008.8,
2026-07-20,40.1,34.5,45.2,0.0,,,29.3,,1010.2,
2026-07-21,39.8,33.5,45.9,0.0,,,25.5,,1011.2,
